{"fa_EV_MERIS_M_band_5":{"type":"annular","coefficients":{"c1":1,"c2":0.16813616134601,"c3":-0.184162422476305,"c4":0.664071089008527,"c5":-0.993113707932837,"c6":-7.51350687033501},"mare":0.00246024858439589,"rmse":0.00252663617977443,"mare_seq":[0.0167486807973543,0.015673458504298,0.0154553872915824,0.014254256336683,0.0141613101853159,0.0139113595496702,0.0138866177192038,0.0138576935540388,0.0130024030315165,0.012204818557855,0.0119596261133756,0.0116175417414022,0.011585134258777,0.0110569566101765,0.0104902391014073,0.0100108486139264,0.00979205662240405,0.00954936204149794,0.00804293458139602,0.00767944147950964,0.00718445653082014,0.00656150427367318,0.00582146221571974,0.00550686529426672,0.00542006848165993,0.00534612475229185,0.00485465892081037,0.00452188983583452,0.00418939294514727,0.00268808424251257,0.00246024858439589],"convergence":0,"press_dep":false,"press_rng":[1013.25,1013.25]}}
