{"fa_EV_MERIS_U_band_11":{"type":"annular","coefficients":{"c1":1,"c2":0.233523265182789,"c3":-2.8551500022898,"c4":0.781139288971139,"c5":-0.677800827860479,"c6":-0.169485286773569},"mare":0.00159796247864495,"rmse":0.00121311198882051,"mare_seq":[0.0500392174800235,0.0105153687685395,0.0103530986611369,0.00933603980843041,0.00907135176267814,0.00898432614712883,0.00889502129950132,0.00888990611452607,0.0088882251747202,0.00888644567634009,0.00888562644335232,0.00882938711284374,0.00823898406484293,0.00820426694350944,0.00808264869114199,0.00734597931669647,0.00711258811441468,0.00710994594049513,0.00706853039281514,0.00600083855402998,0.00584698856416712,0.00550500520644851,0.00462675498068386,0.00462488961565219,0.00452458591956791,0.00436349517781585,0.00400315551983144,0.00390222607105881,0.00307311831363856,0.00306979300260762,0.00159796247864495],"convergence":0,"press_dep":false,"press_rng":[1013.25,1013.25]}}
