{"fa_EV_MERIS_M_band_13":{"type":"annular","coefficients":{"c1":1,"c2":0.288388413089604,"c3":-6.14423411378881,"c4":0.74762073989961,"c5":-1.02130092644083,"c6":-0.203969045936542},"mare":0.00256673257852051,"rmse":0.00295488451404219,"mare_seq":[0.0169279235840572,0.015045627685162,0.0148706159767789,0.0134675263651178,0.013185483240207,0.013180838399457,0.0131506678426869,0.0128558724891429,0.0128088797594588,0.0128088453625039,0.0125010004530084,0.0119664171059811,0.011017965947013,0.0101672670637897,0.00807144909617476,0.00739107531070279,0.00729163788959099,0.00712296870843766,0.00659568345763035,0.0060769862931936,0.00602797247690568,0.00593167761596909,0.0047260022654394,0.00449195832309473,0.00431028020017184,0.00410423155490131,0.00307132590163814,0.00305276728417618,0.00299789050581712,0.00269709729720565,0.00256673257852051],"convergence":0,"press_dep":false,"press_rng":[1013.25,1013.25]}}
