{"fa_EV_MERIS_C_band_12":{"type":"annular","coefficients":{"c1":1,"c2":0.585840403453651,"c3":-0.821194382404061,"c4":0.488856454419664,"c5":-5.61842448010961,"c6":-0.176501314414797},"mare":0.00210918451999711,"rmse":0.00211202708713448,"mare_seq":[0.0142361431104637,0.0137065751726143,0.013447087272427,0.0134442897050402,0.0134438439288236,0.0131963840206195,0.013184369291923,0.0131836422734924,0.0131836373607671,0.0131769496736309,0.0131121980780081,0.0130368707902691,0.0128770858434204,0.0123415241271968,0.0112446770663609,0.01094536732178,0.0102726827441424,0.0101989474913495,0.00965261485911935,0.00846485630361661,0.00738029658873257,0.00704563947274538,0.00544108512645495,0.00504398806044535,0.00462444400922844,0.00418799450509074,0.0038703322840881,0.00315000821808922,0.00291525790783468,0.00289247687614132,0.00210918451999711],"convergence":0,"press_dep":false,"press_rng":[1013.25,1013.25]}}
