{"fa_EV_MERIS_U_band_2":{"type":"annular","coefficients":{"c1":1,"c2":0.311316793529031,"c3":-2.37283309022302,"c4":0.801020085672847,"c5":-0.624583433475495,"c6":-0.155205891884316},"mare":0.00180250483037505,"rmse":0.00142433376328443,"mare_seq":[0.0101146452260188,0.00953461336800336,0.00945245242863866,0.00919391347867268,0.00909399812294684,0.00901119223729749,0.00900877601530926,0.00897125666760601,0.00897027696231284,0.00882615846217899,0.00878876055985145,0.00875630814592663,0.00852655378207645,0.00830640485832392,0.00790969014022098,0.00788884193428799,0.00768490193648353,0.00744447777592689,0.00740964652869857,0.00619965009371325,0.00583623392446799,0.00484272044360988,0.0040410788100365,0.00377126611003185,0.00354154550592561,0.00265662585594981,0.0023401566551429,0.00203019583207309,0.00192785910969561,0.00182660642362924,0.00180250483037505],"convergence":0,"press_dep":false,"press_rng":[1013.25,1013.25]}}
