{"fa_EV_MERIS_U_band_14":{"type":"annular","coefficients":{"c1":1,"c2":0.242223253916763,"c3":-2.7177196153826,"c4":0.781310373904998,"c5":-0.669221570937455,"c6":-0.170595393403916},"mare":0.0016943521904664,"rmse":0.00124671309225227,"mare_seq":[0.0238315055494553,0.00928916513613332,0.00894369719826259,0.00894304428758086,0.00894241547840406,0.0089414471511107,0.008934753211744,0.0089178408758827,0.00889422049801751,0.00888453426669427,0.0087948348773859,0.00844597847718017,0.00687337452249246,0.00678133509212939,0.00661065259110383,0.00642093888524203,0.00614884695258824,0.00507006918298737,0.00503458963116456,0.00473521492139062,0.00440940548782598,0.00434226508467491,0.00420455809221503,0.00403729551693099,0.00384473214447581,0.00343485183185512,0.00338715921526229,0.00330908083866375,0.00179350654672448,0.00173106338148078,0.0016943521904664],"convergence":0,"press_dep":false,"press_rng":[1013.25,1013.25]}}
