{"fa_EV_MERIS_C_band_6":{"type":"annular","coefficients":{"c1":1,"c2":0.169477838271571,"c3":-0.151632417373267,"c4":0.296273150921962,"c5":-4.45598158858373,"c6":-0.708684979164423},"mare":0.00214752045334928,"rmse":0.00247180894168343,"mare_seq":[0.0162145143357849,0.0131456969820382,0.0130376137248637,0.0130027786777329,0.0128810011260228,0.0128623436078795,0.0128436016351364,0.0128308356630831,0.012830783913866,0.0126894027703602,0.0125326055164316,0.012328018439948,0.0119177196686786,0.0103664087920636,0.00995715254247244,0.00956330309021404,0.00937792613982055,0.00901081777193302,0.00839658925320885,0.00797770559162025,0.00671384161035841,0.0066782363162264,0.00646752197626742,0.0060706261898943,0.00520174156556467,0.00510430592195943,0.00409104016321778,0.00369815348938418,0.00281819155598514,0.00271286928073448,0.00214752045334928],"convergence":0,"press_dep":false,"press_rng":[1013.25,1013.25]}}
