{"fa_EV_MERIS_U_band_3":{"type":"annular","coefficients":{"c1":1,"c2":0.149969139470451,"c3":-0.16176502124944,"c4":0.332456692826457,"c5":-2.48330607235662,"c6":-0.654012840665898},"mare":0.00169719293713614,"rmse":0.00129071471586394,"mare_seq":[0.00930849687468416,0.00916681929132854,0.00912781673594228,0.00900690722388104,0.00893199535029661,0.00893017584439175,0.00892919838039416,0.00892861442277133,0.00886105456108282,0.00883520774129491,0.00882962050714663,0.00851876658884611,0.00817619435422684,0.00741894941399848,0.00739137940050012,0.00663610789898882,0.00627331947447349,0.0060782667193732,0.00483905928744927,0.00446141882912204,0.00429041531372894,0.00425648342491281,0.00392455159576383,0.00368722171272463,0.00306571541771479,0.00297069412511403,0.00243340794524489,0.00197954923094927,0.00179786066453064,0.00171609161180472,0.00169719293713614],"convergence":0,"press_dep":false,"press_rng":[1013.25,1013.25]}}
