{"fa_EV_MERIS_M_band_2":{"type":"annular","coefficients":{"c1":1,"c2":0.34724226774821,"c3":-5.70334585744989,"c4":0.788738032448964,"c5":-0.830909407934366,"c6":-0.160891573252715},"mare":0.00277729863308178,"rmse":0.0028191873678642,"mare_seq":[0.0253777802919661,0.0169415651983607,0.0154144513146332,0.0152700747870663,0.0152304974466977,0.0149915097054333,0.0149177638468076,0.014908839262139,0.0145598724862307,0.0145380798157019,0.0144242279780044,0.0143770080615479,0.0143425523935328,0.0142185304362453,0.0140025300281476,0.0120454205157147,0.0118330089952258,0.0115547001633046,0.00989171519131935,0.00977816468384504,0.00922324745964268,0.0076253415042178,0.00762010860267499,0.00680507570388224,0.0065523930871876,0.00617051855762863,0.00583062959245783,0.00402252244018277,0.00318857863543198,0.0029896081133815,0.00277729863308178],"convergence":0,"press_dep":false,"press_rng":[1013.25,1013.25]}}
