{"fa_EV_MERIS_U_band_13":{"type":"annular","coefficients":{"c1":1,"c2":0.610252601473877,"c3":-0.727164621074758,"c4":0.48262942725067,"c5":-0.182195376855545,"c6":-3.35002922208739},"mare":0.00143183464825422,"rmse":0.00139959176953957,"mare_seq":[0.0352485281187901,0.00943416201954484,0.0093022991124841,0.00923469208421543,0.00919547923144641,0.00897060718662259,0.0089370596360148,0.0089231898480841,0.00891817727242306,0.00891606090397984,0.00891589700791993,0.00891259946691111,0.00871057049750911,0.00868249577655331,0.00837393729839451,0.00831009554171097,0.00780772937744717,0.00681755897566075,0.0064972063325526,0.0064474390269278,0.00605256362980926,0.00586997482706889,0.00518035578761403,0.00511303342932606,0.00499359433889864,0.00494353808060157,0.00315771547361462,0.00239511952343164,0.00175888916491692,0.00172467392474425,0.00143183464825422],"convergence":0,"press_dep":false,"press_rng":[1013.25,1013.25]}}
