{"fa_EV_MERIS_C_band_14":{"type":"annular","coefficients":{"c1":1,"c2":0.588581177442885,"c3":-0.744800207380049,"c4":0.57184033791738,"c5":-5.26124089142751,"c6":-0.15938675180485},"mare":0.00202340143506962,"rmse":0.00216758496229338,"mare_seq":[0.0139269039395267,0.013641552841567,0.0135550537088449,0.0135539465125125,0.0134899749066567,0.0133267449240562,0.0133244238088526,0.0133213481023533,0.0133149275674009,0.013314210538179,0.0133104311644029,0.0133096820558573,0.0133094367119196,0.0132509176233839,0.0131366439772212,0.0130674883385904,0.0128360906823421,0.0127764154787855,0.0119905532298156,0.0102421666744083,0.0100809667585815,0.0100554981843296,0.0100195706881411,0.00972708200214523,0.00968796773194965,0.00905783959111437,0.00733439505475847,0.00460936918190575,0.00400871072796542,0.0032456753150215,0.00202340143506962],"convergence":0,"press_dep":false,"press_rng":[1013.25,1013.25]}}
