{"fa_EV_MERIS_U_band_15":{"type":"annular","coefficients":{"c1":1,"c2":0.340558245209335,"c3":-2.00374767242292,"c4":0.80361895064497,"c5":-0.569167901705852,"c6":-0.150227525435485},"mare":0.00258584971124795,"rmse":0.00211742291457164,"mare_seq":[0.0674999347347573,0.0496221066487059,0.0161594612531531,0.0093976185530102,0.00911302740878943,0.00910927110472895,0.0090474866052538,0.00892044910620471,0.00891900294772959,0.00891842897425038,0.00891752145010841,0.00891632453346254,0.00891520961148433,0.00885410119123724,0.00870037149171676,0.00859372865759428,0.00852095190702015,0.0085126656436047,0.00830618583977919,0.00822877598730382,0.00762083823403756,0.00758650025447518,0.00688135682707533,0.00685760318675226,0.00493083518158475,0.00435542054708446,0.0042823921038818,0.00405664876385369,0.00400042186894275,0.00290483358996844,0.00258584971124795],"convergence":0,"press_dep":false,"press_rng":[1013.25,1013.25]}}
