{"fa_EV_MERIS_C_band_15":{"type":"annular","coefficients":{"c1":1,"c2":0.579426530050129,"c3":-0.789867138310606,"c4":0.464671785233713,"c5":-0.170296731802929,"c6":-5.43486048985236},"mare":0.00199439292045852,"rmse":0.00200789167477319,"mare_seq":[0.0140750665359287,0.0140001696724237,0.0137258519580969,0.0134621284983391,0.0134397195479207,0.0133152796669091,0.0132813513120448,0.0132718064983735,0.0132703276022402,0.0132702981652364,0.013257690788855,0.013146090459913,0.0130791529642339,0.0126758692510911,0.0122043816567265,0.0119702891947407,0.011597649230788,0.0114934856899164,0.0112356992353256,0.00984792135037952,0.00941654667730799,0.00801694435035984,0.00750323142205611,0.00614252582620762,0.00534059719355438,0.00400484916112212,0.00379126801128432,0.0032554902463538,0.00292261802157616,0.00200368685481101,0.00199439292045852],"convergence":0,"press_dep":false,"press_rng":[1013.25,1013.25]}}
