{"fa_EV_MERIS_U_band_1":{"type":"annular","coefficients":{"c1":1,"c2":0.247684418605598,"c3":-2.93935352860196,"c4":0.211223275193697,"c5":-0.168669635869809,"c6":-0.701400445503704},"mare":0.00157680333897871,"rmse":0.00120973996021165,"mare_seq":[0.013153607745022,0.0100280989842828,0.0096356025828946,0.00932375635736076,0.00926532568055094,0.00912335925130638,0.00899113490472136,0.00829584803866665,0.00810178947980874,0.00777675951957022,0.00757523072297273,0.00725796830936379,0.00644862862657996,0.00568723461571513,0.00544781645534465,0.00514028202464526,0.00492131596581721,0.00461037689148666,0.0045705324620217,0.00452668694466498,0.00384574455297216,0.00384029453721203,0.00380000696414334,0.00371971063711786,0.00351221952659613,0.00325744904537215,0.00286887442685972,0.00240978542781998,0.00222400892429574,0.00183667304488692,0.00157680333897871],"convergence":0,"press_dep":false,"press_rng":[1013.25,1013.25]}}
