{"fa_EV_MERIS_M_band_15":{"type":"annular","coefficients":{"c1":1,"c2":0.540051782156941,"c3":-0.873156009839212,"c4":0.292044577735391,"c5":-0.164567999232345,"c6":-5.54309907486486},"mare":0.00191361353362439,"rmse":0.00217755018458654,"mare_seq":[0.0149224590835373,0.0147416676032945,0.0145627058180664,0.0135847359245045,0.0133591327956506,0.0131928369649978,0.0131872875322893,0.0131599612106944,0.0130910230569124,0.0129906184310818,0.012974491373162,0.0127591955906541,0.0127497178677388,0.012695999667687,0.0126809726262828,0.0123853086744529,0.0112672226960529,0.0109284637982394,0.0107611006157782,0.00907796441090577,0.00822158695664974,0.00810081502173668,0.00738656834531687,0.00733503622416683,0.0063482598445818,0.00556724214812537,0.00532120253035022,0.00491638280491759,0.00452968429459104,0.00275586008795904,0.00191361353362439],"convergence":0,"press_dep":false,"press_rng":[1013.25,1013.25]}}
