{"fa_EV_MERIS_C_band_10":{"type":"annular","coefficients":{"c1":1,"c2":0.214560825135942,"c3":-5.30854248406179,"c4":0.758324861727521,"c5":-0.768764416961792,"c6":-0.16341307147259},"mare":0.00201317909402577,"rmse":0.00202035889178234,"mare_seq":[0.0327159471577913,0.0151992333292285,0.013717861130291,0.0136916117417359,0.0136577507553152,0.0134280061061444,0.0134274327478143,0.0131437514404446,0.0131359334892386,0.0131330290725492,0.0131085990081078,0.0130518277372933,0.0128026565802521,0.0125557036510189,0.0125111587406961,0.0119185791808981,0.0112447440236627,0.0106061649552685,0.0105951575110756,0.0103771560451542,0.0101240278809755,0.00965605671485111,0.00897121968010752,0.00887279287586537,0.00849097918635388,0.00808620047736955,0.00794902785054594,0.00586746739122148,0.00422092896713585,0.00216448359748405,0.00201317909402577],"convergence":0,"press_dep":false,"press_rng":[1013.25,1013.25]}}
