{"fa_EV_MERIS_M_band_1":{"type":"annular","coefficients":{"c1":1,"c2":0.510396363093753,"c3":-0.828730115438656,"c4":0.716947332779472,"c5":-5.21580127013107,"c6":-0.162019518570163},"mare":0.00332844914239018,"rmse":0.00411880611865937,"mare_seq":[0.0174966425458425,0.0170033410992596,0.0155296487582791,0.0152885200478541,0.015025441409124,0.0150245637626026,0.0149114363994861,0.014724226409656,0.0146923038333374,0.0144751290454094,0.014455224687879,0.0144296890569784,0.0144257006700474,0.0144208546130544,0.0144202144894348,0.0142158248970626,0.0141103670101081,0.0137926742668844,0.0133814706556868,0.0125327335135728,0.0105682577299855,0.0100966004933458,0.0100125928155949,0.00968277836844295,0.00771964054111085,0.00632756659954416,0.00626088355747764,0.00610347351838647,0.00588158774346679,0.00506977350104096,0.00332844914239018],"convergence":0,"press_dep":false,"press_rng":[1013.25,1013.25]}}
