{"fa_EV_MERIS_C_band_11":{"type":"annular","coefficients":{"c1":1,"c2":0.187982984538347,"c3":-0.162974345598683,"c4":0.712947895963238,"c5":-0.754004305001884,"c6":-4.89401038607404},"mare":0.00207666394622075,"rmse":0.00221767679444946,"mare_seq":[0.0137174370881628,0.0135978280203668,0.0133746639060804,0.013174361505315,0.0131557599563613,0.0131492448645897,0.0131478959578333,0.0131223930373922,0.0112258851805203,0.01089506629175,0.0105374458122665,0.0102983538007167,0.0102738860560197,0.0101460582693107,0.00931571297287728,0.00910152419092843,0.00907705243222155,0.00896320212538701,0.00879670929224952,0.00771696627215282,0.00728540112739333,0.00700415243208523,0.00671420890632946,0.00632284070508975,0.00575614560028161,0.00520135634724912,0.003919249250082,0.00297955119084703,0.00253615424683003,0.00222970314683666,0.00207666394622075],"convergence":0,"press_dep":false,"press_rng":[1013.25,1013.25]}}
