{"fa_EV_MERIS_C_band_4":{"type":"annular","coefficients":{"c1":1,"c2":0.609688374260226,"c3":-0.776324699821992,"c4":0.526545266501255,"c5":-5.06370204141867,"c6":-0.162459491528554},"mare":0.00202463633994391,"rmse":0.00202685873959599,"mare_seq":[0.0127584602700103,0.0127491326726389,0.0124963521870834,0.012489785594498,0.0123769138700689,0.0123593448655753,0.0122267113294307,0.0115709882714457,0.0114707530860459,0.0113917620750024,0.0110180287351224,0.010465555098397,0.00970643034396487,0.00891313717297788,0.00880026471488295,0.00866374302211237,0.00761372631664588,0.00749674809755156,0.00724521203703258,0.00700211578333115,0.00676772503264324,0.00632747272453682,0.00567677677333485,0.00488858203416534,0.00454744414032036,0.00358929992205886,0.00296327175479171,0.00295889562165414,0.0022572029943541,0.0020329495922218,0.00202463633994391],"convergence":0,"press_dep":false,"press_rng":[1013.25,1013.25]}}
