{"fa_EV_MERIS_M_band_4":{"type":"annular","coefficients":{"c1":1,"c2":0.14538406566057,"c3":-0.166948601955702,"c4":0.610135306555186,"c5":-0.85888203548742,"c6":-6.46288727746626},"mare":0.00202347615584236,"rmse":0.0023641479064172,"mare_seq":[0.0566848081642113,0.0566464200147486,0.0167736781954935,0.0165066845617827,0.0161204155869695,0.0155245223025426,0.0152292168132596,0.0149025093282784,0.0147086264149325,0.0146383208722395,0.0146246808532429,0.0143883482988799,0.0140838629550583,0.0140812310740599,0.0139810416007368,0.0136215830765721,0.0111288401539155,0.0100970857287,0.00998222901405576,0.00983247484080398,0.00968578567262255,0.00861105209270877,0.00818525545020829,0.00786383404931873,0.00758979697328649,0.00756868669172419,0.00521393412554844,0.00411913379230008,0.00397780369957273,0.00203300612082272,0.00202347615584236],"convergence":0,"press_dep":false,"press_rng":[1013.25,1013.25]}}
