{"fa_EV_MERIS_U_band_8":{"type":"annular","coefficients":{"c1":1,"c2":0.57134214228905,"c3":-0.633640322236118,"c4":0.648997654720794,"c5":-2.42632634765264,"c6":-0.159659872632},"mare":0.00171341763076744,"rmse":0.00129378697671461,"mare_seq":[0.0127870853002668,0.0110070686576728,0.00992560171237101,0.00961430562186916,0.00916567033097191,0.00905060401017039,0.0090299238587642,0.00894379086859695,0.00893870667650665,0.00891293465792625,0.00890245591367705,0.00890245474813098,0.00890127614044787,0.0088874487895734,0.00869907320139457,0.00866846052029903,0.00855321354858992,0.00787548427542928,0.00719845538829375,0.00675492841339409,0.00517079074618827,0.00461670683784854,0.00409134445596392,0.00404931405954215,0.00383357457237728,0.00380930231064473,0.00306273113734809,0.00290988082639233,0.00189425066415673,0.00183226907266323,0.00171341763076744],"convergence":0,"press_dep":false,"press_rng":[1013.25,1013.25]}}
