{"fa_EV_MERIS_M_band_11":{"type":"annular","coefficients":{"c1":1,"c2":0.37209341424396,"c3":-4.54170559990688,"c4":0.205399041153724,"c5":-0.158593701055519,"c6":-0.805407391356332},"mare":0.00271442396005301,"rmse":0.00279214796677911,"mare_seq":[0.0161221009133888,0.0156230782665224,0.014565294606941,0.0138264524914806,0.0135673214394814,0.0135451226821512,0.0132131695417493,0.0131897359676171,0.0131152777820703,0.0131149799720154,0.013042927977622,0.0128748188008981,0.0128296101972187,0.0127480463670799,0.0127150140344891,0.0116902061675177,0.0110566049989987,0.0108458463238433,0.0104761263565141,0.0100975882720546,0.00998677046251836,0.00914257997062431,0.00875655459674145,0.00864533528655665,0.00817631021616681,0.00727509121671481,0.00625818421836563,0.00621659032061795,0.00393966134046643,0.00378297244818262,0.00271442396005301],"convergence":0,"press_dep":false,"press_rng":[1013.25,1013.25]}}
