{"fa_EV_MERIS_C_band_8":{"type":"annular","coefficients":{"c1":1,"c2":0.530003667777178,"c3":-0.631872673398749,"c4":0.326854667106628,"c5":-0.145636396192088,"c6":-2.90537421467539},"mare":0.00337417982170254,"rmse":0.00325854996586056,"mare_seq":[0.0143616803631436,0.0142314932471468,0.0139006045116057,0.0134342378465587,0.0132810975514479,0.0131210252149858,0.0129762481055581,0.0129724920454248,0.0129672263190382,0.0128343220045037,0.0128232384923766,0.0128044226722179,0.011947440318516,0.0118995073748083,0.0113358089696409,0.0107152392344132,0.0104906062383413,0.0101856012179162,0.0101363065691242,0.00918854450495236,0.00863398015213595,0.00841750513097665,0.00822615309109387,0.00790744134860876,0.00710130429056845,0.00708722494870653,0.00643678398917938,0.00520898987414609,0.00465844343262841,0.00422678495166461,0.00337417982170254],"convergence":0,"press_dep":false,"press_rng":[1013.25,1013.25]}}
