{"fa_EV_MERIS_M_band_10":{"type":"annular","coefficients":{"c1":1,"c2":0.330183280610223,"c3":-5.79491883545331,"c4":0.801071715230197,"c5":-0.855290904576199,"c6":-0.161155879337824},"mare":0.00194181604802298,"rmse":0.00225872992601069,"mare_seq":[0.017326198528922,0.0147402330043606,0.0144353232213896,0.0140583693652562,0.013998001779827,0.0136753401343529,0.0136475663114389,0.013625081289024,0.0135956809772431,0.0134815961020101,0.0134725244742804,0.0133192081077141,0.0133015310336997,0.0132101847709384,0.0131683729487591,0.0131646879748667,0.0131609502470318,0.0130551532887436,0.0121635352941048,0.0103637482268491,0.00972411092764996,0.0094107707701702,0.00687636789520213,0.00686783039305808,0.00623713538470699,0.0058388635775784,0.00434347999713762,0.00348598530937604,0.00209709598511713,0.00194968104615667,0.00194181604802298],"convergence":0,"press_dep":false,"press_rng":[1013.25,1013.25]}}
