{"fa_EV_MERIS_C_band_1":{"type":"annular","coefficients":{"c1":1,"c2":0.600370058571139,"c3":-0.769539891019941,"c4":0.446331953742489,"c5":-0.162971024066745,"c6":-4.72873186325146},"mare":0.00204770115005695,"rmse":0.00210786966473981,"mare_seq":[0.0139416496838076,0.0123764172649716,0.0123457772084994,0.0123209463321916,0.0123062507713663,0.0122993148459643,0.0122968487264428,0.0120778299376873,0.0118249390312239,0.0115900757311889,0.0115156493107535,0.0113317732960458,0.011073006440751,0.0108992417502613,0.0102476502942951,0.00961487245289456,0.00955516114259868,0.00836855254137933,0.00791886226573263,0.00724788927090661,0.00680582853267792,0.0067052540777466,0.00640187643499304,0.00632896578915743,0.00612887385751827,0.00575318342115032,0.00486714722522541,0.0045847778484327,0.00396348797831459,0.0020584696982727,0.00204770115005695],"convergence":0,"press_dep":false,"press_rng":[1013.25,1013.25]}}
