{"fa_EV_MERIS_U_band_9":{"type":"annular","coefficients":{"c1":1,"c2":0.334869617721698,"c3":-2.14407921569561,"c4":0.803092084459191,"c5":-0.568142890582867,"c6":-0.149504198503652},"mare":0.00211880799881217,"rmse":0.0017403080584608,"mare_seq":[0.0288079537145951,0.0120451556078872,0.00920882911539106,0.00901376979007603,0.0089731490400899,0.00891616382002166,0.00891046441047089,0.00890931517309323,0.00890884908227471,0.00885702694690259,0.00875810717218782,0.00869993205824867,0.0086982992138097,0.00868167065329037,0.00862073108274487,0.00853671649294193,0.00829256832303348,0.00693211032723336,0.0067787204261748,0.00575195624724033,0.00560668565167308,0.0054629583646092,0.00545800585943687,0.00499048905902611,0.00314526979635326,0.00296576630470149,0.00290526865785862,0.00254494523387324,0.00221013196338139,0.00215390961084505,0.00211880799881217],"convergence":0,"press_dep":false,"press_rng":[1013.25,1013.25]}}
