{"fa_EV_MERIS_C_band_13":{"type":"annular","coefficients":{"c1":1,"c2":0.320835973661958,"c3":-3.15815138039042,"c4":0.211384475274637,"c5":-0.140455348844473,"c6":-0.628313278724392},"mare":0.00326619787835353,"rmse":0.00325908899677825,"mare_seq":[0.0136967215128211,0.0136674890274981,0.0136603461401391,0.0135863236662216,0.0134943780221557,0.0133856457646799,0.0133120170585736,0.013281216132402,0.0129385304807316,0.0121694523296091,0.0120843743815611,0.0116487732344209,0.0115320067686412,0.0114911287899339,0.0110534214413597,0.0102168800999914,0.00972338218301889,0.00946281323564499,0.00909780395356859,0.0082141254380654,0.00806822585741015,0.00779833992080805,0.00778326921879292,0.00734780527123336,0.0070944136494006,0.00687945081269121,0.0060655470255004,0.00577587111437117,0.00552292846927167,0.00439281696561656,0.00326619787835353],"convergence":0,"press_dep":false,"press_rng":[1013.25,1013.25]}}
