{"fa_EV_MERIS_M_band_8":{"type":"annular","coefficients":{"c1":1,"c2":0.342275090611677,"c3":-5.81033814214939,"c4":0.807319693155545,"c5":-0.817059296255108,"c6":-0.153841067835285},"mare":0.00199220941814651,"rmse":0.00247020831761958,"mare_seq":[0.0161399111159796,0.0152552213690643,0.0149459548072247,0.0143004791105788,0.0140981198626938,0.0140972101644833,0.0139851411529646,0.0137919145015283,0.0135559046880793,0.0135169418141422,0.0135128942542234,0.0135101760253167,0.0134934639474931,0.0134456383463293,0.0134411927946126,0.0134354304024205,0.0134340627058541,0.0134330480544573,0.0132982634535005,0.0131586523873872,0.0125986417690826,0.00853001088338208,0.00769297776230454,0.00717674298690674,0.00675692820707317,0.0059626738158256,0.00563885844855644,0.0053911359375468,0.00481400497411322,0.00307783745072693,0.00199220941814651],"convergence":0,"press_dep":false,"press_rng":[1013.25,1013.25]}}
