{"fa_EV_MERIS_C_band_7":{"type":"annular","coefficients":{"c1":1,"c2":0.296543470661311,"c3":-3.11774712399999,"c4":0.782031859624997,"c5":-0.648539943366267,"c6":-0.14346339816885},"mare":0.00307600105582192,"rmse":0.00286931809880855,"mare_seq":[0.0154187119118546,0.0131598774332714,0.0130610249595568,0.013006673068195,0.0129373387074134,0.0129223268471119,0.0129222917960133,0.0129201649546717,0.0128574599877608,0.0127078130873542,0.012083473092579,0.0108738265063495,0.00994684275498945,0.0092242009968459,0.00903790893645752,0.00884448344568825,0.00824233768111531,0.00746930745870292,0.00721265921513035,0.00712561093850653,0.00701770740103006,0.00632236047107578,0.00568730717354305,0.00505443636184901,0.00499240392201061,0.00390910588164351,0.00360112074070924,0.00316167706517436,0.00311079721165186,0.00310161521782319,0.00307600105582192],"convergence":0,"press_dep":false,"press_rng":[1013.25,1013.25]}}
