{"fa_EV_MERIS_U_band_6":{"type":"annular","coefficients":{"c1":1,"c2":0.28822972751274,"c3":-2.38309537962829,"c4":0.793544337774006,"c5":-0.630056010897411,"c6":-0.157974207478871},"mare":0.00172850844100687,"rmse":0.00131287680585681,"mare_seq":[0.00987772622341812,0.00966489234152112,0.0091761213448294,0.00914419049254192,0.00906859339782918,0.0089851453035603,0.00891677693581363,0.00891141991807747,0.00890819027828692,0.00890760581341199,0.00868207310525638,0.00847984782466935,0.00839695507130389,0.00837614196697658,0.00816689163961875,0.0080638744210998,0.00759690352406774,0.00635416022085464,0.00631319687909558,0.005577411301985,0.00530404561254296,0.00459179899893062,0.00437788137039408,0.0041587933375981,0.00390647449655516,0.00363198458087897,0.00282528195894931,0.00264328190823266,0.00259653932078046,0.00234157806398369,0.00172850844100687],"convergence":0,"press_dep":false,"press_rng":[1013.25,1013.25]}}
