{"fa_EV_MERIS_C_band_9":{"type":"annular","coefficients":{"c1":1,"c2":0.601848605209585,"c3":-0.790063950703922,"c4":0.509361014453436,"c5":-5.43672033682186,"c6":-0.167533183544359},"mare":0.00213632586350097,"rmse":0.00220469406957141,"mare_seq":[0.014799589454461,0.0134242773652497,0.0133095360200909,0.0130529700767995,0.0130499167896408,0.0130482524360416,0.0130468213276991,0.0130406651958323,0.0126942809557622,0.0122682497926893,0.0120660492303082,0.0114295120359739,0.0106744048599943,0.01000992595684,0.00993133078554629,0.00976541982728245,0.0094541173206299,0.0080825393303996,0.00804547798010534,0.00791661940197919,0.00781365916648677,0.00690803143446651,0.00676403365538059,0.00546146650362512,0.00539099522127112,0.00453050356845162,0.0045053964681616,0.00321616509026861,0.00310372991574158,0.00257702049482341,0.00213632586350097],"convergence":0,"press_dep":false,"press_rng":[1013.25,1013.25]}}
