{"fa_EV_MERIS_U_band_12":{"type":"annular","coefficients":{"c1":1,"c2":0.185590106947321,"c3":-0.179446293234593,"c4":0.750858112605755,"c5":-0.724029774948979,"c6":-3.31074455491412},"mare":0.00142177962571155,"rmse":0.0013845740406977,"mare_seq":[0.00996401792883499,0.00920094996060825,0.00893432666372357,0.00889799296316277,0.00889693384433435,0.00889218161912098,0.00888238633669866,0.00867601239879817,0.0084882779370699,0.00845116548026628,0.00827809112946249,0.00823421990753122,0.00815897136627321,0.00699809871989061,0.00592858667674246,0.00579107896655263,0.00554770765429042,0.00530439179004447,0.00508678231314784,0.00445535945097875,0.00430469216822823,0.00428414966562859,0.00377056662097415,0.00367497054740722,0.00320594258511142,0.00265403690780562,0.00202144775228804,0.0018455964488825,0.00170233897188928,0.00162275633755909,0.00142177962571155],"convergence":0,"press_dep":false,"press_rng":[1013.25,1013.25]}}
