{"fa_EV_MERIS_U_band_4":{"type":"annular","coefficients":{"c1":1,"c2":0.171514487737583,"c3":-3.775918048361,"c4":0.75099739949475,"c5":-0.810576856453863,"c6":-0.191860197154786},"mare":0.00158267019530494,"rmse":0.0015393136371482,"mare_seq":[0.00960723410947051,0.00938037186036336,0.00913595961031259,0.00909965765124759,0.0089298401015207,0.00892814683461657,0.00892757144803602,0.00889158943807102,0.00886948044160149,0.00884691754601392,0.00879185986221579,0.00877933001076587,0.00863473592557294,0.0086343692517463,0.00825069294096396,0.00804510941808073,0.00794243581058667,0.00787935894458182,0.00767837389451056,0.00731520069768995,0.00700001096579959,0.00501405530681903,0.00466059366014265,0.00448227340044628,0.00445965874366765,0.00323767751134943,0.00321305790260657,0.00295090324151594,0.00199789178696877,0.00182709853934971,0.00158267019530494],"convergence":0,"press_dep":false,"press_rng":[1013.25,1013.25]}}
