{"fa_EV_MERIS_M_band_14":{"type":"annular","coefficients":{"c1":1,"c2":0.300563189177848,"c3":-5.91843270298446,"c4":0.225920302944095,"c5":-0.184198505963047,"c6":-0.962266254874415},"mare":0.00213788207745312,"rmse":0.00230321598522481,"mare_seq":[0.0153744303262812,0.0142155804719304,0.0134695092840005,0.0132185812079857,0.013134012659895,0.0131158887688773,0.0127690781626348,0.0127633708908314,0.012757398378552,0.0127439829914519,0.0127374655066096,0.0127269458676407,0.012726857888072,0.0125410100780197,0.0125302836139683,0.0112677434285677,0.0109395177075133,0.0105073457125901,0.00949186154761423,0.00862378571870619,0.00804021232842296,0.00607583980172588,0.00470084771831903,0.00402529899628994,0.0039458994410543,0.00384341754134657,0.00366234734457855,0.00366178217685816,0.00324533753623906,0.00324051658325256,0.00213788207745312],"convergence":0,"press_dep":false,"press_rng":[1013.25,1013.25]}}
