{"fa_EV_MERIS_C_band_2":{"type":"annular","coefficients":{"c1":1,"c2":0.268888173124064,"c3":-3.29481071946712,"c4":0.781772274542336,"c5":-0.700249461405738,"c6":-0.150587373175564},"mare":0.00282990052386084,"rmse":0.00250296943383996,"mare_seq":[0.0143870713185107,0.0140732247874559,0.0138903406917138,0.0136164943062713,0.0127662112693077,0.0126104150145644,0.0123314140238649,0.0123259639989215,0.0123112870738041,0.0121371587164285,0.0109145432476465,0.0108589049090971,0.0108575695404331,0.0103150828871155,0.00944049526346354,0.00907534048723108,0.00872294509346584,0.00794592883578681,0.0077309881966254,0.00771215277576992,0.00758252912483913,0.0069953608842342,0.00645107717712805,0.00640256932255036,0.00634358433807157,0.00603891792893774,0.00402823563390756,0.00303814090162315,0.00297135555921234,0.00285132154608858,0.00282990052386084],"convergence":0,"press_dep":false,"press_rng":[1013.25,1013.25]}}
