{"fa_EV_MERIS_C_band_5":{"type":"annular","coefficients":{"c1":1,"c2":0.203326058892156,"c3":-5.17361653964037,"c4":0.23586201053324,"c5":-0.163423238410695,"c6":-0.779736193354047},"mare":0.00201255347697748,"rmse":0.0020094546006077,"mare_seq":[0.0142473597669529,0.0130500118579988,0.0129517878811244,0.0127705403296327,0.0126368544624872,0.0126241742230879,0.012622782751254,0.0126220967665567,0.01257649693357,0.0125675996173167,0.0118129078572406,0.0111484850528949,0.0107328323221958,0.0104422304235987,0.0103553058242785,0.0100037520934808,0.0098097416401437,0.00930625743296626,0.0085346718510247,0.00801249435784345,0.00780040145902936,0.00756927341551327,0.00717939395638188,0.00711009458356315,0.00683877070331351,0.00675875776118635,0.00658741738685021,0.00653930171255785,0.00650361153758785,0.00578689221256097,0.00201255347697748],"convergence":0,"press_dep":false,"press_rng":[1013.25,1013.25]}}
