{"fa_EV_MERIS_U_band_5":{"type":"annular","coefficients":{"c1":1,"c2":0.178019747336174,"c3":-0.176821081198934,"c4":0.735935961951717,"c5":-0.721568585780661,"c6":-3.21452019612745},"mare":0.00141670754697989,"rmse":0.00141285494296709,"mare_seq":[0.0155575140278127,0.00949121836236458,0.00943174555214694,0.00906370032287318,0.0089443203399713,0.00892874031491045,0.00892013497610868,0.00891026547113513,0.00890263186299175,0.00880151252285415,0.00874118652158069,0.00846153692219073,0.00843138920643455,0.00838917857432365,0.0082910501295042,0.00826707724027508,0.00766179850277562,0.00754058957750776,0.00753009050117378,0.00668173687763365,0.00617481563538001,0.00573035636210724,0.00544819389264057,0.00504561617841567,0.00500124206511977,0.00472997817759081,0.00432822488485119,0.00370455810199693,0.00330605797644177,0.00265563797884438,0.00141670754697989],"convergence":0,"press_dep":false,"press_rng":[1013.25,1013.25]}}
