{"fa_EV_MERIS_M_band_6":{"type":"annular","coefficients":{"c1":1,"c2":0.133302621352483,"c3":-0.158835078542139,"c4":0.607834139881334,"c5":-0.830500009014,"c6":-6.01850298571977},"mare":0.00199253002078442,"rmse":0.00243108026637457,"mare_seq":[0.0195681131533004,0.0158465907252883,0.0157597377197308,0.0151365516746703,0.0150336645631275,0.0149160608667988,0.0148007944433183,0.0147129435892162,0.0144894428006377,0.0141573678098742,0.0140616133569228,0.0138083412490357,0.0137661743173312,0.0136906223904307,0.0136765267748412,0.0136659094450461,0.0136314916494392,0.0135368184757297,0.0123186132950041,0.0113129569136736,0.00851951564103733,0.00842995307571373,0.00819493397316386,0.00754004588229309,0.00728190556786339,0.00489039409160155,0.00448153699334768,0.00395288979315622,0.00358868063363118,0.00323724868043776,0.00199253002078442],"convergence":0,"press_dep":false,"press_rng":[1013.25,1013.25]}}
