{"fa_EV_MERIS_U_band_10":{"type":"annular","coefficients":{"c1":1,"c2":0.609021301463615,"c3":-0.737682341448282,"c4":0.506031976536113,"c5":-3.35417775899134,"c6":-0.183055451961},"mare":0.00144400681337557,"rmse":0.0014064469202302,"mare_seq":[0.00920133983317454,0.00914454958456154,0.00911111593063633,0.00900146136426968,0.0089356282497353,0.00892759927579339,0.00892231266222613,0.00882424525088872,0.00881202501887541,0.00877272393777782,0.00872797637748778,0.00859771951331959,0.00844890528312015,0.00840639210455318,0.00783329368180491,0.00770456895685337,0.00760905128402134,0.00699017815324255,0.00637084035259469,0.00627581416769458,0.00529394005263004,0.00505221856216484,0.00478606631345438,0.00461071737134283,0.00457606280282292,0.00435085922337414,0.00378428772447298,0.00353683281069212,0.00339971615938654,0.0032082969054438,0.00144400681337557],"convergence":0,"press_dep":false,"press_rng":[1013.25,1013.25]}}
