{"fa_EV_MERIS_M_band_7":{"type":"annular","coefficients":{"c1":1,"c2":0.137396473414238,"c3":-0.162388124773754,"c4":0.615924119986069,"c5":-0.855796311870889,"c6":-6.00650462036476},"mare":0.00197063890132262,"rmse":0.00228005122043353,"mare_seq":[0.0165656872637664,0.0157915210044759,0.0154922398628526,0.0136637304281034,0.0134878485792442,0.013483105125257,0.0134742383539059,0.013469670851584,0.0134264077194041,0.013339071582548,0.0132883579891311,0.0115881503556969,0.0113578747777521,0.0111501540650073,0.0105707541048382,0.0104448463834803,0.0103797133312886,0.0102888560825833,0.00905265987542997,0.00773094522902286,0.00759958217147761,0.00750463473196223,0.00725744779504253,0.00575277219431583,0.00554787045724193,0.00402785348024922,0.00309138421989117,0.00300583674532896,0.00279096839579921,0.00200984725191814,0.00197063890132262],"convergence":0,"press_dep":false,"press_rng":[1013.25,1013.25]}}
