{"fa_EV_MERIS_M_band_12":{"type":"annular","coefficients":{"c1":1,"c2":0.382361131775577,"c3":-4.23921772495762,"c4":0.80459210678957,"c5":-0.780640952942794,"c6":-0.152252817807504},"mare":0.00287081505453595,"rmse":0.00324315080798291,"mare_seq":[0.0179950805527273,0.0158803177416129,0.0157232954194559,0.0154350235350001,0.0136449302648609,0.0134582833632297,0.0133246315188469,0.0131060497145319,0.0130662577872881,0.0130527049612476,0.013046335083355,0.0124984687560027,0.0123193635548213,0.0122013394797694,0.0119107992143006,0.0118493812145468,0.0116482518296027,0.0111463129051503,0.00995248633199188,0.00986637835863999,0.0082735454339038,0.00805418959107477,0.00773713913324455,0.00741322755948054,0.00451928552825718,0.00440993048229732,0.00434657214834069,0.00419411398924033,0.00417604913839842,0.00386701736999512,0.00287081505453595],"convergence":0,"press_dep":false,"press_rng":[1013.25,1013.25]}}
