{"fa_EV_MERIS_M_band_9":{"type":"annular","coefficients":{"c1":1,"c2":0.429993940008464,"c3":-3.41623460995173,"c4":0.186993013750587,"c5":-0.137193342772777,"c6":-0.704741613969743},"mare":0.00419451381364586,"rmse":0.0058938845769098,"mare_seq":[0.0173921021769976,0.0150750745343925,0.0149282110426954,0.0147126453353021,0.0145808597078491,0.014379600669105,0.0138628864140956,0.0137705918958756,0.0134291540414715,0.0133887771298609,0.013343998854944,0.0133394888494598,0.0133387499434755,0.0133387443321681,0.0133357642091534,0.0131812084070237,0.0124527279240134,0.0117129890674547,0.00972606060631687,0.00968191656389927,0.00937662918000316,0.00906796752846091,0.00884442934177308,0.00665950466818912,0.00643608267858302,0.00631109025480302,0.0063075281859741,0.00570716523278297,0.00507906717209558,0.00483200883035577,0.00419451381364586],"convergence":0,"press_dep":false,"press_rng":[1013.25,1013.25]}}
