{"fa_EV_MERIS_U_band_7":{"type":"annular","coefficients":{"c1":1,"c2":0.135115824519697,"c3":-0.151484134314312,"c4":0.633336372336232,"c5":-0.591371560127909,"c6":-2.22462866063921},"mare":0.00189550048017287,"rmse":0.00150703827744173,"mare_seq":[0.0093563421774563,0.00900862680388716,0.00894597893529931,0.00890274534997882,0.00889987119592126,0.00886280281012212,0.00880621776237423,0.00862723693590173,0.00825199809941812,0.00818603030052,0.00818595398186813,0.00782476632521749,0.00749209020499384,0.00643938269237311,0.00599118259757989,0.00589974541849166,0.00546128145452158,0.00522678574809519,0.00507111775299028,0.0050013200119634,0.00482419229375111,0.00440932550043284,0.00437332084243105,0.00433584344767142,0.00371124861774988,0.00352212654244587,0.0028246735319982,0.00225247463057222,0.00213244177298635,0.0021251085520767,0.00189550048017287],"convergence":0,"press_dep":false,"press_rng":[1013.25,1013.25]}}
