{"fa_EV_MERIS_M_band_3":{"type":"annular","coefficients":{"c1":1,"c2":0.383424768306252,"c3":-5.65327722712938,"c4":0.807538364966129,"c5":-0.749929678139244,"c6":-0.146134807438714},"mare":0.00223784893528327,"rmse":0.00353114607173999,"mare_seq":[0.0172202955780133,0.0168156926323457,0.0166058383519132,0.0165717411097428,0.0149289848894568,0.0148620084616531,0.0146647875017982,0.0142167085922433,0.0141659937531278,0.0141648364692277,0.0141606452739576,0.0141422668985182,0.014017983765981,0.0139245888106183,0.0135702266493807,0.0135400491981464,0.0127407077979736,0.0123772584233723,0.0102604034499528,0.00980674852604654,0.00955780283892739,0.00922272893639596,0.00909282231870615,0.00699211554228759,0.00685964159767138,0.00662067613567052,0.00613935804109973,0.00527239998391317,0.00282184689797297,0.00226410658763662,0.00223784893528327],"convergence":0,"press_dep":false,"press_rng":[1013.25,1013.25]}}
