{"fa_EV_MERIS_C_band_3":{"type":"annular","coefficients":{"c1":1,"c2":0.177403318602564,"c3":-0.158603524313501,"c4":0.718583231660982,"c5":-0.747080670973905,"c6":-4.52496455641533},"mare":0.00207989868918083,"rmse":0.00227063281916527,"mare_seq":[0.0139081355217413,0.0136491435097569,0.0131880646330888,0.0128771936203461,0.0126519515376539,0.0125012674340678,0.0124843975730063,0.0124712333635889,0.0124676516576446,0.0124672941714128,0.012273773549286,0.0122004145057563,0.0114481329198979,0.01127453327701,0.0109615074009239,0.00951453657791807,0.009491018392765,0.00935666291246236,0.00898893562714386,0.00874114741333505,0.00733488499775065,0.00698319194607974,0.00559759016531443,0.00453260985045642,0.00449212539185863,0.00381486273565888,0.00371775388274425,0.00335257616407389,0.00330302010263648,0.00245492876918068,0.00207989868918083],"convergence":0,"press_dep":false,"press_rng":[1013.25,1013.25]}}
