{"fa_HJ2B_CCD2_C_band_5":{"type":"annular","coefficients":{"c1":1,"c2":0.193627774783582,"c3":-0.165230482778472,"c4":0.737847334238874,"c5":-0.775999170435095,"c6":-5.17207829961206},"mare":0.00315215112539762,"rmse":0.00210171215934453,"mare_seq":[0.014072814017729,0.0140728039361984,0.0140727949331137,0.0140727391827962,0.014072712369777,0.0140699779052765,0.0140369103500585,0.0138198923720236,0.0127652056474577,0.0126883268033206,0.0117812977299789,0.0106457977415482,0.0102435099894662,0.0101515998632549,0.0100949894499089,0.00982508909372888,0.00919272283555564,0.00875695374419834,0.00853823722977859,0.0081821814141148,0.00803728544401403,0.0080285420525312,0.00734607435486008,0.0070406615991249,0.0067129683906505,0.00668543526039578,0.0039039725315883,0.00315291187024391,0.00315226231080527,0.00315216373187901,0.00315215112539762],"convergence":0,"press_dep":false,"press_rng":[1013.25,1013.25]}}
