{"fa_HJ2A_CCD3_C_band_5":{"type":"annular","coefficients":{"c1":1,"c2":0.211834237682655,"c3":-5.16670642676225,"c4":0.755642621123096,"c5":-0.774134625280215,"c6":-0.164769572134755},"mare":0.00316301057801235,"rmse":0.00211477415374077,"mare_seq":[0.0141110244418437,0.0140796569143274,0.0140777221420617,0.014077685816925,0.0140776312468479,0.014077627539273,0.0140776255028025,0.0140722397788976,0.013792347872008,0.0114895074072337,0.0104600135512998,0.00967676933316459,0.00929304480545633,0.00842519000681006,0.00829083766922409,0.00826561862113096,0.00782416334204906,0.00687866810369359,0.00547972187816994,0.00483978323187487,0.00328790831522496,0.00319401599871505,0.00317537887476085,0.00316599474480298,0.003164850769306,0.00316330849001224,0.00316314330393865,0.00316312787621489,0.00316311877676505,0.00316301757437173,0.00316301057801235],"convergence":0,"press_dep":false,"press_rng":[1013.25,1013.25]}}
