{"fa_HJ2B_CCD2_M_band_5":{"type":"annular","coefficients":{"c1":1,"c2":0.320815189565944,"c3":-6.03775616650109,"c4":0.795486274773945,"c5":-0.876625861892757,"c6":-0.164382772620136},"mare":0.00313140868374117,"rmse":0.00248527399799207,"mare_seq":[0.0255174899546409,0.0156608023012712,0.0144906850481311,0.0144886518073246,0.0144884866665768,0.0144884741681942,0.0144884727333553,0.0144884416252773,0.0144884395788968,0.014488428695732,0.0144884256091983,0.0144884243505011,0.0144884095172048,0.01448835436364,0.0144647837425965,0.0144555241961004,0.0126302734401562,0.0118580295974698,0.0112068811193365,0.00987812796385153,0.00952441233738896,0.00851865989266026,0.00781604777810915,0.00764445429720592,0.00673023361136547,0.00369369801819279,0.0033234078041408,0.00318093516532213,0.00316523233642291,0.00313906119897034,0.00313140868374117],"convergence":0,"press_dep":false,"press_rng":[1013.25,1013.25]}}
