{"fa_HJ2B_CCD1_M_band_3":{"type":"annular","coefficients":{"c1":1,"c2":0.320135647872841,"c3":-6.21539766552656,"c4":0.791819408384241,"c5":-0.880012688972126,"c6":-0.165297760335131},"mare":0.00320622531513231,"rmse":0.00253588100023006,"mare_seq":[0.0147225423917683,0.0147210386360727,0.0147210166893264,0.0147209813176564,0.0147209622159223,0.0147209168600261,0.0147208654682062,0.0147208454675751,0.0147208341415108,0.014720833951594,0.01472083260952,0.014720831369177,0.0147208228331663,0.014720821645176,0.0147208178737378,0.0128023129473912,0.0127010156375922,0.0112568906508718,0.0103489364259873,0.0101665890854688,0.0093324249016291,0.00489998503474217,0.00481392281885018,0.00475500691510267,0.00438344210782569,0.00408198225133035,0.00391848119697536,0.00352741690939516,0.00320652246474474,0.00320631514945294,0.00320622531513231],"convergence":0,"press_dep":false,"press_rng":[1013.25,1013.25]}}
