{"fa_HJ2B_CCD1_M_band_4":{"type":"annular","coefficients":{"c1":1,"c2":0.135894533165661,"c3":-0.1645933710871,"c4":0.375072260523677,"c5":-5.6124735629731,"c6":-0.875706676044112},"mare":0.00303752407131612,"rmse":0.00236390736304887,"mare_seq":[0.01645557364632,0.0160132687790206,0.0140470921651598,0.0140113848083353,0.0140112795633371,0.0140111876073741,0.0140111639681726,0.0140111608517112,0.0140111453222538,0.0140111140376808,0.0140111018702932,0.0140111012272774,0.0140110994750536,0.0140110914436365,0.0138868817198426,0.0135900168723015,0.0134883769025752,0.0127045120245672,0.0117352854002285,0.0111799090116408,0.0109526375418429,0.0100078090394073,0.00888820924932953,0.0087477095298088,0.00783997191586674,0.0069628548230037,0.00332489724147617,0.0030475798661765,0.00303857238240096,0.00303782993908734,0.00303752407131612],"convergence":0,"press_dep":false,"press_rng":[1013.25,1013.25]}}
