{"fa_HJ2A_CCD1_C_band_5":{"type":"annular","coefficients":{"c1":1,"c2":0.193928231471399,"c3":-0.165488070756121,"c4":0.737784175654711,"c5":-0.776187118997969,"c6":-5.13689649086066},"mare":0.00316605959376255,"rmse":0.00209823472753461,"mare_seq":[0.0140363272131113,0.0140218884395034,0.0140197993047147,0.0139999864710125,0.011088453156824,0.0100291960461003,0.00975994033530771,0.00966262068914081,0.00955777202468249,0.00850810804555164,0.00850731344691834,0.00806518023561511,0.00800996242896799,0.00758943478994002,0.00741992446851355,0.00704443512706022,0.00655406263803224,0.00605884439322648,0.00586761261695447,0.00565713239167221,0.00489164225637618,0.0045563366869094,0.00429397194083173,0.00347389692120066,0.00344031109517606,0.00318669007933113,0.00317807814772008,0.00317164682332455,0.0031713435359786,0.00316823825594519,0.00316605959376255],"convergence":0,"press_dep":false,"press_rng":[1013.25,1013.25]}}
