{"fa_HJ2A_CCD3_U_band_1":{"type":"annular","coefficients":{"c1":1,"c2":0.600873373505286,"c3":-0.724080144227894,"c4":0.435053371074456,"c5":-0.175194730195282,"c6":-3.05329330242888},"mare":0.00189205554169898,"rmse":0.00119807342659317,"mare_seq":[0.00951604047043138,0.00951597315385627,0.00951597273949259,0.00933602504652582,0.00837554567773953,0.00819897392399526,0.00764503554510571,0.00725518555821017,0.00719390419594626,0.00654271102079455,0.0064755182170659,0.00641051878344062,0.00623705161645341,0.00568817500422641,0.00525356735001323,0.00512074927581704,0.00447551975657486,0.00442660921676999,0.00358716350725639,0.00356173832324412,0.00275964872401478,0.00208500899555174,0.00198473290603093,0.00197649560833416,0.00190139218964293,0.0018975870169387,0.00189703237348692,0.00189209907789172,0.00189209105999412,0.00189205649750278,0.00189205554169898],"convergence":0,"press_dep":false,"press_rng":[1013.25,1013.25]}}
