{"fa_HJ2A_CCD1_C_band_4":{"type":"annular","coefficients":{"c1":1,"c2":0.588664034000325,"c3":-0.782744258987185,"c4":0.52916688613446,"c5":-5.32436781366131,"c6":-0.16719148544821},"mare":0.00312898915984407,"rmse":0.00211422024860095,"mare_seq":[0.0185707491092131,0.0144676751570291,0.0142566025988048,0.0142437511542295,0.0142437490746243,0.0142437456282094,0.0142437388339858,0.0142437077133806,0.0142436799650121,0.0126429613863843,0.0103920833990095,0.0101749381692274,0.00918045884340006,0.00815079230671661,0.00806085402436173,0.00799116726199981,0.00751711632536324,0.00665348139413491,0.00567394450263652,0.00427525748654102,0.00337224598367349,0.00323875502368908,0.0031949095749269,0.0031360348848178,0.00313378151023568,0.0031299086212177,0.00312962455204568,0.00312956012094499,0.00312953441903188,0.00312908012880467,0.00312898915984407],"convergence":0,"press_dep":false,"press_rng":[1013.25,1013.25]}}
