{"fa_HJ2A_CCD3_U_band_2":{"type":"annular","coefficients":{"c1":1,"c2":0.174528552792582,"c3":-0.174341950916451,"c4":0.271776547282463,"c5":-3.00889101756424,"c6":-0.714645575728651},"mare":0.00188466127663539,"rmse":0.00118955739733639,"mare_seq":[0.011704053629406,0.00946301214460991,0.00946298268494006,0.00946297554978312,0.00946296457575816,0.00946296229199146,0.00946295822867201,0.00800610951288665,0.00764398138300441,0.00658061937065711,0.00602916615312032,0.00589957529429088,0.00518500151382294,0.00393599838779494,0.00392567933192672,0.00372241866544973,0.00362777348703424,0.00294180417662427,0.00275803700138628,0.00256132544554869,0.00212591415212432,0.00202330183556415,0.00194488558134627,0.00191345702614494,0.00189150494342343,0.00188553548931215,0.00188501738114891,0.00188485780582089,0.00188481513850269,0.00188476207536511,0.00188466127663539],"convergence":0,"press_dep":false,"press_rng":[1013.25,1013.25]}}
