{"fa_HJ2A_CCD3_U_band_5":{"type":"annular","coefficients":{"c1":1,"c2":0.605546090855986,"c3":-0.715305434870083,"c4":0.53729901657524,"c5":-3.06118979125365,"c6":-0.177026765666959},"mare":0.00189000347366288,"rmse":0.00119351044322279,"mare_seq":[0.00946761477255089,0.00946759988520948,0.00946758634976859,0.00946755764663492,0.00939802731027645,0.00884334761769298,0.00786388809095106,0.00514425057273813,0.00513286715729008,0.00484464297542841,0.00447408687240452,0.00434533801677419,0.0041089823570949,0.00399542502077802,0.00260493434573849,0.00259224156041347,0.00213214213632193,0.00189560991807011,0.00189413609140672,0.00189203703524065,0.00189096269490795,0.00189053562071072,0.00189040085558334,0.00189031589310068,0.00189012899603883,0.00189004393868417,0.00189003075239918,0.00189002367220714,0.00189001140085627,0.0018900054697355,0.00189000347366288],"convergence":0,"press_dep":false,"press_rng":[1013.25,1013.25]}}
