{"fa_HJ2B_CCD3_C_band_1":{"type":"annular","coefficients":{"c1":1,"c2":0.605351684225916,"c3":-0.77916246006161,"c4":0.469104425381254,"c5":-0.163731912536447,"c6":-4.75728871668009},"mare":0.00320896416118045,"rmse":0.00205387020727999,"mare_seq":[0.0206827043508626,0.0152612047552893,0.0134860655212569,0.0134680334491027,0.0134663790805041,0.0134663058301051,0.0134662399822355,0.0134662030745586,0.0134661825176997,0.0134661818523048,0.0134661796431733,0.0134661790503597,0.0134661781286504,0.0134661774395707,0.0111191994037039,0.0109622268682689,0.0108939281278479,0.00767331732575999,0.00472896246682072,0.00387654742646291,0.00325008712051769,0.00321370425530606,0.00321339633291783,0.00320983260921165,0.00320977295879525,0.00320968612643093,0.00320922893351026,0.00320916335508575,0.00320915394102859,0.00320900774865738,0.00320896416118045],"convergence":0,"press_dep":false,"press_rng":[1013.25,1013.25]}}
