{"fa_HJ2A_CCD1_U_band_1":{"type":"annular","coefficients":{"c1":1,"c2":0.171612869371109,"c3":-0.174097303569557,"c4":0.723653270622771,"c5":-0.718327908925051,"c6":-3.03041979949381},"mare":0.00187443364398681,"rmse":0.00119088872145269,"mare_seq":[0.00955268552854849,0.00953858108077012,0.0095384230967264,0.00953840192890962,0.00953839548672495,0.00953637694425623,0.00951249053518158,0.00950733548018484,0.00921658360873301,0.00920366644372079,0.00812883488307013,0.00650114502184263,0.00622242393458533,0.00554550784133316,0.00526563404232174,0.00524628765755603,0.00480688437365719,0.00463927605303496,0.00428603469082147,0.00427508594534907,0.0035023934393795,0.00349512425817376,0.00230529254922699,0.00191028253371906,0.00189804753207642,0.0018753876030317,0.00187484080960871,0.00187448171238187,0.00187447235809295,0.00187444637604387,0.00187443364398681],"convergence":0,"press_dep":false,"press_rng":[1013.25,1013.25]}}
