{"fa_HJ2B_CCD2_C_band_2":{"type":"annular","coefficients":{"c1":1,"c2":0.20666986727675,"c3":-4.8917185274429,"c4":0.762307941982388,"c5":-0.778459675724425,"c6":-0.163860900105425},"mare":0.00318325797790551,"rmse":0.0020503930944825,"mare_seq":[0.0611161144896534,0.0136582015250344,0.0125673904410255,0.0115769669172127,0.0110831442536781,0.0098546329782779,0.00920505117559349,0.0091347340482403,0.0078438946562804,0.00760510326744506,0.00748688842148034,0.00741738482635122,0.00737202021654148,0.00663564783958099,0.00630266740526449,0.0060648832913433,0.00548835648116432,0.00495537075972777,0.00467213790360067,0.0046664614091508,0.00450536742720214,0.00437412099583052,0.00425441653911368,0.0039882229735313,0.00385554777077579,0.00363404001222163,0.00355354265461017,0.00320171537121604,0.00318392245393306,0.00318376476243687,0.00318325797790551],"convergence":0,"press_dep":false,"press_rng":[1013.25,1013.25]}}
