{"fa_HJ2B_CCD4_M_band_1":{"type":"annular","coefficients":{"c1":1,"c2":0.316245931682504,"c3":-7.07716601861843,"c4":0.214062581083246,"c5":-0.166829228271983,"c6":-0.882904488050462},"mare":0.00344900640455796,"rmse":0.00278355082348481,"mare_seq":[0.027749223651437,0.0172277480196087,0.0155266403207024,0.0155264175371819,0.0155263662027236,0.0155263479503623,0.0155263306418405,0.0155263229833265,0.0155263183470158,0.0155259564986769,0.0155259558636815,0.0155259530744526,0.0155259232399106,0.0149325042131737,0.0139514673615739,0.0137661284613046,0.0136086522000173,0.0115891964687062,0.0104172246169534,0.00992728237745556,0.00970682013665321,0.00968613782229076,0.0083385634094568,0.00730014009133766,0.00527858293857111,0.00439890592712998,0.00368990872154283,0.00345040239103677,0.00345038597742207,0.00344973713279199,0.00344900640455796],"convergence":0,"press_dep":false,"press_rng":[1013.25,1013.25]}}
