{"fa_HJ2B_CCD1_U_band_1":{"type":"annular","coefficients":{"c1":1,"c2":0.598776307308635,"c3":-0.721106725513699,"c4":0.568876555367647,"c5":-3.03623986669997,"c6":-0.174888934592414},"mare":0.00188848247030695,"rmse":0.00119839668013857,"mare_seq":[0.0122759526891252,0.011330105294689,0.0109474182346883,0.00952494465798454,0.0095249411698932,0.00952493145640016,0.00952493054706411,0.00948802091964463,0.00901863514650196,0.00883605626616278,0.00869670445636394,0.0086547821110736,0.00683280950112669,0.00664263418343487,0.00619536877773899,0.00535449519788654,0.00430899934099804,0.00295433820168475,0.00283228887703712,0.0027412977613879,0.00204722426391812,0.00200881963962735,0.00189789743969923,0.00189181598103127,0.0018892588935496,0.00188883817214013,0.00188859491215995,0.00188857917462314,0.00188857486496685,0.0018885074897893,0.00188848247030695],"convergence":0,"press_dep":false,"press_rng":[1013.25,1013.25]}}
