{"fa_HJ2B_CCD1_U_band_3":{"type":"annular","coefficients":{"c1":1,"c2":0.603825435487988,"c3":-0.716306780866899,"c4":0.543526332984464,"c5":-3.04275219010617,"c6":-0.176330790771751},"mare":0.00187895751826205,"rmse":0.00118721838223015,"mare_seq":[0.00945128924971322,0.0094510257144779,0.00945101117527729,0.00945100667808034,0.00945099719990472,0.00945098820134281,0.00945097894332281,0.00943831872262993,0.00943619611828264,0.009220772581409,0.00788709672256521,0.00503222728713153,0.00496365603264598,0.00436652269085136,0.00393078879364288,0.00371953269763977,0.00265677126498268,0.00236928783368505,0.00236293833583374,0.00225320536002579,0.0021093532890445,0.00202496897618874,0.00195438442683363,0.00189707255756539,0.00189160799346183,0.00188194672291221,0.00188165579044741,0.00187933956445845,0.00187900150889532,0.00187895774865741,0.00187895751826205],"convergence":0,"press_dep":false,"press_rng":[1013.25,1013.25]}}
