{"fa_HJ2B_CCD3_C_band_2":{"type":"annular","coefficients":{"c1":1,"c2":0.188277652445312,"c3":-0.163622289826524,"c4":0.255278007803249,"c5":-4.88395157883108,"c6":-0.777466784068778},"mare":0.00318215854130498,"rmse":0.00204946892872765,"mare_seq":[0.0136747687171234,0.0136746689605121,0.0136746645867483,0.0132009885773721,0.0130573290320916,0.0127571210035475,0.0125508919791854,0.0124182167629903,0.0115157188877642,0.00969008977926106,0.00913820625607077,0.00843010174748187,0.00814468370201776,0.00771269553221353,0.00749812709161274,0.00730562523725553,0.00690171414633323,0.0064289420277905,0.00558421062068122,0.00547423491810647,0.00535635624795957,0.00384546287124308,0.00347368502005979,0.00322653233343856,0.0032045379721692,0.00318331158136992,0.00318304996902987,0.00318289531884859,0.00318265959396625,0.00318262569638517,0.00318215854130498],"convergence":0,"press_dep":false,"press_rng":[1013.25,1013.25]}}
