{"fa_HJ2A_CCD2_M_band_1":{"type":"annular","coefficients":{"c1":1,"c2":0.315991109710428,"c3":-7.08562267526715,"c4":0.785185419631475,"c5":-0.884269395304483,"c6":-0.167391134346821},"mare":0.00344282027086994,"rmse":0.0027786461068192,"mare_seq":[0.0155155198037309,0.0155151414351218,0.0155151072886463,0.015515087542073,0.0155150843998038,0.0155150841880359,0.0147182115297186,0.0142608218283331,0.0141248393993632,0.0126940833928317,0.0123560073155404,0.0123236067215046,0.0118317649372357,0.0112158986482142,0.0103803219886598,0.00995174898239399,0.0095903729072312,0.00912887411687274,0.0089252115878595,0.00850759220938637,0.00465729435999311,0.00402204932008248,0.00381395875689781,0.0036181059251686,0.00357587156785932,0.00350319695019505,0.00350235155648697,0.00344318884299504,0.00344305854405476,0.00344290996486413,0.00344282027086994],"convergence":0,"press_dep":false,"press_rng":[1013.25,1013.25]}}
