{"fa_HJ2B_CCD4_M_band_2":{"type":"annular","coefficients":{"c1":1,"c2":0.319935355480718,"c3":-6.55868115371826,"c4":0.788932166164136,"c5":-0.877314199568144,"c6":-0.165870513210477},"mare":0.00333133611218967,"rmse":0.00263480050342442,"mare_seq":[0.0183230540394312,0.0159630395234,0.0152427146518371,0.0151807842525369,0.0151806443256398,0.0151804807292526,0.0151804589124724,0.0151804364894144,0.015180420300798,0.0151787935585469,0.0141435911040651,0.0137144118413643,0.0132944554180996,0.0103385281415479,0.00898946765413102,0.00853760880893443,0.00708984561875607,0.00672763419385713,0.00630573444143574,0.00381230427906685,0.00368942300315524,0.00355921728785944,0.00353236823373543,0.00336440855999381,0.00333384444333394,0.0033338009103877,0.00333245683073346,0.0033320005879148,0.003331409882853,0.00333136068295946,0.00333133611218967],"convergence":0,"press_dep":false,"press_rng":[1013.25,1013.25]}}
