{"fa_HJ2A_CCD2_C_band_2":{"type":"annular","coefficients":{"c1":1,"c2":0.207441991367621,"c3":-4.88464614145933,"c4":0.237934564724234,"c5":-0.163977567759319,"c6":-0.777192473843918},"mare":0.00319410439048551,"rmse":0.00206321241276505,"mare_seq":[0.0147779023996514,0.0136791479283727,0.0136791409778694,0.0136790754320389,0.0136789305172129,0.0136788912580736,0.0136679424403294,0.0136254236100182,0.0135843887826001,0.0133710558745658,0.0106935310580955,0.0105146973679898,0.0103704088966583,0.00984861343630286,0.00808292005780634,0.00727221336722038,0.00709106703613516,0.00671106500417144,0.00655069343631797,0.00648877338075602,0.00606026038300547,0.00525857090668464,0.00431870130093388,0.00347590407350064,0.00332147015919416,0.00320246858529643,0.00319522553318718,0.00319504196896677,0.00319434828748385,0.00319413964521793,0.00319410439048551],"convergence":0,"press_dep":false,"press_rng":[1013.25,1013.25]}}
