{"fa_HJ2A_CCD2_U_band_3":{"type":"annular","coefficients":{"c1":1,"c2":0.214905528329542,"c3":-3.05223833265054,"c4":0.771255567439974,"c5":-0.715473887849698,"c6":-0.175617578146611},"mare":0.00186407957998914,"rmse":0.0011786314466696,"mare_seq":[0.0110632368672972,0.0094898928850381,0.00948988745796799,0.00948983682048717,0.00948980735773169,0.0094897972008207,0.00948979338046721,0.00915627482036599,0.00870432264779446,0.00785468755422675,0.00724175576397863,0.0072193119793888,0.00573496207315113,0.00546245939355123,0.00493434881531368,0.00489328955822728,0.00369523071346281,0.00361353104005107,0.00267161172808911,0.0020102111874885,0.00187254540864828,0.00186676113510492,0.0018653203278635,0.0018645019948809,0.00186420409521886,0.00186411037364242,0.00186410975091851,0.00186410965264508,0.00186409741678777,0.00186408324968491,0.00186407957998914],"convergence":0,"press_dep":false,"press_rng":[1013.25,1013.25]}}
