{"fa_HJ2B_CCD2_M_band_2":{"type":"annular","coefficients":{"c1":1,"c2":0.321406363739368,"c3":-6.53105857312299,"c4":0.789527737271756,"c5":-0.87349896626261,"c6":-0.165069632508801},"mare":0.00332711474431369,"rmse":0.00263896877942221,"mare_seq":[0.0578749289908066,0.016220911068584,0.0151917817746359,0.0151917593350941,0.0151917531787521,0.0151917289563166,0.0151916742867509,0.0151916726108422,0.0151916696354254,0.0151914464764674,0.0151914461090199,0.0151914459849725,0.0151914407285158,0.0136876384533979,0.0136214192791145,0.0134067368245715,0.0133240843413007,0.0130816982856246,0.012758631575997,0.0109850731531811,0.0109140357672077,0.00948370700490964,0.00941916505509183,0.00874818545088332,0.00848144476573594,0.00589364008460301,0.00379258824010976,0.00332915470754961,0.00332813577442894,0.00332727752967695,0.00332711474431369],"convergence":0,"press_dep":false,"press_rng":[1013.25,1013.25]}}
