{"fa_HJ2B_CCD4_C_band_2":{"type":"annular","coefficients":{"c1":1,"c2":0.604060314297816,"c3":-0.778267367303056,"c4":0.47704397702346,"c5":-0.164095494589769,"c6":-4.89567983267033},"mare":0.00317367251622884,"rmse":0.0020498634148665,"mare_seq":[0.0137410499233682,0.0136687691018311,0.0136684958531787,0.0136684940625572,0.0136684922522459,0.0136684880271172,0.0136684838291862,0.0136684769633707,0.0136684750877503,0.0136581578047857,0.0136446644104883,0.0132850446621376,0.0119516662860039,0.00937681566801568,0.00736447226454453,0.00712874585390642,0.00684937425357593,0.00484915708750195,0.00340207573422229,0.0032933116645275,0.00325116163221311,0.00317553629155773,0.00317513543077407,0.00317427899170443,0.00317399383565501,0.00317380148891174,0.00317378962363052,0.00317374306026162,0.00317369994346659,0.00317369423192345,0.00317367251622884],"convergence":0,"press_dep":false,"press_rng":[1013.25,1013.25]}}
