{"fa_HJ2B_CCD4_C_band_4":{"type":"annular","coefficients":{"c1":1,"c2":0.218887046543986,"c3":-5.28856643896889,"c4":0.75332998692692,"c5":-0.779877049185966,"c6":-0.16674969595117},"mare":0.00312284750826703,"rmse":0.00210861209247773,"mare_seq":[0.014273197094262,0.0142504403905244,0.0142503369718495,0.0142496248325669,0.014249589474316,0.0142446922785901,0.0137031764350551,0.0115899124259096,0.0102702639523783,0.0100939372029415,0.00943733882809556,0.0089446062319529,0.00884732214518125,0.00837401858451694,0.00798838561512348,0.00762948752613315,0.00711348436073439,0.0069024601928786,0.00623754450859015,0.00606606445026535,0.00577518422765015,0.00323358751756262,0.00316331064624558,0.00313007499058456,0.00312623710993224,0.00312307025549408,0.00312300901111089,0.00312289283852329,0.00312286176290615,0.00312285051151922,0.00312284750826703],"convergence":0,"press_dep":false,"press_rng":[1013.25,1013.25]}}
