{"fa_HJ2B_CCD2_U_band_4":{"type":"annular","coefficients":{"c1":1,"c2":0.206136356237657,"c3":-3.15519493661088,"c4":0.234726916895456,"c5":-0.180462701372154,"c6":-0.722277555779915},"mare":0.00192024682087803,"rmse":0.0012197490554121,"mare_seq":[0.00948737820336827,0.00948737018774845,0.00948736590394058,0.00948736047275314,0.00948735325637428,0.00913502250664478,0.00843076509200726,0.00749352313171806,0.00711060259251035,0.00700636350265382,0.00700117863386919,0.00573246472105736,0.0051253706138275,0.00464490749612461,0.00431025316185474,0.00342896436877052,0.00287254903999197,0.00245140917665772,0.0020353499086259,0.00200492123476955,0.00195200707520336,0.00193754556173099,0.00193522845130053,0.0019279273351943,0.00192323942883434,0.00192114832605533,0.00192098898914442,0.0019207937916241,0.00192076871361347,0.00192031025162221,0.00192024682087803],"convergence":0,"press_dep":false,"press_rng":[1013.25,1013.25]}}
