{"fa_HJ2B_CCD2_M_band_3":{"type":"annular","coefficients":{"c1":1,"c2":0.320419768044085,"c3":-6.20227907684986,"c4":0.791544274745082,"c5":-0.879553930438348,"c6":-0.165547248243652},"mare":0.00320683101227709,"rmse":0.0025342682470233,"mare_seq":[0.0147146389205334,0.014714602497627,0.0147145856278976,0.0147145520372756,0.0147145126857507,0.0147144966736099,0.014714494289908,0.0147109199144708,0.0146970687243261,0.0141054321711196,0.0141053745109069,0.0126222441056553,0.0105836502777925,0.00993747803677836,0.0095970355284661,0.00875556316922894,0.00738555114258554,0.00640903729969302,0.00615933395657339,0.00615346480431795,0.00578531332853055,0.00574595942204418,0.00381289599939252,0.00380462658163523,0.00345795065395771,0.00330377138280562,0.00323610480729099,0.00320741973387834,0.0032073487904763,0.00320683748528987,0.00320683101227709],"convergence":0,"press_dep":false,"press_rng":[1013.25,1013.25]}}
