{"fa_HJ2B_CCD2_M_band_1":{"type":"annular","coefficients":{"c1":1,"c2":0.315502987861569,"c3":-7.12631334733979,"c4":0.784861617586494,"c5":-0.886929484095721,"c6":-0.167511169005489},"mare":0.00343425172952846,"rmse":0.00276584849421402,"mare_seq":[0.0584955158807311,0.0251258627611711,0.0171747391754148,0.0155437968950323,0.0155437217801163,0.0155437047899891,0.0155436983373738,0.0155436774231035,0.0153904863304191,0.0153441776315976,0.0144157150047344,0.0143355183427743,0.0137826151212583,0.012898624029888,0.0112727028659655,0.0110300948687128,0.0102712505587499,0.00923468789271264,0.00827025475801691,0.00762546060032654,0.00750211108730917,0.00531376180037002,0.0052688341854809,0.00500764062475413,0.00481236794861211,0.00410383912128845,0.00382228320269907,0.00373370363798479,0.0034436474321839,0.00343425289957264,0.00343425172952846],"convergence":0,"press_dep":false,"press_rng":[1013.25,1013.25]}}
