{"fa_HJ2B_CCD2_U_band_5":{"type":"annular","coefficients":{"c1":1,"c2":0.2108834389769,"c3":-3.07669809520997,"c4":0.76892918106949,"c5":-0.716695195116105,"c6":-0.177049166694538},"mare":0.00189583152833006,"rmse":0.00119671978827573,"mare_seq":[0.0111982859135731,0.0101706316089599,0.00947928501648056,0.00947925849902874,0.00947877808336061,0.00947552096101099,0.00929082584185335,0.00793491235216458,0.0077688575413094,0.00745845860863273,0.00696300727079328,0.00639058002636873,0.00526930733465988,0.00462234638670026,0.00412785561029325,0.00383810802343283,0.00361529223654144,0.00340929023797476,0.00312132230509408,0.00300996173976636,0.00293862357945004,0.0028484539298937,0.00232545209635384,0.00200408363121284,0.00195657340041602,0.00193192217963633,0.00193057534363615,0.00190264658292662,0.00189763469989605,0.00189701936948331,0.00189583152833006],"convergence":0,"press_dep":false,"press_rng":[1013.25,1013.25]}}
