{"fa_HJ2B_CCD2_C_band_3":{"type":"annular","coefficients":{"c1":1,"c2":0.207547166428285,"c3":-5.13184860950271,"c4":0.755687310878977,"c5":-0.779281664476259,"c6":-0.165273984392418},"mare":0.00316818509336449,"rmse":0.0020990269030348,"mare_seq":[0.0620810046958296,0.0139229686647102,0.0139229584153734,0.0139229470299205,0.0139229413711373,0.0137483946410909,0.0129082169303899,0.0118526239078149,0.0112438974871097,0.0111800598739604,0.0104949721885742,0.00896315379552061,0.00879468462275977,0.00818055861105306,0.00766392712305373,0.00765021793294483,0.00677511474617761,0.00639043229365493,0.00622290863944837,0.00540273112934338,0.00358332114270447,0.00344803224604452,0.00340719825458255,0.00325833522490134,0.00323493299404144,0.00320968782927617,0.0031738975891121,0.00316943415840423,0.00316920834142316,0.00316840280128494,0.00316818509336449],"convergence":0,"press_dep":false,"press_rng":[1013.25,1013.25]}}
