{"fa_HJ2B_CCD4_U_band_5":{"type":"annular","coefficients":{"c1":1,"c2":0.606139811420336,"c3":-0.715280499949138,"c4":0.538176417286793,"c5":-3.06122430227815,"c6":-0.176785500918812},"mare":0.0019038947851407,"rmse":0.00119647379727387,"mare_seq":[0.00961212549557738,0.00947037817297899,0.00947036060884136,0.0094703578817621,0.00947032027793568,0.00947026887587344,0.00920014644621063,0.00911080137191532,0.0081721652676708,0.00775856421476972,0.00678899953931673,0.00623857805933298,0.00575621545309118,0.00516737382564389,0.0047583645452127,0.00451242193328474,0.00358881010215322,0.00344151899054467,0.0026912867700456,0.00232768206471851,0.00197178865427343,0.00196116996124369,0.00190552475531271,0.00190468112878877,0.00190432665611525,0.00190407882429295,0.00190393268575672,0.00190391116505239,0.00190389920510481,0.00190389602039842,0.0019038947851407],"convergence":0,"press_dep":false,"press_rng":[1013.25,1013.25]}}
