{"fa_HJ2B_CCD3_U_band_5":{"type":"annular","coefficients":{"c1":1,"c2":0.605310402553592,"c3":-0.71140167523666,"c4":0.542762431868889,"c5":-3.0430653298239,"c6":-0.175984607063461},"mare":0.00188362645237444,"rmse":0.00117631117215595,"mare_seq":[0.051451074166063,0.00950874432721178,0.00950872169681019,0.00950871696066307,0.0095086947936692,0.00950863307183239,0.00950862635944609,0.00950861955770353,0.00878765884000532,0.007298350283641,0.00671522232186144,0.00488214439026173,0.00468768177796784,0.00442542639680347,0.00440474572754837,0.00403444368353566,0.00366738043698359,0.00353086812226559,0.00347163583071318,0.00268513782345731,0.00228836760440979,0.00220361067221521,0.00216959010038495,0.00215108391412875,0.00207295117855672,0.00203153519390478,0.00188607986649664,0.00188568810479252,0.00188402553946958,0.00188402302597408,0.00188362645237444],"convergence":0,"press_dep":false,"press_rng":[1013.25,1013.25]}}
