{"fa_HJ2A_CCD4_C_band_4":{"type":"annular","coefficients":{"c1":1,"c2":0.218084085254078,"c3":-5.30663394538827,"c4":0.753123174612187,"c5":-0.78083799182231,"c6":-0.166800398186515},"mare":0.00311284263562627,"rmse":0.00210326683906006,"mare_seq":[0.0210293019849766,0.0142413417020499,0.0142412860637556,0.0142407980122282,0.0142407068143193,0.0142406994758019,0.0142406844098657,0.0142406812719001,0.0141894625777737,0.0127767010167141,0.0117417292625525,0.0107063864089693,0.0100873443140335,0.00941296396235681,0.00939146967814393,0.00895133764727572,0.00841055454711783,0.00811869658821462,0.00802520153530126,0.0080045579915904,0.00790689110104627,0.00767882243384356,0.00735832011386455,0.00339605108526915,0.00320708406972898,0.00315839453988142,0.00311435632677029,0.00311369946653223,0.003113291140779,0.00311303935383121,0.00311284263562627],"convergence":0,"press_dep":false,"press_rng":[1013.25,1013.25]}}
