{"fa_HJ2A_CCD2_U_band_5":{"type":"annular","coefficients":{"c1":1,"c2":0.215999303717772,"c3":-3.01795655273797,"c4":0.770292150978818,"c5":-0.709343075675122,"c6":-0.1758265988584},"mare":0.00190187370994132,"rmse":0.00118708119962003,"mare_seq":[0.00946790407261027,0.00946777216359173,0.00946777169730835,0.00946774994352396,0.00946774851896863,0.00945766231618929,0.00933644963817173,0.00650232785974451,0.00587544370014141,0.00579960304543417,0.00524169928891537,0.00483658060676789,0.00466511897575576,0.00423211759520745,0.00394071159240152,0.00259157383263479,0.00252148390026597,0.00235872448114931,0.00234891446140589,0.00221228984735948,0.00215354353647061,0.00198138507186837,0.00192366140133751,0.00192289031916872,0.00192007941258546,0.00191531656289009,0.00191105849138305,0.0019034272871431,0.00190338280763329,0.00190207737219199,0.00190187370994132],"convergence":0,"press_dep":false,"press_rng":[1013.25,1013.25]}}
