{"fa_HJ2A_CCD4_C_band_2":{"type":"annular","coefficients":{"c1":1,"c2":0.207643628053387,"c3":-4.87508869046905,"c4":0.761976589521711,"c5":-0.777403780058663,"c6":-0.164138857769825},"mare":0.00319125931564845,"rmse":0.00205460115915781,"mare_seq":[0.0136635543161805,0.013661530593613,0.0136615021628829,0.0136614827444384,0.0135569550938342,0.0134008230691551,0.0111307662718113,0.01031439300484,0.0097798090866042,0.00910765557171432,0.00906427225751984,0.00888967533759803,0.00849045731871072,0.00818528632483207,0.00759316580892695,0.00734053921446719,0.00728260346801023,0.00697801756611854,0.00685338933507489,0.00644721248942165,0.0039514802829912,0.00376543722130505,0.00367253671048269,0.00334256814079553,0.00330344451085682,0.0031967348593015,0.00319521440433667,0.00319199666906962,0.00319180236441287,0.00319129897244294,0.00319125931564845],"convergence":0,"press_dep":false,"press_rng":[1013.25,1013.25]}}
