{"fa_HJ2B_CCD3_C_band_5":{"type":"annular","coefficients":{"c1":1,"c2":0.19508927076806,"c3":-0.165792382470902,"c4":0.74100596186061,"c5":-0.780731137201697,"c6":-5.23235386769698},"mare":0.00315720896662229,"rmse":0.00210741852299062,"mare_seq":[0.0142364875425206,0.0140706323151604,0.0140706163908748,0.014070368918981,0.014070286147055,0.0140702817159559,0.0140702798861212,0.0140698281818977,0.0137795845677272,0.0115422831498677,0.0109239671610859,0.0100750551677462,0.0100426888345849,0.00978260193330283,0.00950756294509181,0.00901169267085431,0.00867106244280508,0.00809819836024449,0.00447866425989022,0.00417957781963593,0.00395396911095084,0.00367063758769022,0.00358437896390401,0.00331403965021232,0.00329541323849761,0.00316858306695618,0.00316470919159638,0.00315735469147587,0.00315735321050229,0.00315729142810625,0.00315720896662229],"convergence":0,"press_dep":false,"press_rng":[1013.25,1013.25]}}
