{"fa_HJ2A_CCD2_C_band_3":{"type":"annular","coefficients":{"c1":1,"c2":0.193173325915616,"c3":-0.165054595503063,"c4":0.257270624727203,"c5":-5.13154675780223,"c6":-0.777939334501315},"mare":0.00318167111405191,"rmse":0.00211280593805743,"mare_seq":[0.0620576932183552,0.0139274960062405,0.0139274233362912,0.0129376148109623,0.0124785367020566,0.0121966503186835,0.00992548314776759,0.00957605801855186,0.00937433407492541,0.00835358172411849,0.00756703269183755,0.00538811306154648,0.00511800430603767,0.00419077508284978,0.00386009916256703,0.00383910800023618,0.00379353191370515,0.00376355369458587,0.00369300618393216,0.00348920234792807,0.0034781129161475,0.00325686231718272,0.00321786122837096,0.00318843156689823,0.00318315278894664,0.0031829676575661,0.00318291462142709,0.00318290491610656,0.00318218575191294,0.00318210920256398,0.00318167111405191],"convergence":0,"press_dep":false,"press_rng":[1013.25,1013.25]}}
