{"fa_HJ2B_CCD3_C_band_3":{"type":"annular","coefficients":{"c1":1,"c2":0.192796819471079,"c3":-0.164742472461773,"c4":0.257178616851312,"c5":-5.1272539675876,"c6":-0.778158958358088},"mare":0.00316988715582404,"rmse":0.00209993433651496,"mare_seq":[0.0150983043428466,0.01393284050961,0.0139327690513035,0.0139327651943764,0.0139327623131603,0.013932760395267,0.0132320102557879,0.0131089963587244,0.0129768899895309,0.0109099093312129,0.00882000971635785,0.0087308399085097,0.0079525429761936,0.00627536803711828,0.00612865178704598,0.00592759899487002,0.00542851209189794,0.00397627331716167,0.00344204673375824,0.0034176633383404,0.00339905539573459,0.00327932945523248,0.00319567721455003,0.00317306982893288,0.00317146112123888,0.00317127032546724,0.00317088924129277,0.00317013288136932,0.00317011822281812,0.00317005737881439,0.00316988715582404],"convergence":0,"press_dep":false,"press_rng":[1013.25,1013.25]}}
