{"fa_HJ2A_CCD4_U_band_1":{"type":"annular","coefficients":{"c1":1,"c2":0.173110637888027,"c3":-0.174897768864628,"c4":0.724402505969677,"c5":-0.721086549206897,"c6":-3.04310768566765},"mare":0.0018952702670044,"rmse":0.00120754654175778,"mare_seq":[0.0184482755531111,0.0139641657907999,0.0108029803416737,0.00952290294447753,0.00952278350291031,0.00952275868082969,0.00952274940538935,0.0095222526159063,0.00949169027555149,0.00848221294983219,0.00612871341731309,0.0058972726476758,0.00555638389027177,0.00480151829480471,0.00464575926651178,0.00444479433411811,0.00391879798571995,0.00391049002248922,0.00368148871326515,0.00217019686673735,0.00214950451209631,0.00196906269430301,0.0019459482607693,0.00194590391647623,0.00193938781566511,0.00190472655815911,0.00190254125692542,0.00190107454196952,0.00189591935217566,0.0018953323696081,0.0018952702670044],"convergence":0,"press_dep":false,"press_rng":[1013.25,1013.25]}}
