{"fa_HJ2A_CCD3_M_band_3":{"type":"annular","coefficients":{"c1":1,"c2":0.320591802415573,"c3":-6.20321637936652,"c4":0.208333985329841,"c5":-0.165388227607706,"c6":-0.878682821546889},"mare":0.00320920770785012,"rmse":0.00253579634949923,"mare_seq":[0.0311302688236127,0.0183250197162851,0.0148743350726827,0.0147266433654975,0.0147243302685813,0.0147241558328638,0.0147241410845702,0.0147241189256572,0.0147241084330826,0.0147241077011547,0.0147241051622133,0.014724098540896,0.0147240959313944,0.0147240954749299,0.0147240950075824,0.0145248645503238,0.0144515731243867,0.0126906665901996,0.0102596409841436,0.00954141808539972,0.00921287906772458,0.0071766088573402,0.00660155688053223,0.00499151133711306,0.00451171762401589,0.00374768920190345,0.00344795410152743,0.00321078511958499,0.00320996446816856,0.00320969979400555,0.00320920770785012],"convergence":0,"press_dep":false,"press_rng":[1013.25,1013.25]}}
