{"fa_HJ2B_CCD3_M_band_1":{"type":"annular","coefficients":{"c1":1,"c2":0.146112599667604,"c3":-0.166800402238146,"c4":0.628326358867652,"c5":-0.881698636644,"c6":-7.08630613498077},"mare":0.0034455207860167,"rmse":0.00279137797066533,"mare_seq":[0.0220714170243959,0.0174448028366004,0.0172324523854807,0.0155748126393638,0.0155604978463372,0.015560023453064,0.0155600074165466,0.0155599898089642,0.0155599760554746,0.0155599645460073,0.0155599541026854,0.0155599461219985,0.0155599422132335,0.0155599411416965,0.0155599404924374,0.0151289752625446,0.0139852333287567,0.0129471498797487,0.0128648519190482,0.0123485526530455,0.0120701145150623,0.0111288843648586,0.00871441323973437,0.00850307022493249,0.00603229946124927,0.0038260775786653,0.00365092239348344,0.00364801348980789,0.0034489185834808,0.00344578045393813,0.0034455207860167],"convergence":0,"press_dep":false,"press_rng":[1013.25,1013.25]}}
