{"fa_HJ2B_CCD1_C_band_1":{"type":"annular","coefficients":{"c1":1,"c2":0.210046821098524,"c3":-4.75254455599112,"c4":0.233472200650807,"c5":-0.16303813433548,"c6":-0.777506356048217},"mare":0.00322468181069846,"rmse":0.00207206689134081,"mare_seq":[0.060507867656143,0.0134708078613505,0.0134707858884816,0.013470776112115,0.0134707649126738,0.013470762649963,0.0134707591900607,0.0127581117770424,0.011626293862309,0.00949631298767314,0.00942962490917749,0.00921978435056446,0.00878321570075467,0.00793528685181216,0.00770360049138464,0.00707060119300282,0.00612544907393418,0.00503192531921059,0.00451696179728464,0.0043825294637426,0.00383826452473554,0.00364642694769457,0.00343532416308467,0.00336636651899698,0.00323006854885506,0.00322961032620137,0.00322842785233578,0.00322749576566543,0.00322470610665911,0.00322469235519338,0.00322468181069846],"convergence":0,"press_dep":false,"press_rng":[1013.25,1013.25]}}
