{"fa_HJ2B_CCD2_C_band_4":{"type":"annular","coefficients":{"c1":1,"c2":0.21942083759637,"c3":-5.2962172770704,"c4":0.246963914079216,"c5":-0.167116970305071,"c6":-0.780047391913836},"mare":0.00311656657554079,"rmse":0.002111290926574,"mare_seq":[0.0142555756917766,0.0142504126610033,0.014250279357674,0.0142502520229658,0.0142502081538892,0.0142502039088375,0.0142502032270043,0.0142501976122256,0.0142501931293111,0.014250190143538,0.0141629991219515,0.0141308925266117,0.0131482969283778,0.0105472996115789,0.0104011459784525,0.00963799411260386,0.00887998538876828,0.00792318936485587,0.00519813434646599,0.00493032834403416,0.00368881883530779,0.00363366700756821,0.00356429652441302,0.00335406066682704,0.00315853358247497,0.00312397635790778,0.00312033022388481,0.00311662821812716,0.00311661790305349,0.00311659827545218,0.00311656657554079],"convergence":0,"press_dep":false,"press_rng":[1013.25,1013.25]}}
