{"fa_HJ2B_CCD3_C_band_4":{"type":"annular","coefficients":{"c1":1,"c2":0.219594214802208,"c3":-5.30019147910393,"c4":0.752111036970709,"c5":-0.781411999335002,"c6":-0.16738495828533},"mare":0.00313268654185604,"rmse":0.00212175856152107,"mare_seq":[0.0624656083039111,0.0142726666032793,0.0142443163799777,0.0142433860705805,0.0142432964286488,0.0142432935017979,0.0142432817150829,0.014243280261671,0.0142432731867072,0.013429511199484,0.0131522429322862,0.012857230021208,0.0119022129211989,0.0110149467506951,0.0101897846587129,0.00977218313327833,0.00942995331578468,0.00814759009892839,0.007805479140259,0.00715626403953222,0.00644680509687756,0.005138948219098,0.00512803632686236,0.00480242646225143,0.00365793836466871,0.00328713378592216,0.00315108226996833,0.00313314624144917,0.00313297103090079,0.00313290998784858,0.00313268654185604],"convergence":0,"press_dep":false,"press_rng":[1013.25,1013.25]}}
