{"fa_HJ2A_CCD1_U_band_3":{"type":"annular","coefficients":{"c1":1,"c2":0.216017577101983,"c3":-3.03586150015152,"c4":0.22909466393413,"c5":-0.175607840051013,"c6":-0.714930094474492},"mare":0.00188287514710131,"rmse":0.00118539813749211,"mare_seq":[0.010137467427493,0.00946779058359304,0.00946742593088425,0.00946741554647108,0.00946740432184969,0.00946731532785503,0.00946688141936574,0.00946564491681537,0.0085133739295445,0.0085039021871614,0.00763467331143598,0.00627827451621919,0.00613793905703311,0.00580830204422861,0.00549087036419837,0.00529598611650073,0.00495978021928094,0.00461223868642854,0.00454692488742125,0.0043157748547179,0.003100235228212,0.00217618192781886,0.00198948314728297,0.00195648441976978,0.00192103496195279,0.00188298286581013,0.00188297127994697,0.00188291510743378,0.0018828873545634,0.00188288427434235,0.00188287514710131],"convergence":0,"press_dep":false,"press_rng":[1013.25,1013.25]}}
