{"fa_HJ2B_CCD4_U_band_3":{"type":"annular","coefficients":{"c1":1,"c2":0.178337036229333,"c3":-0.175032734999338,"c4":0.733912881529727,"c5":-0.710637633724825,"c6":-3.01330062848579},"mare":0.00188012612324808,"rmse":0.0011789447444786,"mare_seq":[0.00952027010034674,0.00948088013087518,0.00948080884265822,0.00948080457451895,0.00948079042418294,0.00948078541591094,0.00948029959028102,0.00665540101718712,0.00640438155834862,0.00609909714643653,0.00574215257423251,0.00537507167245108,0.00495512674654671,0.00428626883287108,0.00411218304376467,0.0040567527488149,0.00373756208473677,0.00370846483524016,0.00355312427859546,0.00255598546119131,0.00220795657144324,0.00211509885548789,0.00208985125829369,0.00203865063129865,0.00191246759970343,0.00190092358102055,0.00188161344544747,0.00188048058657417,0.00188017664262971,0.00188015375460119,0.00188012612324808],"convergence":0,"press_dep":false,"press_rng":[1013.25,1013.25]}}
