{"fa_HJ2A_CCD3_C_band_3":{"type":"annular","coefficients":{"c1":1,"c2":0.598728880961223,"c3":-0.778695072715433,"c4":0.517155666226715,"c5":-5.13758898173127,"c6":-0.165373455337472},"mare":0.00317827751693517,"rmse":0.00211225271946633,"mare_seq":[0.01392746052864,0.0139274468948657,0.013927430163834,0.0139274296632188,0.0139274286853354,0.0139274206853757,0.0139269087677278,0.0107179025954931,0.0100375716570782,0.00891628934612193,0.00883195809804469,0.00875244720983687,0.00836831518035893,0.00808128896893323,0.0069947135618675,0.00436769264632008,0.00423500105429693,0.00418288130311674,0.00356199848042294,0.00322172061012419,0.00320860026802919,0.00320731733557013,0.00317994148759638,0.00317980737237429,0.00317978225665741,0.00317975046007992,0.00317853547554035,0.00317848003892438,0.00317840610450486,0.00317838354197524,0.00317827751693517],"convergence":0,"press_dep":false,"press_rng":[1013.25,1013.25]}}
