{"fa_HJ2A_CCD4_M_band_2":{"type":"annular","coefficients":{"c1":1,"c2":0.319874749751029,"c3":-6.56195489775487,"c4":0.789633322663736,"c5":-0.876688468274075,"c6":-0.165258709242433},"mare":0.00334098170623286,"rmse":0.00264029869619735,"mare_seq":[0.0165765413634667,0.0152828577024322,0.0152149123003071,0.0152144172494747,0.0152137195611121,0.015213681931601,0.0152136741974836,0.0152136695708064,0.0152136658189332,0.0152136634805693,0.0152136632586525,0.015213659211196,0.0152136577507674,0.0131592997387079,0.0125634102220843,0.01042632078218,0.00876766031172315,0.00872712350871626,0.00869300661735003,0.00854879208406361,0.00800102898784732,0.00766064554016919,0.00530532134495693,0.00436018554279565,0.00382064777746912,0.00355532417740299,0.0033788688880312,0.0033445367989432,0.00334155318385983,0.00334101226855745,0.00334098170623286],"convergence":0,"press_dep":false,"press_rng":[1013.25,1013.25]}}
