{"fa_HJ2B_CCD3_M_band_3":{"type":"annular","coefficients":{"c1":1,"c2":0.140672383550005,"c3":-0.164432476770727,"c4":0.37413583711299,"c5":-6.19316522880795,"c6":-0.875665158276507},"mare":0.00321312165404343,"rmse":0.00254656890094272,"mare_seq":[0.0147458577478462,0.014745449347816,0.0147454074886689,0.0147454027823096,0.0147453895105607,0.0147453801319523,0.012192595912965,0.0111615797626529,0.0109467907409199,0.0108910226110753,0.00931301179373755,0.00928666325277668,0.00880534012545788,0.00851705938929311,0.00802292023457327,0.00672474007676194,0.00459865685102247,0.00354293203458584,0.00324191648990138,0.00324068102556903,0.00322296522198134,0.00322122633344267,0.00321875440316536,0.00321649294763174,0.00321353847670308,0.00321339028101514,0.0032133569749872,0.00321316573701375,0.00321315487104586,0.00321313421577691,0.00321312165404343],"convergence":0,"press_dep":false,"press_rng":[1013.25,1013.25]}}
