{"fa_HJ2A_CCD2_M_band_4":{"type":"annular","coefficients":{"c1":1,"c2":0.540022641334308,"c3":-0.873753086866484,"c4":0.293854799555891,"c5":-0.163625361164705,"c6":-5.62007066064945},"mare":0.00304420415763602,"rmse":0.00237040285349173,"mare_seq":[0.0140572406587771,0.0140571271849497,0.0140569480919664,0.0140569362794199,0.0140569317177501,0.0140569161544694,0.0129152484162766,0.0115277473963582,0.0115015168294792,0.011017907015609,0.0107850183147299,0.00989277614742727,0.0095231856359336,0.00947871091585591,0.00898729446970505,0.00893251864201715,0.00836906531568175,0.00689497973218497,0.00607237646904396,0.0055088057916099,0.00438513844528562,0.0037201609457802,0.00308758964372363,0.00307224348188097,0.0030695942116406,0.00304727774137117,0.00304525285513754,0.00304454780011893,0.00304440795434892,0.00304431361501769,0.00304420415763602],"convergence":0,"press_dep":false,"press_rng":[1013.25,1013.25]}}
