{"fa_HJ2A_CCD2_C_band_4":{"type":"annular","coefficients":{"c1":1,"c2":0.588361772476103,"c3":-0.782621598732557,"c4":0.528642485590454,"c5":-5.3142347011052,"c6":-0.167378508271328},"mare":0.00314126126218797,"rmse":0.00212147160779066,"mare_seq":[0.0156789826483868,0.0142949129232265,0.0142351535691879,0.0142351346000977,0.014235067138043,0.0142350586554541,0.0142350454872281,0.0140882653124083,0.0129101778534554,0.0121722573750987,0.00999158086963098,0.00901011980928848,0.00839298151493004,0.00805923857429408,0.00764065990794011,0.00655919467566713,0.00564456845525468,0.00538340197305841,0.0051843920448252,0.00458194187359341,0.00319525914613914,0.00315876501213494,0.0031516166111153,0.00314581167788247,0.00314359259456644,0.00314185866297956,0.00314184978029862,0.0031417261998657,0.00314142469475463,0.00314142373805146,0.00314126126218797],"convergence":0,"press_dep":false,"press_rng":[1013.25,1013.25]}}
