{"fa_HJ2A_CCD2_M_band_5":{"type":"annular","coefficients":{"c1":1,"c2":0.319899701824614,"c3":-6.04639261660355,"c4":0.794714263287966,"c5":-0.879251375511034,"c6":-0.164637289612528},"mare":0.00314642195734092,"rmse":0.00249626738404531,"mare_seq":[0.0564733092173431,0.0178955300898324,0.0147606929488576,0.014480315391931,0.014479884778546,0.0144798521505844,0.0144798512021011,0.014479823540341,0.0144797951079926,0.0144797759427488,0.0144797719749051,0.0144797711791504,0.0144797623308111,0.0141023490357527,0.0126730932160493,0.0125713556237366,0.010903142199217,0.00850514630310831,0.00818580065519366,0.007844048754542,0.00781102263861783,0.00616493916896597,0.00541645032411468,0.00494406842490936,0.0032869061290952,0.00327439133473987,0.00315151542420824,0.00314750897025646,0.00314750406275001,0.00314739890541419,0.00314642195734092],"convergence":0,"press_dep":false,"press_rng":[1013.25,1013.25]}}
