{"fa_HJ2A_CCD1_C_band_2":{"type":"annular","coefficients":{"c1":1,"c2":0.188318589177745,"c3":-0.163735782301203,"c4":0.255928701923296,"c5":-4.88365005413585,"c6":-0.776874344740648},"mare":0.00319405747500492,"rmse":0.00205987118078698,"mare_seq":[0.0136813031780587,0.0136812542616253,0.013681250709598,0.0136811102942646,0.0136811084211681,0.0136683464022868,0.0136269486719624,0.0132172043019434,0.0129515084941059,0.00970104658995488,0.00941366828047447,0.00910665964359859,0.00844684090104261,0.00750197173618496,0.0072872712949739,0.00599718919667093,0.00481901919283652,0.00426773911495915,0.00404715008797458,0.00357856717337848,0.00339494579508768,0.0033220975601518,0.0032094449360945,0.00320656569462967,0.00319504859536056,0.00319488524276276,0.00319471031678899,0.00319452817832157,0.00319412621345472,0.0031940727499813,0.00319405747500492],"convergence":0,"press_dep":false,"press_rng":[1013.25,1013.25]}}
