{"fa_HJ2B_CCD3_M_band_5":{"type":"annular","coefficients":{"c1":1,"c2":0.54013490945989,"c3":-0.878567874773948,"c4":0.696423030005091,"c5":-6.04568899996457,"c6":-0.164896515429579},"mare":0.00313912916328495,"rmse":0.00248981018857776,"mare_seq":[0.0156879562156395,0.0144871578345992,0.014481773922742,0.0144817280096212,0.0144815715191145,0.0144815372979284,0.0144814264394706,0.0144814175660734,0.0144813747492032,0.0144813658183429,0.0144813611426302,0.0144813591713521,0.014481359012215,0.0144813586296183,0.0143320062409991,0.0133611352694186,0.0107512112645141,0.00898974726718818,0.00870756952796248,0.0086831008599108,0.00847620925018603,0.0060243407872469,0.00439502067016902,0.00314338497936134,0.00314122726595365,0.00314104169021947,0.00314012415341122,0.00313994950567466,0.00313936175887698,0.00313917575108118,0.00313912916328495],"convergence":0,"press_dep":false,"press_rng":[1013.25,1013.25]}}
