{"fa_HJ2A_CCD4_C_band_3":{"type":"annular","coefficients":{"c1":1,"c2":0.209233330664351,"c3":-5.0848933974835,"c4":0.756664547201385,"c5":-0.775366409676092,"c6":-0.164519613865557},"mare":0.00318283713594409,"rmse":0.0021075761805084,"mare_seq":[0.013921585373224,0.0139214194928264,0.0139213231212109,0.0139213104973315,0.0139213098487764,0.0139112962192756,0.0138041396806673,0.0129996635849365,0.0125328878331217,0.0111303650346646,0.0108143451404699,0.0107030690664673,0.00922357440921912,0.00859662068009329,0.00827202647450749,0.00816838019887174,0.00810289773785135,0.00718765833688099,0.0067012823550096,0.00652298334658675,0.00547543534415433,0.00385581532989429,0.00376783878318634,0.00342665029970875,0.00339244300103391,0.00325706855985373,0.0031861041501998,0.00318351965506731,0.00318330591078125,0.00318330352486764,0.00318283713594409],"convergence":0,"press_dep":false,"press_rng":[1013.25,1013.25]}}
