{"fa_HJ2A_CCD3_C_band_2":{"type":"annular","coefficients":{"c1":1,"c2":0.188329416555434,"c3":-0.163596631926015,"c4":0.744391068972432,"c5":-0.777076320599706,"c6":-4.87747220964699},"mare":0.00318038242172963,"rmse":0.00204742936362181,"mare_seq":[0.0136708563273246,0.0136707495430955,0.0136706233671457,0.0136705100439819,0.0136705044335325,0.0136705024694966,0.0136704305151808,0.0123259657548929,0.0117075500255112,0.00912518747331718,0.00901486615942584,0.00890261146068618,0.00809510287251381,0.00773926349602242,0.00733829165894132,0.00700786508451472,0.00683070258673641,0.00658657009682881,0.00421111079930517,0.00418147251891224,0.00413138023850829,0.00379499333665676,0.00337837113717815,0.00328919765504659,0.00318370535978409,0.00318117037994278,0.00318076670880992,0.00318048323415044,0.00318047181579441,0.00318043863757683,0.00318038242172963],"convergence":0,"press_dep":false,"press_rng":[1013.25,1013.25]}}
