{"fa_HJ2A_CCD2_M_band_2":{"type":"annular","coefficients":{"c1":1,"c2":0.32055568557761,"c3":-6.54047851508176,"c4":0.210488552826465,"c5":-0.165374614078156,"c6":-0.875043981179864},"mare":0.00334559730760964,"rmse":0.0026485937627419,"mare_seq":[0.0163740973565131,0.0154962643438781,0.0151927584408945,0.0151927537075757,0.0151927338608279,0.0151927212556575,0.0151927167001112,0.0151927158891433,0.0151925098470424,0.0151924989996645,0.0151924953677746,0.0151924657873947,0.0151924651396113,0.0151764447654604,0.0148173630847878,0.0137291191910959,0.0124912460037327,0.0123819896992502,0.00991600886440478,0.00905255496068329,0.00796199247107149,0.00347584028821338,0.00344978258305374,0.0034483376569265,0.00336644891975879,0.003359733823233,0.00334904138478995,0.00334609290837865,0.00334588536451444,0.00334568920960461,0.00334559730760964],"convergence":0,"press_dep":false,"press_rng":[1013.25,1013.25]}}
