{"fa_HJ2A_CCD3_C_band_1":{"type":"annular","coefficients":{"c1":1,"c2":0.184570240062308,"c3":-0.163092445150682,"c4":0.742831085590326,"c5":-0.777738921121749,"c6":-4.75660221793209},"mare":0.00321918143025736,"rmse":0.0020650422017362,"mare_seq":[0.0140289754186113,0.0138373067310212,0.0134799630936865,0.0134799125685734,0.0134797082529192,0.013479705324399,0.0134796977961051,0.0134796907293837,0.0129990839136141,0.0123615293601348,0.0116591961266415,0.0104721307975587,0.0104624380584167,0.0103494613518416,0.0100372153759863,0.00953042595760869,0.00787016745508004,0.00533129690542138,0.00474652806937866,0.00457450066459959,0.00426562561424025,0.00371601639157362,0.00370651891255213,0.00347389424397955,0.00344977173140279,0.00336729215907189,0.00322002148317572,0.00321996873628412,0.0032194269716434,0.00321935218811335,0.00321918143025736],"convergence":0,"press_dep":false,"press_rng":[1013.25,1013.25]}}
