{"fa_HJ2B_CCD4_C_band_1":{"type":"annular","coefficients":{"c1":1,"c2":0.185367290768834,"c3":-0.163566146425427,"c4":0.256328876246304,"c5":-4.77454260294818,"c6":-0.778894764483612},"mare":0.00320853568510015,"rmse":0.00205697610103384,"mare_seq":[0.0141665285919155,0.0134874541096656,0.0134874413108158,0.0134874408918399,0.0134874367919641,0.0134869264709841,0.013168625817281,0.012148119687831,0.0117037090761898,0.0109219647393699,0.00987639225596162,0.00926621746359184,0.00882983042506437,0.00652912181928818,0.00572865134183111,0.00534374816192891,0.00504806377100216,0.00388646143531532,0.00379430118302239,0.00352275267417174,0.00323784271387239,0.00322363889014273,0.00321542970933005,0.00320911588669334,0.0032090088598618,0.00320879244511551,0.00320874108569924,0.00320873565853412,0.00320870911296879,0.00320866951275642,0.00320853568510015],"convergence":0,"press_dep":false,"press_rng":[1013.25,1013.25]}}
