{"fa_HJ2A_CCD2_M_band_3":{"type":"annular","coefficients":{"c1":1,"c2":0.316662250402975,"c3":-6.26857651543629,"c4":0.208927826675321,"c5":-0.166050426309848,"c6":-0.885842995459733},"mare":0.00321515532376386,"rmse":0.00252018969743154,"mare_seq":[0.0147366231023225,0.0147354151242158,0.0147348996607355,0.014734041292727,0.0147338831594073,0.0147337538309994,0.0147337417172118,0.0147337288387163,0.0147336750187956,0.0147336597932105,0.0147336559543083,0.0147336540862892,0.0121647598322324,0.0114823985642136,0.0113635507413931,0.0110632855493206,0.010217208205572,0.0099332361515866,0.00899523285040331,0.00825831014180531,0.00462309812482688,0.00368616214044358,0.00362746741161908,0.00358963066918695,0.00356431613852623,0.00348721100282861,0.00331323119870502,0.00331085898626973,0.0032564102804531,0.0032561616802643,0.00321515532376386],"convergence":0,"press_dep":false,"press_rng":[1013.25,1013.25]}}
