{"fa_HJ2B_CCD4_U_band_4":{"type":"annular","coefficients":{"c1":1,"c2":0.60718266456697,"c3":-0.717187091745681,"c4":0.469500023628373,"c5":-0.17945867054635,"c6":-3.13996638741682},"mare":0.00191787454690672,"rmse":0.00122230871611052,"mare_seq":[0.00950243089457666,0.00950236625457127,0.00950235077181223,0.00950234662011228,0.00948568254749071,0.00939583338992169,0.00918555935455194,0.0079846269144468,0.00778287101710535,0.00632973187616621,0.00523438860992057,0.00497388875405897,0.00451189346990949,0.00336871127079902,0.00327356173179966,0.00325568558118471,0.00311417102687449,0.0026092512297589,0.0024825141651132,0.00236203281987839,0.00210341597509731,0.00194476487196732,0.00192834361565108,0.00192217776086485,0.00191873337315907,0.00191864668725988,0.00191802956348066,0.00191799211735835,0.00191792658253074,0.00191788301000785,0.00191787454690672],"convergence":0,"press_dep":false,"press_rng":[1013.25,1013.25]}}
