{"fa_HJ2A_CCD2_U_band_2":{"type":"annular","coefficients":{"c1":1,"c2":0.223916158077305,"c3":-3.00926434891437,"c4":0.773987236558258,"c5":-0.715731428231296,"c6":-0.174934324701105},"mare":0.00186340891014881,"rmse":0.00117335215021893,"mare_seq":[0.0139528858085105,0.00948195538618253,0.00948193893514596,0.00948193305694339,0.00948192343347156,0.0094819153125819,0.00948190995846378,0.00948185508032103,0.0092242260869087,0.00913192477263735,0.00880471383879588,0.0081178622732899,0.00765456042548235,0.00595038026993804,0.00546379893353555,0.00529145909238562,0.00303226937123642,0.00284515231982747,0.00275844322943706,0.00237716198070687,0.00227157987209338,0.00218751716714086,0.00195098695725924,0.00194940586379077,0.00188817031382585,0.00187017602732989,0.00186889015993979,0.00186344932054773,0.00186344088562714,0.00186342421658614,0.00186340891014881],"convergence":0,"press_dep":false,"press_rng":[1013.25,1013.25]}}
