{"fa_HJ2B_CCD2_U_band_3":{"type":"annular","coefficients":{"c1":1,"c2":0.217597838791259,"c3":-3.01915704141318,"c4":0.229180980532296,"c5":-0.175654066488917,"c6":-0.712476625283304},"mare":0.00188746776494401,"rmse":0.00118669037473852,"mare_seq":[0.0407884757114954,0.00975551358574943,0.00945380837778989,0.00945380557778773,0.0094537991173398,0.00945379277126851,0.00929936169798585,0.00890140868462068,0.00838791286292443,0.00809232919408656,0.00790830884805566,0.00742232141768717,0.00536003011663597,0.00532230472536387,0.00494601023116492,0.00438496892581405,0.00334788100497908,0.00217533286308427,0.00215418723004455,0.00200127052671133,0.00198899750619948,0.00198500582640308,0.00192004910405992,0.00190561185791472,0.00189711483304328,0.00189101018282685,0.00188807240033564,0.00188771632410645,0.00188763591121298,0.00188748442216689,0.00188746776494401],"convergence":0,"press_dep":false,"press_rng":[1013.25,1013.25]}}
