{"fa_HJ2A_CCD4_M_band_3":{"type":"annular","coefficients":{"c1":1,"c2":0.31993832525249,"c3":-6.23118364592732,"c4":0.208050388122642,"c5":-0.165129726633971,"c6":-0.878240510086608},"mare":0.00321991282263357,"rmse":0.00254734163246268,"mare_seq":[0.0177192287991752,0.0167627494091558,0.0154001592215676,0.0147309425185794,0.0147309131398164,0.014730907482896,0.014730903807758,0.0147308800939477,0.0147308634251749,0.0147308596997936,0.0147308547825765,0.0147308537709361,0.0147189620101046,0.0123704589839887,0.0108992957259398,0.0104884376901127,0.00977556303306855,0.00825025860643622,0.00723955126373515,0.00659714401512106,0.00554126573780604,0.0038515279890926,0.00382188088156818,0.00376037249787055,0.0033824846862449,0.00328842592170175,0.00322738085142548,0.00322716968679096,0.00322263197964592,0.00322107221980972,0.00321991282263357],"convergence":0,"press_dep":false,"press_rng":[1013.25,1013.25]}}
