{"fa_HJ2A_CCD3_U_band_4":{"type":"annular","coefficients":{"c1":1,"c2":0.20523255133666,"c3":-3.16423280027343,"c4":0.76547228866893,"c5":-0.722807503077585,"c6":-0.180692057527799},"mare":0.0019127002619158,"rmse":0.00122643317840632,"mare_seq":[0.00947192214740025,0.00947181130968767,0.00947172499173666,0.00947172370798952,0.00947171936522619,0.00947171853625886,0.00947170195916196,0.00926218769048814,0.00918696078079401,0.0090493742032956,0.00851585158323961,0.00691569972291818,0.00611448734392421,0.00605008772012194,0.00545027380452102,0.00516384681668272,0.00501806157974504,0.00479015698474259,0.00390595020909534,0.00388759671268258,0.00266297957382508,0.0021217985406629,0.00195304874002719,0.00191777048827927,0.0019141278253897,0.00191356369849015,0.00191354544893636,0.00191308866265523,0.00191274636117534,0.0019127251542962,0.0019127002619158],"convergence":0,"press_dep":false,"press_rng":[1013.25,1013.25]}}
