{"fa_HJ2A_CCD3_C_band_4":{"type":"annular","coefficients":{"c1":1,"c2":0.218507622555554,"c3":-5.30994736567291,"c4":0.751981327783743,"c5":-0.781794747325776,"c6":-0.167268864298436},"mare":0.00313486348371268,"rmse":0.00212481645293582,"mare_seq":[0.0287763335015562,0.0142372192395232,0.0142360952534842,0.0142360950618814,0.0142360924695483,0.0142360833023892,0.0142360743156079,0.0142146043935448,0.0138355478372353,0.0126862963793719,0.0119683033454358,0.0117678111281446,0.00961688866932268,0.00917999795047033,0.00900645266663729,0.00841073126811906,0.00802715102675422,0.00714503076495289,0.00476687823052587,0.00402614709590319,0.00325085164315675,0.00322678256453002,0.00321002234001265,0.00316791128808578,0.00313933580378581,0.00313609104313438,0.00313607399365769,0.00313545660394869,0.00313512690935726,0.00313486802340035,0.00313486348371268],"convergence":0,"press_dep":false,"press_rng":[1013.25,1013.25]}}
