{"fa_HJ2A_CCD2_U_band_4":{"type":"annular","coefficients":{"c1":1,"c2":0.207663645776704,"c3":-3.13861070344094,"c4":0.767137843429637,"c5":-0.71891907255024,"c6":-0.179535767006757},"mare":0.0019219626746207,"rmse":0.00122070353803862,"mare_seq":[0.0095074171984194,0.00948864570524245,0.00948864043988459,0.00948863137254649,0.00948862321395348,0.00948862133886404,0.00947887957708327,0.00923939352601015,0.00909700348958483,0.00890224763223628,0.00770491213777876,0.00671690180165798,0.00620117165538202,0.00618330071439629,0.00609152458288001,0.00560755379176443,0.00519779130676696,0.00485906247236903,0.0048092185659467,0.00352922255707434,0.00331590637079388,0.00254310697732346,0.00229444101479204,0.00219398044442774,0.00201727080030892,0.00194592927816045,0.00192405515478019,0.0019227139230069,0.00192200098335305,0.0019219957734643,0.0019219626746207],"convergence":0,"press_dep":false,"press_rng":[1013.25,1013.25]}}
