{"fa_HJ2A_CCD3_M_band_1":{"type":"annular","coefficients":{"c1":1,"c2":0.537009014073507,"c3":-0.884369423548173,"c4":0.317445643928135,"c5":-0.167500350089497,"c6":-7.09441433866313},"mare":0.00343886959786508,"rmse":0.00277675595340347,"mare_seq":[0.019667883771357,0.0172090985721984,0.0155428543841173,0.0155238129170087,0.0155237881578919,0.015523785791493,0.0155237845826898,0.0155237831650703,0.0155236645686782,0.0155236159880773,0.0155236024009427,0.015523593706539,0.0155235895885807,0.015374207354977,0.0128763142639081,0.0118013773012125,0.0117454243255531,0.01109426067812,0.0110243038583405,0.00995044706044803,0.00979145076253174,0.00703136884515332,0.00642191198356793,0.00575501480133522,0.00375227179827702,0.0034411609520752,0.00344071983509126,0.00343957227137098,0.00343954653439728,0.00343913179481287,0.00343886959786508],"convergence":0,"press_dep":false,"press_rng":[1013.25,1013.25]}}
