{"fa_HJ2A_CCD1_U_band_5":{"type":"annular","coefficients":{"c1":1,"c2":0.180559949351684,"c3":-0.175903815575818,"c4":0.262177069290218,"c5":-3.03605011086017,"c6":-0.710897436104435},"mare":0.001895526581001,"rmse":0.00118725505389217,"mare_seq":[0.00948461365791588,0.00948235987153792,0.00948232411708223,0.00948231929303265,0.009482311791269,0.00924599743651982,0.00869083360876837,0.00813220229131468,0.006700919618498,0.00597861413169116,0.00556132901327466,0.00519216701932749,0.00509533210756873,0.00410505009336574,0.00358865215522992,0.0035138060205564,0.0031046040775255,0.0030594851990888,0.00250201093681235,0.00236800198767062,0.00223563948171244,0.00212498469611935,0.0019746805189595,0.00194720680585058,0.00189883908568305,0.00189604440807874,0.00189565206690681,0.00189564055671502,0.00189556024163711,0.00189554567083726,0.001895526581001],"convergence":0,"press_dep":false,"press_rng":[1013.25,1013.25]}}
