{"fa_HJ2B_CCD1_C_band_5":{"type":"annular","coefficients":{"c1":1,"c2":0.193932709691149,"c3":-0.165608450801237,"c4":0.738729620251091,"c5":-0.777752778479735,"c6":-5.18272548346739},"mare":0.00314814141954949,"rmse":0.00210304813372448,"mare_seq":[0.0623898083476882,0.0158736983931576,0.0140501555911577,0.0140499981505044,0.0140498878044085,0.0140498579966058,0.0140498570796202,0.0140498276557119,0.0140498197914759,0.0140498154130009,0.0140498129964962,0.0138382428853141,0.0132867457080892,0.0131301914644246,0.0116513207721411,0.0107054592706038,0.00954493334013453,0.009471683035568,0.00935530384521027,0.00898096336715986,0.00873979935867383,0.00518061614364178,0.00496551207041592,0.00388982160198749,0.00377377241989545,0.00326594946000284,0.0031631888020586,0.00315566948863568,0.00314941402393861,0.00314831546454773,0.00314814141954949],"convergence":0,"press_dep":false,"press_rng":[1013.25,1013.25]}}
