{"fa_HJ2A_CCD1_M_band_2":{"type":"annular","coefficients":{"c1":1,"c2":0.324240269759061,"c3":-6.46769590756186,"c4":0.210153799843873,"c5":-0.164781126512598,"c6":-0.867530303262756},"mare":0.00333262227079916,"rmse":0.00266192243641861,"mare_seq":[0.0174957160549049,0.0169033403324527,0.016634330707685,0.0152398631888288,0.0152209845683511,0.0152025834793291,0.0151845152484283,0.0151841156796498,0.0151841074382311,0.0151840995409556,0.0151839925430786,0.0151839811161498,0.0151839565677562,0.0147859167077287,0.0147049639016143,0.0123504706893906,0.0121456033890114,0.0116113419853662,0.0113720271090621,0.0113310939561275,0.0104720208475982,0.00906400502921212,0.00850493972557617,0.00569049217080607,0.00371097045363197,0.00357891355571764,0.00334131169217697,0.00333818311516175,0.00333754695264079,0.00333371157635141,0.00333262227079916],"convergence":0,"press_dep":false,"press_rng":[1013.25,1013.25]}}
