{"fa_HJ2B_CCD2_C_band_1":{"type":"annular","coefficients":{"c1":1,"c2":0.605597746886894,"c3":-0.7781277906197,"c4":0.531657777796773,"c5":-4.75837809086517,"c6":-0.16352096345339},"mare":0.00320932288098956,"rmse":0.00205919179205547,"mare_seq":[0.0142986076862006,0.0136186443834529,0.0134655215701684,0.0134654979820456,0.0134518649095838,0.0125154797889176,0.0115388349401433,0.0106915068574395,0.00963479301429815,0.0086362241651348,0.00844349178310314,0.00740193225202179,0.0073229463122418,0.00728645312522137,0.0063242433788896,0.00576328121573706,0.0054295647799911,0.00479727533904821,0.00423502892609219,0.00384778318714588,0.00344187210303531,0.0033394969795416,0.00325074026299776,0.00322459644400874,0.00320964714081711,0.00320958305272486,0.00320949316256758,0.00320941642652801,0.00320933772586679,0.00320932421341911,0.00320932288098956],"convergence":0,"press_dep":false,"press_rng":[1013.25,1013.25]}}
