{"fa_HJ2A_CCD3_M_band_5":{"type":"annular","coefficients":{"c1":1,"c2":0.139493181263789,"c3":-0.164837359007996,"c4":0.372567429827307,"c5":-6.0328017463382,"c6":-0.878075633807226},"mare":0.00315179144265265,"rmse":0.00249349465096996,"mare_seq":[0.056411980485776,0.0157852955392231,0.0149165755628714,0.0144804184516665,0.0144804048820604,0.0144803956697786,0.0144803847858113,0.0144803846392731,0.0144803824524487,0.0144803815748613,0.0117472160930147,0.0113364963702756,0.0110154709760638,0.0105414552181816,0.0102712636956183,0.0101707384569458,0.00960054874849212,0.00955609441635061,0.00924037606916522,0.00701078064732919,0.00625303272012606,0.00581198456855786,0.004568292702475,0.00332736365856177,0.00315247169610856,0.00315211561904505,0.00315198755838545,0.00315198727181054,0.00315193490208943,0.0031518396265647,0.00315179144265265],"convergence":0,"press_dep":false,"press_rng":[1013.25,1013.25]}}
