{"fa_HJ2A_CCD1_U_band_4":{"type":"annular","coefficients":{"c1":1,"c2":0.206170530891659,"c3":-3.153665608471,"c4":0.234667558758988,"c5":-0.180499377690571,"c6":-0.721802746885527},"mare":0.00190479555404735,"rmse":0.00121624347653676,"mare_seq":[0.00948108901522818,0.00947917633939686,0.00947917558072989,0.00947675224456343,0.00920305322979647,0.00879861998064301,0.00840053556596336,0.00580408970090904,0.00449111051320974,0.00411668990932555,0.0040658203288244,0.00392011910329933,0.0035983073640967,0.00328875167850421,0.00278113551563514,0.00257883205312199,0.0023211508081741,0.00229908511486106,0.00224849300907802,0.00202300655022306,0.0019335393480339,0.00192935355445432,0.0019259644485301,0.00192376535482414,0.00191373473610439,0.00191072720628245,0.00190757351268441,0.00190517309446618,0.00190484090807717,0.00190481100118875,0.00190479555404735],"convergence":0,"press_dep":false,"press_rng":[1013.25,1013.25]}}
