{"fa_HJ2A_CCD1_M_band_5":{"type":"annular","coefficients":{"c1":1,"c2":0.319467194631568,"c3":-6.05456652664154,"c4":0.205508686455808,"c5":-0.165025771161162,"c6":-0.880771812109523},"mare":0.00315185853059569,"rmse":0.00249266478335748,"mare_seq":[0.0202557252680856,0.0164418263675702,0.0144813431006986,0.014480357006781,0.0144801740311459,0.014480119892688,0.0144800915703543,0.0144800882350949,0.0144800827317399,0.0144800806080926,0.0144800805511567,0.0144800799767507,0.0144800759280615,0.0125070731075468,0.0122548241389081,0.0113902445483823,0.00968372392580911,0.00563213587009347,0.00482642465632357,0.00404530447292891,0.00393700772713992,0.00365150119587641,0.0033995150512823,0.00327844741423919,0.00315917973759813,0.00315301877842334,0.00315300688158796,0.00315290042992167,0.00315271834442958,0.0031518685151802,0.00315185853059569],"convergence":0,"press_dep":false,"press_rng":[1013.25,1013.25]}}
