{"fa_HJ2B_CCD1_U_band_4":{"type":"annular","coefficients":{"c1":1,"c2":0.18477453621459,"c3":-0.179880290200146,"c4":0.745511328789626,"c5":-0.718884214490495,"c6":-3.14490435993481},"mare":0.00190285393628679,"rmse":0.00121857424953301,"mare_seq":[0.00947341002576756,0.00947234183653995,0.00947219568937174,0.00947219568696364,0.00947215881338941,0.00947215638751383,0.00947215009650906,0.00926515021879015,0.00814641590704108,0.00679805040603334,0.00636123100435353,0.00525063929275018,0.00494780497279241,0.00467004861963089,0.00454833613977582,0.00433178009093945,0.00380567641002189,0.00369445146418791,0.00362721858102682,0.00340182531774409,0.00311165105061247,0.00307846759513939,0.00285485656838171,0.00226261132088628,0.00218941675017869,0.00204898267987611,0.00192045272418915,0.0019057101368503,0.00190428497815123,0.00190298768275496,0.00190285393628679],"convergence":0,"press_dep":false,"press_rng":[1013.25,1013.25]}}
