{"fa_HJ2B_CCD1_C_band_4":{"type":"annular","coefficients":{"c1":1,"c2":0.587774429862936,"c3":-0.784704292608292,"c4":0.472080006880161,"c5":-0.167844552390019,"c6":-5.3225465419668},"mare":0.00313835202896529,"rmse":0.00212393905271124,"mare_seq":[0.0142144659150034,0.0142137328999144,0.0142136981733177,0.0142134534311207,0.0138546650974608,0.012024693333244,0.0100437903295609,0.00995774340655159,0.0092347521197694,0.00921610849428894,0.00835356257460103,0.00826088002094575,0.00799415410447248,0.00648982203368864,0.00499530754386724,0.00473379011853103,0.00416863064274542,0.0040351284379166,0.00375635171634302,0.00364368617434869,0.00357974955087282,0.00326954363651587,0.00316197792344784,0.00314535378372153,0.00314029218580699,0.00313901851660102,0.00313871914389879,0.00313850003523695,0.00313843830505598,0.00313839134216619,0.00313835202896529],"convergence":0,"press_dep":false,"press_rng":[1013.25,1013.25]}}
