{"fa_HJ2A_CCD1_U_band_2":{"type":"annular","coefficients":{"c1":1,"c2":0.223767375160014,"c3":-3.0173613861461,"c4":0.774458981118161,"c5":-0.715556159169727,"c6":-0.174494406881876},"mare":0.00188607819027663,"rmse":0.0011851583980049,"mare_seq":[0.0114890276207579,0.0107987853139608,0.00949924667774693,0.00949922726854433,0.0094992126715242,0.00906469829833381,0.00790227163843217,0.00758351117675978,0.00711884212141356,0.00645307631267207,0.00527315511684706,0.00527290716379778,0.00493257190669966,0.00487591065371984,0.00479510140410234,0.00438697291393013,0.00400601593828784,0.00315237755014033,0.00302193471279404,0.00278515154263191,0.00196585590066909,0.00195768687705109,0.00191654080613508,0.00189394022154458,0.0018890090130992,0.0018879086132202,0.00188720098613151,0.00188713117704533,0.00188688382813207,0.00188676250621206,0.00188607819027663],"convergence":0,"press_dep":false,"press_rng":[1013.25,1013.25]}}
