{"fa_HJ2B_CCD1_U_band_5":{"type":"annular","coefficients":{"c1":1,"c2":0.211885781448184,"c3":-3.06654813618497,"c4":0.230833226548006,"c5":-0.176754866257696,"c6":-0.715595502814802},"mare":0.00189802701612995,"rmse":0.00119236268782351,"mare_seq":[0.00948925402937722,0.00948924225378957,0.00948922720722278,0.00948914180281482,0.00944893740704874,0.00932548814397893,0.0091856379626868,0.00819309674244907,0.00746666936335898,0.00652920527390339,0.00588143313340923,0.00537266364316538,0.00477008964823697,0.00474226805091155,0.00450903387962178,0.00432558655609431,0.00419553713712511,0.00380475833555946,0.00380092846288807,0.00374041259827982,0.00371843564512706,0.00320843043215267,0.00253895980516528,0.00193257060779644,0.001900680924184,0.00189916703950088,0.00189913831098578,0.00189905675947963,0.00189804831525741,0.00189802804712267,0.00189802701612995],"convergence":0,"press_dep":false,"press_rng":[1013.25,1013.25]}}
