{"fa_HJ2B_CCD4_M_band_3":{"type":"annular","coefficients":{"c1":1,"c2":0.321378155086985,"c3":-6.2000034818026,"c4":0.208139703575654,"c5":-0.165054145332199,"c6":-0.876393913925037},"mare":0.00321228570544059,"rmse":0.00254362615157795,"mare_seq":[0.0204170938231608,0.0161096249659823,0.0157439086672613,0.0147367423757398,0.0147367328655236,0.0147367291761876,0.0147367173329407,0.0147367077347033,0.0147367074981883,0.0147367063770866,0.0124354655312868,0.0121290704654553,0.0119863602303392,0.0118599064573473,0.0116390406965203,0.0113260285473334,0.0113085688140499,0.0104836044427502,0.0102414493049352,0.00991641723573592,0.00603174329831219,0.00457903128691027,0.00422246309844713,0.00329838446601841,0.00321574564082775,0.00321463884185765,0.00321330320363321,0.00321305284770658,0.00321285042944802,0.00321242618681711,0.00321228570544059],"convergence":0,"press_dep":false,"press_rng":[1013.25,1013.25]}}
