{"fa_HJ2B_CCD4_M_band_4":{"type":"annular","coefficients":{"c1":1,"c2":0.324638695834613,"c3":-5.61445378982621,"c4":0.799187363161314,"c5":-0.875088974138527,"c6":-0.164097651821254},"mare":0.00303942040358245,"rmse":0.00236920199709452,"mare_seq":[0.0144124413389288,0.0140432526014626,0.0140259055459675,0.0140255805379777,0.0140254927079262,0.0140254889451084,0.0140254649356333,0.0140254474573168,0.0140254472148552,0.0139740135215172,0.0117708258518979,0.0100459012029733,0.00997093439027998,0.00889716441336762,0.00863600755198361,0.00852488791242083,0.00829350077277135,0.00781233626232094,0.00760140438980043,0.00513725434465266,0.0041699176728504,0.00385415547178419,0.00313118206668667,0.00306539059143199,0.00303981773892397,0.0030396710364379,0.00303957422343231,0.0030395645064629,0.00303954181209955,0.00303947058185335,0.00303942040358245],"convergence":0,"press_dep":false,"press_rng":[1013.25,1013.25]}}
