{"fa_HJ2B_CCD4_C_band_5":{"type":"annular","coefficients":{"c1":1,"c2":0.209056411801968,"c3":-5.21267289361814,"c4":0.246352200675453,"c5":-0.165763937014245,"c6":-0.780094202045047},"mare":0.00315092943349478,"rmse":0.00210332650399954,"mare_seq":[0.0140505767622918,0.0140505443195701,0.0140503124801155,0.0140503103425026,0.0140502849498767,0.0140502749066896,0.0128311812418416,0.0123645024801264,0.0111343300696054,0.0101753549313973,0.0101623009611729,0.00913797436152633,0.00863557415425476,0.00812339182539698,0.00775145816472324,0.00773532501643835,0.0069122058874585,0.00616460820569804,0.00388124288724518,0.0031613735637309,0.0031568268452897,0.00315548558600524,0.00315321468313464,0.00315173285359616,0.00315163630102818,0.00315105729994083,0.00315103929626991,0.00315102840995735,0.0031509324270477,0.0031509318027786,0.00315092943349478],"convergence":0,"press_dep":false,"press_rng":[1013.25,1013.25]}}
