{"fa_HJ2A_CCD3_U_band_3":{"type":"annular","coefficients":{"c1":1,"c2":0.178950212297278,"c3":-0.175458765962621,"c4":0.265249023612261,"c5":-3.02176942835958,"c6":-0.7119347935344},"mare":0.0018699602356543,"rmse":0.00118152792244565,"mare_seq":[0.0514419400664249,0.00947741657939983,0.00947740875862236,0.00851700507144685,0.00788718583648244,0.00715692120659418,0.00550415090707066,0.0051108332971311,0.00503248622633438,0.00488804617758439,0.00465165650230559,0.00420396869472806,0.00351670590353386,0.00331836986478967,0.00303664055541607,0.00239023959610999,0.00228224562401562,0.00216942431413918,0.00213671203464665,0.00198144911634325,0.00191300798907264,0.001894971985906,0.0018886820422443,0.00187463266855316,0.00187248005983727,0.00187236344117774,0.00187205788723298,0.00187079821010213,0.00187010254065079,0.00186996827728694,0.0018699602356543],"convergence":0,"press_dep":false,"press_rng":[1013.25,1013.25]}}
