{"fa_HJ2B_CCD2_M_band_4":{"type":"annular","coefficients":{"c1":1,"c2":0.540453384494016,"c3":-0.874873528801569,"c4":0.294634750934838,"c5":-0.164026809278252,"c6":-5.60729153077448},"mare":0.00302855802110202,"rmse":0.00235845904207553,"mare_seq":[0.0140174005253456,0.0140170485923832,0.0140169525742498,0.0140169433385201,0.0140169249817648,0.014016830694035,0.0140168237299323,0.0137497659918377,0.0128507957841896,0.00990226179523856,0.00958907278987915,0.00941562549055112,0.00848833391518843,0.00813183254251769,0.0077090788477194,0.00768782449108311,0.00681880527700676,0.00579156231434484,0.00577823724465559,0.00557158157397014,0.00537308113635097,0.00415931454116872,0.00359707655724028,0.00338777458687396,0.00304805609977901,0.00303448764991537,0.00303313099512042,0.00303222046037803,0.00303216908950272,0.00302916852186474,0.00302855802110202],"convergence":0,"press_dep":false,"press_rng":[1013.25,1013.25]}}
