{"fa_HJ2A_CCD4_M_band_1":{"type":"annular","coefficients":{"c1":1,"c2":0.314946672816719,"c3":-7.14189548162538,"c4":0.788109698279521,"c5":-0.882150626955496,"c6":-0.165672236485412},"mare":0.00344986040964822,"rmse":0.00278521089785194,"mare_seq":[0.0163935751800879,0.0157753712562484,0.0155226200473809,0.0155224960817101,0.0155224522656354,0.0155221001625724,0.0155220946355844,0.0155220863110616,0.0155220810732583,0.0155220771288868,0.0155220689074518,0.0154749605354501,0.0142439686977569,0.0141274445143861,0.0123098450383412,0.0117909506588884,0.0115402079663263,0.0114651188279337,0.0114080104844595,0.011295480169653,0.0111462711768311,0.0107253435281589,0.00982643445399803,0.00934094204803337,0.00876305523057311,0.00490806111380338,0.00489573535689602,0.00369345462744759,0.00348934098257043,0.00345813349374452,0.00344986040964822],"convergence":0,"press_dep":false,"press_rng":[1013.25,1013.25]}}
