{"fa_HJ2B_CCD1_U_band_2":{"type":"annular","coefficients":{"c1":1,"c2":0.175014246016303,"c3":-0.174493881598743,"c4":0.270439703757942,"c5":-3.0190001881718,"c6":-0.715917520258288},"mare":0.00187071113446432,"rmse":0.00117722668706543,"mare_seq":[0.0106917743167966,0.0102901631524311,0.00950318993154944,0.00950315128156948,0.0095031412936748,0.0095031359584876,0.00938705476127623,0.00924686334573772,0.00779884971869739,0.00710112181247018,0.00501760128953852,0.0048625646285272,0.00458333613536154,0.00450900402389579,0.00328505819246852,0.00295095263928706,0.00249991770197142,0.00236945015253343,0.0023379201559591,0.00202744875077051,0.00199198152671913,0.00196721993028325,0.00191019255483014,0.00189960718707656,0.00187451820361257,0.00187239693055814,0.00187108081790145,0.00187081190616171,0.00187080212188812,0.00187074383182048,0.00187071113446432],"convergence":0,"press_dep":false,"press_rng":[1013.25,1013.25]}}
