{"fa_HJ2B_CCD4_U_band_2":{"type":"annular","coefficients":{"c1":1,"c2":0.222648190604532,"c3":-3.02908604508551,"c4":0.225361841275556,"c5":-0.174531962640242,"c6":-0.716630719794462},"mare":0.00188575106020264,"rmse":0.00119474819905778,"mare_seq":[0.0100213296316036,0.00949053200281245,0.00949051945245074,0.009490512065775,0.00949051069589469,0.0094905091639405,0.00949050906768818,0.0094905082641903,0.00914197651930189,0.00885903845830734,0.00822401808155897,0.00731841965799106,0.00660837539968458,0.00619193189202073,0.0060668895755133,0.0060346029983965,0.00566756502980384,0.00517207914664694,0.00491281758894066,0.00425583840016497,0.00366052089245839,0.00353559368755183,0.00338508948286274,0.00232939725930789,0.00206964830825738,0.00199891679254831,0.00193801590333813,0.00188649233639026,0.0018863043968956,0.00188575285767995,0.00188575106020264],"convergence":0,"press_dep":false,"press_rng":[1013.25,1013.25]}}
