{"fa_HJ2A_CCD4_U_band_3":{"type":"annular","coefficients":{"c1":1,"c2":0.602873815098338,"c3":-0.714867268956473,"c4":0.453927153126101,"c5":-0.176211392034867,"c6":-3.02686178524049},"mare":0.00190452400366885,"rmse":0.00119899995972596,"mare_seq":[0.0105334029311335,0.00944569783734155,0.0094456046753768,0.00944537601209857,0.00944537030303761,0.00944536588420221,0.00944535534652894,0.00944534641635975,0.00944534607678651,0.00944516691450377,0.0094388386661446,0.00767770541046305,0.00667939261177032,0.00663165883634187,0.00626975272783536,0.00519098222043403,0.00473231244124818,0.00457628218582322,0.00438190246155084,0.00421554764018614,0.0038619612727529,0.00351553202446878,0.00317765174387022,0.0028464395930505,0.00264882582755409,0.0021725093882649,0.00192666837468998,0.00190586183378532,0.00190461865811703,0.00190455734217907,0.00190452400366885],"convergence":0,"press_dep":false,"press_rng":[1013.25,1013.25]}}
