{"fa_HJ2A_CCD2_C_band_1":{"type":"annular","coefficients":{"c1":1,"c2":0.187207688222087,"c3":-0.164478371195968,"c4":0.745583993506609,"c5":-0.783467165563271,"c6":-4.81501457762794},"mare":0.00321955552594089,"rmse":0.00206903084662789,"mare_seq":[0.0134609319940212,0.0134606953089736,0.0134603142036573,0.013460304506385,0.0134602911306202,0.0134578291627619,0.0130675366359707,0.0121213244072911,0.0107123768363588,0.00800347496711954,0.007801923456929,0.00752656502775991,0.007215184500095,0.00704881752791301,0.004755216482317,0.00463484061361247,0.00412650091556269,0.00410474968314588,0.00360775334321756,0.0032611258431482,0.00323152841743983,0.00322672277771109,0.0032260492160154,0.00322155094103254,0.00322094113165032,0.00321981706811285,0.00321967209313485,0.00321962623735786,0.00321956587588282,0.00321956401687592,0.00321955552594089],"convergence":0,"press_dep":false,"press_rng":[1013.25,1013.25]}}
