{"fa_HJ2A_CCD1_M_band_3":{"type":"annular","coefficients":{"c1":1,"c2":0.537458518625139,"c3":-0.877818873890204,"c4":0.694113003956881,"c5":-6.19527974117257,"c6":-0.165249079448741},"mare":0.00321778550618415,"rmse":0.0025460528031248,"mare_seq":[0.0570377714424159,0.0149363430981542,0.0147054369621249,0.0147052537746436,0.014705218220415,0.0147052141860639,0.0147052038482969,0.0147052013170121,0.0147052008210379,0.0147051939134009,0.0147051813699491,0.0147051784566728,0.0147051779967961,0.0147051776726899,0.0147051648390937,0.0147051646084344,0.0117188422419006,0.0115049864815506,0.0113920064581315,0.00963190894303129,0.00795526024968995,0.00562805064767623,0.00366216666816127,0.00352571470908599,0.00339643962924641,0.00326459194373873,0.00322188717854612,0.00322120350002072,0.00321880241663391,0.00321779148909438,0.00321778550618415],"convergence":0,"press_dep":false,"press_rng":[1013.25,1013.25]}}
