{"fa_HJ2A_CCD3_M_band_2":{"type":"annular","coefficients":{"c1":1,"c2":0.319829147460719,"c3":-6.56390011578404,"c4":0.788494780242152,"c5":-0.878207633389417,"c6":-0.16596886995505},"mare":0.00334270767224892,"rmse":0.00264218876390288,"mare_seq":[0.0166151935401516,0.0151902228826573,0.0151858615120864,0.0151801974912829,0.015180129922993,0.0151800387851748,0.0151799686774779,0.015179806436793,0.0151797235015309,0.0151797084975726,0.0151796950524275,0.0151796779744024,0.0151796771057641,0.0151796740504749,0.015179669101797,0.0151796648618506,0.0151056890865855,0.0150417620486686,0.0126130244269046,0.00928946239274199,0.00927266330449885,0.00916388983402948,0.0058852589745094,0.00425153524413051,0.00389457363060153,0.00382970815704375,0.00379579884602997,0.00335844363142935,0.00334521729379296,0.00334334614008439,0.00334270767224892],"convergence":0,"press_dep":false,"press_rng":[1013.25,1013.25]}}
