{"fa_HJ2B_CCD1_M_band_1":{"type":"annular","coefficients":{"c1":1,"c2":0.315497721978139,"c3":-7.11569647555948,"c4":0.785262634071797,"c5":-0.885817827055431,"c6":-0.167248807129058},"mare":0.00344310513086469,"rmse":0.00277666210538141,"mare_seq":[0.0177121382887484,0.0162980008131902,0.0157563150658968,0.0155525242675188,0.0155386758341853,0.0155386120773911,0.0155386065777854,0.0155386034457881,0.0155386008706664,0.0155385561908553,0.015538535394608,0.015538534442467,0.015538533047055,0.0155384965558554,0.015172686990011,0.013156538808988,0.00931743285885353,0.00823838628902933,0.0080015012765715,0.00778258281750707,0.00767582059739118,0.00712250393453994,0.0057516239270806,0.00407066664649442,0.00400639026026059,0.00390448579233301,0.00358014786679805,0.00344433622003819,0.00344393948287494,0.00344321277497046,0.00344310513086469],"convergence":0,"press_dep":false,"press_rng":[1013.25,1013.25]}}
