{"fa_HJ2B_CCD3_M_band_2":{"type":"annular","coefficients":{"c1":1,"c2":0.320001122998574,"c3":-6.5463551122021,"c4":0.788688959870025,"c5":-0.877698354872178,"c6":-0.165843143499636},"mare":0.00333143713388386,"rmse":0.00263210964848281,"mare_seq":[0.0157317159267242,0.0151716246476776,0.0151714696963751,0.0151714021465812,0.015171169528956,0.0151710735764939,0.0151710625022371,0.0151710603474769,0.0151710600358883,0.0151710586743764,0.0151710558852766,0.0151710546887324,0.0151710546826995,0.0136578232833029,0.0135843939713063,0.01301816305838,0.0111036285062115,0.0108541282545587,0.00980217317454181,0.00944145109217604,0.00932194049754898,0.00930137297912225,0.00910959814717362,0.00815710963688318,0.00763321815880656,0.00351173909448655,0.0034331248287781,0.00334702963382988,0.00334165547570614,0.00333870911653718,0.00333143713388386],"convergence":0,"press_dep":false,"press_rng":[1013.25,1013.25]}}
