{"fa_HJ2B_CCD3_M_band_4":{"type":"annular","coefficients":{"c1":1,"c2":0.324328735327163,"c3":-5.60259027213673,"c4":0.200770084713863,"c5":-0.164059295088355,"c6":-0.874612151753227},"mare":0.00301710656418225,"rmse":0.00235064319106797,"mare_seq":[0.0204596563329108,0.0161835292864856,0.0141326883101002,0.0140225959371501,0.014022577926978,0.0140215785899398,0.0140213085601587,0.0140212918585515,0.0140212756738639,0.0140212357417341,0.014021228036038,0.0140212262048543,0.0140212235556408,0.0137899998334963,0.0124920814095314,0.0111769309811301,0.0104752323660743,0.00991751000171624,0.00852517663483857,0.00786755030004617,0.00721502353526306,0.00442792112786744,0.00412298220322241,0.00357182396963193,0.00346643299907256,0.00332190282197552,0.00307143554515407,0.00306892762644325,0.00305361683559627,0.00301933055272325,0.00301710656418225],"convergence":0,"press_dep":false,"press_rng":[1013.25,1013.25]}}
