{"fa_HJ2B_CCD2_U_band_1":{"type":"annular","coefficients":{"c1":1,"c2":0.172380445534835,"c3":-0.174650196751823,"c4":0.276346326078618,"c5":-3.02696889700317,"c6":-0.720433172319634},"mare":0.00188059182241391,"rmse":0.00118703419322957,"mare_seq":[0.00951154705861223,0.00951154519254326,0.0095113498441357,0.00951131822761421,0.00951131353500678,0.00950797989103889,0.00928630126488335,0.00870354345421299,0.0075237714716318,0.00636125543136337,0.00632008688214097,0.00591414582366776,0.00582683063249935,0.00556448191415693,0.00488236664326736,0.00484422747661217,0.00425355939121512,0.00378910017323479,0.00378047730917888,0.00356197806877306,0.00302994928862163,0.00263597639480284,0.0020227809785722,0.00189684195551921,0.00188538938421644,0.00188267847848024,0.00188147465244689,0.00188082714896035,0.00188079115679083,0.00188071327830673,0.00188059182241391],"convergence":0,"press_dep":false,"press_rng":[1013.25,1013.25]}}
