{"fa_HJ2B_CCD3_U_band_1":{"type":"annular","coefficients":{"c1":1,"c2":0.22902524107435,"c3":-3.02904881818594,"c4":0.77654425376092,"c5":-0.72025774667588,"c6":-0.174467799758286},"mare":0.0018719788636316,"rmse":0.00118279439381533,"mare_seq":[0.00954924303511046,0.00952922571554431,0.00952920234801011,0.00952635348670833,0.00946422789637172,0.00723589990836346,0.00698686791039059,0.00570384839040649,0.0050749982133385,0.0048492511801404,0.00438861468051563,0.00391808855310372,0.00344464371651016,0.00270470688927846,0.0024947120261235,0.00248302518085942,0.00245289879917081,0.00239250366722273,0.00219123816878088,0.002031122025838,0.00202240948050059,0.001920960066575,0.00189434016554935,0.00189094201529812,0.00188995316975809,0.00187543455656106,0.00187313241745957,0.0018720108938426,0.00187199768500375,0.00187199655296309,0.0018719788636316],"convergence":0,"press_dep":false,"press_rng":[1013.25,1013.25]}}
