{"fa_HJ2B_CCD4_C_band_3":{"type":"annular","coefficients":{"c1":1,"c2":0.207496237040871,"c3":-5.12841895709964,"c4":0.756730121499439,"c5":-0.777786724837449,"c6":-0.164806713973222},"mare":0.00315290917241418,"rmse":0.00208882964304088,"mare_seq":[0.0176629011763845,0.0139409642582888,0.0139407512877937,0.0139407509402357,0.0137182921636436,0.0135328910973218,0.0107161565680142,0.010303767456498,0.00923203787467616,0.00886052650504429,0.00707787751088829,0.00674396087243362,0.00673883624199761,0.00650163294470991,0.0060558868484407,0.00472009660571413,0.00468769765236435,0.00416922159869247,0.00384692860638247,0.00374631546131508,0.00374151681137237,0.00317991650698267,0.00317412325994762,0.00317259341426854,0.00316576547767561,0.00315930436466697,0.00315681824462983,0.00315415517061696,0.00315319922232475,0.00315297610796139,0.00315290917241418],"convergence":0,"press_dep":false,"press_rng":[1013.25,1013.25]}}
