{"fa_HJ2B_CCD1_M_band_5":{"type":"annular","coefficients":{"c1":1,"c2":0.538453289691007,"c3":-0.874946712468279,"c4":0.301189521106644,"c5":-0.164380360358126,"c6":-5.99758923411195},"mare":0.00315718467316942,"rmse":0.00251037558335216,"mare_seq":[0.0564382167817347,0.0149974433929117,0.0149569457590079,0.0146429024657782,0.0144722309334791,0.0144713508201935,0.0144704956209933,0.0144704742359092,0.0144704593231736,0.0144704535072287,0.0144704443308509,0.0144395698379823,0.0119458523947591,0.0106175347995811,0.0105704780020442,0.00934029432643258,0.00924191966625918,0.00911489506075888,0.00900100671889103,0.00843718378376251,0.00797571305854141,0.00669695235771473,0.00523348734702327,0.00501441081281357,0.00381486523781868,0.003280759900835,0.00322500344887747,0.00315997348833194,0.0031574426898318,0.0031572388915716,0.00315718467316942],"convergence":0,"press_dep":false,"press_rng":[1013.25,1013.25]}}
