{"fa_HJ2A_CCD4_C_band_5":{"type":"annular","coefficients":{"c1":1,"c2":0.595597131103583,"c3":-0.778966237336269,"c4":0.519708185242103,"c5":-5.19718731915418,"c6":-0.165313351164526},"mare":0.00315627917744753,"rmse":0.002102008616472,"mare_seq":[0.0140655660032628,0.014065079629074,0.0140648199948353,0.0140648154085223,0.0140647937589964,0.0140647920953106,0.0140647896943201,0.0140647859675388,0.0140647829861023,0.0125511553331173,0.011891135890307,0.0110466440642282,0.0110437635286623,0.0108252125990936,0.0107294646633891,0.0101139509402949,0.010093353017453,0.00962079106817634,0.00953608178440006,0.00879723215779689,0.00833125199890131,0.00746826577373055,0.00682383047342542,0.0064477741096363,0.00628872434862091,0.00609471221153274,0.00574050116887108,0.00368379025999412,0.00341701465661299,0.00317997644698906,0.00315627917744753],"convergence":0,"press_dep":false,"press_rng":[1013.25,1013.25]}}
