{"fa_HJ2A_CCD2_U_band_1":{"type":"annular","coefficients":{"c1":1,"c2":0.173542617269019,"c3":-0.175050041148594,"c4":0.725108571824899,"c5":-0.722013850617983,"c6":-3.04011478906658},"mare":0.00189957974362272,"rmse":0.00120855178730634,"mare_seq":[0.00950889132406509,0.00950887470083163,0.00950869285458774,0.00950865367063337,0.00950864644535918,0.0094584408129844,0.00794815669003757,0.00544354826486244,0.00478969356808008,0.00429790803977388,0.00427112911040522,0.0040144381620653,0.00393135291167475,0.00390023008303742,0.00379565682744459,0.00377209179577517,0.00287580928643529,0.0028249573208201,0.00241559217311331,0.0023889297380203,0.00234945471650079,0.0022895945948746,0.00192723016244212,0.00192098386698211,0.00190217369367301,0.0018998774894583,0.00189982106007544,0.00189961466278519,0.00189959352470319,0.00189958907018972,0.00189957974362272],"convergence":0,"press_dep":false,"press_rng":[1013.25,1013.25]}}
