{"fa_HJ2A_CCD3_M_band_4":{"type":"annular","coefficients":{"c1":1,"c2":0.540455228712081,"c3":-0.874999497389853,"c4":0.705247537848933,"c5":-5.61723680386761,"c6":-0.164157174914218},"mare":0.00303557505301952,"rmse":0.00236481577254729,"mare_seq":[0.0551810443703823,0.0143835456537113,0.0140544724829078,0.0140349301060355,0.0140332680121808,0.0140323212796941,0.0140309565964026,0.0140309438041735,0.0140309126082392,0.014030909610622,0.014030907461019,0.0140309040612049,0.0134270165816377,0.013184871202798,0.0128270588450863,0.0100135543571908,0.00899338192907185,0.00882487008778416,0.00876224364207123,0.0086619051298005,0.00342005468127421,0.00340779048956811,0.00327014824638188,0.00321703443120696,0.00309377815382329,0.00303620548043186,0.00303618356582578,0.00303591313535127,0.00303568943959618,0.00303567760793567,0.00303557505301952],"convergence":0,"press_dep":false,"press_rng":[1013.25,1013.25]}}
