{"fa_HJ2A_CCD1_M_band_4":{"type":"annular","coefficients":{"c1":1,"c2":0.324722535054715,"c3":-5.61329199955984,"c4":0.799486146264041,"c5":-0.874317351618961,"c6":-0.164078696245573},"mare":0.00303435983687713,"rmse":0.00236845494853901,"mare_seq":[0.0552047027727762,0.0141676473553335,0.0140286713558043,0.0140286254602312,0.0140286097890373,0.0140285854628399,0.0140285533917805,0.0140285445026996,0.0140285395009771,0.0140285377165032,0.0140285377036341,0.0140285366198306,0.0140285344019265,0.014028360607396,0.0130828377264011,0.0119813706453282,0.00934912651978958,0.00915964845008379,0.00887412151317873,0.00818668319692405,0.00573989631666278,0.0054234921201516,0.0039927117608487,0.0034198883564344,0.00307332654065237,0.00305394016054498,0.00305019963568746,0.00303773427902347,0.00303509766662853,0.00303438908303514,0.00303435983687713],"convergence":0,"press_dep":false,"press_rng":[1013.25,1013.25]}}
