{"fa_HJ2B_CCD4_U_band_1":{"type":"annular","coefficients":{"c1":1,"c2":0.227368630968675,"c3":-3.03501432036754,"c4":0.223903755326295,"c5":-0.174747285588833,"c6":-0.721232738149636},"mare":0.00189675939073115,"rmse":0.00120377412744957,"mare_seq":[0.0106530926907987,0.00950513614698637,0.00950513287724929,0.00950513222039485,0.00950512689413251,0.00949289540474163,0.00868362350038034,0.00640390104551707,0.00614392161433598,0.00550527945718692,0.00509629991795115,0.00504216113508674,0.00479117471455119,0.00424091303160224,0.00359641477264023,0.00296916489252176,0.00266083877433579,0.00233271682746466,0.00197612352149845,0.0019339593957334,0.00193357909534291,0.00193142453893662,0.00191431756824839,0.00191093548974861,0.00190344658147012,0.00189689808357183,0.00189689768651071,0.0018968666506908,0.00189681562440842,0.00189677775600934,0.00189675939073115],"convergence":0,"press_dep":false,"press_rng":[1013.25,1013.25]}}
