{"fa_HJ2B_CCD2_U_band_2":{"type":"annular","coefficients":{"c1":1,"c2":0.174867148466089,"c3":-0.174429762407642,"c4":0.729720719232667,"c5":-0.716465398040674,"c6":-3.02048874647133},"mare":0.00186674186450074,"rmse":0.00117659339351832,"mare_seq":[0.00949164737330779,0.00949162143847265,0.00949159506459223,0.00949158468869892,0.00949157759375614,0.00906751008866304,0.007652572853495,0.00667112873753654,0.00635753547285657,0.00613136373993768,0.00561465030226793,0.00538256859472299,0.00489832231883043,0.00482896388807089,0.00460430680657154,0.00409109848888551,0.00360152229520166,0.00357358370292675,0.00270694482355852,0.00264322485293435,0.0022268167581683,0.00211474414758739,0.00205070829507121,0.00193168465660311,0.00188921117136371,0.00187093368488573,0.00186889582562045,0.00186801411626548,0.00186710904510989,0.00186710061374674,0.00186674186450074],"convergence":0,"press_dep":false,"press_rng":[1013.25,1013.25]}}
