{"fa_HJ2B_CCD1_M_band_2":{"type":"annular","coefficients":{"c1":1,"c2":0.143026265731246,"c3":-0.16524616020747,"c4":0.374084736804909,"c5":-6.54530064889882,"c6":-0.875034686056676},"mare":0.00334624183804254,"rmse":0.0026501625792768,"mare_seq":[0.0165765905941635,0.0155442959589424,0.0151953738836956,0.0151841850486204,0.0151838064126317,0.0151837657754185,0.0151837653851677,0.0151833519679651,0.0151833472366184,0.0151833434717347,0.0151833417111657,0.0151833269188676,0.015183289598546,0.0151832857911492,0.0151759454189433,0.0151745689448014,0.0126553138952579,0.0114865854868296,0.010667582578408,0.009804820652612,0.00843780155962257,0.00817107866411646,0.00660914723166221,0.00590054410255966,0.00418299537084548,0.00400259778643116,0.00396295667284346,0.00334636018407603,0.00334630877804039,0.00334624729288503,0.00334624183804254],"convergence":0,"press_dep":false,"press_rng":[1013.25,1013.25]}}
