{"fa_HJ2A_CCD1_M_band_1":{"type":"annular","coefficients":{"c1":1,"c2":0.537204247719128,"c3":-0.884419141544159,"c4":0.682940607323601,"c5":-7.09818178385782,"c6":-0.167031371632375},"mare":0.0034495270347024,"rmse":0.00277637871799228,"mare_seq":[0.033310480035747,0.016074735432917,0.015670544310436,0.0155322713753498,0.0155310914365025,0.0155310465383045,0.0155310451660675,0.0155307268866276,0.0155307140363301,0.0155307117690351,0.0155306847983094,0.0155306837930512,0.0132217707961143,0.0115324073214583,0.0108613635317219,0.0101458417410153,0.0100701966834168,0.0100374877888353,0.00993159406332321,0.00694797660318491,0.00529765059926551,0.00521562712779678,0.00457141322663995,0.00449236229402952,0.00359340910538981,0.00348379074944011,0.00347425769282083,0.00345370133917699,0.00345179384664401,0.00344963233826574,0.0034495270347024],"convergence":0,"press_dep":false,"press_rng":[1013.25,1013.25]}}
