{"fa_HJ2B_CCD4_M_band_5":{"type":"annular","coefficients":{"c1":1,"c2":0.139509190846261,"c3":-0.164942967220528,"c4":0.37283030146899,"c5":-6.03866803264255,"c6":-0.877667120831435},"mare":0.00314568340280265,"rmse":0.00249752264843973,"mare_seq":[0.016067223482258,0.015568419541449,0.0144819841961914,0.0144800776816553,0.0144800776304607,0.0144800599666431,0.0144800179022782,0.0144798860294614,0.0144798785414814,0.0144798773844266,0.0144798702897327,0.0144798516205323,0.0144798474760814,0.0144798471538582,0.0144798467704882,0.0144796641145995,0.0144554287400317,0.0142284158574418,0.0116699080526538,0.0116593800129729,0.0109391322270518,0.00901536117629822,0.00723324520045131,0.00600780507511913,0.00599905339865672,0.00387851643229532,0.00316021865395386,0.00315682102637199,0.00314604732941227,0.00314590521845742,0.00314568340280265],"convergence":0,"press_dep":false,"press_rng":[1013.25,1013.25]}}
