{"fa_HJ2B_CCD3_U_band_3":{"type":"annular","coefficients":{"c1":1,"c2":0.214060942568176,"c3":-3.0568872876607,"c4":0.770354289242988,"c5":-0.717117446000012,"c6":-0.17617399449798},"mare":0.00188501856909539,"rmse":0.00119426497953132,"mare_seq":[0.00946630250347366,0.00946367422388529,0.00946349754633998,0.00946349486658864,0.00946347612947365,0.00946347499787541,0.00946347363968672,0.00946346721870687,0.00946345058602014,0.00946344368574899,0.00941691219479586,0.00917372132533861,0.00729473459075166,0.0056759876036534,0.00554768686711673,0.00377400052994831,0.00373519940426253,0.00343757667257419,0.0031053380063891,0.00289865987769511,0.00261264865244888,0.00240692889363807,0.00217733270122315,0.00211040145278263,0.0019671940282908,0.00193300456944825,0.00189078673651118,0.00188733151902434,0.00188515315986009,0.00188514268779113,0.00188501856909539],"convergence":0,"press_dep":false,"press_rng":[1013.25,1013.25]}}
