{"fa_HJ2A_CCD4_M_band_4":{"type":"annular","coefficients":{"c1":1,"c2":0.135277328670954,"c3":-0.163799784092732,"c4":0.624428469281638,"c5":-0.874158296856803,"c6":-5.61478971512151},"mare":0.00304063339905805,"rmse":0.00236869213081074,"mare_seq":[0.0552442220053554,0.0140487056873395,0.0140486960642188,0.0140486950337135,0.0140486757140493,0.0140486695517258,0.0140486605550996,0.0140473598782929,0.0137182936111475,0.0135164201258928,0.0130865962306559,0.0130451651437627,0.0127601745118301,0.0127491434403908,0.0127325366358369,0.0126557151081649,0.0112495196758408,0.0109724468509976,0.0094729064730402,0.00887949896036916,0.00780183802060277,0.00671409766027783,0.0065313154615392,0.00574804580392235,0.00541796961124134,0.00402136702046235,0.00304978795559528,0.00304082119072852,0.00304070405647655,0.00304067209010698,0.00304063339905805],"convergence":0,"press_dep":false,"press_rng":[1013.25,1013.25]}}
