{"fa_HJ2B_CCD3_U_band_2":{"type":"annular","coefficients":{"c1":1,"c2":0.176442134931352,"c3":-0.175217047362321,"c4":0.732894755702624,"c5":-0.720717926491681,"c6":-3.04796851587436},"mare":0.00187753109680182,"rmse":0.0011904672522027,"mare_seq":[0.00982762883725998,0.00947992813836015,0.00947991910090352,0.00947991122345371,0.00947990813139562,0.00933372647392887,0.00921570123648763,0.00891050108935823,0.00804378713777854,0.00793776472693863,0.00783086730545785,0.00559513774873042,0.00555462316108608,0.00473136873394464,0.00429049176924104,0.00422820944266658,0.00390961273144721,0.00373172435661201,0.00326659942090326,0.00237303381171371,0.00208917712786065,0.00199671530490038,0.00192038745820119,0.0019013014334405,0.00188164585497925,0.00187879724559262,0.00187865255752699,0.00187825423081759,0.00187762659252225,0.00187755558741026,0.00187753109680182],"convergence":0,"press_dep":false,"press_rng":[1013.25,1013.25]}}
