{"fa_HJ2A_CCD2_C_band_5":{"type":"annular","coefficients":{"c1":1,"c2":0.596158834064257,"c3":-0.77910488975896,"c4":0.481540080521329,"c5":-0.165652554990288,"c6":-5.2105665624467},"mare":0.00314695057970168,"rmse":0.00210371145051592,"mare_seq":[0.0140628812464547,0.0140615053162643,0.0140614661409278,0.0140614654233351,0.0140614574490692,0.0140614424318323,0.0140613516470019,0.0140612876434939,0.0140612660523394,0.0140612625681767,0.0140595279080069,0.014047867948784,0.0125437425472358,0.0123230043698969,0.00990759278221678,0.00947588699831288,0.00878911438220288,0.00875378918759109,0.00563091621117166,0.00519780217050106,0.00446417891567378,0.00393548717532232,0.00392796006344412,0.00333889145500555,0.00315375732160343,0.00315306942295726,0.00315162757356704,0.00314757463260134,0.00314720062028196,0.0031471630828769,0.00314695057970168],"convergence":0,"press_dep":false,"press_rng":[1013.25,1013.25]}}
