{"fa_HJ2B_CCD1_C_band_2":{"type":"annular","coefficients":{"c1":1,"c2":0.18833638509044,"c3":-0.163845286133891,"c4":0.744231937716203,"c5":-0.777010726921983,"c6":-4.88062919580492},"mare":0.00318552968452999,"rmse":0.00205469160981941,"mare_seq":[0.0141079354360718,0.013666362224122,0.0136661829747075,0.0136647340622957,0.0134939451986745,0.0112979117126586,0.0100771425613732,0.00860264040485567,0.00810383608765415,0.00790769248652371,0.00727945912323317,0.00690636157982176,0.00665772040738728,0.00658337608282319,0.00627278217205401,0.00588688267331471,0.00580186787251588,0.00566459218905693,0.00502426035539407,0.00402145672782383,0.0035313738552953,0.00326645572279027,0.00325582702687256,0.00320392432611805,0.00318627497725548,0.00318622424179588,0.00318613992258974,0.00318558051476575,0.00318555302087856,0.00318554215650304,0.00318552968452999],"convergence":0,"press_dep":false,"press_rng":[1013.25,1013.25]}}
