{"fa_HJ2A_CCD4_M_band_5":{"type":"annular","coefficients":{"c1":1,"c2":0.540463866578913,"c3":-0.883465656947057,"c4":0.306093020446978,"c5":-0.165679662800794,"c6":-6.07188869965347},"mare":0.0031364981764381,"rmse":0.00247730520491977,"mare_seq":[0.0156432437954648,0.0144625114038161,0.0144624230308262,0.0144622733977151,0.0144622216723695,0.0144621981482309,0.0144621739603354,0.0144621737190425,0.0144621710524377,0.0144621673637197,0.0144616648296788,0.0144610686043049,0.0120187966676881,0.0112798357333952,0.0108052872453261,0.0103057233603237,0.00934554913835864,0.00859047826333745,0.00825428792781746,0.0068494004020875,0.00617295059362841,0.00335601451611665,0.00322254289932194,0.00321574533105592,0.00316577127338616,0.00315404085496644,0.00313846998235956,0.0031384356680036,0.00313823495886106,0.00313653664700157,0.0031364981764381],"convergence":0,"press_dep":false,"press_rng":[1013.25,1013.25]}}
