{"fa_HJ2B_CCD3_U_band_4":{"type":"annular","coefficients":{"c1":1,"c2":0.207483470530617,"c3":-3.15061428447007,"c4":0.767065719695543,"c5":-0.71822506617271,"c6":-0.17991293187386},"mare":0.00192224876250729,"rmse":0.00123031406378539,"mare_seq":[0.00950011925236863,0.00949975092571803,0.00949974991676282,0.00949974708755379,0.00949974590315888,0.00949974554526973,0.00949974271110962,0.00949974046964484,0.00948671771787478,0.00890135607033781,0.00553178506193783,0.00509239349814722,0.00504270740152373,0.0048231465015134,0.00385791463380937,0.00378224557200903,0.0032349375198809,0.00216390835223556,0.00214174194133928,0.00192563117749098,0.00192405398026978,0.00192369872846255,0.0019233700720952,0.00192333055721895,0.00192328264044098,0.00192255830043371,0.00192244537314868,0.00192237894401353,0.00192228566230986,0.00192225785714473,0.00192224876250729],"convergence":0,"press_dep":false,"press_rng":[1013.25,1013.25]}}
