{"fa_HJ2A_CCD1_C_band_3":{"type":"annular","coefficients":{"c1":1,"c2":0.207332959177272,"c3":-5.13397145512329,"c4":0.756237980202675,"c5":-0.778854812985291,"c6":-0.164941110003208},"mare":0.00318574075102272,"rmse":0.00211342626199237,"mare_seq":[0.0139243180068904,0.0139241368248635,0.0139241103521208,0.0139240841752885,0.0138449267658403,0.0136137162649163,0.0125378253348437,0.0121558115458774,0.0119805076523302,0.0112050878150929,0.0103467678941121,0.00932569121032067,0.00881635743937806,0.00829676842601797,0.00676220034810032,0.0048014121917343,0.00449702862103482,0.00417663439257841,0.0037967645306536,0.00365289402116569,0.00345022697364079,0.00327237055541852,0.00321112925905968,0.00318771753911263,0.00318720617931463,0.00318655584997882,0.00318636944786898,0.00318630620762813,0.00318611100057161,0.00318576339124076,0.00318574075102272],"convergence":0,"press_dep":false,"press_rng":[1013.25,1013.25]}}
