{"fa_HJ2A_CCD4_C_band_1":{"type":"annular","coefficients":{"c1":1,"c2":0.208557507406193,"c3":-4.78044300612582,"c4":0.23406371593019,"c5":-0.163529270445281,"c6":-0.780570486849048},"mare":0.00321548736875171,"rmse":0.00206455953916351,"mare_seq":[0.0136219485472972,0.0135697349078071,0.0134738381855218,0.0134738323569055,0.0134738015339249,0.0134737957503524,0.0134737956325949,0.0134185097472515,0.0129674153827726,0.0129547838200499,0.0126978987914847,0.0121237066285151,0.0114889269071522,0.011211889146423,0.0106857209931609,0.00991566682580772,0.00744928187763021,0.0070436447040103,0.00690390269940282,0.00671243516325421,0.0062183350596963,0.00517582645866328,0.00483340255643636,0.0035444663990438,0.00349300562804219,0.00325051539048092,0.00321929197673498,0.00321799215842765,0.00321595892793433,0.00321550143327549,0.00321548736875171],"convergence":0,"press_dep":false,"press_rng":[1013.25,1013.25]}}
