{"fa_HJ2A_CCD4_U_band_5":{"type":"annular","coefficients":{"c1":1,"c2":0.606971399019741,"c3":-0.712362990613224,"c4":0.45817803812901,"c5":-0.175645314707337,"c6":-3.05102955921929},"mare":0.0018853204523569,"rmse":0.00118067782262522,"mare_seq":[0.0216980094163774,0.00987839039070547,0.00952639302232748,0.00949562908842942,0.00949519392319918,0.0094951530179269,0.00949515056796826,0.00949511343187512,0.00949510729115379,0.0094951044369811,0.00949510380137663,0.00949509931170341,0.00949509808324579,0.00949509781847976,0.00949509699595006,0.00944363575764567,0.00824111317830682,0.00561685255516047,0.00465011755677158,0.00230356066070625,0.0021502842094208,0.0019696301012498,0.00196365435935072,0.0019517212680791,0.00194770141960664,0.00189570502652612,0.00188727035884838,0.00188620000734079,0.00188537320452358,0.00188537222745209,0.0018853204523569],"convergence":0,"press_dep":false,"press_rng":[1013.25,1013.25]}}
