{"fa_HJ2A_CCD4_U_band_4":{"type":"annular","coefficients":{"c1":1,"c2":0.208048806354057,"c3":-3.13400218848791,"c4":0.766781619535002,"c5":-0.718223952342935,"c6":-0.179847162792658},"mare":0.00190296151864529,"rmse":0.00122121404917158,"mare_seq":[0.00948313290438478,0.00945759158718268,0.00945621116036644,0.00945619204000517,0.0094561890403235,0.00945618421257216,0.0094557922219134,0.00945226734076192,0.00876478950820437,0.00786352575673967,0.00711927414398089,0.00519166685544761,0.00514110699370126,0.0042973982128328,0.00403369300653297,0.00401455043708139,0.0039437136342484,0.00384889232980246,0.00351216482540178,0.00258559902219197,0.00218121386672729,0.00199846410779485,0.00198949232350142,0.00193122937375543,0.00192063771425281,0.00190504319236385,0.00190473468138893,0.00190315470670256,0.00190313879262736,0.00190310630208758,0.00190296151864529],"convergence":0,"press_dep":false,"press_rng":[1013.25,1013.25]}}
