{"fa_HJ2A_CCD1_C_band_1":{"type":"annular","coefficients":{"c1":1,"c2":0.606017974117548,"c3":-0.778999049617052,"c4":0.469819439387528,"c5":-0.163469994756977,"c6":-4.77108139723258},"mare":0.00320708103443786,"rmse":0.00205495838717003,"mare_seq":[0.0134759900310295,0.013475982571067,0.013475972477149,0.0134759477808781,0.0134759444056437,0.0134759399752867,0.0109690089159406,0.0100222495396136,0.00851388729342838,0.00771530404955896,0.0076209874461993,0.00571477762119292,0.00541431143344217,0.00461406665039019,0.00442628037780642,0.00405694376431724,0.00351435666312887,0.00336470441171133,0.00335904859997563,0.00332795648768925,0.0032236384386019,0.00322009084104975,0.00321293685657537,0.00321182529909642,0.00321154764461834,0.00320882628984555,0.0032087611639272,0.00320727505601235,0.00320721739612893,0.00320721108229118,0.00320708103443786],"convergence":0,"press_dep":false,"press_rng":[1013.25,1013.25]}}
