{"fa_HJ2B_CCD1_C_band_3":{"type":"annular","coefficients":{"c1":1,"c2":0.599756853562785,"c3":-0.778048306554529,"c4":0.518156347700561,"c5":-5.1392575790384,"c6":-0.164811890268433},"mare":0.00317847446062393,"rmse":0.00210892712447999,"mare_seq":[0.062061722314649,0.0139469748933364,0.0139469643749002,0.0139469292410096,0.0139468942516532,0.0139468902873768,0.0139465805015568,0.0137428136793333,0.012378923048283,0.0109225151659973,0.0103518258691244,0.00896479535358459,0.00891674146933931,0.00847054058723673,0.00798769399492706,0.00786937755066217,0.00778398095381419,0.00755889874989994,0.00745159080398618,0.00656308536847575,0.00343182578330515,0.00323010462561101,0.00319384373721591,0.00318149805165863,0.0031802006200602,0.00318010140871414,0.00317989459855958,0.00317885679391757,0.00317866681120818,0.00317847497975241,0.00317847446062393],"convergence":0,"press_dep":false,"press_rng":[1013.25,1013.25]}}
