{"fa_HJ2A_CCD4_U_band_2":{"type":"annular","coefficients":{"c1":1,"c2":0.223759852716637,"c3":-3.01450121905755,"c4":0.225970331422818,"c5":-0.174889195477621,"c6":-0.716823472563279},"mare":0.00187122671163514,"rmse":0.00118077828309553,"mare_seq":[0.00986910925525821,0.00950388873411584,0.00946749437639287,0.00946745731321058,0.00946743862671536,0.00946742331370275,0.00946738970743135,0.00862912837401627,0.00853308745263806,0.00739677342585795,0.00672561979338232,0.00667515973731397,0.00642701121657023,0.00574531287213274,0.00521827740502025,0.00515568589680405,0.00502339493758181,0.0043689845745839,0.00388497224167661,0.00366064474933926,0.00355946465835444,0.00301063142773386,0.00214745857024371,0.0020963100236031,0.00206991872238668,0.00202528083872953,0.00188781307759879,0.0018745433026015,0.00187225209040926,0.00187140876549645,0.00187122671163514],"convergence":0,"press_dep":false,"press_rng":[1013.25,1013.25]}}
