{"fa_L8_OLI_U_band_3":{"type":"annular","coefficients":{"c1":1,"c2":0.174609852625887,"c3":-0.174252429317793,"c4":0.271745810694247,"c5":-3.00191856320091,"c6":-0.714078877628851},"mare":0.00186805783229414,"rmse":0.00117340593768017,"mare_seq":[0.0179073850506381,0.0112696745277243,0.00950655447051803,0.00949748246707313,0.00949399486477949,0.0094915293606318,0.00949146661191405,0.00949138845008014,0.00949131629146276,0.00949121392413044,0.00944353566842838,0.00929984956191392,0.00912702632747718,0.00565855695488321,0.00558684981368068,0.00519841687759617,0.005127312920164,0.00503598958805882,0.00401385011963709,0.00392170228528889,0.00360904092422503,0.00323436367908824,0.0025415134843951,0.00245611325700074,0.00244847574918353,0.00205348554176742,0.00191428465739742,0.00187668841637599,0.00186866377939723,0.00186819341548289,0.00186805783229414],"convergence":0,"press_dep":false,"press_rng":[1013.25,1013.25]}}
