{"fa_L8_OLI_U_band_2":{"type":"annular","coefficients":{"c1":1,"c2":0.228160253655085,"c3":-3.01742827058912,"c4":0.224248861129935,"c5":-0.17502642774867,"c6":-0.721199404470605},"mare":0.00188410844955132,"rmse":0.00118970962894472,"mare_seq":[0.0125427540300264,0.0109614348416782,0.0094855970862325,0.00948526314719797,0.0094851656100201,0.00946040998307832,0.00909377134750816,0.00886679654849366,0.00828585341483059,0.00791679418303013,0.00743648742342432,0.00735768312827718,0.00669033526158066,0.00613204888928889,0.00555510152977894,0.00502324642761843,0.00470010507476541,0.00397372871816926,0.00362019695011948,0.00351129939650877,0.00287901392189347,0.00250864434032249,0.00212119828124371,0.00207151615330085,0.00199615559524608,0.00189464664152462,0.00189357576082818,0.00189090413723563,0.00188542519538857,0.00188528407013964,0.00188410844955132],"convergence":0,"press_dep":false,"press_rng":[1013.25,1013.25]}}
