{"fa_L5_TM_C_band_1":{"type":"annular","coefficients":{"c1":1,"c2":0.211136410102119,"c3":-4.68184345310463,"c4":0.232925769469482,"c5":-0.162659652848414,"c6":-0.775568758634973},"mare":0.0031931328902627,"rmse":0.00203763460711995,"mare_seq":[0.0138372302948351,0.0134601969779688,0.0134596923099056,0.0134596845908225,0.0134596641117885,0.0134596241036419,0.0130430536037181,0.0125456276538649,0.0125237436145743,0.0118464335209543,0.0108209856057252,0.0090619993757404,0.00859023985177805,0.00845859861939695,0.00835585842500959,0.00676428459847967,0.00666720145287604,0.00640199395999093,0.00600266431137278,0.0053791950404227,0.00509184419922249,0.00477053472323426,0.00471963900731082,0.0040913031125856,0.00330414042808846,0.00328754202499165,0.00319777684889396,0.00319349311079742,0.00319326725708187,0.00319320716336207,0.0031931328902627],"convergence":0,"press_dep":false,"press_rng":[1013.25,1013.25]}}
