{"fa_L5_TM_C_band_2":{"type":"annular","coefficients":{"c1":1,"c2":0.210939942486159,"c3":-4.77709352816022,"c4":0.237892060988117,"c5":-0.163122404905691,"c6":-0.771628728194691},"mare":0.00315886499379918,"rmse":0.00202271171868969,"mare_seq":[0.0157743756352719,0.0148273707869738,0.0136981126386404,0.0136888653399122,0.0136884697380286,0.0136884119425792,0.013688405214718,0.0136883505343706,0.013688339017941,0.0136883310434595,0.0136745393987275,0.0136187608505574,0.0135613757502783,0.0113285403011284,0.0102767518684347,0.00974747642213228,0.00957694812641316,0.00922432533601788,0.00922130852016699,0.00870236816104277,0.00730019528788874,0.00714714882911634,0.00667393788732572,0.00528461898513429,0.0044991437714887,0.00382119046636512,0.00334698396425625,0.00316438071863802,0.00315925528174364,0.00315896543027239,0.00315886499379918],"convergence":0,"press_dep":false,"press_rng":[1013.25,1013.25]}}
