{"fa_L9_OLI_C_band_2":{"type":"annular","coefficients":{"c1":1,"c2":0.20457977420559,"c3":-4.96607905525161,"c4":0.765632943450371,"c5":-0.785462784412957,"c6":-0.164232541854616},"mare":0.00318757153912066,"rmse":0.00210991696646812,"mare_seq":[0.0134440706068568,0.0134437747474726,0.013443704130821,0.0134431210036123,0.0134431204546066,0.0134354826161868,0.0134341099530587,0.0133593094992637,0.0131686579934638,0.0124888347284285,0.0121133037077477,0.0119126213378158,0.0118188835876244,0.0117255078927103,0.0115113969444378,0.00875813589480417,0.00681637049296544,0.00681210528202742,0.00660133841536366,0.00625003459397639,0.00604757621342413,0.00578682501351932,0.00548745873083848,0.00498340201633616,0.00464135644930462,0.00455744441653441,0.00370510338290938,0.0035666460620923,0.00320200204638606,0.00319260225119367,0.00318757153912066],"convergence":0,"press_dep":false,"press_rng":[1013.25,1013.25]}}
