{"fa_L7_ETM_C_band_7":{"type":"annular","coefficients":{"c1":1,"c2":0.207213412052585,"c3":-5.33458399213486,"c4":0.754603085287959,"c5":-0.78657163709116,"c6":-0.166584378487543},"mare":0.00314907436470745,"rmse":0.00214478456120292,"mare_seq":[0.0621001831259587,0.0173713322559785,0.0140079150889011,0.0140076754298519,0.0140073665558087,0.014007358419193,0.0140073570057223,0.0140073560756391,0.0140073536548849,0.0140067952921811,0.0135120745162881,0.0132154390711115,0.010831411361535,0.0107402153065227,0.0100354046455557,0.0097311250120506,0.00945729852842296,0.00836890242766314,0.00812751863851418,0.00805596327793855,0.00742195651828592,0.00726418187888443,0.00425682208868006,0.00355582429581987,0.003555344991512,0.00338713601116942,0.00322608824356262,0.00316922208178307,0.00316558861611172,0.00316249699134321,0.00314907436470745],"convergence":0,"press_dep":false,"press_rng":[1013.25,1013.25]}}
