{"fa_L8_OLI_C_band_6":{"type":"annular","coefficients":{"c1":1,"c2":0.303303246077972,"c3":-5.32322225124067,"c4":0.218692317481223,"c5":-0.18667991514995,"c6":-0.881658915050699},"mare":0.00268430845698262,"rmse":0.00207283283359529,"mare_seq":[0.0125769179263117,0.0125764129439331,0.0125759834393771,0.0125757005758003,0.0125754445245257,0.0125754177422682,0.0125754146292592,0.0125754132446197,0.0125754127583655,0.00957396716844325,0.00938939306241748,0.00822507869386573,0.00821161957389414,0.00817251120914123,0.00813202840698622,0.00804915342609592,0.00803666640976934,0.00736244029303184,0.00720784274246431,0.00719728076886867,0.00674062416176458,0.00621948084347283,0.00379356923627621,0.00299859031244058,0.002853294594437,0.00274928081332763,0.00274671933299611,0.00269630826108433,0.00269052660287068,0.00268552883525589,0.00268430845698262],"convergence":0,"press_dep":false,"press_rng":[1013.25,1013.25]}}
