{"fa_L7_ETM_M_band_4":{"type":"annular","coefficients":{"c1":1,"c2":0.135373884229503,"c3":-0.164249088627588,"c4":0.37254155461606,"c5":-5.65166706621537,"c6":-0.878015333892622},"mare":0.00301768721015386,"rmse":0.00237271220695611,"mare_seq":[0.069629011746854,0.0161250129304819,0.0142019906818549,0.0139636305150529,0.0139629602435672,0.0139627866650437,0.0139627790806833,0.0139625397794085,0.0139623215197294,0.0139621718610352,0.0139621692354146,0.0139621502387549,0.0139621390790377,0.0139621329230271,0.0139621313167755,0.0139621169825414,0.0139621037754288,0.0139014907880039,0.0125062020540526,0.010342577038983,0.010092171831245,0.00749376699948103,0.00641859743678255,0.00618836341625339,0.00498723419205606,0.00391333900402921,0.00374699490765838,0.00330634820693104,0.00316577015407413,0.00301840985670389,0.00301768721015386],"convergence":0,"press_dep":false,"press_rng":[1013.25,1013.25]}}
