{"fa_L7_ETM_U_band_3":{"type":"annular","coefficients":{"c1":1,"c2":0.603511887572952,"c3":-0.710071339207845,"c4":0.448385817386424,"c5":-0.174743600925308,"c6":-3.00255457287675},"mare":0.00186880558257263,"rmse":0.00116556663872113,"mare_seq":[0.0108437594216562,0.00946971122116214,0.00946857650282615,0.009468497413558,0.00946846226996899,0.00946788921377332,0.00946788655826576,0.00946776724550367,0.00945029415949488,0.00903374259522997,0.00823642206862403,0.00602310931152008,0.00539830442271546,0.00506944169024323,0.00468481597256428,0.00418284018713555,0.00407319926944566,0.00396342332009016,0.00360591469589859,0.00296761099385984,0.00247328995235212,0.00230663755832383,0.00207241269075729,0.00204897755378155,0.00187637881874553,0.00187510958133517,0.00187167583339544,0.00187105004607295,0.00186988095525046,0.00186888569021467,0.00186880558257263],"convergence":0,"press_dep":false,"press_rng":[1013.25,1013.25]}}
