{"fa_L7_ETM_M_band_5":{"type":"annular","coefficients":{"c1":1,"c2":0.321110430164478,"c3":-4.39367903451756,"c4":0.827382936852399,"c5":-0.881164602757497,"c6":-0.167747469153622},"mare":0.00239058095702576,"rmse":0.00182793311691901,"mare_seq":[0.0118347434816147,0.0115525420395895,0.011552496828729,0.011552430487201,0.0115524127665131,0.0115524105732485,0.0115524015330511,0.0115524007768541,0.0115523972964057,0.0115522864531968,0.0100983405762458,0.00999223391446551,0.00910282967086798,0.00723663356570247,0.00708138281170999,0.00673206779508085,0.00623303448832793,0.00622796110016514,0.00609509905757495,0.00535639112207281,0.00465756746446789,0.00256020512355534,0.00244334429056857,0.00240265883586306,0.00240024307149982,0.00239696646713555,0.00239336975255433,0.00239336265598731,0.00239082752977717,0.00239059940474243,0.00239058095702576],"convergence":0,"press_dep":false,"press_rng":[1013.25,1013.25]}}
