{"fa_L5_TM_U_band_5":{"type":"annular","coefficients":{"c1":1,"c2":0.194773041925263,"c3":-0.219250909509316,"c4":0.733174658698345,"c5":-0.825088437588192,"c6":-4.24116383804753},"mare":0.0020696617097619,"rmse":0.00141113663632763,"mare_seq":[0.0100091103142544,0.00986684495650613,0.00985612521401051,0.0098561200809864,0.00985611191597644,0.00985563949790192,0.00985563848461901,0.00948075819523296,0.00777657071915973,0.0065223313653637,0.0064645287415125,0.00609575190499857,0.00606191050126031,0.00604446023333688,0.00602410570665647,0.00563731600852998,0.00522002024582527,0.00478996070764358,0.00468226226370481,0.00461925551509009,0.0044731403176614,0.00406129060574877,0.00382160618923127,0.00379433665386158,0.00353557004289696,0.00342227637317916,0.00256412493834919,0.00230986357179632,0.0022006383663958,0.00208134001953329,0.0020696617097619],"convergence":0,"press_dep":false,"press_rng":[1013.25,1013.25]}}
