{"fa_L5_TM_U_band_6":{"type":"annular","coefficients":{"c1":1,"c2":0.560239171767822,"c3":-0.90254922065421,"c4":0.58307765246034,"c5":-4.70415928718874,"c6":-0.236135397804005},"mare":0.00202183139078126,"rmse":0.00149994350528028,"mare_seq":[0.00954416588640464,0.00953609675556116,0.00953318292429952,0.00953253043034341,0.0095325238833508,0.00953235383088543,0.00953234647450243,0.0095323166518103,0.00953230669608701,0.00953230366561369,0.00953230107336686,0.00953229649356692,0.00953228857592469,0.00953228756973614,0.00952526208412022,0.00919990493581609,0.00804744487062603,0.00669878146594013,0.00621250137725765,0.00614659793110003,0.00483444841392503,0.00441501862898151,0.00288585321975658,0.00282093996432414,0.00253651454699164,0.00230154305434173,0.00217546702268886,0.00216560167293356,0.00213369941360915,0.00203564624453487,0.00202183139078126],"convergence":0,"press_dep":false,"press_rng":[1013.25,1013.25]}}
