{"fa_L9_OLI_U_band_6":{"type":"annular","coefficients":{"c1":1,"c2":0.594250684602914,"c3":-0.813400579015336,"c4":0.479037925562913,"c5":-0.215722008251542,"c6":-4.15628140912382},"mare":0.00207552496256909,"rmse":0.00139734480045344,"mare_seq":[0.0155664229039939,0.0153276442207597,0.0098619588171154,0.00986193672674464,0.0098617628701983,0.00986172554087643,0.00986172335004867,0.00986171745536758,0.00986132975991256,0.00923531570701663,0.007276191848484,0.00679287763001222,0.00609860944568694,0.00538827678669077,0.00511713776420956,0.00455924431163573,0.00430662382626905,0.00427136967770089,0.00293429233859966,0.00289735096770714,0.00243817174715559,0.00225258176365944,0.00217722770831795,0.0021230068590563,0.00210817023249859,0.00210768442344155,0.00210717545774649,0.00209049754345889,0.00208313308058661,0.00207561999238545,0.00207552496256909],"convergence":0,"press_dep":false,"press_rng":[1013.25,1013.25]}}
