{"fa_L7_ETM_C_band_1":{"type":"annular","coefficients":{"c1":1,"c2":0.187290259089699,"c3":-0.164739391666087,"c4":0.249952919436272,"c5":-4.99509565067063,"c6":-0.788630044538489},"mare":0.0031850882114953,"rmse":0.00211360413890249,"mare_seq":[0.0134447564582415,0.0134433619791766,0.0134433432148268,0.0134330391465393,0.0132174554084823,0.0131504791726467,0.013024553223681,0.0125532414742837,0.0124072273835594,0.0117458010023336,0.0115507276529329,0.00994079609276469,0.00978333371366082,0.00885215999754088,0.00817636235588087,0.00755679998458786,0.00695160422495335,0.00664289717022854,0.00642474105878443,0.00637605223271748,0.00585186328533145,0.00536609009571928,0.00492777256549557,0.0048766577209291,0.00396849690566996,0.00388101631465303,0.00332930019703737,0.00319243707589153,0.00318545019359342,0.00318542733504918,0.0031850882114953],"convergence":0,"press_dep":false,"press_rng":[1013.25,1013.25]}}
