{"fa_L7_ETM_C_band_5":{"type":"annular","coefficients":{"c1":1,"c2":0.30593541159886,"c3":-5.30985373961586,"c4":0.215931122823421,"c5":-0.189312275270664,"c6":-0.893167734269776},"mare":0.00264636321377648,"rmse":0.00205086342762941,"mare_seq":[0.0154271321152123,0.0133195905599432,0.0123901837028592,0.0123781054812032,0.0123649396511079,0.0123451736413819,0.0123451730065137,0.0123440339611514,0.0123440305534751,0.0121835546564956,0.0120729430586984,0.0106927760575457,0.0103102496325019,0.00951114510601543,0.00884463138436527,0.00845923277550769,0.00820706773564234,0.00810564915679518,0.0074927174014699,0.00691346437983635,0.00625545968299773,0.00587707132958904,0.00543786297961827,0.00473712031999634,0.00388838969936194,0.00319980037747567,0.00284644626626101,0.00266159285304932,0.00265132324506133,0.00264705691961825,0.00264636321377648],"convergence":0,"press_dep":false,"press_rng":[1013.25,1013.25]}}
