{"fa_L8_OLI_U_band_9":{"type":"annular","coefficients":{"c1":1,"c2":0.199401405575207,"c3":-0.203809314942475,"c4":0.751237392347053,"c5":-0.780823826546895,"c6":-3.88482483313321},"mare":0.00208476303420528,"rmse":0.00140632759332732,"mare_seq":[0.00985768643775187,0.00985729562180714,0.00985724577011803,0.0098572452361744,0.00985724506913328,0.00985722937107928,0.00985719558847829,0.00985718893158354,0.00982621622521023,0.00840326422019105,0.00827618617896613,0.0074629456019862,0.00709705379465508,0.00651310712264436,0.00644991784826847,0.00553981016132493,0.00512586515744858,0.00454848397694212,0.00368791216127093,0.00329926008094915,0.00287664033260762,0.0026065697239036,0.00257862479225532,0.00245984406528928,0.00240701668015942,0.00211900719419229,0.0021173419371779,0.00209521980283252,0.00209140300783071,0.00208877714798869,0.00208476303420528],"convergence":0,"press_dep":false,"press_rng":[1013.25,1013.25]}}
