{"fa_L8_OLI_C_band_7":{"type":"annular","coefficients":{"c1":1,"c2":0.109721558927435,"c3":-0.213689236523906,"c4":0.598021142385033,"c5":-1.0428380284311,"c6":-5.18421507482098},"mare":0.00218874848443337,"rmse":0.00183120081400393,"mare_seq":[0.0191882532791675,0.0150728893233023,0.0109729741433111,0.010824740480211,0.0104991939707139,0.00971858466900416,0.00969686732489913,0.00969549280765165,0.00969547978365722,0.00969543832329818,0.00969543403357039,0.00969541962251707,0.00969541290756932,0.00930510252524,0.00918964141963459,0.00766684976148475,0.00715203188793419,0.00601087738341513,0.00580343613668654,0.00564141243473824,0.00532326558175699,0.00468435167974534,0.00454802603582599,0.00394962488975923,0.00238281500862557,0.00225879865973112,0.00220155816447557,0.00219895831398021,0.00219435537951162,0.00218921929553756,0.00218874848443337],"convergence":0,"press_dep":false,"press_rng":[1013.25,1013.25]}}
