{"fa_L5_TM_M_band_3":{"type":"annular","coefficients":{"c1":1,"c2":0.140450200869235,"c3":-0.164623013384849,"c4":0.377967060383187,"c5":-6.06520373958565,"c6":-0.870479402883254},"mare":0.00319946273068934,"rmse":0.00253197206141424,"mare_seq":[0.0162257355739095,0.0146945425122498,0.0146930878785065,0.0146928699601974,0.0146928480417608,0.0146928290899599,0.014692820290291,0.014692814503093,0.014692804731405,0.0134940552145361,0.0134338675497312,0.0128373648092667,0.0121477353641212,0.011360261631532,0.011228586160862,0.0101019285566067,0.0100369612132836,0.00935401242897425,0.00926449346560567,0.00857488092667885,0.00736708019405188,0.00711852413303391,0.00650021916139866,0.00419704341301489,0.00354883503854093,0.00350082702215912,0.00334362256586338,0.00327067393282684,0.00320404875289155,0.00320112218450296,0.00319946273068934],"convergence":0,"press_dep":false,"press_rng":[1013.25,1013.25]}}
