{"fa_L9_OLI_C_band_7":{"type":"annular","coefficients":{"c1":1,"c2":0.357079403857615,"c3":-5.19739101510362,"c4":0.170448272279129,"c5":-0.213712484871719,"c6":-1.0437508802699},"mare":0.00218977020872233,"rmse":0.00183465845317454,"mare_seq":[0.012437313646167,0.0106141742134858,0.00970244062470511,0.00969977799822136,0.00969432938055806,0.00969372278581064,0.00969372040125931,0.00969348156892157,0.009693408044215,0.00969340263449363,0.00969338680248624,0.00969338435925381,0.00969337288434389,0.00969337139447322,0.0096933596309153,0.00969335525580756,0.00969334056700638,0.00969333735293606,0.00969272063334045,0.00841447598473121,0.00663230569843209,0.00600820597988802,0.00552329814648521,0.0052707678265642,0.00499016394066787,0.00374221170483553,0.00347267027947763,0.00301579121137144,0.00241238700478508,0.00220330952516835,0.00218977020872233],"convergence":0,"press_dep":false,"press_rng":[1013.25,1013.25]}}
