{"fa_L9_OLI_C_band_1":{"type":"annular","coefficients":{"c1":1,"c2":0.605549064496566,"c3":-0.780987862714977,"c4":0.463228839512428,"c5":-0.163637311413115,"c6":-4.65292480706161},"mare":0.00320333477508612,"rmse":0.0020421202002642,"mare_seq":[0.0160536528727179,0.013831105054385,0.0133472699781219,0.0133472562957822,0.0133472245756487,0.0133470977357277,0.0133470972266735,0.0130900919630906,0.0124370510885429,0.0106298774927593,0.0101293513550105,0.0092027290226299,0.00907981636388543,0.00839050331413232,0.00771306559190422,0.00754821230814556,0.00749933236868041,0.00725239626857301,0.0060536815425753,0.00579663707302191,0.00578469775663972,0.00541878254504295,0.00468508693697193,0.00418775103596102,0.00389081499597819,0.00382723797046294,0.00340759992890314,0.00327433973436012,0.00320557397923267,0.00320401601410353,0.00320333477508612],"convergence":0,"press_dep":false,"press_rng":[1013.25,1013.25]}}
