{"fa_L9_OLI_M_band_7":{"type":"annular","coefficients":{"c1":1,"c2":0.323918597653975,"c3":-4.20682892794365,"c4":0.840165862151809,"c5":-0.912714697928524,"c6":-0.184381710077219},"mare":0.00210913365039227,"rmse":0.00164426242663647,"mare_seq":[0.0407442461278042,0.0407442418475291,0.0100798674146956,0.0100634537819456,0.010063113436007,0.0100630667348961,0.0100629883804121,0.0100629478261867,0.0100629169261466,0.010062887608355,0.0100628798090049,0.0100628795600947,0.0100628777245182,0.0100628770760142,0.0100628761557157,0.0100628730800172,0.0100628586508139,0.00988663192563004,0.00967580599582344,0.00741420409121624,0.00698600282483535,0.00607397441363307,0.00531088123264515,0.00530455456809638,0.00393287652964661,0.00268010509419285,0.00255150752264534,0.00235035390196947,0.00229787992785456,0.00215477413916443,0.00210913365039227],"convergence":0,"press_dep":false,"press_rng":[1013.25,1013.25]}}
