{"fa_L8_OLI_M_band_9":{"type":"annular","coefficients":{"c1":1,"c2":0.554599184254836,"c3":-0.878532095614001,"c4":0.725331686188594,"c5":-4.63970628040927,"c6":-0.166272489357252},"mare":0.00256406773475163,"rmse":0.00195781553646655,"mare_seq":[0.0122142886292807,0.012209367888402,0.0122079303692787,0.0122078791997124,0.0122075782141195,0.0122075155868374,0.0122075090312437,0.0122074286840823,0.0122074221690105,0.0122074117717555,0.0122073678864611,0.0122073524401342,0.0122073478112434,0.0122073460752468,0.0121584137392529,0.0112552046883086,0.00881352946798445,0.00652093625391444,0.00427678496055652,0.0032461302190305,0.00319962059547605,0.0029953298703329,0.00295982901901594,0.00295440195119497,0.00287209286469348,0.00260479427521104,0.00257565566457317,0.00256521202806194,0.00256482277168721,0.00256407606790611,0.00256406773475163],"convergence":0,"press_dep":false,"press_rng":[1013.25,1013.25]}}
