{"fa_L9_OLI_U_band_1":{"type":"annular","coefficients":{"c1":1,"c2":0.596373000467039,"c3":-0.722544599414377,"c4":0.422771971602242,"c5":-0.174845334858027,"c6":-3.02861471066869},"mare":0.00188743434874789,"rmse":0.00119460179612153,"mare_seq":[0.00954333738811504,0.00954328880900327,0.00954313675401563,0.00954312847432197,0.00954306528386911,0.00954303558451508,0.00954297746475637,0.00951809880756407,0.00830167861727052,0.00750492985963685,0.00714657256499909,0.00708042550533165,0.00684175303837383,0.00682879732017585,0.00667441181812534,0.00531927957217184,0.0047576339512963,0.00442506708411217,0.00414872461307826,0.00398351416606559,0.00353022838729025,0.00347631657560923,0.00333445004608526,0.00318934730815929,0.00314496235340405,0.00301883728857214,0.00263684886208651,0.00228386860794787,0.002210045264167,0.00191911444940171,0.00188743434874789],"convergence":0,"press_dep":false,"press_rng":[1013.25,1013.25]}}
