{"fa_L5_TM_M_band_4":{"type":"annular","coefficients":{"c1":1,"c2":0.540321555823769,"c3":-0.877019579163251,"c4":0.705314590392685,"c5":-5.59867765490726,"c6":-0.16413867326561},"mare":0.00301186248676948,"rmse":0.00236301295089336,"mare_seq":[0.0142459000141139,0.0140449253119953,0.0139459304097945,0.013945622402996,0.0139453122709483,0.0139452630387478,0.0139452398467159,0.0139447928683806,0.0139446707447435,0.0131259243599698,0.0131177822940187,0.0126702392589512,0.0110780918956672,0.00962329273947329,0.00918574892383779,0.00874726334078641,0.00856849404919207,0.00711842456563752,0.0062800505503996,0.00570491540222427,0.00550251919128293,0.00500510727886582,0.00362814060068365,0.00352211205180768,0.00333547705364774,0.00328635727415855,0.00307595588146572,0.00302742259010011,0.00301572008629938,0.00301433921993102,0.00301186248676948],"convergence":0,"press_dep":false,"press_rng":[1013.25,1013.25]}}
