{"fa_L7_ETM_U_band_4":{"type":"annular","coefficients":{"c1":1,"c2":0.609591681634218,"c3":-0.72191010730124,"c4":0.524831227540759,"c5":-3.18180978825727,"c6":-0.180153092759471},"mare":0.00192870338679029,"rmse":0.00124642405747804,"mare_seq":[0.00947695365278793,0.00947692860779558,0.0094769116139406,0.00947690773358291,0.00947690748307622,0.00947690269700477,0.00946572347065842,0.00946556667333293,0.00936757939424986,0.00933710623518378,0.00810103426538314,0.00770290719172364,0.00759919471995503,0.00714011744152616,0.00685348196881555,0.00620834459190809,0.00546270440948698,0.00530470148033577,0.00477714656620041,0.00445983724662665,0.00444516860190923,0.00440762783694019,0.00410808863571194,0.00357307991226247,0.00312457895492395,0.00274614027836977,0.00263572413132348,0.0022919853958532,0.00213983185540279,0.0019510390100022,0.00192870338679029],"convergence":0,"press_dep":false,"press_rng":[1013.25,1013.25]}}
