{"fa_L9_OLI_C_band_4":{"type":"annular","coefficients":{"c1":1,"c2":0.601163321152721,"c3":-0.78134667549771,"c4":0.514401428149276,"c5":-5.19460136465099,"c6":-0.165467530688472},"mare":0.00315888973222119,"rmse":0.00212512385846984,"mare_seq":[0.0138742118426596,0.0138727909508162,0.0138697807750639,0.0138691974140175,0.0138691254114812,0.0138691221737492,0.0138652510225297,0.0138568985229218,0.0137169326762867,0.0136621762677737,0.0129029172157343,0.012297384648084,0.0117044620584046,0.0114922792442587,0.0100897903757228,0.0091564497837166,0.00883321263434473,0.00877833949721754,0.00871327955175043,0.00867685780491968,0.00840152328403703,0.00745896364355768,0.00544765845528288,0.00514609044730945,0.00503520366628325,0.00352024474202418,0.00320191825590704,0.00319658466228127,0.00316487775726767,0.00316468996897036,0.00315888973222119],"convergence":0,"press_dep":false,"press_rng":[1013.25,1013.25]}}
