{"fa_L8_OLI_U_band_1":{"type":"annular","coefficients":{"c1":1,"c2":0.172624779417033,"c3":-0.175694251874434,"c4":0.276232211712046,"c5":-3.08329043718824,"c6":-0.727643776398176},"mare":0.00189620314884205,"rmse":0.00122082926765608,"mare_seq":[0.0106312751508921,0.00954174475486718,0.00954090981979645,0.00954066688077243,0.0095406534283835,0.00954061606386596,0.00954060775458849,0.00954051172993471,0.00954050953819536,0.00953904572319187,0.00952450769709012,0.0095104232263668,0.0084369063044424,0.0084179334476793,0.00749096378106188,0.00669421603735537,0.0054716067131382,0.00502321690973226,0.00478122458090947,0.00456987794539043,0.00381569850735742,0.00365383410342256,0.00274371790857626,0.00218445480757846,0.00198407128441891,0.00192502516332612,0.0019078141736863,0.00190166843540069,0.00189991138250826,0.00189771007850791,0.00189620314884205],"convergence":0,"press_dep":false,"press_rng":[1013.25,1013.25]}}
