{"fa_L8_OLI_C_band_2":{"type":"annular","coefficients":{"c1":1,"c2":0.202712680287364,"c3":-5.00873287094722,"c4":0.235487406130085,"c5":-0.164881171348031,"c6":-0.789502412451737},"mare":0.00319459784934678,"rmse":0.00211674518675256,"mare_seq":[0.0136035634987343,0.0135132565234699,0.0134518287464381,0.0134517967427534,0.0134517786055265,0.0134517757476755,0.0134514968588099,0.0134509836694043,0.0134150141111923,0.0127682259929612,0.0120448234364944,0.0103925136253777,0.00998707238175402,0.00911567153196514,0.00838685165950335,0.0083617333779963,0.00833008792654559,0.00825976530848252,0.00764862063605626,0.0072011518413633,0.00675881504606802,0.00553698986578079,0.00501525192717701,0.00495645876658494,0.00424294979438796,0.00324434523640273,0.00322173270202301,0.00320920100871921,0.00319932494480393,0.0031963869863761,0.00319459784934678],"convergence":0,"press_dep":false,"press_rng":[1013.25,1013.25]}}
