{"fa_L9_OLI_C_band_8":{"type":"annular","coefficients":{"c1":1,"c2":0.212216833176471,"c3":-4.77826681090993,"c4":0.761396297991177,"c5":-0.769903642386018,"c6":-0.163158716698826},"mare":0.0031723047678846,"rmse":0.00203277456072835,"mare_seq":[0.0144927601638291,0.0137364751375768,0.0137349227255849,0.0137338922352724,0.0137338901447347,0.013733824153375,0.0133949283230715,0.0133402349371296,0.0133289605353012,0.012470934165378,0.0118083801597487,0.0111519293756497,0.0109483459154272,0.0105164248364176,0.00978979411176866,0.0095107333919125,0.00943273688153413,0.00916981719328161,0.00881542202605183,0.00821158669075457,0.00790866621759009,0.00747725918939347,0.00742211376729076,0.00732689682414323,0.00630890198213366,0.0051484923861966,0.00322240292859958,0.00317748035272342,0.00317449595939912,0.00317268978241245,0.0031723047678846],"convergence":0,"press_dep":false,"press_rng":[1013.25,1013.25]}}
