{"fa_L8_OLI_M_band_2":{"type":"annular","coefficients":{"c1":1,"c2":0.310656113102081,"c3":-7.25499927947954,"c4":0.783813761476101,"c5":-0.895061498001328,"c6":-0.169344778105225},"mare":0.00341269916969435,"rmse":0.00276659949269311,"mare_seq":[0.0182968326729733,0.0171056123922025,0.016612077058188,0.01590343825379,0.0155321880178855,0.0155270583398494,0.0155268806595678,0.0155261321999878,0.0155260419888279,0.0155259971398763,0.0155259676368126,0.0154967660899276,0.0146333363212669,0.0113855276568038,0.0110353834153477,0.0107639122450855,0.0104129586162437,0.0101861262134619,0.00838133352555276,0.00829049289230172,0.00756118191216021,0.00741544468844493,0.00556016284056045,0.00534887932981785,0.0045206228038331,0.00387809567920067,0.00365131207063668,0.00360376671508512,0.00344571799425918,0.00344474512086597,0.00341269916969435],"convergence":0,"press_dep":false,"press_rng":[1013.25,1013.25]}}
