{"fa_L8_OLI_U_band_5":{"type":"annular","coefficients":{"c1":1,"c2":0.610149431676531,"c3":-0.722396171407586,"c4":0.523702282182373,"c5":-3.19968320489072,"c6":-0.181004700613423},"mare":0.00189717005129837,"rmse":0.00121540787300853,"mare_seq":[0.0508510939069422,0.00952082261851167,0.00952075468164783,0.00952075004823864,0.00952073148219554,0.00952072432037168,0.00952072169463206,0.0095151404912126,0.00863413124935644,0.00838149944284784,0.00790711323435298,0.00639142892657034,0.00559590301967461,0.00554507455967771,0.00544384221176517,0.00508792817220013,0.00495218178477203,0.00489450094080687,0.00402946529120577,0.00370510573475766,0.00303504381082055,0.00225928949710243,0.00208457302942176,0.00198087945222016,0.00196375323760879,0.00194518244258776,0.00192529868831911,0.00190953796877845,0.00190380485488464,0.00189838327418007,0.00189717005129837],"convergence":0,"press_dep":false,"press_rng":[1013.25,1013.25]}}
