{"fa_L7_ETM_M_band_3":{"type":"annular","coefficients":{"c1":1,"c2":0.324026583330019,"c3":-6.04790389038114,"c4":0.793266777917891,"c5":-0.870889489628194,"c6":-0.163778698027697},"mare":0.00318063480996618,"rmse":0.00250289866773189,"mare_seq":[0.0290293311564167,0.0166535836480553,0.014704238736382,0.0147008344420967,0.0147006869895558,0.0147004366068158,0.0147003848051515,0.0147003845192524,0.0147003150435132,0.0147003149349021,0.0147003112170476,0.0147002993030807,0.0139554053346926,0.0121051885778079,0.0115694134226344,0.0112076333639852,0.0110077138895885,0.0109475448888226,0.00991624702945718,0.0099025336951815,0.00913146034588206,0.00904068919084388,0.00805395513651263,0.00687213278871012,0.00367892970392179,0.00360212080893669,0.00325386543519097,0.00321712129489063,0.00320569945707253,0.00318090845488722,0.00318063480996618],"convergence":0,"press_dep":false,"press_rng":[1013.25,1013.25]}}
