{"fa_L7_ETM_M_band_1":{"type":"annular","coefficients":{"c1":1,"c2":0.315879054091732,"c3":-7.14003947407983,"c4":0.213859663515856,"c5":-0.166643543556578,"c6":-0.883559560129829},"mare":0.00341928894457553,"rmse":0.00279132792547196,"mare_seq":[0.0155395480145285,0.0155374179289778,0.0155372174254414,0.0155371528999335,0.0155371093224983,0.0155370063046075,0.0155367463322883,0.0155365391985531,0.015536530451533,0.0155365291606321,0.0155365280677969,0.0154486603380373,0.0152794042105334,0.0131721782115832,0.0127345714434021,0.0116497784055382,0.0104999165250098,0.007745827958676,0.00758001453915676,0.006883968145598,0.00621531286705392,0.00473902063490173,0.00452207055450367,0.0044139968167712,0.00405714028564168,0.00359984016541263,0.00356276776479106,0.00346264300673854,0.00342874288100891,0.00342742660936128,0.00341928894457553],"convergence":0,"press_dep":false,"press_rng":[1013.25,1013.25]}}
