{"fa_L9_OLI_M_band_6":{"type":"annular","coefficients":{"c1":1,"c2":0.321991636630894,"c3":-4.41179601673342,"c4":0.82607495107883,"c5":-0.881492160433136,"c6":-0.167839986444907},"mare":0.0024231886938541,"rmse":0.00185156312911867,"mare_seq":[0.0116123795124999,0.0116122183178956,0.0116118636166968,0.0116118049007322,0.0116118048356242,0.0116117920429939,0.0116117799853893,0.0116117410776673,0.0116117405597903,0.0116015467718446,0.0113049093830934,0.0100271289300068,0.00962294551808254,0.00856402773027056,0.00819603324999476,0.00700256266943355,0.0067979442177204,0.00552600683414962,0.00503488700753971,0.00428385261857383,0.00425554826224012,0.00381091497925451,0.00358095130011052,0.00309593302728214,0.00275251855290361,0.00259459900736874,0.00253213961109963,0.00242639716272954,0.00242626712921991,0.0024237547815006,0.0024231886938541],"convergence":0,"press_dep":false,"press_rng":[1013.25,1013.25]}}
