{"fa_L7_ETM_U_band_2":{"type":"annular","coefficients":{"c1":1,"c2":0.218055535552621,"c3":-3.09138814902025,"c4":0.772516743145054,"c5":-0.722985776913111,"c6":-0.176177961747055},"mare":0.0018848745598739,"rmse":0.00123595636703393,"mare_seq":[0.00973419005625634,0.00945612564713819,0.00944538776545106,0.00944505151350319,0.00944487310180786,0.00944484905214032,0.00944483904196286,0.00943091016318662,0.00928368079494954,0.00912564488399814,0.00908311506223713,0.00797333428271101,0.00748675206396777,0.00693271534561465,0.0065870203353437,0.00579472986094962,0.00561203781273482,0.00501783881693816,0.00490794125399063,0.00420063722995539,0.00358000716712447,0.00271555006858045,0.00215534295846797,0.00202262788923623,0.00192145509173882,0.00191961799914102,0.00190726197863705,0.00189755822443547,0.00189008669009608,0.00188507787152633,0.0018848745598739],"convergence":0,"press_dep":false,"press_rng":[1013.25,1013.25]}}
