{"fa_L7_ETM_C_band_6":{"type":"annular","coefficients":{"c1":1,"c2":0.35245743389433,"c3":-5.22474014361447,"c4":0.171434896658976,"c5":-0.214561922059812,"c6":-1.05343738965654},"mare":0.002189793441708,"rmse":0.0018064389057977,"mare_seq":[0.0168257607985386,0.0135224836418059,0.0118945567375647,0.01085421510238,0.00973758194491551,0.00971392152567263,0.0097126432894917,0.00971236346275195,0.00971214427085024,0.00971212798040295,0.00971211109974418,0.00971210846955454,0.0097121043618277,0.00971210021711253,0.0097120892147282,0.00971204680941097,0.00962340287751587,0.00949418126238533,0.00794705371017106,0.00757330398103915,0.00672922453333748,0.00496153857819743,0.0048585985285469,0.00425938599686877,0.0039116297102131,0.00365176530979664,0.00274517494836533,0.00253790500596915,0.00219804764107214,0.00218989801305606,0.002189793441708],"convergence":0,"press_dep":false,"press_rng":[1013.25,1013.25]}}
