{"fa_L9_OLI_C_band_5":{"type":"annular","coefficients":{"c1":1,"c2":0.584156018041746,"c3":-0.784631730420672,"c4":0.534422884930438,"c5":-5.34390872968836,"c6":-0.168387845767706},"mare":0.00307955780690605,"rmse":0.00210860327831659,"mare_seq":[0.0142873106383572,0.0142696654781725,0.0142695736609972,0.0142693683771626,0.0142692602078336,0.0142692517367506,0.0142692252650477,0.0142692152615299,0.0142692071328801,0.014269206483551,0.014248875086299,0.0119107295936505,0.0111419273948072,0.0110379952124308,0.0109697811926514,0.00994548867497308,0.00967185668916766,0.00955424778985182,0.00908001207435668,0.00819945829650248,0.00803185830071924,0.0076959019089626,0.00703266599528648,0.00680170803483846,0.00657035223222472,0.00612383069881027,0.00549586674814002,0.0032518420610906,0.00309251236542246,0.00309085423472228,0.00307955780690605],"convergence":0,"press_dep":false,"press_rng":[1013.25,1013.25]}}
