{"fa_L7_ETM_C_band_4":{"type":"annular","coefficients":{"c1":1,"c2":0.588876963726359,"c3":-0.784729607504855,"c4":0.529258002491355,"c5":-5.36871759084888,"c6":-0.167209409496226},"mare":0.00310951374597084,"rmse":0.00211812888152122,"mare_seq":[0.0142400445133942,0.0142400428223893,0.0142400063601861,0.0142399998269846,0.014151877497029,0.0133316461932801,0.0119839813292633,0.010271288397847,0.010156530709486,0.0101446181385111,0.00912022227312476,0.0088107365788011,0.00858334661872525,0.00843837783674957,0.00783635975014659,0.0074179453987321,0.00679672830291316,0.00559175260351538,0.0053925861921885,0.00497357216413297,0.00488902717939808,0.00467295686233509,0.00366977725987788,0.00320091062739899,0.00313079973630337,0.00311594265630873,0.00311232631341387,0.00311134793485623,0.00311091288057593,0.00311002514959293,0.00310951374597084],"convergence":0,"press_dep":false,"press_rng":[1013.25,1013.25]}}
