{"fa_L7_ETM_U_band_6":{"type":"annular","coefficients":{"c1":1,"c2":0.250717240229635,"c3":-4.77952487298399,"c4":0.250861689856694,"c5":-0.239177387738845,"c6":-0.915164561584662},"mare":0.00203508703226245,"rmse":0.00150387385369078,"mare_seq":[0.0117063980395639,0.0116307486105676,0.0108297066166226,0.00960935561981272,0.00953675276185182,0.00953623865938899,0.00953618361977014,0.0095361298720129,0.00953608192427066,0.00953607424337114,0.00953603259469625,0.00953600600739865,0.00953600228942515,0.00953598516752031,0.00920466900475345,0.00919545505590476,0.00884809148158719,0.00865707397129889,0.00838739114334651,0.00605914555639809,0.00425926178108432,0.0040439560013359,0.00333743215129283,0.00330961587944906,0.00247070374885798,0.00229037357221501,0.00215035835301037,0.00207610498209045,0.00207243740544078,0.00206576108856542,0.00203508703226245],"convergence":0,"press_dep":false,"press_rng":[1013.25,1013.25]}}
