{"fa_L7_ETM_M_band_7":{"type":"annular","coefficients":{"c1":1,"c2":0.535978027508735,"c3":-0.870512932995917,"c4":0.702974952093894,"c5":-5.86922826233995,"c6":-0.163313251100282},"mare":0.00316160684142697,"rmse":0.0024827623021234,"mare_seq":[0.0157562247822375,0.0156533074056981,0.0144739817586905,0.0144691531493878,0.0144691126171843,0.0144681297372897,0.0144663044879226,0.0144662658367766,0.0144662213500692,0.0144660859467886,0.0144660844724025,0.0144660176425404,0.014465997202858,0.0144659385031323,0.0139332581968898,0.013487338407594,0.0130290827823404,0.0128866393637635,0.0124535173954877,0.0118221879557403,0.0111073609720409,0.00822004619159009,0.0081744540206964,0.00711018607937443,0.00679422445211171,0.00588079185906902,0.00567827093750321,0.00336650244655898,0.00322348363375678,0.00317990232789101,0.00316160684142697],"convergence":0,"press_dep":false,"press_rng":[1013.25,1013.25]}}
