{"fa_L8_OLI_M_band_3":{"type":"annular","coefficients":{"c1":1,"c2":0.144477302050992,"c3":-0.166462631845304,"c4":0.371629105046397,"c5":-6.73338231439251,"c6":-0.88149066357039},"mare":0.0033083839166252,"rmse":0.0027075018495311,"mare_seq":[0.0166962819545625,0.015719613965699,0.0151115576789122,0.0151115398091308,0.0151115364388016,0.0151114979760663,0.0151114789297823,0.0151114094462794,0.0151114025988829,0.0151113982979284,0.0151098006741596,0.0150902285675754,0.0149807591780672,0.0145293838677448,0.0145249726448098,0.0138377572568719,0.0133828402359048,0.0115313529746138,0.0111077611630086,0.00963665127033265,0.00943838885716169,0.00795265718709416,0.0057165918166426,0.0045901357435725,0.00451125675622203,0.00364863596646726,0.00341108327284362,0.00331349757530916,0.00331259070480301,0.00330893426460519,0.0033083839166252],"convergence":0,"press_dep":false,"press_rng":[1013.25,1013.25]}}
