{"fa_L9_OLI_M_band_2":{"type":"annular","coefficients":{"c1":1,"c2":0.314470673943967,"c3":-7.16178157913159,"c4":0.784618900328508,"c5":-0.889014227472308,"c6":-0.167913521015636},"mare":0.0034191287648094,"rmse":0.00277782449266244,"mare_seq":[0.0172516287601835,0.0169413536316497,0.0155501708381396,0.0155150628032156,0.0155146327503982,0.015514462640266,0.0155144351727706,0.0151290830946443,0.0150832208603808,0.0150680041030521,0.0143268015820061,0.0139673388346488,0.0119837472173965,0.0106811135112,0.0101342158449821,0.00870846466105095,0.00810159261915443,0.00809707303691475,0.00794354020670241,0.00748730668685411,0.00625293843906021,0.00558422620752183,0.00523426701634593,0.00500566463874983,0.00483211280287951,0.00362659846756276,0.00357894331075469,0.00342993898534749,0.00342783428398232,0.0034191619137463,0.0034191287648094],"convergence":0,"press_dep":false,"press_rng":[1013.25,1013.25]}}
