{"fa_L5_TM_M_band_5":{"type":"annular","coefficients":{"c1":1,"c2":0.325132164726841,"c3":-4.3361908972298,"c4":0.171347951944732,"c5":-0.167253089077185,"c6":-0.872708255885329},"mare":0.00237852019685587,"rmse":0.0018461716401107,"mare_seq":[0.0315695670766122,0.0114835683791099,0.0114710157087004,0.0114701304029736,0.0114696765892354,0.0114695317110597,0.0114694042603089,0.0114693911266962,0.0114693764729596,0.0114693497841286,0.0114693249476972,0.0114693132474278,0.0114693073097181,0.0114692960966952,0.0114692864089107,0.0114692843441036,0.00883700288299318,0.00878455858827239,0.00676359409558563,0.00598283914442433,0.00582531016587959,0.0052213448681371,0.00500677088616438,0.00406617782698657,0.00327919938974908,0.00291600822094877,0.00260861367079271,0.00242170531730097,0.00240083456672049,0.00239668871897218,0.00237852019685587],"convergence":0,"press_dep":false,"press_rng":[1013.25,1013.25]}}
