{"fa_L8_OLI_M_band_5":{"type":"annular","coefficients":{"c1":1,"c2":0.324540168288953,"c3":-5.54471235665159,"c4":0.801605722138309,"c5":-0.874497083735969,"c6":-0.163647841315387},"mare":0.00299054630168596,"rmse":0.00236554774441011,"mare_seq":[0.0138437914335807,0.0138437009265477,0.0138430741605936,0.0138430654535264,0.0138430463877719,0.0138430462319968,0.0138430411278043,0.0104831553612065,0.0101114983590745,0.0101005425459548,0.00990897909411015,0.00959994844710456,0.00950709285639876,0.00946610986972991,0.00776976378373333,0.00693085006867118,0.00675839628416404,0.00605074336101763,0.00599828448308502,0.0059049450346905,0.00507892681557128,0.00463523875047556,0.00395780609624806,0.00305837138378149,0.00304471036863708,0.00300715655523783,0.00299927144766937,0.00299172428841645,0.00299078638341333,0.00299065116367499,0.00299054630168596],"convergence":0,"press_dep":false,"press_rng":[1013.25,1013.25]}}
