{"fa_L8_OLI_C_band_5":{"type":"annular","coefficients":{"c1":1,"c2":0.22122125627286,"c3":-5.36914268526375,"c4":0.751926382303124,"c5":-0.784300948855265,"c6":-0.168215801017818},"mare":0.00309273394020045,"rmse":0.00212728603210951,"mare_seq":[0.0224933258077403,0.0143224591899239,0.0142960762799392,0.0142421908888493,0.0142421680221325,0.0142421564335815,0.0142421478675405,0.0142421383949614,0.0142421094595149,0.0142421066594352,0.014242105436697,0.0142421042390148,0.0142420893621625,0.0129045572029156,0.0124303659427775,0.0116958020169537,0.00970444932155694,0.00967235393659261,0.0078943603619175,0.00767610783801882,0.00523663950142092,0.00514741340908368,0.00400136614909791,0.00374632230353519,0.0034842221121873,0.00337203022632477,0.0032504044823618,0.0031506929088749,0.00310071459875127,0.00309381117197406,0.00309273394020045],"convergence":0,"press_dep":false,"press_rng":[1013.25,1013.25]}}
