{"fa_L8_OLI_M_band_4":{"type":"annular","coefficients":{"c1":1,"c2":0.323732725126211,"c3":-6.07625469545992,"c4":0.792545365652747,"c5":-0.872352521956816,"c6":-0.164230021482852},"mare":0.0031951400411398,"rmse":0.00251467961062577,"mare_seq":[0.0147142658722603,0.0147129534915832,0.0147123053924741,0.0147119276274282,0.0147113528581,0.0147111107715574,0.0147106293211344,0.0147104766356445,0.0147104697246478,0.0147104313134325,0.0147103951283887,0.0147103933643349,0.0147103913565439,0.0144049148236259,0.0139950189659656,0.0127663907270732,0.011489967788108,0.0112126105444377,0.0109442632711021,0.0100263538869737,0.00940333335539513,0.00903474900595541,0.00849444937003205,0.00795200475445956,0.00718434003865342,0.00654720875106986,0.00376424199211165,0.00346567575453132,0.00320400806490146,0.0032032865605375,0.0031951400411398],"convergence":0,"press_dep":false,"press_rng":[1013.25,1013.25]}}
