{"fa_L9_OLI_C_band_9":{"type":"annular","coefficients":{"c1":1,"c2":0.171157736335912,"c3":-0.178351043544573,"c4":0.666161084310038,"c5":-0.831945675179402,"c6":-5.38945573910818},"mare":0.00285226273178579,"rmse":0.00211890109640508,"mare_seq":[0.01356690717073,0.0135669047510172,0.0135668757107539,0.0135662579600849,0.0135644991740689,0.013564415247119,0.0135644097935584,0.0135643391373716,0.0135643237798406,0.0135632656302512,0.013536351134254,0.0134813820759064,0.0132185336072026,0.0124452455006603,0.0118162782399629,0.0114350591229404,0.0103075954347898,0.00986100826240367,0.00955085989827563,0.00863116049281513,0.00794460973714121,0.00744976907053546,0.00608173308283192,0.00331720330236813,0.00297728557846859,0.00286562134354854,0.00285454794889883,0.00285318304195804,0.00285304965853868,0.00285233612903686,0.00285226273178579],"convergence":0,"press_dep":false,"press_rng":[1013.25,1013.25]}}
