{"fa_L9_OLI_M_band_3":{"type":"annular","coefficients":{"c1":1,"c2":0.316575883296468,"c3":-6.75915145003682,"c4":0.788391030663583,"c5":-0.884483847868905,"c6":-0.1667094915835},"mare":0.0033131142982247,"rmse":0.00270124850048232,"mare_seq":[0.0205046209035412,0.0158591563931964,0.0158146999969972,0.0152235449950516,0.0151261532561565,0.0151210890032825,0.0151210355128111,0.0151210303571688,0.0151208575511271,0.0151208197518322,0.0151206268818054,0.0147298394341639,0.0145812818862201,0.0136257130760289,0.0121113790577203,0.0119972740976492,0.0110284358304476,0.0109414561994921,0.00963721905860957,0.00916150548771548,0.00903763203378638,0.00815142690994618,0.0066161077440327,0.0048185264377652,0.00426052622433159,0.00348363789248079,0.00344941300753405,0.00336919627189996,0.00332107521934871,0.00331625626379759,0.0033131142982247],"convergence":0,"press_dep":false,"press_rng":[1013.25,1013.25]}}
