{"fa_L7_ETM_M_band_6":{"type":"annular","coefficients":{"c1":1,"c2":0.322222760183652,"c3":-4.21675143736931,"c4":0.838881198164077,"c5":-0.914130160394572,"c6":-0.184619297314912},"mare":0.00209279824031491,"rmse":0.00162585535781781,"mare_seq":[0.0409648155357858,0.0103609390430772,0.0103163234719275,0.010134184914871,0.0101179554262221,0.0101128766601882,0.0101125938369678,0.0101125809517784,0.0101125566328312,0.0101125291052012,0.0101125179801181,0.0101125159279514,0.0101125054461377,0.0101124979304783,0.0101124490509137,0.0101110569837913,0.0101000991544025,0.010009888577354,0.00937414605064008,0.00764304933235731,0.00717320773597826,0.00696372623307263,0.00503672142990652,0.00471706686569432,0.00250556875802604,0.00218795486006161,0.00216726519728271,0.00211488574000092,0.00209502789945862,0.00209280766858997,0.00209279824031491],"convergence":0,"press_dep":false,"press_rng":[1013.25,1013.25]}}
