{"fa_L5_TM_M_band_2":{"type":"annular","coefficients":{"c1":1,"c2":0.144342364911955,"c3":-0.166210303895078,"c4":0.629143662017176,"c5":-0.883217404229437,"c6":-6.71490056874858},"mare":0.00329108425104065,"rmse":0.00268580707785253,"mare_seq":[0.0171428212026143,0.0164491561638645,0.0152525108270967,0.0151362981956607,0.0151077284581395,0.0151036318859731,0.0151020751884226,0.0151018614140947,0.0151018430793339,0.0151018199640821,0.015100393454958,0.0139966362652835,0.0130665434985659,0.012605365131509,0.0119471343225192,0.0111779272015058,0.0108694276809958,0.010274216755609,0.0098192266578082,0.00931759963241521,0.00883959713392092,0.00804151025976193,0.00773993500046195,0.00731729447945769,0.00688709375682595,0.00339437238876067,0.00339045172501723,0.00336153449804323,0.00334128944184097,0.00329170439584032,0.00329108425104065],"convergence":0,"press_dep":false,"press_rng":[1013.25,1013.25]}}
