{"fa_L8_OLI_C_band_9":{"type":"annular","coefficients":{"c1":1,"c2":0.296566719990095,"c3":-4.97064233021455,"c4":0.779110066027412,"c5":-0.794420484190704,"c6":-0.169816677912476},"mare":0.002879229775889,"rmse":0.00212026770770701,"mare_seq":[0.0134465264985824,0.0134460483644676,0.0134448422425266,0.0134447251811678,0.0134446564233218,0.0134446381870095,0.0134445812568564,0.0134445634205317,0.0134445521395421,0.0134445108125763,0.0121783769310794,0.0110557402758779,0.00974973386011322,0.00822646348609897,0.00766374222927398,0.0076271403360729,0.0076157331137993,0.00724405352345253,0.00721126784737129,0.0066572332439062,0.00659704887103637,0.0064062884475641,0.00632839771117932,0.00617853969299604,0.00610976476008752,0.00586383265468374,0.00388507726740596,0.00378800425898603,0.00375122185753179,0.00320373067374176,0.002879229775889],"convergence":0,"press_dep":false,"press_rng":[1013.25,1013.25]}}
