{"fa_L9_OLI_U_band_4":{"type":"annular","coefficients":{"c1":1,"c2":0.22862799843655,"c3":-2.90212950996983,"c4":0.22385703475741,"c5":-0.171906945762356,"c6":-0.697691455732049},"mare":0.00189095907031369,"rmse":0.00114652626959448,"mare_seq":[0.051386323089193,0.0108094758536273,0.00948601804876945,0.00948595175740133,0.00948581051454549,0.0094853587048662,0.00948534768484206,0.00948533617588081,0.00937315109233671,0.00863282932120356,0.00842935138574456,0.00825594607657286,0.00752401933014938,0.00668092295590906,0.00621586959817674,0.00510880640165095,0.00447957171999272,0.0035674184237949,0.00335812685844787,0.00316906096322625,0.00256250979765148,0.00242432311897161,0.00210936746460595,0.00210788522173681,0.0020200438262817,0.00201127483180614,0.00191555726982726,0.00191165828775828,0.00190856147122135,0.0018983153054021,0.00189095907031369],"convergence":0,"press_dep":false,"press_rng":[1013.25,1013.25]}}
