{"fa_L8_OLI_C_band_3":{"type":"annular","coefficients":{"c1":1,"c2":0.189780741674256,"c3":-0.164553816049279,"c4":0.748452556786631,"c5":-0.782811978950086,"c6":-5.06747707245355},"mare":0.00316619346589762,"rmse":0.00210568011818186,"mare_seq":[0.0136534308005583,0.0136473044639183,0.0136471536052064,0.0136471390038578,0.0136471275553811,0.0136470886937258,0.0136356480181587,0.0135928639889343,0.0135341273319735,0.0119269641883928,0.0107161580952009,0.01038039181742,0.00997139228053764,0.0089062452632742,0.00878215738612853,0.00855610892297829,0.00835759227223774,0.00827573288379743,0.00821147506091677,0.00723743936760819,0.00658388093133696,0.00563174191604635,0.00357435589789885,0.00353268015454685,0.00346042007904738,0.00340792887255981,0.00335113500443236,0.00317108001783238,0.00317009748631209,0.00316923078101358,0.00316619346589762],"convergence":0,"press_dep":false,"press_rng":[1013.25,1013.25]}}
