{"fa_L8_OLI_U_band_7":{"type":"annular","coefficients":{"c1":1,"c2":0.56099071561922,"c3":-0.911541400499441,"c4":0.57344862140773,"c5":-4.77531580038231,"c6":-0.238498587977978},"mare":0.00202345819772585,"rmse":0.00150137094537527,"mare_seq":[0.0124681301108528,0.00956840555506232,0.00954627720131598,0.00954611333758587,0.00954609985363635,0.0095460921857214,0.00944947068459077,0.00909944965033106,0.00754694218218021,0.00748284658839072,0.00746338820734594,0.0063664287049374,0.00614447060764286,0.00588881474719143,0.0047362749434455,0.00408564709521915,0.00352506350444287,0.00272357543977496,0.00269006174972676,0.0023622405952013,0.00234689044952479,0.00232082287200141,0.00212342145345691,0.00212134084618973,0.0020514242767015,0.00202558472995576,0.00202517004841473,0.00202475531353077,0.00202398389001787,0.00202358952220443,0.00202345819772585],"convergence":0,"press_dep":false,"press_rng":[1013.25,1013.25]}}
