{"fa_L7_ETM_U_band_5":{"type":"annular","coefficients":{"c1":1,"c2":0.215725034554674,"c3":-4.16768072174325,"c4":0.753976042029562,"c5":-0.81638619907193,"c6":-0.216901228123567},"mare":0.00205996816076921,"rmse":0.00138855646083145,"mare_seq":[0.0468461845100638,0.00985572658342997,0.0098555909366496,0.00985552390015439,0.00985551865296841,0.00985551427313407,0.00985546589428354,0.00985544724122833,0.00985543709967136,0.0098554362498636,0.00983622178815427,0.00905356072706697,0.00836253033915933,0.0056198077261104,0.00524179892704175,0.00478134856268666,0.00426581610455875,0.00358598918625099,0.00314895048034077,0.00275600945711452,0.00255620129871173,0.00251739068998135,0.00242221154518817,0.00234048996767109,0.00216079451481785,0.00211128887195006,0.00209937872849769,0.00206221497593329,0.0020607302803288,0.00206037570580324,0.00205996816076921],"convergence":0,"press_dep":false,"press_rng":[1013.25,1013.25]}}
