{"fa_L8_OLI_C_band_4":{"type":"annular","coefficients":{"c1":1,"c2":0.210333354737111,"c3":-5.00158024099911,"c4":0.241638673694035,"c5":-0.163826420807854,"c6":-0.772222008078639},"mare":0.00316726410340612,"rmse":0.00207730267295356,"mare_seq":[0.0154742019651969,0.0154660526184077,0.0139609984177799,0.0138976756829477,0.0138976697249709,0.0138976163721805,0.0138976125172795,0.0138976103869541,0.0137368782592871,0.01368510675325,0.013657121643954,0.0135361951835634,0.0123870152409901,0.0116168042551164,0.0113922501095098,0.0109276143545779,0.00950624794116224,0.00947633799526625,0.00814770531234931,0.0074949768722376,0.0067783341831617,0.0058178768196975,0.00556994055829681,0.00426163322951446,0.00414212736050026,0.00413724022593513,0.00351903387223119,0.00348523222641287,0.00345179124136915,0.00317223328457171,0.00316726410340612],"convergence":0,"press_dep":false,"press_rng":[1013.25,1013.25]}}
