{"fa_L9_OLI_M_band_5":{"type":"annular","coefficients":{"c1":1,"c2":0.323610157630137,"c3":-5.55375347465409,"c4":0.199359776863727,"c5":-0.164340461892406,"c6":-0.877958845049979},"mare":0.00297844337358731,"rmse":0.00234309716650829,"mare_seq":[0.0284087309797614,0.0138423635717583,0.0138376743294399,0.0138374584180671,0.0138370690873931,0.0138369119310842,0.0138368347997747,0.0138368309780107,0.013836824257046,0.0138368232222015,0.0138368222192415,0.0138368154644414,0.0138367940138127,0.0138367741619304,0.0138367694194145,0.0129681123980827,0.0121986262838798,0.0115643023947201,0.0108103091607856,0.00996673517640632,0.00933171250898542,0.00904056956097688,0.00720549111270074,0.00552429677305941,0.00406603303467099,0.00382271215217128,0.00311039523097989,0.00302440609457337,0.00300338778005773,0.00299417663699625,0.00297844337358731],"convergence":0,"press_dep":false,"press_rng":[1013.25,1013.25]}}
