{"fa_L5_TM_C_band_3":{"type":"annular","coefficients":{"c1":1,"c2":0.207097840786732,"c3":-5.1640140338489,"c4":0.756628703966623,"c5":-0.77899190741805,"c6":-0.164977985487281},"mare":0.00315992633461291,"rmse":0.00211659169546551,"mare_seq":[0.0142636331572241,0.0139145831211705,0.0139020957517283,0.0139019083181493,0.0139019075743208,0.0139018773381619,0.0137705612610789,0.0136682646980716,0.0136020421879706,0.0131571557366158,0.0108458776414922,0.0100133734920113,0.00945787237612605,0.00880303672893935,0.00879028798213457,0.0086654673135984,0.00798014971702463,0.00742082942979428,0.0073056308650438,0.00719803250182638,0.00655804534438429,0.00557825360134584,0.00403918218682989,0.00402902049278956,0.0033402808388085,0.00319408010465522,0.0031749255694628,0.00316503687828307,0.0031650111782211,0.00316073399424365,0.00315992633461291],"convergence":0,"press_dep":false,"press_rng":[1013.25,1013.25]}}
