{"fa_L8_OLI_U_band_4":{"type":"annular","coefficients":{"c1":1,"c2":0.603445751471852,"c3":-0.709841422189797,"c4":0.552642797904509,"c5":-3.00250814463506,"c6":-0.174752293907225},"mare":0.0018902091374518,"rmse":0.00118008518493505,"mare_seq":[0.00960881697010799,0.00949674148297952,0.0094735069068711,0.00947350651745048,0.00947274680863793,0.00947271966776933,0.00947271865132189,0.00947270962430542,0.0094726481797668,0.00946976104818232,0.00946605145771023,0.00941109076307232,0.00928670442709358,0.00755690939114591,0.00733251277195652,0.00614282281563616,0.00549704704611663,0.00533097697696847,0.00471383001342124,0.00454116416905064,0.00395554812473773,0.00348468927756721,0.00316781744541803,0.00284513849495954,0.00224495776180149,0.00217787195058964,0.00207713130444859,0.00195602068760711,0.00191589794310031,0.00189266616813457,0.0018902091374518],"convergence":0,"press_dep":false,"press_rng":[1013.25,1013.25]}}
