{"fa_L8_OLI_M_band_1":{"type":"annular","coefficients":{"c1":1,"c2":0.145056274534434,"c3":-0.166066106559724,"c4":0.62605766077328,"c5":-0.876822061114865,"c6":-7.2165535523806},"mare":0.0034772187930223,"rmse":0.0028594146585822,"mare_seq":[0.0584672214525399,0.0224697944963947,0.0173848161143734,0.0158680170424325,0.0156821400202467,0.015680745351469,0.015680123229134,0.0156800184528034,0.0156799528656353,0.0156799274899044,0.0156799170513286,0.015679900407346,0.015679893620935,0.0156798854434252,0.0156798625968008,0.0138459348121672,0.0133368554742669,0.0121227136195012,0.0100360317326111,0.00961609673001477,0.00952938692401835,0.00949240457051373,0.00855398785240987,0.00838427880350254,0.00827046738265037,0.00771938148450377,0.00733112545050457,0.00678554812274179,0.00605856690900354,0.0036545133450055,0.0034772187930223],"convergence":0,"press_dep":false,"press_rng":[1013.25,1013.25]}}
