{"fa_L5_TM_C_band_4":{"type":"annular","coefficients":{"c1":1,"c2":0.218562653454087,"c3":-5.36459320438041,"c4":0.752716539463622,"c5":-0.783973954318125,"c6":-0.167406081111216},"mare":0.00310462790873324,"rmse":0.00213004241417556,"mare_seq":[0.014230480904753,0.0142304742091872,0.0142304635105486,0.0142304447863343,0.0142304250937591,0.0138719869691622,0.0122874769199939,0.0116952723690997,0.0116616289095484,0.0102837909306275,0.00940498470841262,0.00916527890940077,0.00826623705164591,0.00800685593780933,0.00730548260493767,0.00699989809988055,0.00692740673817533,0.00689621992627216,0.00663166339303393,0.0065580213309445,0.00565421808042444,0.00557343206146883,0.00452851189742709,0.00440957110842545,0.00420015912895516,0.00347197983608177,0.00322365339242779,0.00315284520656254,0.00315082477476596,0.00311774552703334,0.00310462790873324],"convergence":0,"press_dep":false,"press_rng":[1013.25,1013.25]}}
