{"fa_L9_OLI_M_band_4":{"type":"annular","coefficients":{"c1":1,"c2":0.140479295604332,"c3":-0.164439328362293,"c4":0.376894707262432,"c5":-6.06903682021042,"c6":-0.872360458621771},"mare":0.00319990348361027,"rmse":0.00251245635735046,"mare_seq":[0.837088619638005,0.0147483209117404,0.0147320799258923,0.014728636303148,0.0147284112084277,0.0147284085666141,0.014728388301091,0.0147282879745916,0.0147282555916508,0.0147282299399513,0.014564559297638,0.0145576636898995,0.0141659297846944,0.0135018080221458,0.011555794338307,0.0112774420036575,0.0112287438578524,0.0104503477557246,0.01035817341914,0.0100642700472287,0.00992632011992067,0.00884251229223638,0.00812639737174261,0.00812605974925425,0.0070175543347535,0.00428102189611197,0.00359703910571791,0.00351138435405982,0.00320543955347066,0.00320128611223435,0.00319990348361027],"convergence":0,"press_dep":false,"press_rng":[1013.25,1013.25]}}
