{"fa_L8_OLI_C_band_1":{"type":"annular","coefficients":{"c1":1,"c2":0.212556943990454,"c3":-4.64697672081445,"c4":0.768896479707492,"c5":-0.778936268264711,"c6":-0.163358027539812},"mare":0.00320719832846498,"rmse":0.00205318583617099,"mare_seq":[0.0134256585769912,0.0133525287209582,0.013352448491585,0.0133523071532783,0.0133522814202574,0.0133522524580846,0.0133522507986294,0.0112125573930772,0.0106969908952624,0.010677532201376,0.00898317522144045,0.00881877012494711,0.0073729970420946,0.00690770415800323,0.00639497014174149,0.00588894395658146,0.00539840248631417,0.00529279516064757,0.00525975840304806,0.00471690399146074,0.00417463694649957,0.00402470975098402,0.00361592460701546,0.00353665627612339,0.00344417461133978,0.003240475966394,0.00321854652630396,0.00321041387463887,0.00320751035174489,0.00320725880520259,0.00320719832846498],"convergence":0,"press_dep":false,"press_rng":[1013.25,1013.25]}}
