{"fa_L5_TM_U_band_1":{"type":"annular","coefficients":{"c1":1,"c2":0.598485042174277,"c3":-0.720137524222342,"c4":0.429979114623443,"c5":-0.174676854974877,"c6":-3.01969484295177},"mare":0.00187878195435655,"rmse":0.00119478378033858,"mare_seq":[0.00954172963241366,0.00951511320808926,0.00948038876909696,0.00948038440465898,0.00948037511055685,0.00948037252768484,0.00922471831096046,0.00908235508339771,0.00804638347760113,0.00798472124602979,0.00593658078786936,0.00554694652410566,0.0052729653163103,0.00499132215206209,0.00477440561250606,0.00458487436966227,0.00455807223041809,0.00430836246599692,0.00406472024553705,0.00387122786466812,0.00293534672362998,0.00276820583173706,0.00258750182735726,0.002551229409203,0.00221023094392957,0.00212529555644755,0.00203704407121813,0.00202313375599848,0.00187956764485913,0.00187880334330848,0.00187878195435655],"convergence":0,"press_dep":false,"press_rng":[1013.25,1013.25]}}
