{"fa_L8_OLI_M_band_6":{"type":"annular","coefficients":{"c1":1,"c2":0.323524187400474,"c3":-4.38617452512226,"c4":0.827392177725797,"c5":-0.876567463022826,"c6":-0.166625467399292},"mare":0.00242308521948472,"rmse":0.00185443706339544,"mare_seq":[0.0121590175577574,0.0116101849564918,0.0116092963093818,0.0116072280422637,0.0116067166957072,0.0116066839492638,0.0116066757200188,0.0116066721144539,0.0116066370879869,0.0116065997437957,0.0115738790829069,0.0115582719264697,0.0112143551876619,0.00981259153327847,0.00871612312835123,0.00869767245456652,0.00834192243650956,0.00830363540525862,0.00768537306694776,0.00747193851814058,0.00587655257206139,0.004450734189756,0.00413016832798451,0.00339338615970167,0.00335461296526676,0.00296027884955176,0.00255425291998328,0.00247533650806288,0.00242981038214713,0.00242691091789793,0.00242308521948472],"convergence":0,"press_dep":false,"press_rng":[1013.25,1013.25]}}
