{"fa_L9_OLI_U_band_2":{"type":"annular","coefficients":{"c1":1,"c2":0.172888764429746,"c3":-0.174906162720177,"c4":0.724141946618853,"c5":-0.721767756808737,"c6":-3.02816894077546},"mare":0.00187755893500645,"rmse":0.00118613174377371,"mare_seq":[0.0095657315921667,0.00950241711626205,0.00950217826063915,0.00950176182208982,0.00950167769654919,0.0091671098490405,0.00826532632371367,0.00690927542267825,0.00475641718735642,0.00458314037972618,0.00446218047118777,0.00417688906935297,0.00403443840481686,0.00364994719937976,0.00337047561576187,0.00335716846825895,0.00310675975989016,0.0029433491866327,0.00254085195029858,0.00246845406913526,0.00203951238425256,0.00198795407588786,0.00195053267970267,0.00190586376206117,0.00188780207500733,0.00188325769786693,0.00187796954782885,0.0018779343293139,0.00187775170077048,0.00187762826515673,0.00187755893500645],"convergence":0,"press_dep":false,"press_rng":[1013.25,1013.25]}}
