{"fa_L7_ETM_U_band_1":{"type":"annular","coefficients":{"c1":1,"c2":0.172220973648482,"c3":-0.17459723799923,"c4":0.722306265324392,"c5":-0.720382042318449,"c6":-3.0182042086129},"mare":0.00187378973306092,"rmse":0.00118375912301578,"mare_seq":[0.00957195561379732,0.00955616151356452,0.0095027620401439,0.00950100658452752,0.00950099632689243,0.00950094887217565,0.0094816892341475,0.00900730503274034,0.00863551107668642,0.00772232067218712,0.0075714514803171,0.00717022811377221,0.00580657725404881,0.00558292031616862,0.00509523802724757,0.00491768562605112,0.00478879466799053,0.00463826580404176,0.00396690554469584,0.00356823896160116,0.0033559038255529,0.00327009003181299,0.0031293422871498,0.00278400788324176,0.00243084389757422,0.00193827329822891,0.00187627929057186,0.00187598519628491,0.00187487288100102,0.00187426234219307,0.00187378973306092],"convergence":0,"press_dep":false,"press_rng":[1013.25,1013.25]}}
