{"fa_L7_ETM_U_band_7":{"type":"annular","coefficients":{"c1":1,"c2":0.180832428543976,"c3":-0.176585264866359,"c4":0.737314528599237,"c5":-0.713834203277835,"c6":-3.04147052869429},"mare":0.00188125807244849,"rmse":0.00117303500966008,"mare_seq":[0.00960972593694063,0.00960460724724293,0.00949656225642757,0.0094933714389474,0.00949300133700851,0.00949299957962469,0.00949299333953419,0.00949298421749027,0.00938214685487815,0.00862800871924666,0.00815817106394542,0.00749118999410159,0.00741436477503655,0.00732878476569979,0.0071228516449184,0.00652868799924516,0.00621949178341197,0.00568158181668778,0.00499043659947178,0.00471570265829005,0.00468316377091808,0.00443368542994769,0.0038115713976782,0.00340471631372066,0.0025821187809556,0.0020686602210563,0.0019568855532626,0.00191220258031711,0.00189934573135052,0.0018816965680126,0.00188125807244849],"convergence":0,"press_dep":false,"press_rng":[1013.25,1013.25]}}
