{"fa_L9_OLI_M_band_8":{"type":"annular","coefficients":{"c1":1,"c2":0.144316519606854,"c3":-0.166419010874105,"c4":0.368032309411494,"c5":-6.69478732391071,"c6":-0.887536063993644},"mare":0.00327982011583795,"rmse":0.00266396998304312,"mare_seq":[0.0575243118648312,0.0156223543967668,0.0150061433759156,0.0150029247689191,0.0150027497921475,0.0150026563418928,0.0150026510649309,0.0150026418711179,0.0149750561729162,0.013536939235536,0.0134032419555701,0.0133901911977676,0.0132859690367013,0.0130572688141174,0.0109435626233564,0.0102548919797234,0.00992892188821546,0.00827194304222817,0.00797243758153751,0.00733503442939233,0.0073174256673811,0.00624026946992241,0.00599351310902537,0.00545525068663445,0.00386927967773325,0.00345033536907095,0.00340938447581559,0.00328162555488577,0.00328074785167905,0.00328056672040174,0.00327982011583795],"convergence":0,"press_dep":false,"press_rng":[1013.25,1013.25]}}
