{"fa_L5_TM_M_band_1":{"type":"annular","coefficients":{"c1":1,"c2":0.53782490565984,"c3":-0.884962860339763,"c4":0.682371631091626,"c5":-7.12541084164557,"c6":-0.167007935712328},"mare":0.00343095954026167,"rmse":0.00279266201711852,"mare_seq":[0.0244738192445295,0.0155475892916796,0.0155127948850692,0.0155114472079881,0.0155055515369837,0.0155047831597207,0.0155046558123401,0.01550454297855,0.0155043268332134,0.0155043020116206,0.0154973920178412,0.0153507291285786,0.0141549624402343,0.0133706395909241,0.0129238790807777,0.0115212980502387,0.0109058465413123,0.0101581121602619,0.00997060753481808,0.00977863669124561,0.00926402701242192,0.00786186625181583,0.0063689205595733,0.00447278047413579,0.00346928591418293,0.0034556154886849,0.00344623108764114,0.00344480047147441,0.00343143668927149,0.00343138337985678,0.00343095954026167],"convergence":0,"press_dep":false,"press_rng":[1013.25,1013.25]}}
