{"fa_L9_OLI_M_band_9":{"type":"annular","coefficients":{"c1":1,"c2":0.550164884720405,"c3":-0.871189276273285,"c4":0.729556845270925,"c5":-4.59055952641626,"c6":-0.165381852780209},"mare":0.00257491793123595,"rmse":0.00196977883388277,"mare_seq":[0.0122342034568432,0.0122294662097496,0.0122294293329986,0.0122293460121909,0.0122293055939268,0.0122292103481478,0.0122292041302933,0.0122291594588838,0.0122291447719395,0.0121138524955112,0.00985236384489775,0.00858243874974634,0.00847362827804916,0.00691409876757988,0.00610634741929895,0.00597244176673769,0.00571918777019634,0.00506208951358291,0.00498268970211472,0.00491868828418459,0.00444662337280441,0.00367617830880225,0.00289501021318402,0.0027388908233516,0.0026975536901993,0.00259909704918695,0.00258223560783116,0.00258052877671112,0.00257691298436002,0.00257494453509612,0.00257491793123595],"convergence":0,"press_dep":false,"press_rng":[1013.25,1013.25]}}
