{"fa_L5_TM_U_band_3":{"type":"annular","coefficients":{"c1":1,"c2":0.21810437458224,"c3":-3.00858272960963,"c4":0.229412049663288,"c5":-0.175743204922917,"c6":-0.712896272940417},"mare":0.00186292660585785,"rmse":0.00116641304253236,"mare_seq":[0.0163313806739394,0.00945105994101609,0.00945039176375529,0.00945025822040884,0.00945024508638,0.00944009667973065,0.0088290597988937,0.00856165289032789,0.00802225401938708,0.00597403753600747,0.00585363552278115,0.00582573812937264,0.00567746457573652,0.00550036003701691,0.00548103558704276,0.00532561215938849,0.00528691952623674,0.00507919846310073,0.00506904043673948,0.004631281463319,0.0037757904105238,0.00216600993447675,0.00209575743884353,0.0020579355026441,0.0020060595171693,0.00199780921796228,0.00190391526991327,0.00186639184524905,0.00186475110247123,0.00186329684807811,0.00186292660585785],"convergence":0,"press_dep":false,"press_rng":[1013.25,1013.25]}}
