{"fa_L9_OLI_C_band_3":{"type":"annular","coefficients":{"c1":1,"c2":0.604321655347186,"c3":-0.785275127759398,"c4":0.516722578964214,"c5":-5.0354934612171,"c6":-0.165238579442485},"mare":0.00318524259659919,"rmse":0.00211113979815179,"mare_seq":[0.0155493930632143,0.0140994175009816,0.0136588844211146,0.0136408486238334,0.0136406702513305,0.0136406632210314,0.0136406418166604,0.0136065117823522,0.0135118582317031,0.0101452286929577,0.00888426331604913,0.00872245152845404,0.00823929335692846,0.00814566053753666,0.00807020072144154,0.0077258938823107,0.00726079682926968,0.00711840781261198,0.00671753042612442,0.00663575227083544,0.00640021025394847,0.00497143531663755,0.00389221827408686,0.00389184355279381,0.00387578305921893,0.00338997424929977,0.00329478611351688,0.00320415953737122,0.00319296438269345,0.00318815613540669,0.00318524259659919],"convergence":0,"press_dep":false,"press_rng":[1013.25,1013.25]}}
