{"fa_L5_TM_C_band_6":{"type":"annular","coefficients":{"c1":1,"c2":0.35809057216204,"c3":-5.17324356418644,"c4":0.170416621080506,"c5":-0.213485326367903,"c6":-1.04261162949625},"mare":0.00217820502178065,"rmse":0.00182170851916524,"mare_seq":[0.00983034990459131,0.00976093598313603,0.009690295851905,0.00969021719360098,0.0096902167122677,0.0096901818550777,0.00969015125443769,0.00969013938002732,0.00969012008357362,0.00969011864067578,0.00969011787264529,0.00969009776826599,0.00969009119755667,0.00969001214463924,0.00969000585991605,0.00969000462100302,0.00969000117475931,0.00969000072097989,0.00968999712797335,0.00965820402323284,0.0089504495061476,0.00725602161225311,0.00576954489190552,0.0048706183616721,0.00397289887184633,0.00344387161390335,0.00249650609301516,0.00230052683807522,0.00219197851589786,0.00218993668480498,0.00217820502178065],"convergence":0,"press_dep":false,"press_rng":[1013.25,1013.25]}}
