{"fa_L9_OLI_U_band_3":{"type":"annular","coefficients":{"c1":1,"c2":0.22286637353986,"c3":-3.01238042001573,"c4":0.22605853181642,"c5":-0.17497613608622,"c6":-0.71684865329489},"mare":0.00187083468700372,"rmse":0.00118152351030842,"mare_seq":[0.00952475923006125,0.00946549171893165,0.0094638963147919,0.00946319049974629,0.00946318232090217,0.0094631711691351,0.0094631653768269,0.00946316502205125,0.00928839118472299,0.00868003327758409,0.00797875900657333,0.00693337682895759,0.0066400752853917,0.00656535889036293,0.00521962474350766,0.00509098913357509,0.00450654874406801,0.00412216457847222,0.00357225927094701,0.00336727187313911,0.00265487956760842,0.00252967501869824,0.00230558015571154,0.00199554954484629,0.00191227676375975,0.00188998472235005,0.00187356642871484,0.0018712631742507,0.00187124474615072,0.00187109693608827,0.00187083468700372],"convergence":0,"press_dep":false,"press_rng":[1013.25,1013.25]}}
