{"fa_L9_OLI_U_band_8":{"type":"annular","coefficients":{"c1":1,"c2":0.177469473554072,"c3":-0.175284074516202,"c4":0.732128985361926,"c5":-0.716949129125287,"c6":-3.01744551875694},"mare":0.00186540044953652,"rmse":0.00117572605611708,"mare_seq":[0.0215912798467236,0.00950964571814666,0.00945176072683006,0.00945123142798241,0.00945118379246667,0.00945073983526699,0.00945072323536104,0.00944324499666499,0.0092286198582891,0.00896522065335685,0.00870335923677815,0.00627013714984335,0.00582818849645315,0.00501242186228714,0.00492781926330604,0.00422918292916253,0.00386987549527422,0.00341506492778901,0.00324005709856317,0.00273157958808896,0.00234640406667296,0.0022006820039489,0.00210590015722568,0.00204616040319533,0.00193759340816976,0.0018693936206413,0.00186719745017542,0.00186623893732275,0.00186621923656559,0.00186589026693574,0.00186540044953652],"convergence":0,"press_dep":false,"press_rng":[1013.25,1013.25]}}
