{"fa_L5_TM_M_band_6":{"type":"annular","coefficients":{"c1":1,"c2":0.324280174289555,"c3":-4.19556641215732,"c4":0.839612682399955,"c5":-0.911704759088495,"c6":-0.184298481155767},"mare":0.00211546975491502,"rmse":0.00164364576931909,"mare_seq":[0.0408087343915404,0.0146191380977401,0.0111174825836253,0.0104854492552822,0.0100652994840626,0.0100652411331457,0.0100651058726529,0.0100650055840442,0.0100649733032251,0.0100649716680894,0.0100649697107875,0.0100649665225068,0.0100649661651348,0.0100649646172106,0.00999730070673678,0.00982228675220391,0.00944890383673625,0.00938869810586948,0.00889965007120933,0.00872621623298602,0.00651602634013288,0.00592334778723139,0.00565888454440732,0.00411851065839785,0.00407909415335435,0.00387126027381262,0.00240047970147682,0.00232011871576564,0.00223628487508323,0.00212471489517944,0.00211546975491502],"convergence":0,"press_dep":false,"press_rng":[1013.25,1013.25]}}
