{"fa_L5_TM_U_band_2":{"type":"annular","coefficients":{"c1":1,"c2":0.60065360526125,"c3":-0.715144532522623,"c4":0.440115736413205,"c5":-0.174885285322163,"c6":-3.00312925096003},"mare":0.00185478619942324,"rmse":0.0011701326094703,"mare_seq":[0.0132004949953797,0.0102383289417739,0.00946385081116789,0.00946205710652139,0.00946203704075548,0.00946200085350376,0.00946198765945223,0.00946198249402479,0.00946196141033226,0.00938719761068346,0.00873938144784483,0.00533077365247917,0.00495094988498701,0.00492451357943503,0.00486232353959587,0.00480154616900279,0.00419885023088267,0.00370516063441263,0.00336646270642626,0.00277055768403321,0.00262132316757498,0.00238820178183039,0.00207322592671912,0.00196800330614429,0.00189563493371252,0.00187347269008421,0.00186475987513776,0.00186065178440246,0.00185691202562166,0.00185489909978213,0.00185478619942324],"convergence":0,"press_dep":false,"press_rng":[1013.25,1013.25]}}
