{"fa_L5_TM_C_band_5":{"type":"annular","coefficients":{"c1":1,"c2":0.310021548640984,"c3":-5.28395337495558,"c4":0.787088895345392,"c5":-0.897117850523624,"c6":-0.190010557125896},"mare":0.00262089979272091,"rmse":0.00204501295077276,"mare_seq":[0.0121996336462192,0.0121995403563636,0.0121994831707848,0.0121982723106533,0.0121978241155367,0.0121978137547728,0.0121978001060925,0.0121977784968558,0.0121977565780937,0.0121845394882432,0.0121329755292199,0.0118093630030876,0.0112472878257701,0.0102496565983349,0.00944055921249221,0.00785067571836972,0.00765469274345423,0.00737759051732516,0.00621835776965929,0.00545991071927765,0.00372591550859026,0.00356589516314058,0.00337924482949602,0.00337014588070023,0.00275566512005934,0.00274962127832201,0.00271215109652441,0.00266650009500895,0.00266350071504397,0.002645966900342,0.00262089979272091],"convergence":0,"press_dep":false,"press_rng":[1013.25,1013.25]}}
