{"fa_L7_ETM_C_band_2":{"type":"annular","coefficients":{"c1":1,"c2":0.210233527755598,"c3":-4.77458747145453,"c4":0.23781203815302,"c5":-0.163502395924217,"c6":-0.773493708786236},"mare":0.00317371070476115,"rmse":0.00203534122567077,"mare_seq":[0.0136567272348797,0.0136344985758831,0.0136343948927622,0.0136343792020223,0.0136341947199848,0.0136341884891509,0.0134368587738832,0.0133077048717421,0.0128831200842318,0.0124184073259908,0.0117926782525189,0.0106828728481187,0.0100690303270415,0.0100243312476808,0.00916086594959347,0.00901765536627662,0.00874698299175298,0.00825665937251977,0.00751438250994234,0.00720564705064513,0.0071748168088874,0.00630861418625773,0.00573511516814158,0.0041902128519579,0.00393590226970324,0.00373185100012133,0.00372349695614246,0.00353398506333685,0.00324246026261633,0.00318336140688386,0.00317371070476115],"convergence":0,"press_dep":false,"press_rng":[1013.25,1013.25]}}
