{"fa_L8_OLI_C_band_8":{"type":"annular","coefficients":{"c1":1,"c2":0.603511689498826,"c3":-0.781872471594444,"c4":0.517243429050419,"c5":-5.08811710147405,"c6":-0.164764499385143},"mare":0.00316418862383271,"rmse":0.00210871877517938,"mare_seq":[0.0144435891864118,0.0137393758017006,0.0137365889973956,0.0137365632345623,0.0137364765399933,0.013736444403852,0.0137095485511687,0.0130620299669781,0.0127999742726823,0.0100147703440898,0.00822588708787185,0.00760257249786531,0.00743295044038412,0.00715037325182822,0.00660966002484593,0.00658563877350357,0.00571271323831105,0.00419220123520316,0.00375236667178829,0.0036446238267763,0.00363465847603008,0.00347435421781608,0.00330959229177802,0.00325599214786396,0.00321490164834975,0.0031998914034051,0.00318722115749833,0.00316935247937878,0.00316896240193846,0.00316456467591483,0.00316418862383271],"convergence":0,"press_dep":false,"press_rng":[1013.25,1013.25]}}
