{"fa_L7_ETM_M_band_2":{"type":"annular","coefficients":{"c1":1,"c2":0.320262103069741,"c3":-6.46949683009194,"c4":0.789326031945419,"c5":-0.876787561302944,"c6":-0.165442435523592},"mare":0.00331579692259894,"rmse":0.00261237915229876,"mare_seq":[0.0189265266222917,0.0164803367436676,0.0160036142886231,0.015732881788296,0.0151903567055622,0.01513162205023,0.0151315375539165,0.0151314626188203,0.0151314381616725,0.0151314379427827,0.0151314330103809,0.015112341658218,0.014963662554398,0.0144576809959218,0.0130780252432284,0.0129450688499858,0.0124743476419116,0.0121915892428174,0.0111954121527569,0.0106112408367997,0.0106090031269133,0.00861499393387125,0.008514453178452,0.00827488286488564,0.00522025930572038,0.00508053832419485,0.00466933365848605,0.00397761155537507,0.00364460210352343,0.00343251464025572,0.00331579692259894],"convergence":0,"press_dep":false,"press_rng":[1013.25,1013.25]}}
