{"fa_L8_OLI_M_band_7":{"type":"annular","coefficients":{"c1":1,"c2":0.10860959873768,"c3":-0.184552540080354,"c4":0.362095076809101,"c5":-4.21192163160467,"c6":-0.915713838038439},"mare":0.00211481094039766,"rmse":0.00163861881458648,"mare_seq":[0.0408044342695487,0.0112712393771489,0.0108760255788714,0.0100831632475727,0.0100821448484771,0.0100816779186358,0.0100815990996631,0.0100815791447163,0.0100815474553218,0.0100812813487111,0.010081251940735,0.010081251112307,0.0100812508943029,0.0100812478432361,0.0100812397822755,0.010076686315309,0.00870791955644337,0.00793250701339725,0.00538665476260849,0.0053519918505684,0.00519562027735049,0.00416785470276963,0.00292914313312716,0.00292095241879552,0.00259840923653529,0.0024133171738198,0.0022741488258919,0.00216965848463572,0.00211625617853878,0.00211537158136582,0.00211481094039766],"convergence":0,"press_dep":false,"press_rng":[1013.25,1013.25]}}
