{"fa_L8_OLI_M_band_8":{"type":"annular","coefficients":{"c1":1,"c2":0.325640313904508,"c3":-6.24583302964928,"c4":0.789734050853554,"c5":-0.868464957198742,"c6":-0.164746735886022},"mare":0.00328783348614141,"rmse":0.00260037415082365,"mare_seq":[0.0186666708643883,0.0158927004718271,0.0150071543401571,0.0150022954947408,0.0150013191242893,0.0150011368317829,0.0150011180989367,0.01500100044559,0.0150009753762974,0.0150009742577228,0.0150009737454419,0.0150009593091831,0.0150009414682754,0.0149997739186854,0.014855094486718,0.0116388904353324,0.00982427779721423,0.00720349633148083,0.007110838604508,0.00704924696451934,0.00606738008815373,0.00579441928365515,0.00576969669904983,0.00546516432106984,0.00519869298247836,0.00469761569443773,0.00370900632315788,0.00351759419553152,0.00332395555854025,0.00328888111477318,0.00328783348614141],"convergence":0,"press_dep":false,"press_rng":[1013.25,1013.25]}}
