{"fa_L9_OLI_U_band_9":{"type":"annular","coefficients":{"c1":1,"c2":0.199519049629581,"c3":-3.81410658034225,"c4":0.753717211455123,"c5":-0.773175222683072,"c6":-0.201800844920191},"mare":0.00203876977528849,"rmse":0.00135665579016634,"mare_seq":[0.0489884923486057,0.010096886989581,0.00984694859616948,0.00984439918549346,0.00984429933455535,0.00984424768479259,0.00984419563733757,0.00984419484400789,0.00984419201472485,0.00961953250260809,0.00927092935407557,0.00625986469023126,0.00588461316527487,0.00553458425479698,0.00533326352400325,0.00486042327462257,0.00454898305871749,0.00437042584962339,0.00334073925952125,0.00302850704021594,0.00272847361128955,0.00260793528203855,0.00232329401288525,0.00221752382527682,0.00215335568867813,0.00208552049102266,0.00206805016472417,0.00204804618186142,0.00204224098110123,0.00204081014352919,0.00203876977528849],"convergence":0,"press_dep":false,"press_rng":[1013.25,1013.25]}}
