{"fa_L8_OLI_U_band_6":{"type":"annular","coefficients":{"c1":1,"c2":0.194583372019949,"c3":-0.21619011056423,"c4":0.73704929537532,"c5":-0.815256916774639,"c6":-4.16148663989912},"mare":0.00207735144794256,"rmse":0.00140015536751397,"mare_seq":[0.0100689701213283,0.00986858769001365,0.0098633041993958,0.00986302231075453,0.00986297364913953,0.00986297025946121,0.00986294490138734,0.00986294430540739,0.00986293309745697,0.00986292915203965,0.00986292660459423,0.00983741301275844,0.00881416916277643,0.00833384578900928,0.00804886505993441,0.00800719504842654,0.00701452227656111,0.00647238065987419,0.00633759913260608,0.00497590999457541,0.00469794968468707,0.00404606416500298,0.00337778177173145,0.00277869392992088,0.00226000488697975,0.00219238614723826,0.00208849682358888,0.00208510276435292,0.00207832249692039,0.00207759518149126,0.00207735144794256],"convergence":0,"press_dep":false,"press_rng":[1013.25,1013.25]}}
