{"fa_L9_OLI_M_band_1":{"type":"annular","coefficients":{"c1":1,"c2":0.316990982627347,"c3":-7.29199566311946,"c4":0.785674926337742,"c5":-0.882576560678693,"c6":-0.16697008462622},"mare":0.00347891386014602,"rmse":0.00284489201906537,"mare_seq":[0.0174154607539422,0.0157043576231811,0.0157043070242911,0.0156982382325463,0.0156959169506695,0.0156955161140163,0.0156954477968882,0.0156953856744998,0.015695382605941,0.0156952748760282,0.0156952716816978,0.0156952584378131,0.01569525407596,0.0156553074884578,0.0155296895074507,0.0132679528172413,0.0115978651722041,0.0115799979709475,0.0115065344923534,0.00964835233642151,0.00890607308835686,0.00853558438876544,0.00834433260584007,0.00833956617924409,0.00690303150320166,0.00503855696855261,0.00438844754966783,0.00349508808953532,0.00348516939529962,0.00348128258558532,0.00347891386014602],"convergence":0,"press_dep":false,"press_rng":[1013.25,1013.25]}}
