{"fa_L8_OLI_U_band_8":{"type":"annular","coefficients":{"c1":1,"c2":0.224573903958559,"c3":-2.98460602442057,"c4":0.225271590911956,"c5":-0.173830628421117,"c6":-0.710123795473574},"mare":0.00186531026926933,"rmse":0.00117406178952194,"mare_seq":[0.0107068067017097,0.00977483588690045,0.00949230492904855,0.00945725451356556,0.00945634653003059,0.00945623441581713,0.00942298188606998,0.0093753191663293,0.00934546790698777,0.00925718922574728,0.00893678059512186,0.0077329135359235,0.00607078411973947,0.0059382503310678,0.00581943610785225,0.00496643850049438,0.00496434374626266,0.00465953611391592,0.00427547009406986,0.00331202576093977,0.00303164210796425,0.00285817391417643,0.00283942903871258,0.00213801173712364,0.00207164826211857,0.00205957964024389,0.00199620133502746,0.0019169602456168,0.00189115691391439,0.00186629388423029,0.00186531026926933],"convergence":0,"press_dep":false,"press_rng":[1013.25,1013.25]}}
