{"fa_L7_ETM_C_band_3":{"type":"annular","coefficients":{"c1":1,"c2":0.192178127063613,"c3":-0.164451263186324,"c4":0.742099072971936,"c5":-0.776413408317058,"c6":-5.12791562734058},"mare":0.00315739186120251,"rmse":0.00211834589895843,"mare_seq":[0.0139242554560008,0.0139241759887032,0.0139218289172532,0.0139211877239067,0.0139211418624671,0.0122791493566654,0.0119148256492459,0.0114275441983142,0.0110900896054626,0.00921049253227793,0.00916690024185538,0.00882521039638755,0.00881485572092031,0.00865433519268273,0.00856851398266808,0.00817738722301913,0.00774349622920184,0.00704362656645559,0.0070200854078823,0.00601590957593669,0.00592438753494703,0.00523342568020084,0.00325506582987706,0.00322874170835785,0.00320729175514958,0.00318186363809758,0.00316401552733338,0.00316013015865017,0.00315798245999344,0.00315751082799903,0.00315739186120251],"convergence":0,"press_dep":false,"press_rng":[1013.25,1013.25]}}
