{"fa_L9_OLI_U_band_5":{"type":"annular","coefficients":{"c1":1,"c2":0.607671075868466,"c3":-0.718618399017571,"c4":0.528910890887606,"c5":-3.15987701980516,"c6":-0.180633762396965},"mare":0.00190891070095267,"rmse":0.00121614769211987,"mare_seq":[0.00949850766822093,0.00949691180464933,0.00949684885510578,0.00949684730180729,0.00949486513534048,0.00948498727561708,0.00944338561784238,0.00938121198428766,0.00919119069839208,0.0089132180725919,0.00850678206306071,0.00836585692604682,0.00828080680082692,0.00806855361615347,0.00795282959128046,0.00709340231713252,0.00477842454134319,0.00417042566087215,0.00414840962379033,0.00377718445902125,0.00334243755416553,0.00272014189505505,0.00258677677626174,0.00258509227588252,0.00255083269019187,0.00233235035286362,0.00219880971424434,0.00216168894031689,0.00199939375270623,0.0019208870312596,0.00190891070095267],"convergence":0,"press_dep":false,"press_rng":[1013.25,1013.25]}}
