{"fa_L5_TM_U_band_4":{"type":"annular","coefficients":{"c1":1,"c2":0.186422870359644,"c3":-0.180781780503594,"c4":0.749688353850776,"c5":-0.723905711391995,"c6":-3.2014797963288},"mare":0.0019022113500686,"rmse":0.00123617872861385,"mare_seq":[0.011466472826896,0.00949146236521732,0.00948222553256065,0.00948202815372428,0.00948175321593105,0.00947210757523147,0.00936082714387802,0.00694177490577603,0.00557813032683208,0.00546661875956015,0.00541460811414417,0.00515031173112405,0.00442120345517636,0.0039245140263833,0.00375637171653421,0.00280591945925275,0.00279960124064438,0.00271970962979621,0.00267720834597704,0.0026279314734693,0.00216365574586596,0.00205084089357527,0.00204704993757132,0.00194743353245302,0.00192223190081651,0.00191824694149759,0.00191773519379059,0.00190834867257868,0.00190376354245946,0.00190241129144275,0.0019022113500686],"convergence":0,"press_dep":false,"press_rng":[1013.25,1013.25]}}
