{"fa_L9_OLI_U_band_7":{"type":"annular","coefficients":{"c1":1,"c2":0.561617706214364,"c3":-0.910254756157134,"c4":0.425373758584106,"c5":-0.237879062684397,"c6":-4.76366382340674},"mare":0.00203765589064337,"rmse":0.00151376694958682,"mare_seq":[0.00954399465601462,0.00953734202888699,0.00953650601595275,0.00953625977777243,0.00953625375935299,0.00953625370139182,0.00953624447358413,0.00953624161581329,0.00952390502754782,0.0094672267213406,0.0092214371158897,0.00885141118233667,0.00801143309442588,0.00768418040490649,0.00736021929061929,0.00732782795357368,0.00728115059568725,0.00714495218120681,0.00709810764595263,0.00596161680385949,0.00449369485291823,0.00442900008891371,0.00387176832907241,0.00384785365199822,0.00369783917638013,0.00329157740719268,0.00256605464537706,0.00225844750738915,0.00203834078517863,0.00203777773452714,0.00203765589064337],"convergence":0,"press_dep":false,"press_rng":[1013.25,1013.25]}}
