{"fa_L9_OLI_C_band_6":{"type":"annular","coefficients":{"c1":1,"c2":0.302957383315218,"c3":-5.32728638539359,"c4":0.781484683097296,"c5":-0.879140930251852,"c6":-0.185928652603501},"mare":0.00270602557389204,"rmse":0.0020884562312958,"mare_seq":[0.0126231237989064,0.0126180762580807,0.0126178705851996,0.0126177782783265,0.0126176954157292,0.012617694854942,0.012617687990615,0.0126176786881613,0.0126176756173499,0.0117548663574747,0.0114495195010666,0.0105129119809949,0.00896209946208712,0.00832737842841859,0.00794752302519213,0.00788788258174754,0.00772047425263124,0.00704785094183053,0.00692382091343209,0.00691600097594469,0.00569437001283664,0.0056216539807918,0.00424516287513851,0.00371698920795192,0.00366532180489533,0.00289848821963968,0.00288209965202754,0.00286393122453207,0.00276549408508347,0.00270652936240152,0.00270602557389204],"convergence":0,"press_dep":false,"press_rng":[1013.25,1013.25]}}
