{"fa_PS_0E_U_band_4":{"type":"annular","coefficients":{"c1":1,"c2":0.184400054982649,"c3":-0.179548758579102,"c4":0.256529037532282,"c5":-3.11535162821895,"c6":-0.716996115096662},"mare":0.00190951461202381,"rmse":0.00120390500849385,"mare_seq":[0.00949879151680259,0.00949878579090114,0.00949878448264779,0.0094987804804706,0.00949877990639047,0.00949877939516622,0.00949877855958692,0.0091803976677542,0.00878326089517448,0.00663277254435519,0.00538946642422007,0.00462064859115063,0.00451075065973914,0.00420051522204754,0.00402192582943587,0.00340044837633506,0.00280976457452392,0.00277518929918103,0.00245701817172857,0.00202602054191718,0.00201848135159389,0.00199638460788857,0.00195476502441555,0.00191333666447653,0.00190955686739987,0.00190953559053536,0.00190953093970102,0.00190952446064248,0.00190951746612532,0.00190951587348324,0.00190951461202381],"convergence":0,"press_dep":false,"press_rng":[1013.25,1013.25]}}
