{"fa_Pld_PHRB_M_band_5":{"type":"annular","coefficients":{"c1":1,"c2":0.538405883693125,"c3":-0.877606657885825,"c4":0.694828786417603,"c5":-6.19905601790308,"c6":-0.165133679130778},"mare":0.0032470649053104,"rmse":0.00254948635829637,"mare_seq":[0.0147635439708664,0.014760581693085,0.0147605792306503,0.0147605715668835,0.0147605713389631,0.0147605713281399,0.0147605701711361,0.0147605688489994,0.0147605667275927,0.0147605662962079,0.014760565027884,0.0147605623216608,0.0146890852429931,0.0116208466429953,0.0111422780161049,0.00340890479081149,0.00324913124921147,0.00324837414292694,0.00324716808017203,0.00324709456566737,0.00324709408226217,0.00324709253168159,0.00324709159336398,0.00324707635793028,0.003247074605651,0.00324707440946416,0.00324707440777757,0.00324707273787122,0.00324707028147129,0.00324706912502099,0.0032470649053104],"convergence":0,"press_dep":false,"press_rng":[1013.25,1013.25]}}
