{"fa_PS_0F10_U_band_3":{"type":"annular","coefficients":{"c1":1,"c2":0.603203462992379,"c3":-0.714937699911384,"c4":0.551245515043329,"c5":-3.02761260116106,"c6":-0.175328255910757},"mare":0.001880598303983,"rmse":0.00118715704165938,"mare_seq":[0.0094713459400897,0.00947132695763619,0.00947132352502582,0.00947131809272861,0.00895431291670372,0.00753176064148336,0.00658569709653176,0.00459952384660432,0.00368719785436884,0.00232921983574267,0.00214079850133073,0.00198130057093623,0.00196794346389554,0.00195831932581386,0.00195614174470397,0.00192614497857096,0.0018867760178307,0.00188070458667076,0.00188065116036802,0.00188061017302199,0.00188060985568108,0.00188060737739414,0.00188060711640129,0.00188060700538226,0.00188060590338894,0.00188060559244703,0.00188060372963249,0.00188059991921204,0.00188059935406498,0.00188059903768015,0.001880598303983],"convergence":0,"press_dep":false,"press_rng":[1013.25,1013.25]}}
