{"fa_PS_0C0D_U_band_3":{"type":"annular","coefficients":{"c1":1,"c2":0.604349678667709,"c3":-0.717325915528211,"c4":0.548139843574444,"c5":-3.05171702613752,"c6":-0.175601573716618},"mare":0.00190522086774136,"rmse":0.00120251030688468,"mare_seq":[0.00949598646535607,0.00949586994677333,0.00949586458534639,0.00949586084760644,0.00949356274291715,0.00926430330583541,0.00823965072209214,0.0063295591791079,0.00613863544886445,0.00566486385168556,0.00416015376032895,0.00237282705130742,0.00212760675018704,0.00211121547925679,0.00205079379858646,0.00191438174245785,0.00191307247914037,0.00191113519999234,0.00190672875419184,0.00190661939864727,0.00190536957888341,0.00190535691455303,0.00190524864967638,0.0019052323085334,0.00190522583769466,0.00190522505216,0.00190522456491851,0.00190522358285401,0.00190522331132429,0.00190522262758242,0.00190522086774136],"convergence":0,"press_dep":false,"press_rng":[1013.25,1013.25]}}
