{"fa_Pld_PHRB_C_band_1":{"type":"annular","coefficients":{"c1":1,"c2":0.605371672080375,"c3":-0.778792530517108,"c4":0.529591906172506,"c5":-4.81474311787939,"c6":-0.16346830556249},"mare":0.00321990661216301,"rmse":0.00206899755433379,"mare_seq":[0.0606836624179671,0.0241007071348579,0.0152813943576976,0.0135423433212225,0.0135423291131834,0.0135412464844736,0.0121914007018707,0.0113609717651553,0.00896975628534022,0.0087672840329996,0.00761048159724934,0.0073678533382967,0.0072923619861275,0.00711499124162722,0.00668405204485787,0.0061834780378319,0.00536920927557207,0.00418721338554,0.00348057801021703,0.00342140903931177,0.00322115277987226,0.00322000302126699,0.00321993791627346,0.0032199185592928,0.00321991451071425,0.00321991059178231,0.00321990860315725,0.00321990800968559,0.00321990757129697,0.00321990675687694,0.00321990661216301],"convergence":0,"press_dep":false,"press_rng":[1013.25,1013.25]}}
