{"fa_PS_0C0D_C_band_1":{"type":"annular","coefficients":{"c1":1,"c2":0.60596159357872,"c3":-0.779943421135913,"c4":0.471621750515775,"c5":-0.163676946002311,"c6":-4.81241390571615},"mare":0.00322618519966302,"rmse":0.00206854403109958,"mare_seq":[0.0135282283077934,0.0135281113109573,0.0135281107505567,0.0135281049440727,0.0135281024144662,0.013528099364019,0.0135261688115085,0.0111317875972861,0.00980858497771844,0.00912049098593467,0.00892779168937668,0.00886996653213229,0.00882611928596434,0.00862103197420666,0.00750388158169452,0.00593681544322987,0.00509983111146253,0.00467893414798558,0.00449259929776252,0.00418647044560145,0.00354190733376886,0.0034920196920802,0.00322721047770309,0.00322623199192464,0.00322622674625024,0.00322620299602362,0.00322620025698563,0.00322618883125273,0.00322618790444831,0.00322618522985037,0.00322618519966302],"convergence":0,"press_dep":false,"press_rng":[1013.25,1013.25]}}
