{"fa_PS_0F10_C_band_1":{"type":"annular","coefficients":{"c1":1,"c2":0.605393709632398,"c3":-0.778252968728345,"c4":0.471208964315435,"c5":-0.163490583646156,"c6":-4.82113098955907},"mare":0.0032193449200338,"rmse":0.00206883739564472,"mare_seq":[0.0135599601178403,0.0135599580475813,0.0135599552947989,0.0135599551153801,0.0135599549528506,0.0135599548576198,0.0135599538122776,0.0135599530464852,0.0134467109036482,0.012057586712269,0.0100762363862245,0.00997522129674391,0.00964578548301948,0.00921628256873057,0.00705572064375092,0.0056331450502299,0.00457171004015014,0.0042486206017316,0.00324874568277896,0.00322798815851955,0.00321975523973312,0.00321947027583179,0.00321943647366824,0.00321938274967106,0.0032193585320857,0.0032193555536587,0.00321935056581074,0.00321934948654229,0.0032193456166327,0.00321934501546576,0.0032193449200338],"convergence":0,"press_dep":false,"press_rng":[1013.25,1013.25]}}
