{"fa_Pld_PHRB_U_band_3":{"type":"annular","coefficients":{"c1":1,"c2":0.216758130777472,"c3":-3.03352486562701,"c4":0.229625236908804,"c5":-0.175938928531521,"c6":-0.713986484629514},"mare":0.00188834961222445,"rmse":0.00118434954698459,"mare_seq":[0.00948498906428419,0.00948498141511608,0.00948498115536695,0.0094845942221835,0.00867113893087648,0.00754722853793777,0.00590916974427965,0.00534504341169676,0.00529616461665036,0.00529198101941157,0.00478449542130859,0.00447405343390065,0.00433216386533243,0.0028486369463735,0.00278869349663084,0.00267874170346326,0.00201285581032632,0.00189281470743149,0.00189236617162917,0.00188839199508375,0.00188837873912804,0.00188837452621707,0.00188835648131977,0.00188835516544672,0.00188835453963748,0.00188835143057033,0.00188835102679014,0.00188835069564653,0.00188835066860301,0.00188835052835762,0.00188834961222445],"convergence":0,"press_dep":false,"press_rng":[1013.25,1013.25]}}
