{"fa_PS_0C0D_U_band_2":{"type":"annular","coefficients":{"c1":1,"c2":0.174195562791975,"c3":-0.174384091355173,"c4":0.272182617741868,"c5":-3.02291654506903,"c6":-0.716357115297704},"mare":0.00188291113638496,"rmse":0.00118431921709922,"mare_seq":[0.00952839400726281,0.00952838893509674,0.00952838835064743,0.00952838781950862,0.00952838768020334,0.00952838582579186,0.00952836088906888,0.0094537268315258,0.00879338018749442,0.0065364690178521,0.0053008667330497,0.0042475977594234,0.0030098294087911,0.00254920189322866,0.00238885551550788,0.00226294304696918,0.00211872651253002,0.0019553965837991,0.00190598167473196,0.00188444997073159,0.00188309240404401,0.00188296716719452,0.00188294439815178,0.00188294047105594,0.00188292599080519,0.00188292189587318,0.0018829207448916,0.00188291645024966,0.00188291370418728,0.00188291191528478,0.00188291113638496],"convergence":0,"press_dep":false,"press_rng":[1013.25,1013.25]}}
