{"fa_PS_22_M_band_1":{"type":"annular","coefficients":{"c1":1,"c2":0.536875973820266,"c3":-0.881733644333216,"c4":0.684822843386055,"c5":-6.97475653947284,"c6":-0.166603330571745},"mare":0.00344228650640611,"rmse":0.00274401637716499,"mare_seq":[0.0254928968630024,0.0159159253101088,0.0155099390789185,0.0155099375547937,0.0155099351990991,0.0155099350573392,0.0155099345487695,0.0155099338514887,0.0155099332747853,0.0155099327246819,0.0155099321092884,0.015509930668298,0.0155099298333164,0.0155079726704023,0.0131871544147585,0.011594857339399,0.0061508415038056,0.00515265280002209,0.00366445104184396,0.00349508421478073,0.00348086636369254,0.00344254772415511,0.00344236229653116,0.00344236220397059,0.00344235499005509,0.00344235093227251,0.0034423202195336,0.00344230681129309,0.00344229668375808,0.00344228871154047,0.00344228650640611],"convergence":0,"press_dep":false,"press_rng":[1013.25,1013.25]}}
