{"fa_PS_0E_M_band_2":{"type":"annular","coefficients":{"c1":1,"c2":0.144091808521728,"c3":-0.165915319864124,"c4":0.627074579494088,"c5":-0.878610320963519,"c6":-6.63656465329068},"mare":0.00336550572294931,"rmse":0.00266745403252216,"mare_seq":[0.0189281865971348,0.0168303092680657,0.0152319151535333,0.0152319095305928,0.0152319084634805,0.0152319058269954,0.0152319006553848,0.0152318999017237,0.0152318997017001,0.01523189964606,0.0152315852439429,0.015229987942066,0.0149883772476665,0.0132350239344848,0.0132303486274032,0.0121909095063814,0.0114452088991718,0.0105499338244865,0.00850944407790765,0.00662874372576695,0.00407794451873293,0.00396670950549441,0.00342087981816514,0.00337143702920696,0.00336982264176466,0.00336594405911086,0.00336555797410334,0.00336554235452379,0.00336551275553414,0.00336550936749399,0.00336550572294931],"convergence":0,"press_dep":false,"press_rng":[1013.25,1013.25]}}
