{"fa_PS_0E_C_band_1":{"type":"annular","coefficients":{"c1":1,"c2":0.185564814044386,"c3":-0.163171345161834,"c4":0.743266815711318,"c5":-0.777425534109555,"c6":-4.83150086604619},"mare":0.00321754749991222,"rmse":0.00206756604873891,"mare_seq":[0.0136144538058838,0.0136144480355711,0.0136144475160037,0.0136144200972568,0.0120780114521772,0.0117734509885655,0.0108963775817789,0.00937640791700919,0.00894245711689781,0.00889021222287192,0.00739512642042191,0.00725713048237794,0.00658454715438914,0.00551037037802858,0.00488300758933535,0.00471082946178937,0.00375194823898578,0.00321870079282877,0.00321833048659831,0.00321803551102536,0.00321776386841507,0.00321757635200771,0.00321757507635682,0.0032175680906246,0.00321756016269118,0.00321755305505721,0.0032175528283109,0.00321755136620907,0.003217550902832,0.00321754860751589,0.00321754749991222],"convergence":0,"press_dep":false,"press_rng":[1013.25,1013.25]}}
