{"fa_PS_0C0D_C_band_3":{"type":"annular","coefficients":{"c1":1,"c2":0.190104061729646,"c3":-0.163815863337586,"c4":0.257900039527205,"c5":-4.99633672482067,"c6":-0.774666570427396},"mare":0.00319464276625624,"rmse":0.00208846648524655,"mare_seq":[0.015078450442643,0.0138525445564959,0.0138525434350888,0.0112103381827968,0.0108186200523646,0.0107356210457084,0.010150648879384,0.010000530452492,0.00879193504562056,0.00846132936497886,0.00838170755865157,0.00678861373786717,0.00535999510574158,0.00356445743967218,0.00356249713412041,0.00342461110104382,0.00322185804958487,0.00321353840475923,0.0031970138237731,0.00319470211788317,0.00319468669972203,0.00319468631340068,0.00319468564363955,0.00319465799525892,0.00319465576658176,0.0031946542878887,0.00319465343984985,0.00319464946137878,0.00319464865423104,0.00319464574426735,0.00319464276625624],"convergence":0,"press_dep":false,"press_rng":[1013.25,1013.25]}}
