{"fa_PS_0E_M_band_3":{"type":"annular","coefficients":{"c1":1,"c2":0.321216047952301,"c3":-6.27339092835612,"c4":0.208146046487186,"c5":-0.164721669859819,"c6":-0.875380627332632},"mare":0.00325700290295405,"rmse":0.00256599837476969,"mare_seq":[0.0160886322406887,0.0148820962309204,0.0148820943059437,0.0148820908521873,0.0148820873472973,0.0148820870077379,0.014882085917646,0.014882085034271,0.0148820807811912,0.0128012996400055,0.0106356724698079,0.00971265864053512,0.00970674162369718,0.00952340138026152,0.00771622631022287,0.00698439831616052,0.00642333464977445,0.005922981716041,0.00562995795910629,0.0056081998273115,0.00554999593420261,0.00537378181348557,0.00325706166063216,0.00325704960145377,0.00325701771737504,0.00325701149151961,0.00325701123579731,0.00325700726732893,0.00325700641516891,0.00325700352208398,0.00325700290295405],"convergence":0,"press_dep":false,"press_rng":[1013.25,1013.25]}}
