{"fa_PS_0E_M_band_1":{"type":"annular","coefficients":{"c1":1,"c2":0.317628854051865,"c3":-6.84684487838537,"c4":0.212117468558714,"c5":-0.166036576480375,"c6":-0.880104637485129},"mare":0.00341765277877,"rmse":0.00271326768821056,"mare_seq":[0.0160597561313899,0.0154259101629951,0.0154255709761125,0.015425536665186,0.0154255298315006,0.0154255297530675,0.0154255283931967,0.0128174617694648,0.0127893539776197,0.0126873551725409,0.0126829213950029,0.0120877075598831,0.0107627853631951,0.0107066455045948,0.0104612685039393,0.00972750859761566,0.00920387614073425,0.00917296010169134,0.00807019123754052,0.0042279271686474,0.00353919080135485,0.00342878250141101,0.0034196290150334,0.00341770521816866,0.00341768120987486,0.00341767675770305,0.00341767407781277,0.00341767242193595,0.0034176703037681,0.00341766002476092,0.00341765277877],"convergence":0,"press_dep":false,"press_rng":[1013.25,1013.25]}}
