{"fa_PS_0C0D_U_band_1":{"type":"annular","coefficients":{"c1":1,"c2":0.599988840146401,"c3":-0.724982297038572,"c4":0.56260665823759,"c5":-3.06040047333242,"c6":-0.17601553613606},"mare":0.00190716855239796,"rmse":0.00121822536290686,"mare_seq":[0.00962233972333456,0.00950023057145178,0.00950022621195181,0.00950022321889591,0.00950022272572893,0.00949926028573974,0.0094667115376038,0.00863199496646304,0.00479044576917116,0.00463752600993787,0.00428532678807893,0.00418359324588486,0.00395615973165207,0.0029236994928116,0.00251181665753774,0.00246159425018921,0.00242807216858421,0.00242766812932212,0.00209301728083113,0.00193244191348123,0.00190719180727253,0.00190718435951307,0.00190718165576866,0.00190717767638124,0.00190717460765607,0.00190717334061865,0.00190717004506169,0.00190716948127365,0.00190716906944441,0.0019071690377773,0.00190716855239796],"convergence":0,"press_dep":false,"press_rng":[1013.25,1013.25]}}
