{"fa_Pld_PHRB_M_band_3":{"type":"annular","coefficients":{"c1":1,"c2":0.538122771188588,"c3":-0.875866321269957,"c4":0.696072919777422,"c5":-6.17369695776309,"c6":-0.164423656473008},"mare":0.00321217238305979,"rmse":0.00252902543078501,"mare_seq":[0.0155090246745019,0.014758751419304,0.0147587477539014,0.0147587474327518,0.0147587468436877,0.0147587467929789,0.0147587466260753,0.0144891496607953,0.0144308386695459,0.0117431590669541,0.0108193887542641,0.0108046700648882,0.00997471203077727,0.00326741570539998,0.00321984343623448,0.00321485141034032,0.00321257766587078,0.00321223232778334,0.00321219681268962,0.00321218293437066,0.0032121816166048,0.00321218077121026,0.00321218024061017,0.00321217713756414,0.00321217602254823,0.00321217540832583,0.00321217420797406,0.00321217345228102,0.00321217335009251,0.00321217266858837,0.00321217238305979],"convergence":0,"press_dep":false,"press_rng":[1013.25,1013.25]}}
