{"fa_Pld_PHRA_M_band_3":{"type":"annular","coefficients":{"c1":1,"c2":0.321369080577211,"c3":-6.21122890250612,"c4":0.20809331282013,"c5":-0.165075752859058,"c6":-0.876353919894282},"mare":0.00324860601961952,"rmse":0.00255435393070565,"mare_seq":[0.0147802227122351,0.0147802118502687,0.0147802078197869,0.0147802058552433,0.0147802057201599,0.0147802054897136,0.014780204938277,0.0146796265774049,0.0137646800051571,0.0136548268094695,0.0133322247654288,0.0125081638220476,0.00986989465441217,0.00760104992608301,0.00746408839803715,0.00563365344022037,0.00514434495899936,0.00372363312408036,0.00335076706848035,0.00334689550001332,0.00326570634383089,0.0032550506686693,0.0032486764485457,0.00324863054129242,0.0032486274935706,0.00324862559457016,0.00324861696462076,0.00324860875656993,0.00324860792095887,0.00324860627163708,0.00324860601961952],"convergence":0,"press_dep":false,"press_rng":[1013.25,1013.25]}}
