{"fa_PS_0F10_M_band_1":{"type":"annular","coefficients":{"c1":1,"c2":0.144925164819827,"c3":-0.1658828557771,"c4":0.371400844352673,"c5":-6.91250665816819,"c6":-0.880003130434443},"mare":0.00342104490619718,"rmse":0.00272855269067041,"mare_seq":[0.0156866704367231,0.0154798736573553,0.0154798592137043,0.015479857100387,0.0154798391276092,0.0154798297805987,0.0154798295179078,0.0154798288380354,0.0154798282394561,0.0154798277903045,0.0147733373994265,0.0135187576781706,0.0119063397955169,0.0116706612031643,0.00951450103726524,0.0082602680327578,0.00382254694227834,0.00358732798081447,0.00353418994107801,0.00342130502911107,0.00342115789101167,0.00342111511426984,0.00342108366099125,0.00342108071629348,0.00342108055789975,0.00342107032061507,0.00342106122903788,0.00342105862262272,0.00342104545989625,0.00342104531202881,0.00342104490619718],"convergence":0,"press_dep":false,"press_rng":[1013.25,1013.25]}}
