{"fa_Pld_PHRB_C_band_4":{"type":"annular","coefficients":{"c1":1,"c2":0.219485287414413,"c3":-5.34406551093283,"c4":0.751847262342463,"c5":-0.784181848984834,"c6":-0.167872404017854},"mare":0.00312444681876798,"rmse":0.00211331977401451,"mare_seq":[0.0153927628671344,0.0142690971952154,0.0142690970474567,0.0142690925908309,0.0142690899160111,0.0142690886479136,0.0142690881697273,0.0124507686758629,0.0104597450447398,0.0091137127183627,0.00911094444097572,0.00873708523282993,0.00783883937318133,0.00395976345306941,0.00342289018345505,0.00321695062302621,0.00313118840608593,0.00312612132473747,0.00312455964947848,0.00312450129692096,0.00312449886910555,0.00312449786208394,0.00312449269779059,0.00312449262314054,0.00312448340692143,0.00312447697491054,0.00312446356149002,0.0031244598771706,0.0031244524643918,0.00312445034317725,0.00312444681876798],"convergence":0,"press_dep":false,"press_rng":[1013.25,1013.25]}}
