{"fa_PS_0E_U_band_2":{"type":"annular","coefficients":{"c1":1,"c2":0.223624460801041,"c3":-3.02231131325792,"c4":0.774604637122511,"c5":-0.717191610742836,"c6":-0.174697544248031},"mare":0.00187375358482412,"rmse":0.00117796365894729,"mare_seq":[0.00951184113458495,0.00951131508642157,0.00951131384804051,0.00951131341706118,0.0095113132009977,0.00951131209696847,0.00881912635336286,0.00849934240977922,0.00702616520914237,0.00565839952804182,0.00563039577874197,0.00562822398910752,0.0053552771706402,0.00509644037582466,0.0035584915676769,0.00315343124837491,0.00260232528206718,0.00248262571458115,0.0020683926125606,0.00190616140674747,0.00190555700209297,0.00188182751125527,0.00187899030874134,0.0018737883231137,0.00187376901687705,0.00187376272116389,0.00187376126152108,0.00187375747420911,0.00187375518104409,0.0018737550483749,0.00187375358482412],"convergence":0,"press_dep":false,"press_rng":[1013.25,1013.25]}}
