{"fa_PS_0F10_C_band_2":{"type":"annular","coefficients":{"c1":1,"c2":0.188974131750214,"c3":-0.164340858517468,"c4":0.254585352940903,"c5":-4.92188766521869,"c6":-0.780552842039011},"mare":0.00322249464288451,"rmse":0.00208421100761794,"mare_seq":[0.0136431942790018,0.0136431922231427,0.0136431885308755,0.0136431869935312,0.0136431847144659,0.0136431836847343,0.0136431834032507,0.0136426669363872,0.0111773200681033,0.010388753903905,0.0096470683130191,0.00740942544929854,0.00714619123611794,0.00712136467345536,0.00572944265846706,0.00516770564402554,0.00502168548802393,0.00478326766310328,0.00323262893506634,0.00322279886312736,0.0032225802730178,0.00322254727746121,0.00322254079613219,0.00322253830681804,0.0032225285152962,0.00322251078514863,0.00322250035853412,0.00322249871412587,0.0032224958114794,0.00322249518098108,0.00322249464288451],"convergence":0,"press_dep":false,"press_rng":[1013.25,1013.25]}}
