{"fa_Pld_PHRB_U_band_5":{"type":"annular","coefficients":{"c1":1,"c2":0.214070646893196,"c3":-3.07011725313483,"c4":0.230843966445605,"c5":-0.176842925934148,"c6":-0.719614827706675},"mare":0.00188673095345253,"rmse":0.00118649336488712,"mare_seq":[0.00950245249924098,0.00950244464252775,0.00950244418714493,0.0095024435999474,0.00950244325080126,0.00950244316284655,0.00950244265197915,0.00949297344074483,0.00809914623466054,0.00789028680481361,0.00734635544691893,0.00733729246787182,0.00495123852721766,0.00435933010038661,0.00409643253952523,0.00354357683168835,0.00342972057338594,0.00340577319303561,0.00237673975855636,0.00210101428133438,0.00189278877720394,0.00189086724632011,0.00188685166264247,0.00188681884923644,0.00188676073390195,0.00188675715245689,0.00188673884430969,0.00188673596412038,0.00188673377424252,0.0018867326047088,0.00188673095345253],"convergence":0,"press_dep":false,"press_rng":[1013.25,1013.25]}}
