{"fa_Pld_PHRB_U_band_4":{"type":"annular","coefficients":{"c1":1,"c2":0.607014756898582,"c3":-0.716270005574453,"c4":0.532206077249531,"c5":-3.12626729057572,"c6":-0.179411978893121},"mare":0.00192509911189372,"rmse":0.00121027405673559,"mare_seq":[0.00952270538586524,0.00952270534331318,0.00952270243965397,0.00952270242794593,0.00952270091183693,0.00887303479681668,0.00833934994000965,0.00729091191778948,0.0068295220755103,0.0067656215383918,0.00667749834237884,0.00663364176328863,0.00596293836172091,0.00572774325987193,0.00465501164023824,0.00241766045794751,0.00229763230223014,0.00193966273739451,0.00193782865500926,0.00193529014682441,0.0019254773465638,0.00192511290455439,0.00192510767680168,0.00192510759309028,0.00192510518774578,0.00192510350211943,0.00192510217994912,0.0019251018783226,0.0019250997192269,0.00192509919821656,0.00192509911189372],"convergence":0,"press_dep":false,"press_rng":[1013.25,1013.25]}}
