{"fa_Pld_PHRA_M_band_1":{"type":"annular","coefficients":{"c1":1,"c2":0.316959369015521,"c3":-6.95859762974618,"c4":0.213550701861962,"c5":-0.166649265337132,"c6":-0.882736020908776},"mare":0.00344127044266225,"rmse":0.00274094713600248,"mare_seq":[0.0263829846424352,0.0174064486041537,0.0159736326414652,0.0154944606058696,0.0154944546399489,0.0154944541139304,0.0154944531697212,0.0154944468884213,0.0154944441776807,0.0154944438500216,0.0154944432728642,0.0154944429160106,0.0154944424910477,0.0154944418486374,0.0154916106620142,0.0125693317732666,0.0110289798359199,0.0107815541774136,0.0068077313614086,0.00475181464927593,0.00367909662519739,0.00344298979903182,0.00344174204069319,0.00344131201794559,0.00344129987976664,0.00344128220961608,0.00344127919733358,0.00344127813914093,0.00344127779902087,0.00344127710338926,0.00344127044266225],"convergence":0,"press_dep":false,"press_rng":[1013.25,1013.25]}}
