{"fa_Pld_PHRB_C_band_2":{"type":"annular","coefficients":{"c1":1,"c2":0.205765054882501,"c3":-4.94859011970455,"c4":0.238978266249822,"c5":-0.164767080544627,"c6":-0.781542203036633},"mare":0.0032003676843277,"rmse":0.00207179593243364,"mare_seq":[0.0136668822975789,0.0136668752412899,0.0136668735631129,0.0136668731234613,0.0136668724032065,0.0136668695490132,0.0136668688823703,0.0136668661447118,0.0136665781374505,0.0122948121900364,0.00985935821327402,0.00739592236851585,0.00727749675433853,0.00566109388268587,0.00546737467750574,0.0037088285748314,0.00327947262663579,0.00320345010294131,0.00320130366844881,0.00320041378665227,0.0032003967780711,0.00320039166564321,0.00320038255698461,0.00320037680640951,0.00320037566316427,0.00320037222286592,0.00320036953709138,0.00320036906277018,0.00320036828453917,0.00320036775587801,0.0032003676843277],"convergence":0,"press_dep":false,"press_rng":[1013.25,1013.25]}}
