{"fa_PS_0F10_M_band_2":{"type":"annular","coefficients":{"c1":1,"c2":0.318357387403819,"c3":-6.70499556447103,"c4":0.212083227055556,"c5":-0.166245456579539,"c6":-0.880483613575133},"mare":0.00337503379549564,"rmse":0.00268190705763882,"mare_seq":[0.0152522425916218,0.0152522077136029,0.0152522054623971,0.0152522046275603,0.0152522031164401,0.0152522017970561,0.0152522017936925,0.0152522011805893,0.0152522010970297,0.0152522007888925,0.015252200726528,0.0152522003807981,0.0152521999001498,0.0152521992958656,0.0152521992563654,0.0152521991441212,0.0148126955290049,0.0140195188480246,0.00777281410065003,0.00547500955975956,0.00337640646506838,0.0033756824629836,0.00337515538290026,0.00337506814920129,0.00337505603521589,0.0033750416466161,0.00337504164018421,0.00337504134190156,0.00337504045035252,0.00337503520696898,0.00337503379549564],"convergence":0,"press_dep":false,"press_rng":[1013.25,1013.25]}}
