{"fa_Pld_PHRA_C_band_1":{"type":"annular","coefficients":{"c1":1,"c2":0.60650641608212,"c3":-0.783267663841029,"c4":0.525133968182439,"c5":-4.86912464196384,"c6":-0.164336484073158},"mare":0.00322012445312576,"rmse":0.00207377024700402,"mare_seq":[0.0135112344270871,0.0135112342774171,0.0134989240406918,0.013492946415712,0.01291341258229,0.00988881914971327,0.00955748845122696,0.00921056672441649,0.00860781220809544,0.00801485388990266,0.00728195355848327,0.00702910083327891,0.0065488057982146,0.00544063713541222,0.00489920989245351,0.00378556215100388,0.00339950807587335,0.00333957595612185,0.0032640335982409,0.00326045649672779,0.00322046751834473,0.00322017148048261,0.00322015994906383,0.00322015969826731,0.00322015927453985,0.00322013747907016,0.00322013422183874,0.0032201298559159,0.0032201297970415,0.00322012566006674,0.00322012445312576],"convergence":0,"press_dep":false,"press_rng":[1013.25,1013.25]}}
