{"fa_PS_0E_U_band_1":{"type":"annular","coefficients":{"c1":1,"c2":0.174350123436805,"c3":-0.175006747672593,"c4":0.727102561950871,"c5":-0.72022665502229,"c6":-3.04021481162108},"mare":0.00188921046685127,"rmse":0.00120181198464441,"mare_seq":[0.00951014727691152,0.00951014242096478,0.00951013900109206,0.00951013742769038,0.00951013578580935,0.00951013540675491,0.00951013357337967,0.0095100262911559,0.00944223621294581,0.00870181568034805,0.00802392382360983,0.00679495337435567,0.00417296251586531,0.00296474541130359,0.00283355023063498,0.00230191814298403,0.00215642066498281,0.00194009813674967,0.00191730514047236,0.00189163012367951,0.00188926512278368,0.00188923826936107,0.00188922717723636,0.00188922670421177,0.00188922386208489,0.00188921939922856,0.00188921430687534,0.00188921245161821,0.00188921123774468,0.00188921079540535,0.00188921046685127],"convergence":0,"press_dep":false,"press_rng":[1013.25,1013.25]}}
