{"fa_PS_0C0D_M_band_1":{"type":"annular","coefficients":{"c1":1,"c2":0.537000065743074,"c3":-0.882227103894091,"c4":0.68449772845882,"c5":-6.9816033550575,"c6":-0.166562637844688},"mare":0.00345069245029561,"rmse":0.00274853747800839,"mare_seq":[0.0246992850988396,0.0177342695420574,0.0167350636128774,0.0155198955014123,0.0155198923985397,0.0155198756528129,0.0155198746764414,0.0155198713711475,0.0155198701558557,0.0155198700399553,0.015519868982502,0.0155198685421715,0.0155198682637303,0.0155198680170922,0.0142129112809732,0.012863392746356,0.010657366852441,0.0104668230544049,0.00905531703937889,0.00673697369270294,0.00604623023308524,0.00361829003825288,0.00345100008428439,0.00345099826104688,0.00345072433801394,0.00345070984019773,0.00345070676433022,0.00345070305340106,0.00345070256559158,0.00345069433770458,0.00345069245029561],"convergence":0,"press_dep":false,"press_rng":[1013.25,1013.25]}}
