{"fa_PS_0C0D_C_band_4":{"type":"annular","coefficients":{"c1":1,"c2":0.216048079328874,"c3":-5.33239258554022,"c4":0.752174591171657,"c5":-0.783986076400367,"c6":-0.167215297218339},"mare":0.00313416643968981,"rmse":0.00210754751322902,"mare_seq":[0.014237592396309,0.014237571548129,0.014237563605199,0.0142375630772307,0.0142375596061536,0.0142364055151888,0.0113038162809555,0.0110623804870221,0.0106846196443097,0.0106022260862859,0.0102607246756034,0.0102176474548953,0.00911673798608541,0.0089104081428924,0.00868254290918831,0.0080417785166021,0.00555446374282295,0.00523199734350383,0.00385210206937527,0.00347500798403027,0.00331085270022615,0.00327556277811262,0.00315855639332839,0.00314229692851524,0.00313448634383067,0.00313424867913057,0.00313419162176756,0.0031341897418239,0.00313418946079035,0.00313418151029291,0.00313416643968981],"convergence":0,"press_dep":false,"press_rng":[1013.25,1013.25]}}
