{"fa_PS_22_C_band_1":{"type":"annular","coefficients":{"c1":1,"c2":0.186102285118189,"c3":-0.163913521190438,"c4":0.255425805718311,"c5":-4.80739863076464,"c6":-0.780642820795902},"mare":0.0032364683367431,"rmse":0.00207792149513046,"mare_seq":[0.0134920228892617,0.01349199206551,0.0134919912560625,0.013491991087926,0.0134919885771435,0.0134919885653574,0.0134919882044518,0.0124208548782751,0.0120113641839549,0.0119980277114418,0.0111388120288921,0.00859843825645718,0.00842165056023926,0.00818306796398274,0.00801680460739238,0.00791246586018706,0.0074579825570875,0.00728656710720318,0.00601752949703899,0.00568283108071124,0.00514884273576229,0.00512714533054364,0.00364082837218573,0.0032903253220673,0.00323651297520144,0.00323651056347786,0.00323648987140855,0.00323648557339399,0.00323647629110981,0.00323647341948892,0.0032364683367431],"convergence":0,"press_dep":false,"press_rng":[1013.25,1013.25]}}
