{"fa_PS_0C0D_C_band_2":{"type":"annular","coefficients":{"c1":1,"c2":0.187880353630267,"c3":-0.163772774978515,"c4":0.745023212124521,"c5":-0.778765457519686,"c6":-4.89753652662879},"mare":0.00322226452273539,"rmse":0.00208250833697167,"mare_seq":[0.0136372967008068,0.0136372870790457,0.0136372813601018,0.0136372785755039,0.0136372780064049,0.0136372770534868,0.0136372770431029,0.0124658520278714,0.00981228103130089,0.00920744276137624,0.0082846882112981,0.00818624844380373,0.00729540995567295,0.00662728398599372,0.00421337341051192,0.00336553396255673,0.00328799049790771,0.00323288612405378,0.0032228300722191,0.00322262198259556,0.003222434220336,0.00322232613008538,0.00322232129556563,0.00322227645594454,0.00322227298196844,0.00322227281632218,0.00322227267071472,0.0032222702447495,0.00322226831707968,0.00322226795625521,0.00322226452273539],"convergence":0,"press_dep":false,"press_rng":[1013.25,1013.25]}}
