{"fa_Pld_PHRA_U_band_5":{"type":"annular","coefficients":{"c1":1,"c2":0.219229433685152,"c3":-3.01772802766728,"c4":0.22803010611751,"c5":-0.17505376152023,"c6":-0.711692793762733},"mare":0.0019053591497815,"rmse":0.00119515758003383,"mare_seq":[0.00949293398299664,0.00949292919769771,0.0094929265802753,0.00931813347924073,0.00713108550676473,0.00515416662684309,0.0048017950742024,0.00451662681800542,0.00426703438965992,0.0031883376903485,0.00291040790057928,0.00214478595975388,0.00190958890021211,0.00190580439145126,0.0019053848190107,0.00190537614796185,0.00190537155110424,0.00190537124593935,0.00190536962216759,0.00190536957693621,0.00190536889577337,0.00190536666558611,0.0019053665618357,0.00190536647367772,0.00190536556270524,0.00190536310512371,0.00190536254408341,0.00190536223268348,0.00190536170060487,0.00190536061876036,0.0019053591497815],"convergence":0,"press_dep":false,"press_rng":[1013.25,1013.25]}}
