{"fa_PS_0C0D_U_band_4":{"type":"annular","coefficients":{"c1":1,"c2":0.183573851186876,"c3":-0.178940058920289,"c4":0.741665239400187,"c5":-0.714959287530816,"c6":-3.09011743582996},"mare":0.00191262810646312,"rmse":0.00119904911613286,"mare_seq":[0.00948106147064553,0.00948102555185397,0.00948102316564439,0.00948102284894047,0.00948102073448641,0.00948089746140143,0.00691642324695086,0.00660952745673019,0.00652613816896208,0.00622721878219456,0.00544512227636741,0.00514278850200082,0.00363062290379452,0.00354541367352918,0.00304125915260955,0.00290570853945326,0.00281222214323833,0.00229923586029697,0.00229498793007013,0.00193265850731175,0.0019273098260069,0.00191778747215592,0.00191360746529819,0.0019126698361649,0.00191263742317769,0.00191263466371116,0.00191263442611856,0.00191263440393359,0.00191263134891931,0.00191262913503977,0.00191262810646312],"convergence":0,"press_dep":false,"press_rng":[1013.25,1013.25]}}
