{"fa_PS_22_M_band_2":{"type":"annular","coefficients":{"c1":1,"c2":0.319530825807914,"c3":-6.56104034201892,"c4":0.78986250364398,"c5":-0.877018196168436,"c6":-0.165518527864209},"mare":0.00333894641941642,"rmse":0.00264397226935834,"mare_seq":[0.015332813658403,0.0151632504807149,0.0151632376015076,0.0151632323782402,0.0151631668542909,0.0151631578636816,0.0151631568735936,0.0151631564123264,0.0151631557317764,0.015163154447416,0.0150987451277215,0.0119491301501556,0.0110958955066574,0.0109567823430361,0.0106526627122759,0.0106276830259769,0.00960894097048124,0.00943429372618288,0.00941244592211382,0.00864329207095947,0.00473737864427395,0.00359363729556311,0.00347824498247095,0.00343566532826732,0.00334554607428308,0.00333917372159466,0.00333900624625311,0.00333899361560371,0.00333898620057678,0.00333897981964411,0.00333894641941642],"convergence":0,"press_dep":false,"press_rng":[1013.25,1013.25]}}
