{"fa_Pld_PHRA_M_band_4":{"type":"annular","coefficients":{"c1":1,"c2":0.541336647741197,"c3":-0.878525373740717,"c4":0.70360451703776,"c5":-5.63950036678972,"c6":-0.164484891033601},"mare":0.00302588519323511,"rmse":0.00236035415578666,"mare_seq":[0.0182477958535432,0.014000802666295,0.0140007973054375,0.0140007935527554,0.0140007908955993,0.0140007907141281,0.0140007897947696,0.0140001010395383,0.0136340730197268,0.0121573448329227,0.00842875485602928,0.00695073200617079,0.0054998286126887,0.00378336550437062,0.00358328713419115,0.00322409605306067,0.00314449445566715,0.0030822816422213,0.00302614434154837,0.00302595651654504,0.00302592472977936,0.00302592135081649,0.003025920584401,0.00302592014493379,0.00302590910371737,0.00302590464214259,0.00302589654663628,0.00302588855338469,0.00302588635238977,0.00302588561342827,0.00302588519323511],"convergence":0,"press_dep":false,"press_rng":[1013.25,1013.25]}}
