{"fa_PS_0F10_U_band_1":{"type":"annular","coefficients":{"c1":1,"c2":0.175071865672756,"c3":-0.175587752186061,"c4":0.728412575914971,"c5":-0.723435014496963,"c6":-3.06040327736411},"mare":0.00189306214640204,"rmse":0.00120289187384282,"mare_seq":[0.0162304752574234,0.00951473409397193,0.00951473307294911,0.00951473187075227,0.00951473121216329,0.00951472873971699,0.00951472766926863,0.00951399930793457,0.0071416431515246,0.00701490756697293,0.00666283974162899,0.0058096182088467,0.00565787306189469,0.00527443137260133,0.00486001389019104,0.00312501791389272,0.0030080551553711,0.00215341165798043,0.00207233135580128,0.00198491519067673,0.00192576202222159,0.00190445320636002,0.00189311163924668,0.00189310365907029,0.00189307852128968,0.00189306819369383,0.00189306684683271,0.00189306643613938,0.00189306368128203,0.00189306230160096,0.00189306214640204],"convergence":0,"press_dep":false,"press_rng":[1013.25,1013.25]}}
