{"fa_PS_22_U_band_3":{"type":"annular","coefficients":{"c1":1,"c2":0.216603606443204,"c3":-3.03432780435055,"c4":0.77133793974855,"c5":-0.712423803425743,"c6":-0.175482186753987},"mare":0.00188167139403747,"rmse":0.0011932300460689,"mare_seq":[0.00947869623395415,0.00947868494441009,0.00947867301875167,0.00947867123151912,0.00947866818758078,0.00947866580059783,0.00947828221576993,0.00613469411541425,0.00608769148809379,0.00562062191944482,0.00468444275523442,0.00410575557529982,0.00350196737541096,0.0024376209286329,0.00188250740048493,0.00188213017321231,0.00188187673766637,0.00188187156124826,0.00188186171584837,0.00188178168395047,0.00188176051643886,0.00188175932803233,0.00188171407502159,0.00188170109774111,0.0018816780275599,0.00188167291460028,0.00188167236497379,0.0018816719462715,0.00188167192351721,0.00188167173383879,0.00188167139403747],"convergence":0,"press_dep":false,"press_rng":[1013.25,1013.25]}}
