{"fa_PS_0E_C_band_3":{"type":"annular","coefficients":{"c1":1,"c2":0.207821903061819,"c3":-5.03889659549814,"c4":0.241952921778491,"c5":-0.164455421990296,"c6":-0.777357470726636},"mare":0.00317762196527459,"rmse":0.00207466204465268,"mare_seq":[0.0138740865085733,0.0138740816472905,0.0138740700660752,0.0138740607734233,0.0127688939430971,0.0121235640258426,0.010003346461414,0.00971221923598191,0.00913436789448856,0.00861190652045453,0.00830055609208796,0.00714652908615933,0.00615676486438426,0.00547725452172429,0.00364233456925438,0.0033531254346557,0.00326396757796089,0.00317807179341127,0.00317780483023882,0.00317772882379623,0.00317771744400828,0.00317769280039278,0.00317767585213543,0.00317766093722828,0.00317765608734321,0.00317763216088905,0.00317763143335145,0.00317762811254291,0.00317762433347489,0.00317762236404994,0.00317762196527459],"convergence":0,"press_dep":false,"press_rng":[1013.25,1013.25]}}
