{"fa_PS_22_M_band_4":{"type":"annular","coefficients":{"c1":1,"c2":0.324355643155885,"c3":-5.5404435067123,"c4":0.801093719118838,"c5":-0.875485241107266,"c6":-0.164101688405554},"mare":0.00301124354556568,"rmse":0.00234883839568303,"mare_seq":[0.0138867965806399,0.0138867933144099,0.0138867920556824,0.0138867889438403,0.0138867866881114,0.0138867835277192,0.013886783351827,0.0138867824141852,0.0138867811605494,0.0138867809563317,0.0109050177849904,0.00847804931746073,0.00828440116034254,0.00655575491656629,0.00493167698132964,0.0047646888181712,0.00410960285123829,0.00312248409791616,0.00301266705185173,0.00301136431669538,0.00301129649452707,0.00301128309452821,0.00301126000539769,0.00301125474799971,0.00301125373239091,0.0030112463497757,0.00301124540823149,0.00301124515728578,0.00301124491971775,0.00301124455306024,0.00301124354556568],"convergence":0,"press_dep":false,"press_rng":[1013.25,1013.25]}}
