{"fa_PS_22_C_band_4":{"type":"annular","coefficients":{"c1":1,"c2":0.19319424099145,"c3":-0.168132055010228,"c4":0.724847652015333,"c5":-0.783575665850063,"c6":-5.34794024200998},"mare":0.00311066768818207,"rmse":0.0021124237207989,"mare_seq":[0.0142892900310813,0.014289285552488,0.0142892815589259,0.0142892810407993,0.0142892800836759,0.0142892797476242,0.0142892792181315,0.0142892791380817,0.0142892780885177,0.0132207051773633,0.0131884785803441,0.0131304409074992,0.0119614231181466,0.0106864038329144,0.0105987177737684,0.0100919104949911,0.00946609457621855,0.00705400398223599,0.00491480576064853,0.00383402937520461,0.00311107621123126,0.00311101890765816,0.00311082159078556,0.00311073085536404,0.00311068060093365,0.00311067609843098,0.0031106750222387,0.00311067030168007,0.00311066899172689,0.00311066884005212,0.00311066768818207],"convergence":0,"press_dep":false,"press_rng":[1013.25,1013.25]}}
