{"fa_PS_0F10_C_band_4":{"type":"annular","coefficients":{"c1":1,"c2":0.217062048496319,"c3":-5.29284682789155,"c4":0.248282334140032,"c5":-0.167299016121636,"c6":-0.782566453290486},"mare":0.00314357357564299,"rmse":0.00211108590549847,"mare_seq":[0.0142261727318516,0.0142261709489156,0.0142261684454984,0.014226163074986,0.0142260383635624,0.0131658548989801,0.0126098304327257,0.0104824211259794,0.00992094497275609,0.00949517639086615,0.0084269351175174,0.00839169229799529,0.00793817424570754,0.00792695735967933,0.00785435355153407,0.00661624541628731,0.00444936386297373,0.00316492162649075,0.00314836345978282,0.00314475099671107,0.00314437897127518,0.00314366730564726,0.00314365761035794,0.00314362921311326,0.00314362261820495,0.00314360042725948,0.00314359414170385,0.00314359049370897,0.00314358584773023,0.00314357927909148,0.00314357357564299],"convergence":0,"press_dep":false,"press_rng":[1013.25,1013.25]}}
