{"fa_PS_22_U_band_2":{"type":"annular","coefficients":{"c1":1,"c2":0.221096988627614,"c3":-3.03937458697899,"c4":0.773943576960783,"c5":-0.718046526539237,"c6":-0.175007881914111},"mare":0.00188952236377499,"rmse":0.00119876860804437,"mare_seq":[0.00949156814807569,0.00949129946061927,0.00949129706827346,0.00949129578395309,0.00949129487796219,0.00949129437117925,0.00949129398348987,0.00949129334656798,0.0092182761199643,0.00733694906818949,0.00686882704197202,0.00614805897371649,0.0055041306169723,0.00505455876114663,0.00502092393226875,0.00384510695105633,0.00377992384765706,0.00245577087272189,0.00245464151041204,0.00197135768002338,0.00195230451414148,0.00188969807276272,0.00188956519946091,0.00188954875894236,0.00188952935872347,0.00188952851177644,0.00188952571001864,0.00188952557841542,0.00188952495943351,0.00188952393590397,0.00188952236377499],"convergence":0,"press_dep":false,"press_rng":[1013.25,1013.25]}}
