{"fa_PS_22_U_band_4":{"type":"annular","coefficients":{"c1":1,"c2":0.20600812108476,"c3":-3.16501535108213,"c4":0.765941232512271,"c5":-0.72148794072683,"c6":-0.181125281052682},"mare":0.00192028947969146,"rmse":0.00121304964394497,"mare_seq":[0.0171891454975074,0.00949963919511298,0.00949963400474878,0.00949963393152025,0.00949963197140003,0.00949963193360704,0.0067503947555099,0.00631869713620838,0.00598145582133682,0.00597949224670905,0.00550623377834117,0.00550077394475174,0.00469833654229797,0.00410373346123019,0.00266716592274167,0.00192045343691915,0.00192039632320142,0.00192034320015719,0.00192032593974965,0.00192032481493573,0.00192031761734033,0.001920307811471,0.00192030114613669,0.00192029507335286,0.00192029303826953,0.00192029297728375,0.00192029186976228,0.00192029163785809,0.00192029016609704,0.00192028996313671,0.00192028947969146],"convergence":0,"press_dep":false,"press_rng":[1013.25,1013.25]}}
