{"fa_Pld_PHRA_U_band_4":{"type":"annular","coefficients":{"c1":1,"c2":0.206666266249884,"c3":-3.15429481659227,"c4":0.766631487311887,"c5":-0.719593674245537,"c6":-0.179968855237317},"mare":0.00191583951876897,"rmse":0.00121831229403745,"mare_seq":[0.0100591961804279,0.00952263352727642,0.00952263188389966,0.00952193473988788,0.00951271512477501,0.0091491093120478,0.00762011335762601,0.00756098783490182,0.00708399466258638,0.00650861921057169,0.00605270997473562,0.00570927740933453,0.00425483764918702,0.00334689370726303,0.00306160707315859,0.00235517575625438,0.00206792680100087,0.00201238134790092,0.00192928827604446,0.00191641996511326,0.00191635336706487,0.00191586917890004,0.00191585065653618,0.00191584706398302,0.0019158456050949,0.00191584329342666,0.00191584300726836,0.00191584146180774,0.00191584106050346,0.00191584073718465,0.00191583951876897],"convergence":0,"press_dep":false,"press_rng":[1013.25,1013.25]}}
