{"fa_PS_0E_C_band_4":{"type":"annular","coefficients":{"c1":1,"c2":0.588459242007616,"c3":-0.779936771429343,"c4":0.469780433879289,"c5":-0.166824413115734,"c6":-5.26894499166722},"mare":0.00314046431525245,"rmse":0.00211517295763977,"mare_seq":[0.0142214310184579,0.0142214281031011,0.014221425912609,0.0142214190504196,0.0142214152188902,0.014221407531818,0.0131176114606606,0.0123086565821631,0.0101846082277643,0.00934626328619784,0.00874943404058412,0.00801619637516852,0.00669774954993651,0.00642732909347508,0.00633310604094371,0.00602163917503656,0.00590890682802773,0.00515251312239462,0.00390682473943289,0.00323649984738795,0.00315931898388795,0.00314084412373198,0.00314060405024575,0.00314059880639133,0.00314055348075801,0.00314053390887772,0.00314052699932398,0.00314052668844785,0.00314050858062413,0.00314047484012312,0.00314046431525245],"convergence":0,"press_dep":false,"press_rng":[1013.25,1013.25]}}
