{"fa_Pld_PHRA_C_band_3":{"type":"annular","coefficients":{"c1":1,"c2":0.599717923474634,"c3":-0.776035221525965,"c4":0.521797453100802,"c5":-5.05012584601926,"c6":-0.164255279009397},"mare":0.00319651628365486,"rmse":0.0020949328177691,"mare_seq":[0.0139315280201215,0.0139303329982033,0.0139303121069582,0.0139303102845239,0.0139303087865101,0.0139303084128719,0.0139303083589289,0.0139303077937522,0.0139303067701773,0.0139303062641905,0.0139261446513396,0.0122121990868402,0.0112195489667949,0.0105520078943225,0.0086106697732803,0.00849063724396242,0.00832384335697767,0.00638641835229023,0.00619063797685978,0.00565267064202257,0.00320736908330269,0.00319940651180749,0.00319718886036052,0.00319671943914892,0.00319656361436449,0.00319655839898073,0.00319653958501415,0.00319652318364875,0.00319651856707342,0.00319651640950515,0.00319651628365486],"convergence":0,"press_dep":false,"press_rng":[1013.25,1013.25]}}
