{"fa_PS_0E_U_band_3":{"type":"annular","coefficients":{"c1":1,"c2":0.218302495815416,"c3":-3.02911391549814,"c4":0.227800875367255,"c5":-0.175282985168056,"c6":-0.714267122067806},"mare":0.00190441497396801,"rmse":0.00119954473419497,"mare_seq":[0.00947123379636242,0.00947122933615341,0.00947122904778314,0.00947122632145453,0.0094712261510393,0.00947122572763111,0.00947122547573669,0.00947122372115281,0.00947122366232671,0.00947122263271606,0.00940386253184766,0.00935199484010305,0.00548113239986179,0.0054187904691456,0.00531593596615413,0.00520095477629402,0.00411505261983446,0.00387681998721446,0.00236525050557052,0.00224912023566449,0.00206618750689984,0.00201005613744363,0.00195973151972843,0.00190470681208498,0.00190446586016686,0.00190443619038797,0.00190442582947012,0.00190442433185865,0.00190442304886534,0.00190442270623259,0.00190441497396801],"convergence":0,"press_dep":false,"press_rng":[1013.25,1013.25]}}
