{"fa_Pld_PHRB_M_band_2":{"type":"annular","coefficients":{"c1":1,"c2":0.318358984300845,"c3":-6.63828874392002,"c4":0.788817917275808,"c5":-0.880130836735185,"c6":-0.165874030941697},"mare":0.00336748053613941,"rmse":0.00267079202325049,"mare_seq":[0.057902632076009,0.0163393283879853,0.0160376780272568,0.0153360723907744,0.0151993336760849,0.0151992049334055,0.0151991992698014,0.0151991989168683,0.0151991979205697,0.0151991979033677,0.0151991955012267,0.0151991951644133,0.0151991946071391,0.0150339337677551,0.0123760582030477,0.011379134567558,0.0107531675718977,0.00954040830650469,0.00894475071529566,0.00709378745850324,0.00600187650217567,0.00440351785130212,0.00372964560173321,0.00342597470142873,0.00336781111586538,0.00336752012271376,0.00336751592959607,0.00336749344260981,0.00336749045916863,0.00336748263284418,0.00336748053613941],"convergence":0,"press_dep":false,"press_rng":[1013.25,1013.25]}}
