{"fa_PS_0C0D_M_band_3":{"type":"annular","coefficients":{"c1":1,"c2":0.142344129575785,"c3":-0.165281707186391,"c4":0.626692268702156,"c5":-0.877892136258055,"c6":-6.3477056871268},"mare":0.00327652896796265,"rmse":0.00258760113202876,"mare_seq":[0.0165200645770726,0.0159901433359133,0.0149202790227845,0.0149198865817116,0.014919860330536,0.0149198330224204,0.0149198318450378,0.0149198305967277,0.01491982626126,0.0149198241066279,0.0149197754038828,0.0129529538319733,0.0116883224106162,0.0115650291337899,0.00983449603491488,0.0094821127255668,0.00932028456615154,0.0069891876361563,0.00545928573126442,0.00340870984894515,0.00329450246349173,0.00327751592879101,0.00327694083646101,0.00327670487849084,0.00327663039928677,0.00327661935821691,0.00327653431491925,0.0032765329100039,0.00327653196098499,0.00327653162155052,0.00327652896796265],"convergence":0,"press_dep":false,"press_rng":[1013.25,1013.25]}}
