{"fa_PS_0C0D_M_band_2":{"type":"annular","coefficients":{"c1":1,"c2":0.316930727253458,"c3":-6.74580139651074,"c4":0.787193373133949,"c5":-0.883659176677918,"c6":-0.166689285472259},"mare":0.0033786011655961,"rmse":0.00267932114080161,"mare_seq":[0.0152669837902662,0.0152669744010374,0.015266969076972,0.0152669596954503,0.0152669554309653,0.0152669552074868,0.0152669544409023,0.0152669540909027,0.0152669531358801,0.0152669527359287,0.0152669509098117,0.0152669500815164,0.0152669082334632,0.0149208536985629,0.0120534728698839,0.00813718596137112,0.00466396873495988,0.00396652604647471,0.0033798682621805,0.00337933330567365,0.00337901307661504,0.00337878333612307,0.00337874905091289,0.00337872259800353,0.00337870666910934,0.00337862736510819,0.00337860943460906,0.00337860925057088,0.00337860251636926,0.00337860117953074,0.0033786011655961],"convergence":0,"press_dep":false,"press_rng":[1013.25,1013.25]}}
