{"fa_Pld_PHRA_C_band_2":{"type":"annular","coefficients":{"c1":1,"c2":0.60442416418909,"c3":-0.779313107545394,"c4":0.522886951610001,"c5":-4.93572889768015,"c6":-0.16412434076794},"mare":0.00321022268740684,"rmse":0.00208221151870799,"mare_seq":[0.013677673623753,0.0136776732741314,0.0136776712129616,0.013677670261288,0.0136776692862008,0.013677599549125,0.0136516677029681,0.0129575699563574,0.0103450154817572,0.00969949167970327,0.00943947101719743,0.00895220969106529,0.00776890763729849,0.00736763891326722,0.00626095442559819,0.00400861599244126,0.00334640232760845,0.00324354896403632,0.00321544151753604,0.00321031911517323,0.00321026948718941,0.00321026439405767,0.00321024045988135,0.00321023856353202,0.00321022973692212,0.0032102259019521,0.00321022431077779,0.00321022354685868,0.00321022348959253,0.00321022291769866,0.00321022268740684],"convergence":0,"press_dep":false,"press_rng":[1013.25,1013.25]}}
