{"fa_PS_0F10_M_band_3":{"type":"annular","coefficients":{"c1":1,"c2":0.320238231805013,"c3":-6.33956147147488,"c4":0.209410716787044,"c5":-0.165312735346797,"c6":-0.878073399016533},"mare":0.00327190913374445,"rmse":0.00258158372236241,"mare_seq":[0.0161959817973699,0.0149073159419612,0.014907266651448,0.0149072032371023,0.014907200514709,0.0149072002341536,0.0149071936375052,0.0149071932404907,0.0134198713193937,0.0129856957942539,0.0129650949428714,0.0129061446772007,0.0114607688522578,0.0105879351251777,0.00996700232093452,0.00943876380013804,0.0092783991686464,0.00823079933716219,0.0072951803631541,0.00505109246933818,0.00427274296140806,0.00327215027586458,0.003271970997504,0.00327196029813969,0.00327193054374948,0.00327192870997078,0.00327191928252028,0.00327191924673678,0.00327191584609332,0.00327191293627442,0.00327190913374445],"convergence":0,"press_dep":false,"press_rng":[1013.25,1013.25]}}
