{"fa_PS_22_C_band_3":{"type":"annular","coefficients":{"c1":1,"c2":0.19334441459587,"c3":-0.165108493036073,"c4":0.257471388334263,"c5":-5.12051920862179,"c6":-0.778389201648621},"mare":0.00317745292501258,"rmse":0.00209590615593975,"mare_seq":[0.0139619190135555,0.0139619130346781,0.0139619118196528,0.0139619116397907,0.0139619111325072,0.0139619110077648,0.0108158549406159,0.00927058491672164,0.00914470520564868,0.00910344454289928,0.00889537752594424,0.00881966929749076,0.00667121269028315,0.0061625173335385,0.00457428407007816,0.00320513709543324,0.00317762913740272,0.00317754885381856,0.00317753420718169,0.00317751443663287,0.00317748747295784,0.00317748049943208,0.0031774763092376,0.00317746679381904,0.00317746519231832,0.00317745917039714,0.00317745910377523,0.00317745615106079,0.00317745504257061,0.00317745484815448,0.00317745292501258],"convergence":0,"press_dep":false,"press_rng":[1013.25,1013.25]}}
