{"fa_Pld_PHRA_U_band_3":{"type":"annular","coefficients":{"c1":1,"c2":0.178643525316044,"c3":-0.175508936452673,"c4":0.264298824002324,"c5":-3.03164806467581,"c6":-0.713932737970737},"mare":0.00188806040446738,"rmse":0.00119043308801981,"mare_seq":[0.00947916746906216,0.00947916539023035,0.00947916397250924,0.00947628604282609,0.00906169829555789,0.00803954638767389,0.00591284165530468,0.00538848459355058,0.00537724743327396,0.00508552986898205,0.00447021804262804,0.00441483696914572,0.0038544252618284,0.00358771963931406,0.00350336878584354,0.00261875876332931,0.00259566178351177,0.00236789880803779,0.00188817522301716,0.00188810974955004,0.00188807319329258,0.0018880690343524,0.00188806859207006,0.00188806614715572,0.00188806481449498,0.00188806370479394,0.00188806146760407,0.00188806131826699,0.00188806118407388,0.00188806043782236,0.00188806040446738],"convergence":0,"press_dep":false,"press_rng":[1013.25,1013.25]}}
