{"fa_Pld_PHRA_U_band_2":{"type":"annular","coefficients":{"c1":1,"c2":0.222651527819963,"c3":-3.02509775304819,"c4":0.774698849702144,"c5":-0.716587812390443,"c6":-0.174566938872647},"mare":0.00190733897562705,"rmse":0.00119813573792012,"mare_seq":[0.00950772220728979,0.00950673667805291,0.00950364608682941,0.00950364600587422,0.00950364589099393,0.00950364499101771,0.00947286956474773,0.00568640294446641,0.00535473373985796,0.00455330121067322,0.00383420809870553,0.00382448267999234,0.00277301399902307,0.00201625206393723,0.0019767495165029,0.00194441275036055,0.00193373871940883,0.00190742430071994,0.00190737034343789,0.00190735578884125,0.00190735101022557,0.00190734672423676,0.00190734191924781,0.00190734142576802,0.00190734126491504,0.00190734075028354,0.00190734041982654,0.00190734007118997,0.00190733985761079,0.00190733934706803,0.00190733897562705],"convergence":0,"press_dep":false,"press_rng":[1013.25,1013.25]}}
