{"fa_PS_0F10_U_band_2":{"type":"annular","coefficients":{"c1":1,"c2":0.222207099035595,"c3":-3.04736999715089,"c4":0.774260737123955,"c5":-0.719345075350577,"c6":-0.175000315296412},"mare":0.00187857686022729,"rmse":0.00119743734342671,"mare_seq":[0.00951081326822751,0.009510813094991,0.00951081296067195,0.00951081229464797,0.00951081193386749,0.00737574531694607,0.00598929602178387,0.00559422785893407,0.00529006625902415,0.0051682043697564,0.00507413727959969,0.00487167749547637,0.00308546048465962,0.00252237618646422,0.0022592557814239,0.00208659645376151,0.00188326562818202,0.00188189365122405,0.00188096596498116,0.00187944233474054,0.00187884350813852,0.00187882776313048,0.00187862765749771,0.00187862322206084,0.00187860941960388,0.00187859042185362,0.00187858953612036,0.00187858788487809,0.00187857863020821,0.00187857739934115,0.00187857686022729],"convergence":0,"press_dep":false,"press_rng":[1013.25,1013.25]}}
