{"fa_Pld_PHRB_C_band_5":{"type":"annular","coefficients":{"c1":1,"c2":0.598664724200515,"c3":-0.777035776389679,"c4":0.523056340984356,"c5":-5.06963015696635,"c6":-0.164396940996563},"mare":0.00317870664344931,"rmse":0.00208498661205041,"mare_seq":[0.0139539017906551,0.0139538874849956,0.0139538869852679,0.0139538839711301,0.0139538833450864,0.0139538800771836,0.0139538795479942,0.013389424137849,0.01249917887596,0.00995141318119414,0.00956277733652478,0.0095327503362766,0.00953245142889517,0.00939726059326018,0.0093578285852777,0.00926270944063184,0.00904404600564516,0.00894309076213566,0.0084776686467849,0.00703669946667949,0.00673472080652671,0.00609964415579966,0.00399857356752285,0.00353544962350756,0.00328042052833568,0.00318643067236979,0.00317872199583481,0.00317871959501809,0.00317871596736021,0.0031787155517267,0.00317870664344931],"convergence":0,"press_dep":false,"press_rng":[1013.25,1013.25]}}
