{"fa_PS_0F10_M_band_4":{"type":"annular","coefficients":{"c1":1,"c2":0.323240311152353,"c3":-5.6909429159432,"c4":0.20071655921544,"c5":-0.163957644653876,"c6":-0.876132760213975},"mare":0.00305651729141029,"rmse":0.00238577512249829,"mare_seq":[0.0141111655559142,0.0141111627410092,0.0141111372275407,0.014111136075074,0.0114436344208317,0.0103813764570138,0.00919282575775402,0.00874378519502571,0.00854925417743227,0.0081671309429098,0.00790711207740771,0.00354099560926341,0.003530688295952,0.00312707530942156,0.00311318372715916,0.00308998086544112,0.00306297139897481,0.00306210185179362,0.00305701844752027,0.0030568262670748,0.00305672216340081,0.00305657698251502,0.00305656065024741,0.00305654211534233,0.00305652837811546,0.00305652624955426,0.0030565235858721,0.00305652260443577,0.00305652258481253,0.00305652189430077,0.00305651729141029],"convergence":0,"press_dep":false,"press_rng":[1013.25,1013.25]}}
