{"fa_Pld_PHRB_U_band_1":{"type":"annular","coefficients":{"c1":1,"c2":0.222812327870336,"c3":-3.08010429815983,"c4":0.774589412846486,"c5":-0.724997761565211,"c6":-0.175713483808746},"mare":0.00189643330005468,"rmse":0.00120574475899509,"mare_seq":[0.0512041156714313,0.0116258920918685,0.00954949742720062,0.00954949454096625,0.00954949336185444,0.0095493556712909,0.00943175707580751,0.00939785029496651,0.00834621938199979,0.00707526736163137,0.00572134526714735,0.00462691259561789,0.00439181386651007,0.00363859027785762,0.00235157494567443,0.00223049731600452,0.00204631699899209,0.00198377682371518,0.00189960741228172,0.00189671713434396,0.00189647856676939,0.00189644239359998,0.00189643745428284,0.00189643682635649,0.00189643595784379,0.00189643550888302,0.00189643439086142,0.00189643438972923,0.00189643372521843,0.00189643334386672,0.00189643330005468],"convergence":0,"press_dep":false,"press_rng":[1013.25,1013.25]}}
