{"fa_Pld_PHRB_U_band_2":{"type":"annular","coefficients":{"c1":1,"c2":0.600888539841538,"c3":-0.714730992086264,"c4":0.561957390572537,"c5":-3.0106004220073,"c6":-0.174481929395133},"mare":0.00187114411227556,"rmse":0.00118074634406484,"mare_seq":[0.0119633661659608,0.00949330057164216,0.00949329470223407,0.00949329421592419,0.00949329386813099,0.00949329370632116,0.00948583482982311,0.00841906389118245,0.00775596748794966,0.00709394964844516,0.00633035518695156,0.00330099334361912,0.00304773297894084,0.00277474753332697,0.00241820223864721,0.0020432536114089,0.00188804843671231,0.0018835379484834,0.00188237471057472,0.00187919257239119,0.00187136318363469,0.00187120468663504,0.00187117661157296,0.00187115538940752,0.00187115005357258,0.0018711493858044,0.00187114596167245,0.00187114577296786,0.00187114543344287,0.00187114421354631,0.00187114411227556],"convergence":0,"press_dep":false,"press_rng":[1013.25,1013.25]}}
