{"fa_PS_0E_M_band_4":{"type":"annular","coefficients":{"c1":1,"c2":0.322532760872821,"c3":-5.69751081811727,"c4":0.201612195078222,"c5":-0.164545546171789,"c6":-0.878396549235177},"mare":0.00305628498226481,"rmse":0.00238551540045986,"mare_seq":[0.0140832834150657,0.0140832767123549,0.0140832600216872,0.0140832565390454,0.0140832563196976,0.0140832546137988,0.0140832542137704,0.0140832538565936,0.0140832537798592,0.0140817044595525,0.0139987037006781,0.011515121455179,0.0110021322331042,0.0109579503722216,0.0100843314008269,0.00990909467121025,0.00511773771952167,0.0038067241372656,0.00345945304909194,0.00305642293296723,0.0030564067986355,0.00305639220275138,0.00305632036891641,0.00305629919757771,0.00305629096580852,0.00305628817505261,0.00305628776007048,0.00305628726581314,0.00305628563171341,0.00305628523076279,0.00305628498226481],"convergence":0,"press_dep":false,"press_rng":[1013.25,1013.25]}}
