{"fa_Pld_PHRB_M_band_1":{"type":"annular","coefficients":{"c1":1,"c2":0.31675493575814,"c3":-6.93650329425732,"c4":0.212715478406776,"c5":-0.166326120886387,"c6":-0.881799461253452},"mare":0.00341910511844914,"rmse":0.00272212237166655,"mare_seq":[0.0154866708888369,0.0154866611637623,0.0154866532589373,0.0154866472289893,0.0154866469818956,0.015486646618866,0.0154866461458975,0.0154866456122313,0.0154866446762752,0.0154866439087536,0.0154866437596997,0.0154866434290818,0.0152849948883083,0.0152733603059115,0.0119570822524951,0.0113744888613605,0.00850444574657367,0.00452297330646931,0.00346021526495485,0.00341922345059684,0.00341912636036639,0.00341911752260586,0.00341910937257934,0.00341910750811707,0.00341910654362854,0.00341910641372686,0.00341910623056257,0.00341910591533944,0.00341910589571806,0.0034191057589549,0.00341910511844914],"convergence":0,"press_dep":false,"press_rng":[1013.25,1013.25]}}
