{"fa_Pld_PHRA_M_band_2":{"type":"annular","coefficients":{"c1":1,"c2":0.143889779938309,"c3":-0.166070670095441,"c4":0.371539884776129,"c5":-6.63520924924989,"c6":-0.880011885749058},"mare":0.00335408123537321,"rmse":0.00265948074489925,"mare_seq":[0.016605142652223,0.0151858794906673,0.0151851388740758,0.0151851169990099,0.015185115129774,0.0151851140655291,0.015185113356048,0.015185112898324,0.0151851121270971,0.0151851096440441,0.0151851095701207,0.0151851090134892,0.0151851084980188,0.012750984386904,0.0113844586633811,0.0100791270977654,0.00919253631327683,0.00774098501486477,0.00551764537436389,0.00410811711900944,0.00386685511802142,0.00346176529517996,0.0034069024988773,0.00338521150880222,0.00335416922992827,0.00335413214992403,0.00335413078034392,0.00335412966003678,0.00335412784356832,0.00335409518907575,0.00335408123537321],"convergence":0,"press_dep":false,"press_rng":[1013.25,1013.25]}}
