{"fa_Pld_PHRA_C_band_4":{"type":"annular","coefficients":{"c1":1,"c2":0.587872973236382,"c3":-0.784168137837676,"c4":0.470165359206215,"c5":-0.167610021997546,"c6":-5.3375491194451},"mare":0.00312912041694671,"rmse":0.00211225942022471,"mare_seq":[0.0156780364957125,0.0143066481145592,0.0142495670202716,0.014249558904644,0.0142495587909486,0.0142495587347336,0.0142495583689303,0.0142495568589032,0.0142495553291954,0.0135506577125234,0.012862045410306,0.0128423676449403,0.0109127994345806,0.00975758786543203,0.00896844102432439,0.00840542914264531,0.00831871968295415,0.00772011823453312,0.00395447699349433,0.00320213238912983,0.00313007653438287,0.00312998328981093,0.00312914700375327,0.00312914086140312,0.00312913165455706,0.00312912918492964,0.00312912693303668,0.00312912640903855,0.0031291246698043,0.00312912317557589,0.00312912041694671],"convergence":0,"press_dep":false,"press_rng":[1013.25,1013.25]}}
