{"fa_Pld_PHRB_C_band_3":{"type":"annular","coefficients":{"c1":1,"c2":0.209465227593332,"c3":-5.06052149249112,"c4":0.242284159025827,"c5":-0.164096459019799,"c6":-0.774966753282352},"mare":0.00319116415839188,"rmse":0.00209053123204658,"mare_seq":[0.0139681799499794,0.0139681756267395,0.0139681746387193,0.0139681739023583,0.0139681718251938,0.0127908973201835,0.0126539065269478,0.0103011588356431,0.00884258006102667,0.00830542722006856,0.00802503988603459,0.00801009517392092,0.00698131246075509,0.00612196894207205,0.00431595230128627,0.00326524304089211,0.00321487913304738,0.00319641124278037,0.00319129450560157,0.00319127584096017,0.00319120831538702,0.0031911995719055,0.00319119194479034,0.00319118977072441,0.00319117724988571,0.00319117666618654,0.00319117392726091,0.00319117062400534,0.00319116996228754,0.0031911667563758,0.00319116415839188],"convergence":0,"press_dep":false,"press_rng":[1013.25,1013.25]}}
