{"fa_PS_22_M_band_3":{"type":"annular","coefficients":{"c1":1,"c2":0.321255365226676,"c3":-6.15037414819701,"c4":0.207434094056503,"c5":-0.164895753977136,"c6":-0.876737792087822},"mare":0.00319512930690951,"rmse":0.00251112226495046,"mare_seq":[0.0182389146637112,0.01471083161192,0.0147108308086712,0.0147108278291647,0.0147108278195953,0.0147108275395142,0.0147108255865574,0.0147108253755575,0.0147108240496665,0.0147108238895753,0.0147108232860177,0.0147108223370018,0.0147108222594344,0.0147108220050221,0.0147108214362077,0.0147108201604715,0.014710819855268,0.0147108195025416,0.0145789955893361,0.0144710404701321,0.0116894580644603,0.011638478083828,0.00988007308917591,0.00958080865071713,0.00561197051172076,0.0034882182386592,0.00320015961403922,0.0031964667369249,0.00319527507634272,0.0031951581615207,0.00319512930690951],"convergence":0,"press_dep":false,"press_rng":[1013.25,1013.25]}}
