{"fa_PS_0F10_C_band_3":{"type":"annular","coefficients":{"c1":1,"c2":0.60106670625218,"c3":-0.774801146122331,"c4":0.47712018067546,"c5":-0.163995690566506,"c6":-5.01181185904817},"mare":0.00319328970471106,"rmse":0.00208567889517233,"mare_seq":[0.0138807543450313,0.0138807534711187,0.0105224005098198,0.0104167480908411,0.0103183469445987,0.0103018368703707,0.00995459607511834,0.00866801637706002,0.00825355641374184,0.00813158953041264,0.00806245660621277,0.0064467730754725,0.00581134075133919,0.00395530645242694,0.00346402742585003,0.00330579799264903,0.00319676599876611,0.00319431080362949,0.00319357038092489,0.00319333233340158,0.00319330607868317,0.00319330432967134,0.00319330276890105,0.0031933018901429,0.00319330094463197,0.00319330063424002,0.00319329939919769,0.00319329838334851,0.00319329347260193,0.00319329005798061,0.00319328970471106],"convergence":0,"press_dep":false,"press_rng":[1013.25,1013.25]}}
