{"fa_PS_0E_C_band_2":{"type":"annular","coefficients":{"c1":1,"c2":0.208031803338526,"c3":-4.8911171489164,"c4":0.762202848288586,"c5":-0.777685440145726,"c6":-0.163972784804741},"mare":0.00320888159223596,"rmse":0.00207487239508242,"mare_seq":[0.0136489912601528,0.0136489848270184,0.0136489815570719,0.0136489806430954,0.0136489801671829,0.0136489795790176,0.0136437469949246,0.0112681097468825,0.0103800647444573,0.0100250715057646,0.0099274203712964,0.00970159809556747,0.00860921460281902,0.00814780270824225,0.00801562607475933,0.00799930284020344,0.00763335564157096,0.00708212814331272,0.00567458316694746,0.00540173393376096,0.00456701873740473,0.00379884276812447,0.00367946589375049,0.00345453011966472,0.00342222570090388,0.00321136209543513,0.00320904706896075,0.00320893148044658,0.00320890121174837,0.00320889903703469,0.00320888159223596],"convergence":0,"press_dep":false,"press_rng":[1013.25,1013.25]}}
