{"fa_Pld_PHRB_M_band_4":{"type":"annular","coefficients":{"c1":1,"c2":0.541130050333068,"c3":-0.877853487487554,"c4":0.704615520751069,"c5":-5.61301276384712,"c6":-0.164415865870673},"mare":0.00302562965109501,"rmse":0.00235704500791379,"mare_seq":[0.0139890288334815,0.0139890271800564,0.0139890233079602,0.0139890181108167,0.0139890176682509,0.013989016852639,0.013989014910051,0.0139890134835797,0.0139890096109511,0.0139890074082512,0.0139890070390729,0.0139890070315135,0.013989006698547,0.0125927894248305,0.0108864708153325,0.00753099702014919,0.00741984865459192,0.00709004175044737,0.00678959127324784,0.00605986961313387,0.00333575351734296,0.00303307525553517,0.00302842792116663,0.00302568933964871,0.00302568102125344,0.00302567808854156,0.0030256600335897,0.0030256367325751,0.00302563183578347,0.00302563144047601,0.00302562965109501],"convergence":0,"press_dep":false,"press_rng":[1013.25,1013.25]}}
