{"fa_Pld_PHRA_M_band_5":{"type":"annular","coefficients":{"c1":1,"c2":0.321108521196809,"c3":-6.198453678071,"c4":0.792694020191405,"c5":-0.87695985757999,"c6":-0.164958782435663},"mare":0.00324908747434002,"rmse":0.00255544201165918,"mare_seq":[0.0165678557888321,0.0160997556690557,0.0147584601430542,0.0147584593619269,0.0147584586617804,0.014758458249712,0.0147584526564695,0.0147584497710428,0.0147584490470478,0.0147584486851918,0.0147584484553969,0.0147584481546345,0.0147584470757103,0.0147584469922299,0.0147130334239541,0.0125027552422182,0.0116784893810487,0.0116745764336428,0.0107075838626483,0.00956542399640213,0.00787786936372073,0.00324977354049054,0.00324936540946418,0.00324933715094683,0.0032492945612208,0.00324910178647159,0.00324910154313692,0.00324910065818832,0.00324909230468505,0.00324909192169713,0.00324908747434002],"convergence":0,"press_dep":false,"press_rng":[1013.25,1013.25]}}
