{"fa_PS_0F10_U_band_4":{"type":"annular","coefficients":{"c1":1,"c2":0.208395781192448,"c3":-3.12208868799842,"c4":0.766783698392982,"c5":-0.7179894246673,"c6":-0.179434777516695},"mare":0.00191624850950051,"rmse":0.00120572340024365,"mare_seq":[0.0214394981570384,0.00994729037732698,0.00950937389390834,0.0095093441303738,0.00950934304196905,0.00950934288994791,0.00950934177076154,0.00950934062975923,0.00950933996692701,0.0095093390712986,0.00950933690170874,0.00950929952898943,0.0081042674163387,0.00627915804669113,0.00625703332239544,0.0046891152215042,0.00395897003565038,0.00360006424877131,0.00351451653137372,0.00284156367060717,0.0021880988244507,0.00198336719783471,0.00195549763991285,0.00191705343223353,0.00191629781972264,0.00191625514085187,0.00191625073467486,0.00191625047007972,0.001916250006287,0.0019162496325109,0.00191624850950051],"convergence":0,"press_dep":false,"press_rng":[1013.25,1013.25]}}
