{"fa_PS_22_U_band_1":{"type":"annular","coefficients":{"c1":1,"c2":0.172981143751942,"c3":-0.174719080554344,"c4":0.274795510714945,"c5":-3.03815422357482,"c6":-0.720759872250061},"mare":0.00188640737569847,"rmse":0.00119776883543154,"mare_seq":[0.00951993695639706,0.0095199270291876,0.00783868818458142,0.00710473232760869,0.00635680706035904,0.00610150096662464,0.00591622742934804,0.0058701452538112,0.004823287895229,0.00478941004598608,0.00395435865670677,0.00346273314301084,0.00341397492363788,0.00332710345863274,0.00287844067924815,0.00252756998293615,0.00233129782201158,0.00204044326699136,0.0019518581532777,0.00188657538879478,0.00188648013562999,0.00188642479279141,0.00188641463927369,0.00188641444446166,0.00188641351750118,0.00188641236583957,0.00188641026454717,0.00188641011367117,0.00188640836471008,0.00188640796407549,0.00188640737569847],"convergence":0,"press_dep":false,"press_rng":[1013.25,1013.25]}}
