{"fa_PS_0C0D_M_band_4":{"type":"annular","coefficients":{"c1":1,"c2":0.540708596276335,"c3":-0.879415047881721,"c4":0.701850268282901,"c5":-5.7018814874928,"c6":-0.164990924169053},"mare":0.00305783394214035,"rmse":0.00238814185471113,"mare_seq":[0.0158699484595473,0.0140755759998476,0.0140753793859095,0.0140753757305521,0.0140753650347356,0.0140753648006995,0.014075359008149,0.0140753568187466,0.0140753564268754,0.0140753558434721,0.0140753547050469,0.014075353410676,0.0140753532974682,0.0112152741430819,0.0110464788134413,0.00917084701446071,0.00863171300499507,0.00832703292572003,0.00817937373877874,0.00317009263268491,0.00307037285803019,0.00305802891068629,0.00305794851062122,0.00305787254250859,0.00305786315153208,0.00305786061877749,0.00305785822444211,0.00305784721691196,0.00305783890412219,0.00305783827936685,0.00305783394214035],"convergence":0,"press_dep":false,"press_rng":[1013.25,1013.25]}}
