{"fa_Pld_PHRA_U_band_1":{"type":"annular","coefficients":{"c1":1,"c2":0.174194124902178,"c3":-0.175249714457617,"c4":0.273077683280913,"c5":-3.05072534056327,"c6":-0.722377452422418},"mare":0.00188453195634119,"rmse":0.00119863043739902,"mare_seq":[0.00951065839137416,0.00951063987574613,0.00951063965034847,0.00951063864410821,0.00951063821127819,0.00951063783570321,0.00950969677066801,0.00909427510758293,0.00630555680289373,0.00617749132961242,0.00450039675306904,0.0043779312426561,0.00423927627253449,0.0039697498035811,0.00341153959866787,0.00320140772892162,0.00222383261939881,0.00212962931846318,0.00190936196541797,0.00190204221496995,0.00188604723097743,0.00188569143326109,0.00188456315704993,0.00188454563905935,0.00188453746464304,0.00188453732260947,0.00188453443593356,0.00188453382502483,0.00188453294677591,0.00188453248356106,0.00188453195634119],"convergence":0,"press_dep":false,"press_rng":[1013.25,1013.25]}}
