{"fa_Pld_PHRA_C_band_5":{"type":"annular","coefficients":{"c1":1,"c2":0.192184295096612,"c3":-0.16478916560454,"c4":0.258230146144212,"c5":-5.09023316934799,"c6":-0.780105258356099},"mare":0.00318776134815363,"rmse":0.0020911399115125,"mare_seq":[0.0139284213119769,0.013928400325927,0.0139283995088129,0.0139283986718704,0.0139283986339868,0.0139283979738192,0.0129558251263585,0.0104736733941543,0.00858139980324095,0.00492433559128893,0.00464405619311282,0.0046355549937245,0.00452125125593528,0.00421158973983658,0.00356139237611417,0.00330816505018157,0.00320903256714599,0.00319334461731261,0.00318848429211104,0.0031880897231941,0.00318785246626212,0.00318779170001941,0.00318779142998592,0.00318779076424367,0.00318778741372662,0.00318778234284498,0.00318777245804453,0.00318776921658243,0.00318776810198416,0.00318776527751042,0.00318776134815363],"convergence":0,"press_dep":false,"press_rng":[1013.25,1013.25]}}
