{"fa_PS_22_C_band_2":{"type":"annular","coefficients":{"c1":1,"c2":0.207480926937923,"c3":-4.92222634764725,"c4":0.238746481491487,"c5":-0.164085828248108,"c6":-0.777329414417472},"mare":0.00319542526213273,"rmse":0.00207041427246044,"mare_seq":[0.0148996448677244,0.0143617921448579,0.0137072333171072,0.0137072309539027,0.0137072308017275,0.0137072285920001,0.0137072281996289,0.0136891329786129,0.0135603491617341,0.0131725525355065,0.0119066808449149,0.0113725313790278,0.0100802584011297,0.00946526548277344,0.00782809920489458,0.00720154461159529,0.00716861873815214,0.0043695813156036,0.00423519829652103,0.0041060862171201,0.00372919256058033,0.00322216069587439,0.00319676573812073,0.0031954965502244,0.0031954797599882,0.0031954494579198,0.00319543610711937,0.00319543363991786,0.00319543025126853,0.00319542653711549,0.00319542526213273],"convergence":0,"press_dep":false,"press_rng":[1013.25,1013.25]}}
