{"fa_S2C_MSI_U_band_8":{"type":"annular","coefficients":{"c1":1,"c2":0.207535654807182,"c3":-3.14145463725017,"c4":0.766952553631034,"c5":-0.718379533616018,"c6":-0.180000084228596},"mare":0.00190684081811718,"rmse":0.00120548541108856,"mare_seq":[0.0095101397750669,0.00951007225893507,0.00951006953367462,0.0095100679611004,0.00946326531784277,0.00940414049822782,0.00889661380275922,0.00885149127032976,0.0072896969342591,0.00708836545188843,0.00703249311412328,0.00654789382959216,0.00648592185790814,0.00648008084383483,0.00644706965369392,0.00535915178793036,0.00529168802786392,0.0051885304423529,0.00488622541715773,0.00464687528991039,0.00396758397525056,0.00347089279264907,0.00343402151465645,0.00267428494260904,0.00233843365312767,0.00211003177956794,0.00209750525866832,0.00202446212436677,0.001907058050224,0.00190705037210428,0.00190684081811718],"convergence":0,"press_dep":false,"press_rng":[1013.25,1013.25]}}
