{"fa_S2B_MSI_U_band_12":{"type":"annular","coefficients":{"c1":1,"c2":0.197231797862498,"c3":-0.217219691238128,"c4":0.258010090134675,"c5":-4.25015163805708,"c6":-0.821424935791008},"mare":0.00208559318777452,"rmse":0.00142974419631812,"mare_seq":[0.00985430334004742,0.00985230813520554,0.00985211392151864,0.00985211117110994,0.00985211102935462,0.0098521087384571,0.00985210306350042,0.0098520593309431,0.00985205559648614,0.00983976698324531,0.00936471778524856,0.00886175755722727,0.00816248314327582,0.00722564823201226,0.00646996068002848,0.00623650324507623,0.00603709308975976,0.00573399575335479,0.00552481332198419,0.00420856571862698,0.00372770494700772,0.00265019458446096,0.00260909235984974,0.00226836589136117,0.00210817885297857,0.00209017975308725,0.00208606460938644,0.00208565929936486,0.00208561151492445,0.00208560705775336,0.00208559318777452],"convergence":0,"press_dep":false,"press_rng":[1013.25,1013.25]}}
