{"fa_S3A_OLCI_C_band_3":{"type":"annular","coefficients":{"c1":1,"c2":0.233748276310911,"c3":-3.66736506543033,"c4":0.748061799131779,"c5":-0.779872777298374,"c6":-0.171452647272327},"mare":0.0029545130020708,"rmse":0.00257580805335268,"mare_seq":[0.0133931568546607,0.0126806504860324,0.0123807202650572,0.0123777775293126,0.0123706951421856,0.0123677381571067,0.0123570329646773,0.0123443730368136,0.0123000567698412,0.0121769317680732,0.0121387310351034,0.0116459615462178,0.0116025463769175,0.0115087804117151,0.0113342191596844,0.0113161729922763,0.0108750643393812,0.0107637295266897,0.0099301497587077,0.00962622313826119,0.00832274293569044,0.00760261331885119,0.00751590804889693,0.00714712925338583,0.00557190007938696,0.00554043932302941,0.00512253697356404,0.00476381383135513,0.00443764312559581,0.00377909823166802,0.0029545130020708],"convergence":0,"press_dep":false,"press_rng":[1013.25,1013.25]}}
