{"fa_S2A_MSI_U_band_12":{"type":"annular","coefficients":{"c1":1,"c2":0.208530060828368,"c3":-4.23462937149271,"c4":0.247104423725846,"c5":-0.216306948741747,"c6":-0.818749003384989},"mare":0.00209126399438978,"rmse":0.00142352438263971,"mare_seq":[0.0470993966854453,0.00989139591846173,0.00989138654757966,0.00989137707325068,0.00989136278969449,0.0098913580425278,0.00989133932041202,0.00989133817363794,0.00989133765956493,0.00699723663437702,0.00666253652360755,0.00621411890771735,0.00616321614597822,0.00585251782881439,0.00431749975817732,0.00337743201730601,0.00240894592779867,0.00228579424772008,0.00219621891250686,0.00216748800712361,0.00211151945462698,0.00210535416767939,0.00209445014073459,0.00209277492413953,0.00209149204825039,0.00209147627165069,0.00209147226130032,0.00209145773032416,0.0020914447658189,0.00209128222371276,0.00209126399438978],"convergence":0,"press_dep":false,"press_rng":[1013.25,1013.25]}}
