{"fa_SeaHawk1_HawkEye_C_band_8":{"type":"annular","coefficients":{"c1":1,"c2":0.19409905491527,"c3":-0.167435159534796,"c4":0.272344051163558,"c5":-5.08200763021391,"c6":-0.797511906271712},"mare":0.00307128579993771,"rmse":0.00219095721706106,"mare_seq":[0.0199747160817292,0.0161325918069247,0.0149415382649424,0.0144947593714885,0.0144729740595851,0.0140860179537271,0.0140628553973393,0.0140444229044781,0.0140064444294071,0.0140060661131023,0.0140051182841514,0.0139027538257246,0.0133663271167959,0.0131969545116228,0.0126064124556543,0.0119101765157617,0.00915308200795027,0.00858775308941757,0.00843121449088655,0.00800431837275624,0.00799715428077354,0.00707708545163115,0.00685016886392724,0.00673597326876046,0.00510343058989454,0.00427067334534035,0.0036351979781127,0.00350120865957242,0.00333201709107214,0.0031072624438549,0.00307128579993771],"convergence":0,"press_dep":false,"press_rng":[1013.25,1013.25]}}
