{"fa_S2A_MSI_C_band_7":{"type":"annular","coefficients":{"c1":1,"c2":0.214041767025401,"c3":-5.30667327794107,"c4":0.247600193682241,"c5":-0.166810886879873,"c6":-0.78177814599759},"mare":0.00314080914513831,"rmse":0.002120987368797,"mare_seq":[0.014183531502154,0.0141834918316216,0.0141834846053759,0.0141834742691266,0.0141513980443459,0.01050987126852,0.0104764946365252,0.0104242216861024,0.0100956111889668,0.00956433351692691,0.00830001829618475,0.00776508264720442,0.00754002980589821,0.00635787472377076,0.00578479681395738,0.00553878102762675,0.00537516271743107,0.00532317572958777,0.004777011627185,0.00456445465035616,0.00419613137525535,0.00362555282082917,0.0031693356193181,0.00315574053973037,0.00314139838939576,0.00314128738898895,0.00314117800417282,0.00314086074900763,0.00314084995919615,0.00314083080508017,0.00314080914513831],"convergence":0,"press_dep":false,"press_rng":[1013.25,1013.25]}}
