{"fa_S3A_OLCI_C_band_11":{"type":"annular","coefficients":{"c1":1,"c2":0.187918757365845,"c3":-5.72036897545999,"c4":0.26053147632098,"c5":-0.173678491380131,"c6":-0.836945293688679},"mare":0.0022723692298695,"rmse":0.00217806307606251,"mare_seq":[0.0134572628535539,0.0133699965292547,0.0130398206337083,0.0130394159745225,0.0130353347589006,0.0129160789950275,0.0129027587986474,0.0119596128711843,0.0118294779029482,0.0105792436687011,0.0104900388586283,0.00998270884715016,0.00900811295832243,0.00852494656959233,0.00841988023300161,0.00837070893306773,0.00836004954589688,0.0083192552663434,0.00821063801818271,0.00815031952023358,0.00801182906057799,0.00707252458390068,0.00689906617883166,0.00584539376790647,0.00516514144789169,0.00498472530915156,0.00446499669132196,0.00416879239257288,0.00343168404937491,0.00328588898043666,0.0022723692298695],"convergence":0,"press_dep":false,"press_rng":[1013.25,1013.25]}}
