{"fa_S3B_OLCI_C_band_17":{"type":"annular","coefficients":{"c1":1,"c2":0.58840203601033,"c3":-0.766841940519536,"c4":0.450118177800698,"c5":-0.163830215641116,"c6":-5.36361288417349},"mare":0.00200320101020319,"rmse":0.00204789267954724,"mare_seq":[0.0335730018583671,0.0149942376917399,0.0134743199147097,0.0134400495819141,0.0134375457965565,0.0133614201383487,0.0133250054049678,0.0133100936650544,0.0133048070015796,0.0130553603490502,0.0126636180768567,0.0124333376335251,0.0108304439352571,0.0101251006711524,0.0100180696741629,0.00991091374532191,0.00885793940675957,0.00803703540193125,0.00740199483953568,0.00716126374729386,0.00715908697755393,0.00712228507508561,0.00613608074478331,0.00427782814109929,0.00387541253783412,0.00383855917659481,0.00325402164534725,0.00299696111909042,0.00274314038536845,0.00224805706833339,0.00200320101020319],"convergence":0,"press_dep":false,"press_rng":[1013.25,1013.25]}}
