{"fa_SeaHawk1_HawkEye_M_band_6":{"type":"annular","coefficients":{"c1":1,"c2":0.135613894418706,"c3":-0.161074583883392,"c4":0.610978157294368,"c5":-0.849276539795821,"c6":-5.70083444156889},"mare":0.00294252183837357,"rmse":0.00262167761004264,"mare_seq":[0.0169509889262471,0.0157976815331243,0.0148927090365298,0.014621964293163,0.0144625950277803,0.0144061476082089,0.0144061354812653,0.0144032377674641,0.0144004846636147,0.0143998682202092,0.0143992523738534,0.0143989003335535,0.0143987828311884,0.0139376958997975,0.013828692615336,0.0130974910868409,0.0122352619414015,0.0119337367539681,0.0110429903279251,0.0108374350806193,0.00945911075923489,0.00873152224066348,0.0042384318413513,0.00415771423850467,0.00399987212903992,0.00380057128447311,0.00329402453736018,0.0032702536206037,0.00305964139458445,0.00300635305687012,0.00294252183837357],"convergence":0,"press_dep":false,"press_rng":[1013.25,1013.25]}}
