{"fa_S3B_OLCI_M_band_13":{"type":"annular","coefficients":{"c1":1,"c2":0.355551793279877,"c3":-5.44323176273622,"c4":0.827051110740311,"c5":-0.77249040310742,"c6":-0.142944848985166},"mare":0.00215730009858929,"rmse":0.00293486672649474,"mare_seq":[0.0238022914057925,0.0183626006234503,0.0152091097274347,0.0136909072880934,0.0135662431314622,0.0134378090896735,0.0132958290054325,0.01326414063654,0.0132543503324934,0.0132024881319757,0.0131815878797808,0.0131801889815792,0.0128227228872339,0.0108226813844244,0.0105852568763048,0.0104701489737815,0.00948236926793303,0.00792878172173487,0.00717197762397082,0.0070259567548645,0.00603912422562413,0.00586578938504503,0.00563493427459308,0.00497937531056046,0.00472534165853717,0.00464700051022297,0.00371924086446222,0.00357604600665482,0.00323806923544001,0.00306169273349956,0.00215730009858929],"convergence":0,"press_dep":false,"press_rng":[1013.25,1013.25]}}
