{"fa_S2A_MSI_M_band_5":{"type":"annular","coefficients":{"c1":1,"c2":0.139983644849538,"c3":-0.164731115406548,"c4":0.373823691684237,"c5":-6.04470634424896,"c6":-0.87667562799549},"mare":0.00317035035407084,"rmse":0.00249770213075278,"mare_seq":[0.0182505480431736,0.0159610306264456,0.014565659032303,0.0145454809968815,0.0145445239097124,0.0145445230038239,0.0145445023568705,0.0145444999109545,0.0145444918652208,0.0145444907207218,0.013408887450668,0.0130120268254115,0.0121204083672072,0.0113837203048323,0.0106224946621957,0.00977548975748756,0.00886041391303432,0.00846366437280554,0.00779621195829866,0.00756774257476584,0.00533693518905506,0.00526643977410169,0.00460213847698184,0.00427171756287354,0.00318204088928565,0.00317145351788809,0.00317143749712866,0.00317129044511839,0.00317054155692113,0.00317047973759979,0.00317035035407084],"convergence":0,"press_dep":false,"press_rng":[1013.25,1013.25]}}
