{"fa_S2A_MSI_U_band_7":{"type":"annular","coefficients":{"c1":1,"c2":0.208143563481108,"c3":-3.12230954627746,"c4":0.767092629009041,"c5":-0.718779866283326,"c6":-0.178861212849648},"mare":0.00190746265046721,"rmse":0.00121626509870353,"mare_seq":[0.00947311783305691,0.0094726229443616,0.00947261476441233,0.00947261325530192,0.00947261253478294,0.00628329695420329,0.00573519728641338,0.005532873244861,0.00543721901731772,0.00501732160815359,0.00495381559111666,0.00443358617191973,0.00405890352324064,0.00378182725412151,0.00348802513938553,0.00288972780603599,0.00262080397482612,0.00248779103257115,0.00210775379530841,0.00198077179677886,0.00191012753926726,0.00190755940682818,0.00190755438902585,0.00190755325813649,0.00190754743985515,0.00190754660023724,0.00190749720420663,0.00190746774309047,0.00190746629008713,0.00190746487117375,0.00190746265046721],"convergence":0,"press_dep":false,"press_rng":[1013.25,1013.25]}}
