{"fa_S2A_MSI_C_band_13":{"type":"annular","coefficients":{"c1":1,"c2":0.356247556345208,"c3":-5.19880986318094,"c4":0.171407445366556,"c5":-0.21459813841722,"c6":-1.04936422089957},"mare":0.00220643519997098,"rmse":0.00182039574437814,"mare_seq":[0.00970754219765105,0.00970751187516392,0.00970751061715714,0.00970750434299081,0.00970750115478241,0.00970749472387691,0.00970745047364151,0.00970744226278708,0.00970744212265406,0.00970743414722572,0.00970122991959314,0.00958911574201831,0.00850755674912025,0.00785489553806066,0.00663620216878718,0.00596279652891625,0.0057380292729884,0.00561455703711306,0.00482715019529083,0.00478319736061418,0.00440113285936382,0.00399844449228919,0.00348829702756933,0.00294195794562733,0.00270025673969263,0.00235298280369326,0.00220668714654338,0.0022065580081091,0.00220654397496286,0.00220644248681694,0.00220643519997098],"convergence":0,"press_dep":false,"press_rng":[1013.25,1013.25]}}
