{"fa_S2A_MSI_C_band_12":{"type":"annular","coefficients":{"c1":1,"c2":0.306807243793077,"c3":-5.21768906232814,"c4":0.78277029913704,"c5":-0.873069148417571,"c6":-0.185273280527061},"mare":0.00270832295201992,"rmse":0.00205657634919811,"mare_seq":[0.0256984319307127,0.019698545416829,0.0126097762008516,0.0126096207929752,0.01260961868589,0.012609614107055,0.0126096064659145,0.0126090447981117,0.0118061731215557,0.00971804040272454,0.00896871996749834,0.00856294719466502,0.00814865607662463,0.00805335257412051,0.00775478000660364,0.00679187544168737,0.00591076188582514,0.00390618406808826,0.00277051717529922,0.00274000423624672,0.00273815732925219,0.00272026452126596,0.0027091049061475,0.00270886117117855,0.00270849609823116,0.0027084855597869,0.00270846922927676,0.00270842225672042,0.00270838233744045,0.00270833244985631,0.00270832295201992],"convergence":0,"press_dep":false,"press_rng":[1013.25,1013.25]}}
