{"fa_SD_00_M_band_8":{"type":"annular","coefficients":{"c1":1,"c2":0.324168063932527,"c3":-5.5434862324611,"c4":0.19817319520895,"c5":-0.163581533904479,"c6":-0.875544223630356},"mare":0.00300265934439521,"rmse":0.00234002965062001,"mare_seq":[0.0181376504617709,0.0139127233134862,0.0139127195297468,0.0139127160641034,0.013912699326892,0.0139126947536443,0.0139126945991696,0.0139126945505107,0.0139126936765488,0.0139126921773427,0.0139126904789825,0.0139126901059452,0.0139126899310312,0.0139124676621826,0.0131586775659938,0.011982235315101,0.0114999567651339,0.0114357815032987,0.0112258076954923,0.0102219784031095,0.00993185602585681,0.00916741048138441,0.00787272185469964,0.00313996348299075,0.00303796818286369,0.00300269604688211,0.00300267001250716,0.00300266754159941,0.00300266490344408,0.00300266479937493,0.00300265934439521],"convergence":0,"press_dep":false,"press_rng":[1013.25,1013.25]}}
