{"fa_S2A_MSI_U_band_8":{"type":"annular","coefficients":{"c1":1,"c2":0.205753265188715,"c3":-3.15764461622099,"c4":0.766620441230946,"c5":-0.720846581550423,"c6":-0.180177777384703},"mare":0.00191922695966213,"rmse":0.00121477184435363,"mare_seq":[0.0205771968222197,0.00953660892032688,0.00950761378110506,0.00950749195188203,0.00950748298089667,0.0095074442804692,0.00950744291528994,0.009507437985697,0.00950743772841732,0.00950628293670152,0.00878482356153888,0.00612335270095845,0.00419101741582601,0.00404766936647742,0.00385652563607619,0.00359761831805174,0.00313884309703564,0.00309964015818715,0.00260220798618146,0.00236799776016585,0.00232000768797986,0.00192943289470176,0.00192061147019546,0.00191961435904983,0.00191947912308103,0.00191939321837345,0.00191937394579789,0.00191929083102921,0.00191923189862084,0.00191922723195608,0.00191922695966213],"convergence":0,"press_dep":false,"press_rng":[1013.25,1013.25]}}
