{"fa_S3B_OLCI_C_band_21":{"type":"annular","coefficients":{"c1":1,"c2":0.270712018388155,"c3":-4.79895558572024,"c4":0.239319168956199,"c5":-0.16226387749489,"c6":-0.734341884539427},"mare":0.0020413347833371,"rmse":0.00243657331725279,"mare_seq":[0.0203775331738672,0.0137000971201053,0.013403733151393,0.0133732766375098,0.0133332805104682,0.0133164133812135,0.013314862613891,0.0133133919816563,0.013311753436868,0.013219209261514,0.0131748372931671,0.0120894612343731,0.0117011882303234,0.0115023427991783,0.0110286806105111,0.0109299767663672,0.00983080880816928,0.00860427898373431,0.00832022615445422,0.00795545496642138,0.00789281440493761,0.00742126147248708,0.00734313344529347,0.00650748635137218,0.00645728606256408,0.00583061113193957,0.00513642631630317,0.00468010724986499,0.00433126585179767,0.00212827390896047,0.0020413347833371],"convergence":0,"press_dep":false,"press_rng":[1013.25,1013.25]}}
