{"fa_S3B_OLCI_U_band_15":{"type":"annular","coefficients":{"c1":1,"c2":0.225782709682043,"c3":-2.77668963269065,"c4":0.234469733106452,"c5":-0.177383225363858,"c6":-0.703833565376539},"mare":0.00166223647258042,"rmse":0.00123380144875041,"mare_seq":[0.0266468125464549,0.00938234595765789,0.00908249088836501,0.00905230906294819,0.00890458741606779,0.00890131835351986,0.00889932781734691,0.00889449396402006,0.00889370757505238,0.00888681055254431,0.00877656838351411,0.00844672246051244,0.00808143424631083,0.00798378781767458,0.0071807691861309,0.00679821578567506,0.00649835874624357,0.00637503760028741,0.00559064373152823,0.00550396913107093,0.00542955751055685,0.00523281175895762,0.00475792352656992,0.00380280249240536,0.00315558928506385,0.00307578713013754,0.00263253352997858,0.00262756429393156,0.00229368201787544,0.0018169869652338,0.00166223647258042],"convergence":0,"press_dep":false,"press_rng":[1013.25,1013.25]}}
