{"fa_S3A_OLCI_U_band_12":{"type":"annular","coefficients":{"c1":1,"c2":0.166447031865747,"c3":-0.169252507330496,"c4":0.311359781372847,"c5":-2.51658335318789,"c6":-0.661569810587173},"mare":0.0016840464950767,"rmse":0.00125424302594087,"mare_seq":[0.00907722972914448,0.00904761931361312,0.00897924229462918,0.00893897605027926,0.00893856847184717,0.00892877194900985,0.00889433898423878,0.00889338530299356,0.00889288316491992,0.00889277958840754,0.00888679804776545,0.00888001157302068,0.00883922080600662,0.00883583652612441,0.0087165185476468,0.00862337817075153,0.00831039209265106,0.00584075512149051,0.00582916981884552,0.0056085482625679,0.00559068906581438,0.00519265005627118,0.0049553666676227,0.00463871424301357,0.00428676465072543,0.00360735006863168,0.00348168127644953,0.0032418241130988,0.00272735152419136,0.00193184259034895,0.0016840464950767],"convergence":0,"press_dep":false,"press_rng":[1013.25,1013.25]}}
