{"fa_SeaHawk1_HawkEye_C_band_1":{"type":"annular","coefficients":{"c1":1,"c2":0.230354962977611,"c3":-4.41564049046943,"c4":0.222576275491533,"c5":-0.1588492701596,"c6":-0.751149553879249},"mare":0.00297878749364519,"rmse":0.00223095363394977,"mare_seq":[0.0130758944016146,0.0130587691184534,0.0130581240697344,0.0130498403639351,0.0130493037885349,0.0130491839408432,0.0130491678355628,0.0128388202548499,0.0119495480042772,0.0117392381757346,0.0113648413246923,0.0109891568520911,0.00959832733039246,0.00816461464673645,0.00753234595292961,0.00677268564835293,0.00650033265317764,0.00637024354521061,0.00624202146662087,0.00611441205007105,0.00595279599431996,0.0057957911186224,0.0054917427010833,0.00500643010007302,0.00460387998102515,0.00413764784773291,0.0037351013750406,0.00364046353136187,0.00362436335975766,0.00340509651886077,0.00297878749364519],"convergence":0,"press_dep":false,"press_rng":[1013.25,1013.25]}}
