{"fa_S3A_OLCI_C_band_17":{"type":"annular","coefficients":{"c1":1,"c2":0.572531531445985,"c3":-0.725472735756436,"c4":0.592706363271936,"c5":-4.72595685563585,"c6":-0.158062774780634},"mare":0.0021740977189593,"rmse":0.00218049805139509,"mare_seq":[0.0606907697350105,0.0144365524939607,0.0139907888532612,0.0135249475425527,0.0134369556997711,0.0132954704204938,0.0132953715875348,0.013294931424784,0.0132940668469269,0.0132870629167666,0.0129870298551994,0.0129116160421948,0.0128759574764451,0.0128386000071752,0.0117595322354719,0.0114579072804658,0.01079380481833,0.0105525282914437,0.0102163562563624,0.0101158831731026,0.00887138885425336,0.00850796491132201,0.00820180986299093,0.0072621351238404,0.00661199574453615,0.00647452868355343,0.00621679645505866,0.00498556567021304,0.00279639795323339,0.00278705580671677,0.0021740977189593],"convergence":0,"press_dep":false,"press_rng":[1013.25,1013.25]}}
