{"fa_S2C_MSI_U_band_11":{"type":"annular","coefficients":{"c1":1,"c2":0.196133182745676,"c3":-0.201051020065595,"c4":0.24904061567814,"c5":-3.78707653512456,"c6":-0.770540396472259},"mare":0.00206732934458495,"rmse":0.0013540610103573,"mare_seq":[0.00987974573367126,0.00987973919435567,0.00987973878606846,0.00987973581136364,0.00734449939431064,0.00650682490023107,0.00520601623386731,0.00508577806781887,0.00499761749661583,0.00494831024595736,0.0036121670747988,0.00347856752832149,0.00337320343460344,0.00284485124548745,0.0025288861444123,0.00239229309590202,0.0022671953854337,0.00224778198757481,0.00223672456498702,0.00215750838916486,0.00208139259892775,0.00207052590840438,0.00206932364190328,0.00206853692585303,0.00206827317663369,0.00206811612979851,0.00206736889219492,0.00206735796431152,0.00206733596181826,0.0020673331399454,0.00206732934458495],"convergence":0,"press_dep":false,"press_rng":[1013.25,1013.25]}}
