{"fa_S2A_MSI_M_band_12":{"type":"annular","coefficients":{"c1":1,"c2":0.320834714566122,"c3":-4.42068288869574,"c4":0.173693490479694,"c5":-0.167734497492859,"c6":-0.881639347014069},"mare":0.00244220978490051,"rmse":0.00186030745897151,"mare_seq":[0.0116345914048965,0.0116337301583051,0.0116337286914247,0.0116337238399843,0.0116337231010128,0.0116337186671732,0.0116337177147862,0.0116337143052598,0.0116337131745439,0.0116337116334109,0.0116337097173942,0.0113232412787154,0.0113211025914863,0.00889085350337736,0.00850982670495605,0.00623582090432164,0.00546604069217031,0.00417897821572017,0.00405581103000146,0.00390585551379008,0.00383030222172238,0.00254682282995203,0.00253915313314435,0.00252773408540873,0.00244309403052462,0.00244295112491522,0.002442525125234,0.00244248649968328,0.0024422629025007,0.00244225215178498,0.00244220978490051],"convergence":0,"press_dep":false,"press_rng":[1013.25,1013.25]}}
