{"fa_S3B_OLCI_M_band_16":{"type":"annular","coefficients":{"c1":1,"c2":0.534651231504051,"c3":-0.865838727303812,"c4":0.29367972265149,"c5":-0.164855493810915,"c6":-5.74498797444637},"mare":0.00195240212021341,"rmse":0.00223368067680952,"mare_seq":[0.0214784392001819,0.0201365487251368,0.020050468447229,0.0160988472455864,0.0139794493574444,0.0132272774344018,0.0131775339142828,0.0130841717679498,0.013073348207116,0.0130673569761793,0.0130673386508135,0.0130649340183876,0.0129456547844513,0.0125871003262674,0.0118792135656787,0.0118604865643062,0.00937539018353719,0.00923236458059076,0.00856837250496887,0.00744100573311659,0.00666617605790482,0.00663366674642335,0.00647887934142471,0.0059164138660767,0.00575781879364814,0.00570377867910042,0.0047554010319276,0.00467059998597944,0.00278364146682523,0.0021578397331125,0.00195240212021341],"convergence":0,"press_dep":false,"press_rng":[1013.25,1013.25]}}
