{"fa_S3B_OLCI_M_band_12":{"type":"annular","coefficients":{"c1":1,"c2":0.333754595149585,"c3":-5.69495658701286,"c4":0.197775212622795,"c5":-0.160086897505315,"c6":-0.847320742147323},"mare":0.00197877817834049,"rmse":0.00224351752539698,"mare_seq":[0.0543124520769036,0.0183963962400695,0.0161466917720765,0.0150472026200132,0.0148702483233355,0.0138196559659261,0.0136306704156492,0.013588735510668,0.013581949835192,0.0132351851766393,0.0131791619335109,0.0131333408042087,0.013131682691588,0.0131310287598905,0.0125618893803158,0.0109243147918501,0.00991228944777059,0.00960148428323872,0.00816835185672155,0.00769147768647801,0.00729762281224293,0.00690128365592044,0.00670329053865024,0.00660892558601856,0.0042918613001323,0.00404883154826963,0.00392195191766662,0.00367805035301514,0.00286939370990648,0.00253371920583607,0.00197877817834049],"convergence":0,"press_dep":false,"press_rng":[1013.25,1013.25]}}
