{"fa_S3A_OLCI_C_band_4":{"type":"annular","coefficients":{"c1":1,"c2":0.284333818694876,"c3":-3.40318682594869,"c4":0.193620003042604,"c5":-0.135827776494455,"c6":-0.642392655395858},"mare":0.00299977588621214,"rmse":0.00256821932522589,"mare_seq":[0.0136644301266217,0.0130124456894249,0.0126581125799467,0.0124900595791706,0.0124703623752256,0.0124688734204524,0.0124530279691344,0.012452074067074,0.0124501979807386,0.01244958903711,0.0124455355228159,0.0124331051041549,0.0124117098723818,0.0123586774888756,0.0121789964903268,0.0118513324428351,0.0111712739488979,0.0106055248286409,0.0105443450647305,0.00888013389718286,0.00839342868873107,0.00834560189911048,0.0082997107785403,0.00773151268251986,0.00734249761504027,0.00681759003286747,0.00577947364305002,0.00533872877839137,0.00515344071014657,0.00381624135101899,0.00299977588621214],"convergence":0,"press_dep":false,"press_rng":[1013.25,1013.25]}}
