{"fa_S2B_MSI_C_band_5":{"type":"annular","coefficients":{"c1":1,"c2":0.210595757424201,"c3":-5.10267983062661,"c4":0.244737516689546,"c5":-0.164840399827633,"c6":-0.775280299804689},"mare":0.00315789377063165,"rmse":0.00207954155211492,"mare_seq":[0.0140373060045918,0.0140372964375848,0.0140372455959565,0.014037168300813,0.0140371445177183,0.0140371441704216,0.014036999098793,0.0106830623258238,0.00968212575881088,0.00940330977336376,0.0087221037161252,0.00862771480913964,0.0083453190528035,0.00777352684385939,0.00732995526440731,0.00401508781828054,0.00388083227331004,0.00371498677161959,0.00367786535732548,0.00367246638005924,0.00360074102344756,0.003283745506174,0.00325828501489071,0.00316525367026906,0.00316158415053455,0.00315875986948257,0.00315850165480176,0.00315800138051832,0.00315789799233557,0.00315789406338884,0.00315789377063165],"convergence":0,"press_dep":false,"press_rng":[1013.25,1013.25]}}
