{"fa_S3A_OLCI_M_band_9":{"type":"annular","coefficients":{"c1":1,"c2":0.325424934052439,"c3":-5.81381447545124,"c4":0.239721273377014,"c5":-0.181157441338335,"c6":-0.928974308036601},"mare":0.00248978833044092,"rmse":0.00259854958815052,"mare_seq":[0.0163380909644652,0.0154933200897682,0.0147872677406698,0.0145604354625755,0.0145312478511061,0.0143902401357514,0.0142779764640179,0.0139816022389442,0.0139494493043441,0.0139442739420633,0.0139419906642233,0.0138674841761759,0.0137593173491478,0.0136585164211309,0.0135975992183509,0.0134942993202625,0.0134805176724813,0.0134505870770563,0.0124277297061212,0.0113746117808296,0.0109833721996588,0.00761972039357286,0.00725679902754081,0.00712038587759549,0.00701662709393711,0.00613253650130318,0.00591501922701379,0.0049293471207339,0.00349131535595037,0.00261041236280799,0.00248978833044092],"convergence":0,"press_dep":false,"press_rng":[1013.25,1013.25]}}
