{"fa_SeaHawk1_HawkEye_U_band_1":{"type":"annular","coefficients":{"c1":1,"c2":0.173219494135646,"c3":-0.177082503169793,"c4":0.274356544697903,"c5":-3.1985118928757,"c6":-0.735935889361608},"mare":0.00180714347486641,"rmse":0.00131926848360982,"mare_seq":[0.0094675425156637,0.00943284003333997,0.00940739457046232,0.00940624294245136,0.0090332079548632,0.00898622578855785,0.00862401199338657,0.00762370511706132,0.00732318149642404,0.00708269295668171,0.00640530001633822,0.00588560800824419,0.0052712872779954,0.00488308860608511,0.0047938887804174,0.00381877173629833,0.00369724554158362,0.00358975115028428,0.00352500793802515,0.00352364621852832,0.00292676228491724,0.00283159619617195,0.0026514325550435,0.00263524704831392,0.00213305121813805,0.00205813077133886,0.0019338133216551,0.00187103138944282,0.00186792333202115,0.00180998503457145,0.00180714347486641],"convergence":0,"press_dep":false,"press_rng":[1013.25,1013.25]}}
