{"fa_S3B_OLCI_M_band_6":{"type":"annular","coefficients":{"c1":1,"c2":0.378799029284776,"c3":-4.42297659638059,"c4":0.790838026641611,"c5":-0.78811470961939,"c6":-0.155854925515417},"mare":0.00329518634380667,"rmse":0.00418009776064909,"mare_seq":[0.0158906617680706,0.0156622844705844,0.0145478831432759,0.0144337435401003,0.0143989326411454,0.0143966321559583,0.014021430975173,0.014018442584581,0.0139428232845456,0.0139274410885722,0.0139051448460351,0.0138922223959039,0.0138805412445565,0.0138734493655013,0.0138594258443529,0.0138172907581577,0.0103442172997193,0.0103135646504183,0.0102219038767359,0.00996732946578848,0.00913776187881206,0.00712479565193274,0.00664523940006945,0.00622506109510214,0.00600522812944621,0.00588255789130266,0.00527830368676288,0.0041619851780133,0.00392647336361466,0.00366221100184524,0.00329518634380667],"convergence":0,"press_dep":false,"press_rng":[1013.25,1013.25]}}
