{"fa_S3A_OLCI_M_band_2":{"type":"annular","coefficients":{"c1":1,"c2":0.525190757297575,"c3":-0.82773654891567,"c4":0.282899788237266,"c5":-0.157571028331968,"c6":-6.73813598611094},"mare":0.00201796094909793,"rmse":0.00245862809163962,"mare_seq":[0.0296163523349437,0.0165998255745247,0.0156162369049967,0.015561366651285,0.0154806109201997,0.0152951520686542,0.0150714871735802,0.0150343392693775,0.0150324272977577,0.0150321770239828,0.0147612944324282,0.0145110450200768,0.0145077552816438,0.0144561193965991,0.014454231988104,0.0144538360609082,0.0144417358772083,0.014438758659623,0.0142335362754601,0.013791498121888,0.0129058077158363,0.0113135892325251,0.0101151080340203,0.00804195594365518,0.00800487202258539,0.00754801935003222,0.00753945971866546,0.00624999091554086,0.00547935884498075,0.00371343454043173,0.00201796094909793],"convergence":0,"press_dep":false,"press_rng":[1013.25,1013.25]}}
