{"fa_S2B_MSI_U_band_10":{"type":"annular","coefficients":{"c1":1,"c2":0.20545868702069,"c3":-3.201929427139,"c4":0.235575147276827,"c5":-0.182303953730567,"c6":-0.721903012581862},"mare":0.00196110198088168,"rmse":0.00123497250843779,"mare_seq":[0.00971744543453241,0.00957004105965321,0.00957003499681515,0.00957003346239181,0.00957003260071667,0.00957003081323872,0.00957002885652664,0.00957002663492481,0.00863296267545206,0.00822628653073119,0.00777387506836597,0.00548444781442006,0.00521975203406737,0.00460839680352374,0.00395344637787139,0.00299065824747855,0.00261048069021159,0.00252216724281307,0.00222027404561229,0.00216738909207654,0.00209106334550935,0.00204449292867145,0.00197179564695137,0.00197032437927274,0.00196182191347366,0.00196152950836945,0.00196147250552381,0.00196112168733916,0.00196110758406701,0.0019611045058558,0.00196110198088168],"convergence":0,"press_dep":false,"press_rng":[1013.25,1013.25]}}
