{"fa_S3B_OLCI_U_band_13":{"type":"annular","coefficients":{"c1":1,"c2":0.193173115830841,"c3":-3.40007608395259,"c4":0.765593789674652,"c5":-0.74055424740556,"c6":-0.179952126379426},"mare":0.00146244794615973,"rmse":0.00139475726514579,"mare_seq":[0.0100600085232225,0.0099654011358502,0.00911309116789813,0.00904193313709777,0.00898652955263037,0.00897648157099594,0.00891376212214861,0.00889845764463331,0.00879349165632364,0.00877660311792541,0.00857947912253384,0.00845361516169123,0.00812562336730963,0.0080248796807312,0.0079498206288877,0.00749307409861095,0.00743985096586198,0.00504554991694397,0.0047385909911989,0.00462709279486678,0.0043039807970517,0.00353162060904204,0.00344313360031194,0.0030362536839533,0.00271973420851958,0.00264160202903455,0.00232454194561894,0.00166043253837,0.0016488768402946,0.00150356279859103,0.00146244794615973],"convergence":0,"press_dep":false,"press_rng":[1013.25,1013.25]}}
