{"fa_S2A_MSI_M_band_3":{"type":"annular","coefficients":{"c1":1,"c2":0.14443866784973,"c3":-0.166506388879604,"c4":0.369924469934542,"c5":-6.66715421922461,"c6":-0.883400586647568},"mare":0.00334686333649522,"rmse":0.00265814758672305,"mare_seq":[0.0165647579851039,0.015402689799062,0.0151785228741151,0.0151586507320311,0.0151586058546405,0.0151585985491629,0.015158594305448,0.0151585108484273,0.0151585106584326,0.0151585095113115,0.0151585078120149,0.0151585064367613,0.0151585056299541,0.0151583117576758,0.0151410602757936,0.0146111903385553,0.014223705978199,0.012214561027013,0.0117792721416882,0.00907778600936936,0.00887136558069637,0.00865550314002741,0.00416873816169355,0.00388700688598922,0.003789737031975,0.00341859232060703,0.00335207324989168,0.00334825387793109,0.00334704834641486,0.00334703873904584,0.00334686333649522],"convergence":0,"press_dep":false,"press_rng":[1013.25,1013.25]}}
