{"fa_S3A_OLCI_C_band_2":{"type":"annular","coefficients":{"c1":1,"c2":0.61312814326065,"c3":-0.794245518518088,"c4":0.472229946028823,"c5":-0.16509419817783,"c6":-5.08160958940355},"mare":0.00201634079757232,"rmse":0.00202991000287974,"mare_seq":[0.0270149432551674,0.0130989113493897,0.0124837055204923,0.0123464684710894,0.0123319556707607,0.0123093184030707,0.012307307996884,0.0123063226326157,0.0123062846871936,0.0123044657106376,0.012303861025013,0.0122970878163282,0.0119471672142988,0.0115254280265524,0.0114109621363616,0.0103833282324882,0.00952817234622804,0.00924394926620385,0.00869061075778009,0.00803674135051871,0.00698582658853292,0.0062336142650706,0.00592166115135518,0.00572531491531394,0.00562593559453156,0.00536148037404101,0.00518555183428828,0.00332921214359165,0.00301297254467446,0.00262557090337747,0.00201634079757232],"convergence":0,"press_dep":false,"press_rng":[1013.25,1013.25]}}
