{"fa_S2C_MSI_U_band_1":{"type":"annular","coefficients":{"c1":1,"c2":0.598309596713015,"c3":-0.723503170773762,"c4":0.574743464469352,"c5":-3.06039681212042,"c6":-0.174767860510035},"mare":0.00188239851352061,"rmse":0.00119934611017153,"mare_seq":[0.00957888342359095,0.00957880400844873,0.00957879804165664,0.00957879716094372,0.00957879597124752,0.00957879361480164,0.00748185128891884,0.00668038990742678,0.00522134921414447,0.00405663871940966,0.00342159404120866,0.00341948840102045,0.00333255240086921,0.00301272683109236,0.00299857710489169,0.00269914214758361,0.00243052583914855,0.00229355837322118,0.00200838325625603,0.0020036357235185,0.00189607621781249,0.00188906260425889,0.00188440161971125,0.00188248108698884,0.00188245764826857,0.0018824428315889,0.00188241552403747,0.00188241502737333,0.00188241376748745,0.00188239923602984,0.00188239851352061],"convergence":0,"press_dep":false,"press_rng":[1013.25,1013.25]}}
