{"fa_S3B_OLCI_U_band_16":{"type":"annular","coefficients":{"c1":1,"c2":0.53299212645804,"c3":-0.517597232281494,"c4":0.785697131417305,"c5":-2.02247432557074,"c6":-0.129446896481964},"mare":0.00255210146855081,"rmse":0.00200644677160601,"mare_seq":[0.0186275363630661,0.0105023368047751,0.0094795737511507,0.00942868720518294,0.00914803870823506,0.00898188051507561,0.0089765404912319,0.00893452949258128,0.0089326326635034,0.0089287311721688,0.00892110417743711,0.00892090727526003,0.00891146167907221,0.00889514997204226,0.00883335231698917,0.00869479880185835,0.00848998795572875,0.00848062959788142,0.00832293271711172,0.00829109240764367,0.00701240704531897,0.00674488423261368,0.00565144602486861,0.0052894944232705,0.00513160506477561,0.00496103067565839,0.00380473960928893,0.00338507752350353,0.00306236824335312,0.00267530265458969,0.00255210146855081],"convergence":0,"press_dep":false,"press_rng":[1013.25,1013.25]}}
