{"fa_S2C_MSI_C_band_10":{"type":"annular","coefficients":{"c1":1,"c2":0.579926366489483,"c3":-0.791293037128499,"c4":0.457197580340147,"c5":-0.169589441059646,"c6":-5.40583446422437},"mare":0.00309505518733724,"rmse":0.00213458821620308,"mare_seq":[0.0229789746378932,0.014286548065019,0.0142865350242362,0.0142865300456976,0.0142864043417385,0.0142836115631733,0.0135827083278786,0.0132392595739467,0.0111460530012391,0.0108149047885028,0.0105994735067456,0.00947274137671534,0.00823270802826732,0.00755561418453897,0.00714290679780995,0.00587287321156542,0.00514560558399375,0.00481920980263442,0.00471071767791315,0.00340757086557151,0.00309735406970419,0.00309715711756141,0.00309626608756817,0.00309598629025722,0.00309532570940302,0.00309522338038363,0.00309522138788794,0.00309509100278368,0.00309508078944409,0.0030950756742329,0.00309505518733724],"convergence":0,"press_dep":false,"press_rng":[1013.25,1013.25]}}
