{"fa_S3A_OLCI_U_band_14":{"type":"annular","coefficients":{"c1":1,"c2":0.160914547316735,"c3":-0.166661121930243,"c4":0.679942064879173,"c5":-0.646999157941099,"c6":-2.46337845135993},"mare":0.00172464497863301,"rmse":0.00130237913373909,"mare_seq":[0.0200525238859443,0.00990697844492982,0.00947906443577373,0.00915965089119761,0.00914363134300124,0.00892806621446676,0.00891382140522216,0.00891353055166447,0.00891001015419134,0.00890949863666624,0.00890926896627666,0.00890901444255264,0.00884290749244101,0.0086087468987126,0.00845938040083456,0.00845084900040089,0.00844281624386084,0.00806199474524795,0.00796377466642598,0.00776575494615433,0.00743475524794113,0.00740106371113388,0.00653636693591425,0.00558852271353578,0.0054634673713933,0.00440050297168264,0.00412242314134695,0.00399562140015165,0.00208452861145555,0.00197425418698348,0.00172464497863301],"convergence":0,"press_dep":false,"press_rng":[1013.25,1013.25]}}
