{"fa_S3A_OLCI_U_band_7":{"type":"annular","coefficients":{"c1":1,"c2":0.367529486168452,"c3":-2.03256284229089,"c4":0.824829971490397,"c5":-0.537817024193626,"c6":-0.135776172721719},"mare":0.00229448113274548,"rmse":0.00192903231253673,"mare_seq":[0.0206951994535252,0.0101228099886407,0.00952758631152434,0.00952296376908217,0.00913624096019111,0.00898639110303626,0.00897471272768521,0.00895609316089436,0.00893428464367276,0.00891884811736366,0.00888503068222185,0.00888182473114207,0.00887732364226232,0.00885733606633278,0.00875560643610491,0.00867875774044476,0.0084501917639161,0.00837361350493597,0.0083029130622913,0.00814442590647909,0.00773661927686162,0.00559090423399596,0.00499323338907433,0.00432298639590823,0.00394098857705817,0.00364991486438823,0.0033513940259185,0.0032269849236182,0.00287152188027854,0.00284562220084636,0.00229448113274548],"convergence":0,"press_dep":false,"press_rng":[1013.25,1013.25]}}
