{"fa_SeaHawk1_HawkEye_C_band_4":{"type":"annular","coefficients":{"c1":1,"c2":0.597221477059918,"c3":-0.770783767319109,"c4":0.458545485716587,"c5":-0.161906285384361,"c6":-4.33644309162908},"mare":0.00306527596869757,"rmse":0.00204531215006317,"mare_seq":[0.0141238917529432,0.0133307300811933,0.0132985973358535,0.0132912790438977,0.0132902921153913,0.0132899747520454,0.0132881301371705,0.0132879624551764,0.0132263441982355,0.013129671782324,0.0123441637235376,0.0112666405327497,0.0109898528841004,0.0101539250590573,0.0088099688084571,0.00866106544448732,0.00832777189781044,0.0079973187856351,0.00698742533552301,0.00663161384320511,0.00637449266499399,0.00610776019178825,0.00603782991223009,0.00594626983819251,0.00560433404828455,0.0052912078980726,0.00458023564841011,0.00448993097921401,0.00316471280821938,0.00310376250429989,0.00306527596869757],"convergence":0,"press_dep":false,"press_rng":[1013.25,1013.25]}}
