{"fa_S2C_MSI_M_band_2":{"type":"annular","coefficients":{"c1":1,"c2":0.317138837789116,"c3":-6.9583939295133,"c4":0.213178559095375,"c5":-0.166251102589254,"c6":-0.880924957555534},"mare":0.0034502248932943,"rmse":0.00274661264728276,"mare_seq":[0.0213352330165977,0.0193936641120635,0.01675160796587,0.0155275718996726,0.0155275693680561,0.0155272846435296,0.0155272381700087,0.0155272055212288,0.0155272049410583,0.0155272037583963,0.0155271725070152,0.015527170305441,0.0155271686441051,0.0155271660633576,0.0155271660584634,0.0155271613463663,0.0155271604389698,0.0153818179775375,0.0143616334091052,0.0132717132407678,0.0114166979000389,0.0106578121190975,0.0103595341791157,0.00973546438599929,0.00968028246663052,0.0095027013766742,0.00614292928076109,0.00468745704078543,0.00346918360220153,0.00345026696979931,0.0034502248932943],"convergence":0,"press_dep":false,"press_rng":[1013.25,1013.25]}}
