{"fa_S3A_OLCI_U_band_19":{"type":"annular","coefficients":{"c1":1,"c2":0.213538722769507,"c3":-3.25625923074427,"c4":0.225411200904648,"c5":-0.176706185312651,"c6":-0.702213112249384},"mare":0.00143967197086005,"rmse":0.00144699629506043,"mare_seq":[0.0670967937694419,0.0249427027943142,0.0104165845759917,0.0101215067762589,0.00914605156034837,0.00912880856687744,0.00910330038996865,0.00895400376212717,0.00895307862985986,0.00894415140527295,0.00879258212972656,0.00839866669790102,0.0073147605886669,0.00699349074726211,0.00662293812811101,0.00632983187260019,0.00452537698395386,0.00379861644217552,0.00376754882898559,0.00303576340794425,0.00291636564033789,0.00269513794554153,0.00261636769499358,0.00259530062330062,0.00233749793188738,0.00194825892407396,0.00194694555661085,0.00190192370412015,0.00168402876940982,0.00145725972045639,0.00143967197086005],"convergence":0,"press_dep":false,"press_rng":[1013.25,1013.25]}}
