{"fa_S2A_MSI_M_band_10":{"type":"annular","coefficients":{"c1":1,"c2":0.321665509835887,"c3":-5.44014823201453,"c4":0.196896559769197,"c5":-0.164838114795731,"c6":-0.880967037657164},"mare":0.00294734818553021,"rmse":0.00230184530204921,"mare_seq":[0.0182748298126043,0.0136130770817916,0.0136130567577609,0.0136127340410479,0.0136125105412924,0.0136125090569084,0.013612500478861,0.0136124896480332,0.0136124849678039,0.013612483786643,0.0136124825805081,0.0136124822279898,0.0136124764915385,0.013612475575109,0.0135305419531058,0.0134257157287995,0.0133528042018547,0.0123172868670316,0.0117101441370944,0.00959383270080358,0.00870999465217787,0.00854693278852583,0.00774254289659509,0.0045467298814196,0.00315533732935929,0.00296099438206513,0.00294883204486371,0.00294756527470129,0.00294756522477523,0.00294736811298463,0.00294734818553021],"convergence":0,"press_dep":false,"press_rng":[1013.25,1013.25]}}
