{"fa_S3B_OLCI_U_band_2":{"type":"annular","coefficients":{"c1":1,"c2":0.275785180562117,"c3":-2.58286282969576,"c4":0.780803077693009,"c5":-0.683854629380961,"c6":-0.169352179154852},"mare":0.00169896532547423,"rmse":0.00131218484103826,"mare_seq":[0.00932801045885449,0.00908319172412967,0.00906261857844187,0.00898552183932582,0.00898489843524915,0.00898319589472868,0.00897636067775249,0.00897354341532811,0.00832712795765781,0.00832605496174152,0.00780573861353237,0.00779950789741382,0.00749777894403188,0.00731152796013763,0.00666918663678767,0.00598090734752728,0.00563854948379172,0.00552657949324705,0.0044367181242299,0.0043722201584736,0.00409053324348143,0.00388783890120704,0.00377471011830503,0.00349782048258266,0.00298948343254517,0.00264278137256909,0.00230486600214079,0.00213565658479109,0.00209214193746595,0.00188237013384306,0.00169896532547423],"convergence":0,"press_dep":false,"press_rng":[1013.25,1013.25]}}
