{"fa_S3A_OLCI_C_band_9":{"type":"annular","coefficients":{"c1":1,"c2":0.166381077502579,"c3":-0.150401751885115,"c4":0.71851729246736,"c5":-0.708001594225774,"c6":-4.37823431037945},"mare":0.00258619792992147,"rmse":0.0022718487079068,"mare_seq":[0.0188263135261072,0.0144555467173012,0.0133658060402168,0.0133009211075713,0.0131080909937487,0.0130587217444284,0.013024176708357,0.0129655430285517,0.0129419309530646,0.0129390435857861,0.0129113350586585,0.0128698579877868,0.0126931588132707,0.0114875382197565,0.0112957401354769,0.0104347668334236,0.00990555277748767,0.00854131777062669,0.00807701006621702,0.00774467114295776,0.0062532376810713,0.00607811459247915,0.00587993732972187,0.00585811831412128,0.00542237349181922,0.00539705485430883,0.00528579000588717,0.00503414226704899,0.00354792910621781,0.00272270793598157,0.00258619792992147],"convergence":0,"press_dep":false,"press_rng":[1013.25,1013.25]}}
