{"fa_S3B_OLCI_M_band_15":{"type":"annular","coefficients":{"c1":1,"c2":0.512899533057156,"c3":-3.03569484867598,"c4":0.140403730037966,"c5":-0.102651624621321,"c6":-0.555233585313789},"mare":0.00462649497537815,"rmse":0.005832221108404,"mare_seq":[0.0200982325719467,0.0154021149942557,0.014821354125172,0.014366587309814,0.0143078560005958,0.0140070042146155,0.0137597289433491,0.0135426533266465,0.0135184554629226,0.0133477768458848,0.0132369665334041,0.0131649238872242,0.0131246146991747,0.013123820169158,0.0131218904397179,0.0128533837039798,0.0117407876068477,0.0104510458611224,0.010091452829677,0.00998709246787803,0.00986769094956503,0.00965370943310046,0.00913575783798157,0.00903839821260599,0.00881802418795837,0.00866263159050929,0.00857271537102481,0.00816884684429587,0.00735223180583495,0.00701589064692072,0.00462649497537815],"convergence":0,"press_dep":false,"press_rng":[1013.25,1013.25]}}
