{"fa_S2C_MSI_M_band_11":{"type":"annular","coefficients":{"c1":1,"c2":0.12262382162569,"c3":-0.166013195105102,"c4":0.631963153507908,"c5":-0.878721675946296,"c6":-4.6925097748555},"mare":0.00259368438227671,"rmse":0.0019918852453333,"mare_seq":[0.0496203985324385,0.0122885692477017,0.0122884879644643,0.0122884735080315,0.0122884680991549,0.0122884646549463,0.0122884645578591,0.0122884644688234,0.00934557048068859,0.00892154263392562,0.00876234010408056,0.00801708339757102,0.00763628139132516,0.00760074549277589,0.0064718003936125,0.00612499568239903,0.00600880116868241,0.00516645789170814,0.00338741701062583,0.00300143264899762,0.00276784468209113,0.00265469991206911,0.00260347064108985,0.00259421544952279,0.00259400608952729,0.00259388584877335,0.00259386922128993,0.00259386474745918,0.00259371239103119,0.00259368741600588,0.00259368438227671],"convergence":0,"press_dep":false,"press_rng":[1013.25,1013.25]}}
