{"fa_S2C_MSI_C_band_2":{"type":"annular","coefficients":{"c1":1,"c2":0.606362344459656,"c3":-0.778868279670738,"c4":0.470204292044952,"c5":-0.163421455972587,"c6":-4.78736649177997},"mare":0.00321843401964905,"rmse":0.00206211771471078,"mare_seq":[0.0158056055495545,0.0145128960590222,0.0135128450885834,0.0135125714923992,0.0135125709973416,0.0135125705090572,0.0135125674402829,0.0134617780729166,0.013192577185115,0.0128715011514913,0.0119466151373569,0.0109651098716912,0.00998317868962777,0.00948237106910058,0.00930293890961003,0.00798408690738796,0.00542255032286997,0.00469399375617121,0.00367387900433533,0.00364203008457179,0.00324223403552859,0.00322467369720128,0.0032191735402111,0.00321873443723362,0.00321867444345622,0.00321864069194121,0.00321858676697902,0.00321858256345707,0.00321845657034423,0.00321843975993276,0.00321843401964905],"convergence":0,"press_dep":false,"press_rng":[1013.25,1013.25]}}
