{"fa_S3B_OLCI_C_band_6":{"type":"annular","coefficients":{"c1":1,"c2":0.244737146624068,"c3":-4.40786151299981,"c4":0.781417684232396,"c5":-0.709157595769597,"c6":-0.15085969137763},"mare":0.00212891218348868,"rmse":0.00244738620297328,"mare_seq":[0.0594267553341765,0.0127152179691232,0.0126899617033254,0.0126788421553669,0.0126447951192074,0.0126185275806436,0.0124406819180056,0.0124067927173238,0.0123327432598573,0.012086903715253,0.011893800832915,0.0114471136031005,0.0106181195437718,0.0104380740224147,0.0104271009281838,0.00831480412006326,0.00813956333551606,0.00795544115362248,0.00746280978893273,0.00720109955088492,0.00681023289606165,0.00675730861479693,0.00673266551799779,0.00648842195361298,0.00633000770973748,0.00596254976724188,0.00594459694647125,0.00442226253940899,0.00427151443953222,0.00423227113067233,0.00212891218348868],"convergence":0,"press_dep":false,"press_rng":[1013.25,1013.25]}}
