{"fa_S3A_OLCI_U_band_17":{"type":"annular","coefficients":{"c1":1,"c2":0.246403789144647,"c3":-2.7717704951483,"c4":0.220381594673817,"c5":-0.17087807191039,"c6":-0.6672914749263},"mare":0.00166811039729413,"rmse":0.00128527169073292,"mare_seq":[0.0670782477398048,0.009001154283721,0.0089922252777527,0.00895879766018388,0.00893018455066843,0.0089119198114813,0.00890434649365192,0.00890133730580928,0.00889921430504816,0.00888871843738037,0.00879502673070027,0.00835892820703256,0.00821503454468238,0.00742249770539457,0.00737978081077526,0.00732433980861489,0.00663209655490263,0.00662722530047797,0.00647079262653823,0.00614240956946272,0.00587545840418782,0.00553204182461469,0.00480768267449793,0.00438983968451071,0.00438633571475112,0.00414963863549275,0.00389273634392332,0.00323806000355586,0.00296127226568644,0.00235124330001552,0.00166811039729413],"convergence":0,"press_dep":false,"press_rng":[1013.25,1013.25]}}
