{"fa_S2B_MSI_C_band_1":{"type":"annular","coefficients":{"c1":1,"c2":0.182747753672866,"c3":-0.163737414070853,"c4":0.258026888336649,"c5":-4.72056645596565,"c6":-0.782099760986656},"mare":0.0032321026760164,"rmse":0.00206507857130004,"mare_seq":[0.0133751370859697,0.0133751346271593,0.0133751056951495,0.0133438802896487,0.0126203644247335,0.0118704395798146,0.0107442578844758,0.0100017256873256,0.00906757749812954,0.00880011298160752,0.00859309081348601,0.00777288401668863,0.0066481205912843,0.00640715932277425,0.00637052275985936,0.00536505755376171,0.00424407145585375,0.0040913472850677,0.00364124602824845,0.00332105014636081,0.00326525137802216,0.00326035576862818,0.00325987274049212,0.00325164005490828,0.00323926072141819,0.00323362181081068,0.0032334830554497,0.00323274341769743,0.00323219733761872,0.00323218060705254,0.0032321026760164],"convergence":0,"press_dep":false,"press_rng":[1013.25,1013.25]}}
