{"fa_S3B_OLCI_M_band_9":{"type":"annular","coefficients":{"c1":1,"c2":0.529881557976535,"c3":-0.838721391288417,"c4":0.71575372531286,"c5":-5.90202703845986,"c6":-0.159984719159973},"mare":0.00196892095271809,"rmse":0.0023646105109677,"mare_seq":[0.0149547218718118,0.0147261311187525,0.0144361376919044,0.0139776530748841,0.0139729297165611,0.0137470391320788,0.0135481023154472,0.0135189176339176,0.0135143746373077,0.0135115606328354,0.0134479090645714,0.0134438983321034,0.0134436247191905,0.0134435258474358,0.0130341319089657,0.0126707204174538,0.0121946186850584,0.0120283582419494,0.0118292279984708,0.0105739317743514,0.00985366870298704,0.00811251436444426,0.00754478551907945,0.00734730637880146,0.00630983059613972,0.00565732599933978,0.00565079035588627,0.00558238865098952,0.00504995339747206,0.00198801667179281,0.00196892095271809],"convergence":0,"press_dep":false,"press_rng":[1013.25,1013.25]}}
