{"fa_S2A_MSI_U_band_9":{"type":"annular","coefficients":{"c1":1,"c2":0.607808950485475,"c3":-0.719500963757044,"c4":0.471890118282428,"c5":-0.180800685330657,"c6":-3.15414448619392},"mare":0.00192001864160074,"rmse":0.00120519105189288,"mare_seq":[0.0286983170059252,0.00950838849677352,0.00950838466096103,0.00950838428700038,0.00950838161818332,0.00950837547841714,0.00950837512223761,0.00950837208916086,0.00948281656066072,0.00625590336004402,0.00519219045323423,0.00479591723555977,0.00465055008007509,0.00439406395973507,0.00389520337188325,0.00378247196056852,0.00366871388659437,0.00350191918911216,0.00320022624831197,0.00303834193883092,0.00280751489144641,0.0022875562780093,0.00225355321241633,0.00192705379073689,0.00192293484342515,0.00192104563891635,0.0019200773077852,0.00192006484249744,0.00192002519809063,0.0019200231612902,0.00192001864160074],"convergence":0,"press_dep":false,"press_rng":[1013.25,1013.25]}}
