{"fa_S2A_MSI_C_band_4":{"type":"annular","coefficients":{"c1":1,"c2":0.191966221913706,"c3":-0.164310537331367,"c4":0.259380886271343,"c5":-5.05123074346963,"c6":-0.774775007465979},"mare":0.00317304554590933,"rmse":0.00208080177448209,"mare_seq":[0.0144976997097161,0.013955731670459,0.0139556781244652,0.0139556653395259,0.0139556645348669,0.0139556643659544,0.0139556626396231,0.0139556616795078,0.0139556606177387,0.0136504649083658,0.0130636683342032,0.010867235767912,0.0100751975831991,0.00926217335198962,0.0088519576549548,0.00873938802647529,0.00840865551858869,0.00812051848815683,0.00754349584372711,0.00748919077981478,0.00698209823018272,0.00478761615207408,0.00448807328717211,0.00381151562585315,0.00327400687279026,0.0032179369192992,0.00317940519769159,0.00317341219392003,0.00317307087430807,0.00317306264309625,0.00317304554590933],"convergence":0,"press_dep":false,"press_rng":[1013.25,1013.25]}}
