{"fa_S2C_MSI_M_band_10":{"type":"annular","coefficients":{"c1":1,"c2":0.321409528644841,"c3":-5.44471523252878,"c4":0.196368743100626,"c5":-0.164471061223714,"c6":-0.880216804797508},"mare":0.00294421729849476,"rmse":0.00229835212520815,"mare_seq":[0.0158003336374726,0.0136426897309618,0.013642603715627,0.0136425898861582,0.0136425897194488,0.0136425873890267,0.013642587094825,0.0136425845818688,0.0136425844411933,0.0136425810568534,0.0112663363250997,0.00927624154035498,0.00912877667290773,0.00837237770098023,0.00822661262898648,0.00584609482716711,0.00472722774748519,0.00448926819971273,0.00442797012964753,0.00338516239319952,0.00298240947270117,0.00294932200350221,0.00294521911762563,0.0029444603661365,0.00294443701280867,0.00294433558994229,0.00294430105295562,0.00294429206660477,0.00294425487471139,0.00294422995987314,0.00294421729849476],"convergence":0,"press_dep":false,"press_rng":[1013.25,1013.25]}}
