{"fa_S3A_OLCI_U_band_8":{"type":"annular","coefficients":{"c1":1,"c2":0.622686597392368,"c3":-0.748049847398572,"c4":0.504238474547382,"c5":-0.181631394984231,"c6":-3.51063857261454},"mare":0.00145926660999145,"rmse":0.00141330622422962,"mare_seq":[0.00929151947381313,0.00913535777859312,0.00901991698131592,0.00889671532442179,0.00889522613722889,0.00887515506715529,0.0087388034382796,0.00870434711317082,0.00870126819361814,0.00865691342284072,0.00850563205388937,0.00793968550574759,0.00610400935422244,0.0056684095931088,0.00562597469102379,0.00452824840292884,0.00447324526825798,0.00439127521887072,0.00435166198498874,0.00427429257174059,0.00377346472818393,0.00375421736957587,0.00344392623512715,0.00341408906643302,0.00300323966203821,0.00267381465986048,0.00242992849036841,0.00219447019506279,0.00167294334423451,0.00162150431045914,0.00145926660999145],"convergence":0,"press_dep":false,"press_rng":[1013.25,1013.25]}}
