{"fa_S3B_OLCI_U_band_11":{"type":"annular","coefficients":{"c1":1,"c2":0.212599472062265,"c3":-3.19680198317322,"c4":0.239966574690404,"c5":-0.182418158377587,"c6":-0.717501954669122},"mare":0.00152554564204291,"rmse":0.0015663553598126,"mare_seq":[0.0107655399813372,0.0101428368328688,0.00901787565711056,0.00901108158007213,0.00899103196526037,0.00891842679193268,0.00889176731778232,0.00888759048916773,0.00888295312106107,0.00888235895639512,0.00884352627478278,0.0088310729356146,0.00878620761956531,0.00876438388261301,0.0086173223524748,0.00860171544970481,0.00854353260227582,0.00815856348198058,0.007667097057206,0.00665890118100729,0.00661354798237603,0.00658337556260273,0.00587504987199458,0.00478551371885787,0.00432350548384122,0.00403222736695751,0.00308252615361266,0.00209645401489782,0.00175953463672871,0.00161554692626925,0.00152554564204291],"convergence":0,"press_dep":false,"press_rng":[1013.25,1013.25]}}
