{"fa_S2B_MSI_M_band_10":{"type":"annular","coefficients":{"c1":1,"c2":0.133494609129734,"c3":-0.164810270450229,"c4":0.628776079818431,"c5":-0.880483188176248,"c6":-5.45337205849162},"mare":0.00293680734508472,"rmse":0.00229268214969678,"mare_seq":[0.0182654341312602,0.0161883982282531,0.0136570951888849,0.0136570589192848,0.0136567598487824,0.0136566119016799,0.0136566098210945,0.0136566096421098,0.0136540274530085,0.010358921960886,0.0102034204662056,0.00976559390327224,0.00901893079552696,0.00870680876008733,0.00830094832645316,0.00823889213676617,0.00810387123905011,0.00776350562776905,0.00757089873741961,0.00645157676048592,0.0054802871684352,0.00363245872521552,0.0030731971573876,0.00299815092581239,0.00294856697929068,0.00294747627431738,0.0029375151133654,0.0029374638464892,0.00293734117770891,0.00293713163411134,0.00293680734508472],"convergence":0,"press_dep":false,"press_rng":[1013.25,1013.25]}}
