{"fa_SeaHawk1_HawkEye_M_band_5":{"type":"annular","coefficients":{"c1":1,"c2":0.500522625564273,"c3":-0.781506718803432,"c4":0.747464173893617,"c5":-4.81939395438138,"c6":-0.153300995920184},"mare":0.00350200640741576,"rmse":0.00343299793709894,"mare_seq":[0.0182008100678679,0.0170767046212889,0.0156725461027983,0.0156506255002468,0.0151286728783495,0.0151115749555406,0.0150348670461645,0.0150204866374922,0.0149038244401103,0.0148814357136825,0.0148743503589828,0.0148722461553481,0.0148720207059041,0.0148719971060361,0.0148708429468694,0.01487060129237,0.0147270911721069,0.0130614095897741,0.0114451193390391,0.0108758048623106,0.0101895121847914,0.0101719034832017,0.0098687132803448,0.00733520873281675,0.00727771938251813,0.00689957661077842,0.00670481620106589,0.00609444266649416,0.00488312210570086,0.00411354724149623,0.00350200640741576],"convergence":0,"press_dep":false,"press_rng":[1013.25,1013.25]}}
