{"fa_S2A_MSI_C_band_11":{"type":"annular","coefficients":{"c1":1,"c2":0.277370347616905,"c3":-5.371522397419,"c4":0.763025541483037,"c5":-0.831739311384178,"c6":-0.17843779825763},"mare":0.0028748937667627,"rmse":0.00211972361755921,"mare_seq":[0.0135843466645,0.0135843251416224,0.0135842667298283,0.0135842628855221,0.0135842599117656,0.0135842535840579,0.0135842526510992,0.0135842516644128,0.0135842495992882,0.0135842490048245,0.0135842471249237,0.0131706785584569,0.0115175637663976,0.010963062229449,0.00988128595144559,0.00984735295087585,0.00905037960897049,0.00884961577040408,0.00800870874303687,0.00797835586207624,0.00732732411331666,0.00692218492909332,0.00626128348648879,0.00607774990079162,0.00314427511552519,0.00288568298069452,0.00288125724029178,0.0028812462994404,0.00288095388078856,0.00287493027008602,0.0028748937667627],"convergence":0,"press_dep":false,"press_rng":[1013.25,1013.25]}}
