{"fa_S2C_MSI_U_band_10":{"type":"annular","coefficients":{"c1":1,"c2":0.608406243449095,"c3":-0.722452456170322,"c4":0.47801957658963,"c5":-0.182386702635112,"c6":-3.2253442992563},"mare":0.00193960715911804,"rmse":0.00122331029502886,"mare_seq":[0.00960994180394163,0.00960992929755202,0.00960992425659722,0.00960992059115922,0.0096099197238619,0.00950431669387213,0.00905608607493005,0.00883511935798642,0.0084291720064879,0.00839455129777987,0.00829251415071579,0.00808125649112839,0.00706308770196197,0.00582887304310744,0.00566732137810275,0.00551899003350681,0.00532879321378633,0.00491937678845442,0.00403679810305722,0.00263821280045041,0.00237903494187802,0.00201968614621222,0.00199815616351617,0.00199783313546497,0.00194028008923239,0.00194027658712441,0.0019399061989984,0.00193984971029333,0.00193968111019905,0.00193964582787592,0.00193960715911804],"convergence":0,"press_dep":false,"press_rng":[1013.25,1013.25]}}
