{"fa_S3A_OLCI_M_band_11":{"type":"annular","coefficients":{"c1":1,"c2":0.114801427737098,"c3":-0.145106576266774,"c4":0.568731021713191,"c5":-0.758049806526422,"c6":-5.14574970265972},"mare":0.00215978999156242,"rmse":0.003236408755968,"mare_seq":[0.0153637588386967,0.0141543584718923,0.0137899696125563,0.0137883600213684,0.0137817954956409,0.0137793797336896,0.0135147402965106,0.0133514068851649,0.0133368575214175,0.0133359413463293,0.0133210242693654,0.0133143205935249,0.0133098809915555,0.0132772058046321,0.0115189627439531,0.0109962144188398,0.0109562562251512,0.0103746270682803,0.0100854886792638,0.0097942662703795,0.00952726953321671,0.00928148742546595,0.00918225465039362,0.00825799180776445,0.0079623590787019,0.00651548022595015,0.00499715233601722,0.00495105106372091,0.00300817936835637,0.00245275767538296,0.00215978999156242],"convergence":0,"press_dep":false,"press_rng":[1013.25,1013.25]}}
