{"fa_S2B_MSI_M_band_2":{"type":"annular","coefficients":{"c1":1,"c2":0.536172375983157,"c3":-0.881799726147265,"c4":0.684364895399711,"c5":-6.93631742391465,"c6":-0.166947616638981},"mare":0.0034439547426161,"rmse":0.00274040362140563,"mare_seq":[0.0584454030082587,0.0584454028569922,0.0171950905898041,0.0161800403687168,0.0160035915855839,0.0155038213931331,0.0155034680583734,0.0155034606048155,0.0155034590727781,0.0155034547006549,0.0154809802770073,0.01421381340832,0.0135455879300883,0.012057289728307,0.0116290850991725,0.00992436908950849,0.00977008421152876,0.00440137104193273,0.00415966116712308,0.00401099031869004,0.00398396682486652,0.00384198394724138,0.00372658069593128,0.00364436466115713,0.00344725143660855,0.00344510952988965,0.00344434532068185,0.00344430807504922,0.00344424051687699,0.00344412669655209,0.0034439547426161],"convergence":0,"press_dep":false,"press_rng":[1013.25,1013.25]}}
