{"fa_S2B_MSI_U_band_13":{"type":"annular","coefficients":{"c1":1,"c2":0.255481970007342,"c3":-4.67395624218262,"c4":0.751288590031018,"c5":-0.901120041960466,"c6":-0.237010914242074},"mare":0.00204214666068209,"rmse":0.00148482494227749,"mare_seq":[0.0446934628712724,0.017692471512384,0.0127114597354792,0.00958073458133183,0.00956675408001425,0.00956672410708483,0.00956671405693938,0.00956671367271936,0.00956671079458197,0.0091284189244136,0.00904723675227117,0.00889960910366304,0.00860123681895882,0.00793951470972107,0.00716857693803724,0.0067450722727409,0.00636821978142983,0.00603077895476666,0.00565479473336791,0.00528204774291171,0.00508199805448146,0.00496116371724695,0.00492292798211535,0.00490325793663103,0.00348068701161822,0.00248048242609137,0.00229727183869995,0.00210929804938332,0.00205268486410906,0.00204217072390718,0.00204214666068209],"convergence":0,"press_dep":false,"press_rng":[1013.25,1013.25]}}
