{"fa_SD_00_M_band_4":{"type":"annular","coefficients":{"c1":1,"c2":0.319460535654463,"c3":-6.56098189808757,"c4":0.789652161784515,"c5":-0.877496194022425,"c6":-0.165649921117752},"mare":0.00334081077761529,"rmse":0.00264478030910396,"mare_seq":[0.0164740589775985,0.0151502547679361,0.0151502047976705,0.0151501947345729,0.0151501901840383,0.015150189059006,0.0151501877609978,0.015150187028295,0.0151501866231279,0.015150185737762,0.0138382092171694,0.013678404799066,0.0123200814672897,0.0119444552726425,0.0115855021078799,0.0103769311640733,0.0102603861284795,0.00942184472230475,0.00742981635676586,0.00735582779713259,0.0055811648737257,0.00557453372995987,0.00346470949281086,0.0033674205173528,0.00334096833659713,0.00334093772506465,0.0033408647419722,0.00334081536621815,0.00334081366597276,0.0033408112097902,0.00334081077761529],"convergence":0,"press_dep":false,"press_rng":[1013.25,1013.25]}}
