{"fa_S3A_OLCI_C_band_8":{"type":"annular","coefficients":{"c1":1,"c2":0.183048444865782,"c3":-0.160387898843251,"c4":0.283611167002259,"c5":-4.74324587817905,"c6":-0.739524583456532},"mare":0.00207484198633595,"rmse":0.0022240459643499,"mare_seq":[0.0213331334230414,0.0152546971248835,0.0130750224762488,0.0130364045516255,0.0129773928292315,0.0129730628934347,0.0129402362318833,0.0129377050438751,0.0129229008457847,0.0129009895846901,0.0128834138215489,0.0128105082240164,0.0121981205612746,0.0121299786149083,0.0118382747039409,0.0114743851193316,0.0112995484909699,0.0107501563862946,0.0100786924153522,0.00956494193538738,0.00785026014174433,0.00746987486151238,0.00653740963028175,0.0048878648899213,0.00410821763094239,0.0037458491608487,0.00360287427110451,0.00317648718037149,0.0023682009041913,0.00228872844742005,0.00207484198633595],"convergence":0,"press_dep":false,"press_rng":[1013.25,1013.25]}}
