{"fa_S3A_OLCI_U_band_4":{"type":"annular","coefficients":{"c1":1,"c2":0.535360464188025,"c3":-0.610114236322402,"c4":0.70435062829031,"c5":-2.22310991911919,"c6":-0.154486987085396},"mare":0.00196251978508577,"rmse":0.00160204090505698,"mare_seq":[0.00993950246261664,0.00912209595780997,0.00909988287926552,0.00900196957251061,0.00899520521093358,0.00893840006294273,0.00893275127956738,0.0088990957265532,0.00877094283191193,0.00872569688998047,0.00863980104004165,0.0086170807096333,0.00856766274764712,0.00856747465352092,0.00854457300262606,0.0085357552040552,0.00814074469556141,0.00793029013933163,0.00676309682311176,0.00585755367687785,0.00556724367955502,0.00527287439727567,0.00518664058566419,0.0046564718896657,0.00457552250097107,0.0041950587103484,0.00406294665394699,0.0028445071072559,0.00279318254773785,0.00233254992246206,0.00196251978508577],"convergence":0,"press_dep":false,"press_rng":[1013.25,1013.25]}}
