{"fa_S3A_OLCI_C_band_14":{"type":"annular","coefficients":{"c1":1,"c2":0.213152296942751,"c3":-5.36423384882466,"c4":0.243604156638299,"c5":-0.164603275801536,"c6":-0.775564812876637},"mare":0.00201931928605534,"rmse":0.00200844142633516,"mare_seq":[0.0218735703989282,0.0145283133304677,0.0138532787616373,0.0138075456162692,0.0134638908000394,0.0133684035427007,0.0131670622878685,0.0131612213287011,0.0131533741650449,0.0131493443607329,0.0128667922848081,0.012651012720704,0.0125222373787965,0.0124719526828049,0.0124278100741742,0.0122767600836465,0.0108306327779675,0.0106753726228688,0.0102769717562782,0.0100252190117495,0.00857629790457319,0.00758085851956146,0.00746383283790601,0.00724610071642507,0.00620702553348811,0.00572356601172028,0.00475871786507233,0.00450186350891198,0.00413221150245567,0.00211025810220756,0.00201931928605534],"convergence":0,"press_dep":false,"press_rng":[1013.25,1013.25]}}
