{"fa_S3B_OLCI_U_band_3":{"type":"annular","coefficients":{"c1":1,"c2":0.228002031120431,"c3":-3.23141047133835,"c4":0.219459750416272,"c5":-0.173776974395739,"c6":-0.722332742891695},"mare":0.00143144219390473,"rmse":0.00144747224493394,"mare_seq":[0.0101093170483053,0.00947118151593617,0.0093661081285022,0.00929463279043827,0.00902647271072488,0.00897700717789164,0.00896845063958141,0.00896504084546633,0.00889083346726383,0.00887701223109633,0.00884499201845521,0.00884138876160631,0.00866923825106723,0.0081280772299513,0.0080601327242709,0.00729135689920305,0.0071323915698233,0.00673961585808755,0.00596491691459375,0.0049203032352825,0.00477622089238096,0.00441567018456301,0.00270522636510942,0.00269236819596864,0.0026258214447007,0.00255326901208775,0.00212516188956947,0.00176627580541157,0.00160557936531644,0.00158533490020077,0.00143144219390473],"convergence":0,"press_dep":false,"press_rng":[1013.25,1013.25]}}
