{"fa_S2C_MSI_U_band_9":{"type":"annular","coefficients":{"c1":1,"c2":0.205352678630045,"c3":-3.17410402161222,"c4":0.765440887558214,"c5":-0.722093630926799,"c6":-0.181676311959267},"mare":0.00192967315302031,"rmse":0.0012224089806994,"mare_seq":[0.0164855564737387,0.0120537531915825,0.00949366594764796,0.00949363660395647,0.0094936351788385,0.00949363245671468,0.00949363138001603,0.00624253375476337,0.00579558575459004,0.00576774428435821,0.00375628496368755,0.00363015367394086,0.00331415900571547,0.00291727112632503,0.00286018400533927,0.00260869822434929,0.00257711708740093,0.00254539065090678,0.00243185308167169,0.00241161918930931,0.0021437842031732,0.00210088678908348,0.00200781737443845,0.00193167007274671,0.00193050909025533,0.00192982152596646,0.00192975527667261,0.00192968255686218,0.00192967891974446,0.00192967632445403,0.00192967315302031],"convergence":0,"press_dep":false,"press_rng":[1013.25,1013.25]}}
