{"fa_SD_00_U_band_6":{"type":"annular","coefficients":{"c1":1,"c2":0.214688934511117,"c3":-3.0529528012599,"c4":0.771082178366283,"c5":-0.714915061672243,"c6":-0.175628758421877},"mare":0.00189514332560742,"rmse":0.00119429468465349,"mare_seq":[0.00952730099850935,0.00951980361751078,0.00950068133950718,0.00950009086303279,0.00950008733126165,0.00950008611114424,0.00949870372198754,0.00928744392674675,0.00710839453608664,0.00625484933958182,0.00607623273092067,0.00591953732289739,0.00537774495467691,0.00448275695023658,0.00433285448812098,0.00403762663852872,0.00387628484490139,0.00189516698088774,0.00189516673961468,0.00189515692196423,0.00189515297654252,0.00189515057540285,0.00189514989531268,0.00189514958767225,0.00189514921998789,0.00189514757241203,0.00189514560674703,0.00189514518153731,0.00189514406590493,0.00189514351241392,0.00189514332560742],"convergence":0,"press_dep":false,"press_rng":[1013.25,1013.25]}}
