{"fa_SD_00_U_band_7":{"type":"annular","coefficients":{"c1":1,"c2":0.18107323518576,"c3":-0.176126845454782,"c4":0.260785607703645,"c5":-3.05014178843942,"c6":-0.713299729035275},"mare":0.00191804105524265,"rmse":0.00120390894286677,"mare_seq":[0.009490620837888,0.00949061504286393,0.0094906145238847,0.00949060153946637,0.00949059897913535,0.00949059881816929,0.0094905987033877,0.00949059809528129,0.00949059774318089,0.00808091436427803,0.00776333714605025,0.00681221182430683,0.00657453156704896,0.00608068943600237,0.00552516700446208,0.00522206713465624,0.00495871303053303,0.00481035161885334,0.00383569688566826,0.00259198281209248,0.00244761878592461,0.00194986045704913,0.00192105666686959,0.00191806685464369,0.0019180486766728,0.00191804758294644,0.00191804485618119,0.00191804397062991,0.00191804236056451,0.00191804137407241,0.00191804105524265],"convergence":0,"press_dep":false,"press_rng":[1013.25,1013.25]}}
