{"fa_S3A_OLCI_C_band_12":{"type":"annular","coefficients":{"c1":1,"c2":0.573457364831973,"c3":-0.740800928414596,"c4":0.439984860099795,"c5":-0.16281465528733,"c6":-4.79678884613054},"mare":0.002140076596343,"rmse":0.00232077378835665,"mare_seq":[0.0156190613835143,0.0146734290958271,0.0134023142308077,0.0131187016880432,0.0131173647600059,0.0131107267587652,0.0131098933786244,0.0130592210974885,0.0129280372350834,0.0127786647750052,0.0126664370934234,0.0124879148772534,0.0117389476496074,0.011615784877436,0.0112705868880678,0.0112409681245459,0.0102178766237153,0.00999958736946278,0.00954620808072041,0.00894479890384412,0.00780311738799491,0.00766342823037767,0.00757487731191994,0.00728433166525083,0.00698872345441509,0.00651578405037742,0.00567158560065239,0.00532907124137586,0.00297812207860559,0.00224075250753061,0.002140076596343],"convergence":0,"press_dep":false,"press_rng":[1013.25,1013.25]}}
