{"fa_S3A_OLCI_U_band_2":{"type":"annular","coefficients":{"c1":1,"c2":0.257799912169352,"c3":-3.04997204840516,"c4":0.191540812954989,"c5":-0.15817066840926,"c6":-0.668224252456179},"mare":0.00160735576331177,"rmse":0.00177000297165405,"mare_seq":[0.00944181882040851,0.00925014304199427,0.00923838678657327,0.00910193353352543,0.00903682973923501,0.00900002416349334,0.00899796571500129,0.0089934397575967,0.0089463063565499,0.00876530056317695,0.008726820399369,0.00816542049812505,0.00768959157585533,0.0076755913716724,0.00762327171774205,0.00754303796713504,0.00731494988210271,0.00637886264596962,0.00615993989848188,0.00559384678680741,0.00550793472233143,0.00497650616339801,0.0048344894604297,0.00388537413481978,0.00342093796532793,0.00310034879340625,0.00219802426363911,0.001689163774808,0.00167590647364503,0.00164153875372742,0.00160735576331177],"convergence":0,"press_dep":false,"press_rng":[1013.25,1013.25]}}
