{"fa_S2B_MSI_M_band_9":{"type":"annular","coefficients":{"c1":1,"c2":0.323916304445308,"c3":-5.55183936590905,"c4":0.800250169450684,"c5":-0.877452112707842,"c6":-0.164532805780134},"mare":0.00300761133049609,"rmse":0.00234898467716411,"mare_seq":[0.0144530436078284,0.0138770700290391,0.0138748348750383,0.013874798362718,0.0138747870038896,0.0138747812697341,0.0138747593711306,0.0138747536533416,0.0138747457123159,0.0138747407034957,0.0122399886681081,0.0109561227760981,0.0107540992424226,0.00907053982784571,0.0087332374497261,0.00716804184370012,0.00683135889603067,0.00655561363159109,0.00622049019511577,0.00432851046283758,0.00300973943150151,0.00300873035302028,0.00300842087434327,0.00300795383761972,0.00300776329343225,0.00300769734800065,0.00300768418775083,0.00300764778506588,0.0030076380010363,0.00300763004991184,0.00300761133049609],"convergence":0,"press_dep":false,"press_rng":[1013.25,1013.25]}}
