{"fa_S2B_MSI_C_band_13":{"type":"annular","coefficients":{"c1":1,"c2":0.354830187131199,"c3":-5.20777442516298,"c4":0.827696396929805,"c5":-1.04691807769435,"c6":-0.214709812211898},"mare":0.00220539981918683,"rmse":0.00181797906704163,"mare_seq":[0.0136115704310913,0.0120750188246566,0.00987487453952684,0.00973559877086552,0.00973550941677447,0.00973550447606938,0.00973550273175101,0.00973550067241706,0.00973549533490098,0.00973549453347061,0.00973549426162461,0.00973549400735232,0.00973549333644112,0.00687823269063596,0.0066641684522024,0.00583820458174315,0.00486489331733844,0.0039650593772619,0.00311843923451141,0.00243297778005245,0.00231861839391766,0.0023066800988125,0.00223068419347375,0.00220966380962786,0.00220925996140159,0.0022069233318743,0.00220622669403713,0.00220591960725646,0.00220566658932084,0.00220542921312187,0.00220539981918683],"convergence":0,"press_dep":false,"press_rng":[1013.25,1013.25]}}
