{"fa_S2C_MSI_U_band_12":{"type":"annular","coefficients":{"c1":1,"c2":0.193966808130166,"c3":-0.215470405314684,"c4":0.264374173795338,"c5":-4.13034508504693,"c6":-0.811006366217261},"mare":0.00210217167959199,"rmse":0.00141298085797803,"mare_seq":[0.0471420986966768,0.0135788203172554,0.00986320541274816,0.00986160031762866,0.00986153896969342,0.0098615143662217,0.00986150566864173,0.00986149621442834,0.0098614959447933,0.00985857589167934,0.00936127353107597,0.00888668300990835,0.00798653880182977,0.00621291971231487,0.0052530639694196,0.0052521807463839,0.00511801416435634,0.00487944553131427,0.0043126271894817,0.00312764423831451,0.0025758691775761,0.00255828500711802,0.00249303860123685,0.00240191570342236,0.00236933721358737,0.00235213272157663,0.00210251362450501,0.00210247749662885,0.00210228498634269,0.00210217269515572,0.00210217167959199],"convergence":0,"press_dep":false,"press_rng":[1013.25,1013.25]}}
