{"fa_S3B_OLCI_U_band_12":{"type":"annular","coefficients":{"c1":1,"c2":0.329580896100816,"c3":-2.14651375789675,"c4":0.194181985924093,"c5":-0.148145380425339,"c6":-0.576161709439229},"mare":0.0020441499201257,"rmse":0.00168069391388915,"mare_seq":[0.0500248526852904,0.00959745257424658,0.00941069500172278,0.00917703330624615,0.00904403264050728,0.00889304401978909,0.0088915504642463,0.00886366948414447,0.00885788101487225,0.00878682077451358,0.00871570939755317,0.0085941292864338,0.00850513188031409,0.00839203245430874,0.00830778910242042,0.00788733775254185,0.00779257142160005,0.00710974680545667,0.00605205239792278,0.00564965180547696,0.00559856130234486,0.00522921034145118,0.00479596548819052,0.0047090714805003,0.0045825147205729,0.0040135008266116,0.00327613122427033,0.00315290354192653,0.0025675414494049,0.00235626214440704,0.0020441499201257],"convergence":0,"press_dep":false,"press_rng":[1013.25,1013.25]}}
