{"fa_S3A_OLCI_C_band_7":{"type":"annular","coefficients":{"c1":1,"c2":0.587821423291406,"c3":-0.692638453441852,"c4":0.39062265370554,"c5":-0.147684542368995,"c6":-4.3921047945721},"mare":0.00218451915150624,"rmse":0.00254738557521717,"mare_seq":[0.0138122871413093,0.0133782180127129,0.0133521279081613,0.0131077462376346,0.012835528101819,0.0128353447868729,0.0128291624089408,0.0128261064421852,0.0128078333826911,0.0126845857548102,0.0122866613499184,0.0115731566365644,0.0111262748467199,0.0104252066756965,0.0100727766309519,0.00998373589018531,0.00958744431524414,0.00864999071556965,0.00762110455769206,0.00736991870262026,0.0072330298495338,0.00689299202734635,0.00675322855557117,0.00620393790446222,0.00605205758408273,0.0053307559683783,0.00457571502680423,0.00431341733984852,0.00408492397347229,0.00351466440849411,0.00218451915150624],"convergence":0,"press_dep":false,"press_rng":[1013.25,1013.25]}}
