{"fa_S2A_MSI_C_band_2":{"type":"annular","coefficients":{"c1":1,"c2":0.606466039691455,"c3":-0.778537143369807,"c4":0.529694246419797,"c5":-4.78806057001488,"c6":-0.163262387120095},"mare":0.00320358527982124,"rmse":0.0020522226805453,"mare_seq":[0.0135290817016608,0.0135290582712744,0.0135290561640836,0.0135290520404997,0.013529050408779,0.0135286824470839,0.0133676615965697,0.0128918569925412,0.0116661572086479,0.0113061486605772,0.0112606327069378,0.0095976187092132,0.00888246823819344,0.00879833563070436,0.00737399801496385,0.0073716390871477,0.00499534513392406,0.00483069850277391,0.00462897580295326,0.00355354758040552,0.00323000802395088,0.00322694850118083,0.00321926018306368,0.00320425862651126,0.00320406028748901,0.00320392315451491,0.00320389468152083,0.00320379168017472,0.00320377637720382,0.00320364635595516,0.00320358527982124],"convergence":0,"press_dep":false,"press_rng":[1013.25,1013.25]}}
