{"fa_S2B_MSI_U_band_3":{"type":"annular","coefficients":{"c1":1,"c2":0.223053436805626,"c3":-3.02080019360986,"c4":0.774118216948255,"c5":-0.71667811482399,"c6":-0.174765389651734},"mare":0.00188385136315791,"rmse":0.00119408182546115,"mare_seq":[0.0110059621603121,0.00946496811951474,0.00946495076094653,0.00946494816373641,0.00946494484162762,0.00946494142961575,0.00946494010837992,0.00946493969250487,0.00946493961771161,0.0094649393924821,0.00946488004271263,0.00933291499546345,0.00813845531952651,0.00601887589024373,0.00566072393292763,0.00514932712127045,0.00469221359460683,0.00447678780485381,0.00387477307171539,0.00250338358045125,0.00237265141574017,0.0022312027543345,0.00188803784326473,0.00188656631460197,0.00188412974763722,0.00188397438265808,0.00188387651066041,0.00188386999330679,0.00188385936451708,0.00188385529521537,0.00188385136315791],"convergence":0,"press_dep":false,"press_rng":[1013.25,1013.25]}}
