{"fa_S2A_MSI_U_band_5":{"type":"annular","coefficients":{"c1":1,"c2":0.181481796325023,"c3":-0.176304106866128,"c4":0.260651438393342,"c5":-3.05355605680632,"c6":-0.71451059128536},"mare":0.00188750550612766,"rmse":0.00119380770120513,"mare_seq":[0.0123503358231393,0.00947333008042797,0.00947309684408792,0.00947307688765353,0.00947305921039434,0.00947305864890798,0.00947305747343082,0.00947305597448134,0.00947305336419214,0.00946783990022605,0.00680235465649618,0.00550193384205368,0.00537458281247796,0.00517956680267755,0.00466235206612345,0.00384070902686401,0.00331173016222488,0.00325432032333371,0.00273934841274361,0.00253044900344045,0.00226931484361175,0.00224170534323134,0.00206543007910974,0.00190352453260392,0.00189533597707742,0.00188839144272792,0.00188816645285626,0.00188754024022148,0.00188753683804859,0.00188750669218129,0.00188750550612766],"convergence":0,"press_dep":false,"press_rng":[1013.25,1013.25]}}
