{"fa_S2C_MSI_M_band_4":{"type":"annular","coefficients":{"c1":1,"c2":0.321034629210107,"c3":-6.15207348461406,"c4":0.207175804995339,"c5":-0.164576002101646,"c6":-0.875788132349424},"mare":0.00320846377821158,"rmse":0.00252960867104086,"mare_seq":[0.016488181927063,0.0150458129597739,0.0147169194792688,0.0147162436579602,0.0147161443646658,0.0147161174408993,0.0147161104514626,0.0147161090142171,0.0147161068057951,0.0147161066539924,0.0147161034277753,0.014708677353872,0.0134186658510848,0.012832152147416,0.0128291903203929,0.0110745449998825,0.00936192919384554,0.008634005565995,0.00377042106832363,0.00367966914022942,0.00356505576596265,0.00340912984174627,0.00336274182471763,0.0032326062426189,0.0032244105310051,0.00321140989855406,0.00320861781758915,0.00320857418016456,0.00320851084968488,0.00320848378697166,0.00320846377821158],"convergence":0,"press_dep":false,"press_rng":[1013.25,1013.25]}}
