{"fa_S3A_OLCI_C_band_19":{"type":"annular","coefficients":{"c1":1,"c2":0.241606863320837,"c3":-5.17667668149137,"c4":0.214857139813204,"c5":-0.151448819436079,"c6":-0.722559244229485},"mare":0.00213339372356125,"rmse":0.00236327969940537,"mare_seq":[0.015839628794815,0.0139651099093147,0.0136173544012542,0.0135491844647242,0.0134951748228961,0.0134773424598873,0.0134564474417601,0.0133836708645697,0.0133205978475249,0.0132236252432965,0.012964755430669,0.0128365957002937,0.0127089664068403,0.012503649184092,0.0119649359464295,0.0113178871106089,0.011129584192488,0.0110767491306382,0.0109617489242767,0.0106987839305898,0.00910809568551092,0.00849496804074173,0.00754530485592223,0.00694656209351412,0.00613125219435493,0.00590975708766956,0.00383195598472129,0.00339535100421804,0.00298873652416294,0.00243461972720579,0.00213339372356125],"convergence":0,"press_dep":false,"press_rng":[1013.25,1013.25]}}
