{"fa_S3A_OLCI_U_band_21":{"type":"annular","coefficients":{"c1":1,"c2":0.579619338079722,"c3":-0.609898675616738,"c4":0.325305919577667,"c5":-0.152994133199552,"c6":-2.44146642867059},"mare":0.00202303090286127,"rmse":0.00151668860296361,"mare_seq":[0.0213122483754383,0.0186708819050382,0.012419095863523,0.0111443919672725,0.00964521721614602,0.0091228297591152,0.00907116018210404,0.00902747923110445,0.00902372797452231,0.00902139890730668,0.00902125856118269,0.00901978719565191,0.00900012887924048,0.00898147212649757,0.00892780276307415,0.00886440965128719,0.008853080123647,0.00873218272344205,0.00786239667804062,0.00700474903184013,0.00591731787086849,0.0051436941041389,0.00460292413482799,0.00427806301718646,0.00390935418709768,0.00344431942432014,0.00299917826453089,0.00248743652132685,0.00217965674663389,0.00217097418331895,0.00202303090286127],"convergence":0,"press_dep":false,"press_rng":[1013.25,1013.25]}}
