{"fa_SeaHawk1_HawkEye_C_band_5":{"type":"annular","coefficients":{"c1":1,"c2":0.207826850494082,"c3":-4.8971203448929,"c4":0.761996979138224,"c5":-0.776764501253391,"c6":-0.164008755559996},"mare":0.00291438773310207,"rmse":0.00211402648182232,"mare_seq":[0.0134980434448362,0.0134173090047558,0.0134169937623209,0.0134161935301202,0.013415978967567,0.0134097553087393,0.0134095376190951,0.0134091804907277,0.0134085868408981,0.0134085380509786,0.0133653526688683,0.0133572659735796,0.0133194505448314,0.0133111030577932,0.0129262421188513,0.0127560619358025,0.012675494036269,0.0123779970693963,0.0105179702550376,0.0103339756533957,0.0100773438722655,0.0100650415112663,0.00975586937187101,0.00878834947767963,0.00708026725611373,0.00690731152489413,0.00435173080594933,0.00417305673659723,0.00305045943142388,0.00295562838465663,0.00291438773310207],"convergence":0,"press_dep":false,"press_rng":[1013.25,1013.25]}}
