{"fa_S3B_OLCI_C_band_16":{"type":"annular","coefficients":{"c1":1,"c2":0.514441688237526,"c3":-0.5574525283827,"c4":0.248666132124665,"c5":-0.1246957113797,"c6":-2.69146356329351},"mare":0.00382911381909036,"rmse":0.00381669133778166,"mare_seq":[0.018572883001906,0.0151217014038313,0.0138565459202546,0.0137916390558779,0.0134305451393774,0.0133234797932554,0.0132216603076051,0.0131930407665172,0.0131913869513539,0.0131901133894281,0.0131882735712934,0.0130643973621002,0.0126537556303921,0.012609504573441,0.0122200989087063,0.0116352005188291,0.0116090534687451,0.0103919583667967,0.0101441022511235,0.00872594563961904,0.00834653853826153,0.00796196705114077,0.00718065672446309,0.00715077643063024,0.00681282728531376,0.00678348892603419,0.00560713643166607,0.00522975932175183,0.00471183145689223,0.00450245760365561,0.00382911381909036],"convergence":0,"press_dep":false,"press_rng":[1013.25,1013.25]}}
