{"fa_S2A_MSI_C_band_9":{"type":"annular","coefficients":{"c1":1,"c2":0.585483065324033,"c3":-0.785540963523568,"c4":0.533469659279992,"c5":-5.37761456949482,"c6":-0.168289287621881},"mare":0.00311438324376788,"rmse":0.00212287518401901,"mare_seq":[0.0151026203368124,0.0142810195908933,0.0142805174439416,0.0142804888717231,0.0142804825126182,0.0142804774302233,0.0142804768875126,0.014280475873076,0.0142804737621301,0.0142778785558222,0.0142734354969013,0.0124585447643492,0.0103316150498744,0.0101094406812807,0.010048820090493,0.00986847553466993,0.00971849895595815,0.00937866044424898,0.00797133253870115,0.00764029191093348,0.00753470131985571,0.00625222517667667,0.0056992773985449,0.004812469281819,0.00333577472930175,0.00318408294085249,0.00312381033578496,0.0031163982881288,0.00311532694675811,0.00311449863686723,0.00311438324376788],"convergence":0,"press_dep":false,"press_rng":[1013.25,1013.25]}}
