{"fa_S3B_OLCI_C_band_12":{"type":"annular","coefficients":{"c1":1,"c2":0.594562930167026,"c3":-0.780192649241487,"c4":0.47908419762176,"c5":-0.166240624123519,"c6":-5.37567554535653},"mare":0.00201803740442669,"rmse":0.00201263191019376,"mare_seq":[0.0145996689835684,0.0142482321715382,0.0134344413791579,0.0131506917281514,0.0131388145376787,0.01312153078039,0.0130529523987454,0.0130165807620611,0.0129311522911203,0.0129231793337805,0.012846365677322,0.0128413768101054,0.0127946470126524,0.0112990510281995,0.0111868875244705,0.0107726630025613,0.010553640447117,0.0105494963535422,0.0102591212913953,0.0102465804653233,0.00992091637177752,0.00985034363431362,0.00904081097086211,0.00822555167419634,0.00788857453708115,0.00726922645286516,0.0071357748460856,0.00510085206137493,0.00372609861653359,0.00235952088322045,0.00201803740442669],"convergence":0,"press_dep":false,"press_rng":[1013.25,1013.25]}}
