{"fa_S2B_MSI_C_band_4":{"type":"annular","coefficients":{"c1":1,"c2":0.20920853490765,"c3":-5.06082025919103,"c4":0.757218627820969,"c5":-0.774519830741776,"c6":-0.164359034729107},"mare":0.0031731668039861,"rmse":0.00208384821445297,"mare_seq":[0.0139589279219279,0.0139588844697067,0.0139588767041173,0.0139588682091984,0.0139588651290498,0.0139588644151442,0.0139530361001014,0.0138353607501097,0.0124665479869866,0.0105321488181823,0.0102485202910739,0.0100815917288087,0.0100197541421135,0.00883441212544199,0.00850631539680001,0.00843421375021531,0.00834296275945324,0.00707171810086577,0.00646110401267002,0.0052853315040592,0.00516290737754484,0.0038305800121043,0.00370224294288883,0.003293942531308,0.00317844412174818,0.00317344182586178,0.0031732689831989,0.00317318343455585,0.00317317452276354,0.00317316829342559,0.0031731668039861],"convergence":0,"press_dep":false,"press_rng":[1013.25,1013.25]}}
