{"fa_SeaHawk1_HawkEye_M_band_8":{"type":"annular","coefficients":{"c1":1,"c2":0.325001087096803,"c3":-5.43007250590087,"c4":0.793818096275531,"c5":-0.887138753836331,"c6":-0.168115622319576},"mare":0.00279154251546056,"rmse":0.00238110219710419,"mare_seq":[0.0176604044622094,0.0162426202343919,0.0142384523039663,0.0138871318542751,0.013782815157739,0.0137543685610385,0.0137082583435113,0.0136914246136036,0.0136232658360972,0.0136179454677275,0.0136176432513025,0.0136170827066051,0.0136164577449456,0.0136137877716391,0.0136134961272584,0.0136128467836518,0.0136125881279028,0.0120423770259867,0.0114154484775597,0.0106796572941869,0.0106464319919833,0.0100385136891374,0.00821271203388881,0.00799295942347349,0.00705393578294907,0.00641756688182122,0.00503729466186758,0.00394715075794422,0.00378697665171525,0.00317915174752366,0.00279154251546056],"convergence":0,"press_dep":false,"press_rng":[1013.25,1013.25]}}
