{"fa_S3A_OLCI_U_band_10":{"type":"annular","coefficients":{"c1":1,"c2":0.15354619471678,"c3":-0.161770599347841,"c4":0.672825384068421,"c5":-0.637360485868767,"c6":-2.42713016547858},"mare":0.00170520394082121,"rmse":0.00129128509172101,"mare_seq":[0.0227148454477246,0.00892624496703503,0.00887679084737199,0.00887596352970222,0.00878695623574562,0.00877917397944013,0.00813574571512665,0.0080547077673925,0.00775116547299034,0.00643369984678524,0.0064236121781102,0.00624998737121075,0.00596225433860193,0.00591965522909305,0.00569625704989669,0.00515104462352182,0.0048791363008131,0.00466371921816866,0.00402362641003009,0.00397116514908889,0.00393473865107177,0.00382603833326846,0.00375522345458279,0.00363227470620948,0.00327449905805455,0.00293574005446235,0.00283573776500204,0.00248872728709748,0.00207686852378495,0.0019162437037718,0.00170520394082121],"convergence":0,"press_dep":false,"press_rng":[1013.25,1013.25]}}
