{"fa_S3B_OLCI_M_band_8":{"type":"annular","coefficients":{"c1":1,"c2":0.0909829437571573,"c3":-0.127110824307691,"c4":0.571457124483979,"c5":-2.64780154365337,"c6":-0.5860105618383},"mare":0.00609320706046625,"rmse":0.00889669230834758,"mare_seq":[0.0190405500466442,0.0158084624833833,0.0148289893695681,0.014654741590382,0.0145395508945036,0.0145053020796122,0.0141960128632091,0.0139773067062702,0.013514039135236,0.0135114144863222,0.0135082445656242,0.0134876120611556,0.0134640785802054,0.0134611779405869,0.0134609147478337,0.0134604709394015,0.0119265838002532,0.0116209269898462,0.0114629994756105,0.0109458120010421,0.0103368184066005,0.00911521967572761,0.00877383437094496,0.00869582345931322,0.00839109998758536,0.00732045134218213,0.00723898908650317,0.0069154341679974,0.00672688909351641,0.00662283243476786,0.00609320706046625],"convergence":0,"press_dep":false,"press_rng":[1013.25,1013.25]}}
