{"fa_S3B_OLCI_U_band_8":{"type":"annular","coefficients":{"c1":1,"c2":0.273088746273576,"c3":-2.44982929948627,"c4":0.785253258484085,"c5":-0.645036123591777,"c6":-0.163389977290203},"mare":0.00170834794365302,"rmse":0.00128820273763625,"mare_seq":[0.0103010088069357,0.00924062497689083,0.0091336866711095,0.0090983959559971,0.00899869498019987,0.00890255993956516,0.00889276026368817,0.00874730054570469,0.00864889433061797,0.00835990362786668,0.00808656343051051,0.00790731838185202,0.00740794879048912,0.00731395272122597,0.00719845350793625,0.00595741369230169,0.0059185124379686,0.0054519939087027,0.00530761086977085,0.00494640455476416,0.00487679994269541,0.00442289370682983,0.00424965528397971,0.0038188747953344,0.00312161299747425,0.00248631375535954,0.00247593506501921,0.00228191932643495,0.00181586851491211,0.00180219149038877,0.00170834794365302],"convergence":0,"press_dep":false,"press_rng":[1013.25,1013.25]}}
