{"fa_S2C_MSI_C_band_9":{"type":"annular","coefficients":{"c1":1,"c2":0.585283971564937,"c3":-0.78843093684087,"c4":0.530683913998116,"c5":-5.40003413659411,"c6":-0.168828989914843},"mare":0.00310972806105411,"rmse":0.00211752233105421,"mare_seq":[0.0142689605545766,0.014268510991086,0.0142684201137671,0.0142684201114438,0.0142684199012545,0.0142684176776218,0.01426841690229,0.0142684168801151,0.0133193105232156,0.0119617555539017,0.0113951184391808,0.00989377277180299,0.00983903797871814,0.00944264357771899,0.00825860640348297,0.00804613955090889,0.00759363008468023,0.00715248773103249,0.00550692530181112,0.00544568117231295,0.00385260450104732,0.00363125388396943,0.00344260154204635,0.00339517968005009,0.00328950612410002,0.00325825728297088,0.00311085699170603,0.00311063420960151,0.00311009953421347,0.00310989379009588,0.00310972806105411],"convergence":0,"press_dep":false,"press_rng":[1013.25,1013.25]}}
