{"fa_S3A_OLCI_U_band_15":{"type":"annular","coefficients":{"c1":1,"c2":0.288709049190053,"c3":-2.5154876914296,"c4":0.1862043144806,"c5":-0.14901315311226,"c6":-0.597714928149112},"mare":0.00197335239319101,"rmse":0.0016845202259436,"mare_seq":[0.0101950759955136,0.00918370270306436,0.00906730948532233,0.00902169551046163,0.00897490497943703,0.00891782862217514,0.00891308906739979,0.00891168935101284,0.00891124727112687,0.00886485944988245,0.00883392384936922,0.00878678714417196,0.00864681994144035,0.0085870205563575,0.00783579649144,0.00765678777430252,0.00732183029593206,0.00688210759044426,0.00556808570016692,0.00541840216291229,0.0048488292925075,0.00481173493847163,0.00460666591344364,0.00383852597595393,0.00370170406454214,0.00369321120558374,0.00318165322224725,0.00244869398578576,0.0020895425792668,0.00202263066364482,0.00197335239319101],"convergence":0,"press_dep":false,"press_rng":[1013.25,1013.25]}}
