{"fa_S3B_OLCI_M_band_14":{"type":"annular","coefficients":{"c1":1,"c2":0.418070470580179,"c3":-3.74236699306711,"c4":0.150148145699644,"c5":-0.116696300606859,"c6":-0.68430348514187},"mare":0.00390132966614983,"rmse":0.00449387947781504,"mare_seq":[0.0541972568398859,0.016767537396859,0.0142349594327574,0.0142222767113623,0.0138676043417919,0.0136373910492336,0.0131416191955081,0.0131247101769734,0.0131242575288918,0.0131169072998463,0.0131152050444376,0.0126722849820492,0.0126616347230008,0.0122368811443779,0.0121245498233352,0.0119700443044348,0.0117323612219433,0.0114430547292446,0.0112856705284153,0.0108514170531178,0.0106732114773061,0.00956376098622324,0.00894985783345335,0.00830428234841706,0.00819787009065955,0.00716857904402742,0.00664358712969538,0.00662829018573761,0.00609391143987265,0.00571125399262657,0.00390132966614983],"convergence":0,"press_dep":false,"press_rng":[1013.25,1013.25]}}
