{"fa_S3B_OLCI_M_band_4":{"type":"annular","coefficients":{"c1":1,"c2":0.408051696338292,"c3":-4.09644683521332,"c4":0.824558845170348,"c5":-0.703758481995093,"c6":-0.131637569378462},"mare":0.00377875914701246,"rmse":0.00526889373574715,"mare_seq":[0.0181559067489899,0.0175536762330423,0.0166864943131464,0.0161731095559292,0.0158237343949266,0.015800646627997,0.0152398539190741,0.0149735860723917,0.0146898224004962,0.0141973003792944,0.0141597608633188,0.0141428595195304,0.0141384486865622,0.0141317549658738,0.0140649196647533,0.0133572425232713,0.012475412248687,0.0124346796985308,0.0124182224480641,0.0114684535739802,0.0114328656588548,0.0112114471016893,0.0112036592517768,0.0106557740956977,0.0106494959533835,0.00974527043538588,0.00883347235649266,0.00864843940321653,0.00498553907981221,0.00474277547646298,0.00377875914701246],"convergence":0,"press_dep":false,"press_rng":[1013.25,1013.25]}}
