{"fa_S3A_OLCI_U_band_5":{"type":"annular","coefficients":{"c1":1,"c2":0.231060310575072,"c3":-3.14080912304251,"c4":0.79148576040817,"c5":-0.69691825697816,"c6":-0.166688623571971},"mare":0.00146183487385576,"rmse":0.00149225174939344,"mare_seq":[0.00995419637721694,0.00941730691018459,0.00911861952034961,0.00897497767500125,0.00894348634516359,0.00891372768506286,0.00890181952437777,0.00889352135847097,0.0088933615575902,0.00889018831018233,0.00879956703247528,0.00850304796497684,0.00803354073743398,0.00796317880319763,0.00758674592149454,0.0074144714385139,0.00700212300933323,0.00688506281620984,0.00606247787808112,0.00567785541826708,0.00546397156155554,0.00496397611548077,0.00461291869735777,0.00452245031473222,0.00444404709209803,0.00389668774531345,0.00376433214341894,0.00313334805492703,0.00194542947812819,0.00175452267235523,0.00146183487385576],"convergence":0,"press_dep":false,"press_rng":[1013.25,1013.25]}}
