{"fa_S2B_MSI_C_band_3":{"type":"annular","coefficients":{"c1":1,"c2":0.605302034424638,"c3":-0.780147765161076,"c4":0.479485748982707,"c5":-0.16435629725567,"c6":-4.9845875704364},"mare":0.00321244215953045,"rmse":0.00209465070286943,"mare_seq":[0.013695047687647,0.0136857181300806,0.0136856636990797,0.0136856031395469,0.0136856013575906,0.0136855952632233,0.0136855903929632,0.0136855889447911,0.0136853683126779,0.0120538734797112,0.0103644525547889,0.00754958838784916,0.00741332550774808,0.00536137736561522,0.0047528035265954,0.00397173035155559,0.00391702546659457,0.0035842261531155,0.00354789571967395,0.00326544904354859,0.00321587235765695,0.00321331461919337,0.0032133038679728,0.00321315064104553,0.00321264937780366,0.0032126315970931,0.00321253674190901,0.00321249914792452,0.00321248725326077,0.00321244452270022,0.00321244215953045],"convergence":0,"press_dep":false,"press_rng":[1013.25,1013.25]}}
