{"fa_S2B_MSI_U_band_2":{"type":"annular","coefficients":{"c1":1,"c2":0.172782777660692,"c3":-0.174463476739903,"c4":0.726326235821117,"c5":-0.720750358214872,"c6":-3.04319218110846},"mare":0.00188833865122897,"rmse":0.00120349385453188,"mare_seq":[0.00952613735823494,0.00951556006705488,0.00951544277669225,0.00951542744473329,0.00951539435215344,0.00951538885722193,0.00951538880994855,0.00951538704780454,0.00951538466305629,0.00948409767666179,0.00936694091239388,0.00828380849881495,0.00821600818573054,0.00762747152427631,0.00628021900728572,0.00532776112282767,0.00509030395234787,0.00476225386691016,0.00340346957079473,0.00298399701387908,0.00197528929798069,0.00193393655466337,0.00192053358363681,0.00190030928505954,0.00188846572893188,0.00188843140421309,0.00188840648394036,0.00188840251802021,0.00188838390030915,0.00188838389513174,0.00188833865122897],"convergence":0,"press_dep":false,"press_rng":[1013.25,1013.25]}}
