{"fa_S2C_MSI_U_band_3":{"type":"annular","coefficients":{"c1":1,"c2":0.224882206357917,"c3":-3.01412253778401,"c4":0.22412959947226,"c5":-0.173864418374966,"c6":-0.712018568940046},"mare":0.00188375494949785,"rmse":0.00119386398583985,"mare_seq":[0.00952013261641745,0.00951977726394401,0.00951977718430609,0.00951977026400692,0.00951976986238301,0.00951976903199077,0.00950275811637825,0.00924494084802791,0.00919479214010367,0.00897440597192303,0.00858787117519191,0.00667564850332054,0.00570018643159359,0.00535574495705112,0.00308051575879463,0.00238457940192121,0.00230338568051097,0.00207594174031685,0.00203005037475717,0.0020149782158369,0.00199000701113029,0.0018879606459605,0.00188453262916897,0.00188399492864252,0.0018839801030063,0.00188397675359462,0.00188388491874241,0.00188379530543966,0.00188377202571349,0.0018837606070002,0.00188375494949785],"convergence":0,"press_dep":false,"press_rng":[1013.25,1013.25]}}
