{"fa_S2C_MSI_C_band_13":{"type":"annular","coefficients":{"c1":1,"c2":0.356026192187816,"c3":-5.19579068419321,"c4":0.171552129008163,"c5":-0.214164568938627,"c6":-1.04530718234799},"mare":0.0022106157360323,"rmse":0.00182519167354403,"mare_seq":[0.038035475472528,0.0380354735735855,0.027461827281103,0.0189358902569649,0.0180208985536163,0.00972691273233358,0.00972683752258339,0.00972683212935156,0.00972682450493384,0.0097268161546272,0.00972680811233669,0.00972673418526553,0.00972673181386095,0.00972672475583116,0.0097267205603695,0.00972672049457579,0.00776200248784991,0.00728909470857909,0.0067332658638605,0.00645637959862466,0.00580802936789209,0.00566738848535448,0.00556021056199148,0.00523933036649357,0.00406989072789933,0.00222689743191477,0.00221626536117433,0.0022106429792584,0.00221063163139559,0.00221062586651212,0.0022106157360323],"convergence":0,"press_dep":false,"press_rng":[1013.25,1013.25]}}
