{"fa_S2A_MSI_C_band_5":{"type":"annular","coefficients":{"c1":1,"c2":0.210799218551661,"c3":-5.09868650771357,"c4":0.755241412291527,"c5":-0.775148725113847,"c6":-0.164627425924229},"mare":0.00316174649730933,"rmse":0.0020851110615985,"mare_seq":[0.0200332650070931,0.0140481054453891,0.014048058165488,0.0140479270964196,0.0140479212433081,0.0140479212429807,0.0140479156563953,0.0140479127332595,0.0140478099536478,0.0140358729086805,0.0112445562136447,0.0109604557185147,0.00973004441375603,0.0094451806946795,0.00921762736733447,0.00875790875385569,0.00825729293584673,0.00727469505411817,0.00636049210883701,0.00619898147781419,0.00573678534156625,0.00481125931062546,0.00339918339365737,0.00335203691204802,0.00329917086612802,0.00325487207308262,0.00316291879760095,0.00316250024137288,0.0031618782877165,0.0031617648007975,0.00316174649730933],"convergence":0,"press_dep":false,"press_rng":[1013.25,1013.25]}}
