{"fa_S2B_MSI_M_band_1":{"type":"annular","coefficients":{"c1":1,"c2":0.313155539595311,"c3":-7.38550549922121,"c4":0.216077528227011,"c5":-0.168461629866133,"c6":-0.891937725214543},"mare":0.00351596332260945,"rmse":0.00282150659081757,"mare_seq":[0.0586605770465408,0.0174278811051558,0.0157152434769564,0.0157152212521917,0.0157152039656675,0.0157152000707279,0.0157151628399342,0.0157151520961378,0.0157151501032673,0.0157151486763821,0.0157151474361319,0.0157151424314734,0.0137603538890487,0.0116036841129395,0.0112628337224424,0.0110401184390689,0.0105935231711107,0.00922608436994768,0.00887072413908967,0.00711645987057161,0.00564122932677747,0.00506240410098009,0.00464377035169014,0.00446889810875389,0.00415194467599311,0.00412307910868476,0.00356683643282652,0.00352229825956024,0.00351695794658366,0.00351689263868217,0.00351596332260945],"convergence":0,"press_dep":false,"press_rng":[1013.25,1013.25]}}
