{"fa_S2B_MSI_C_band_9":{"type":"annular","coefficients":{"c1":1,"c2":0.585012782924425,"c3":-0.787635316679353,"c4":0.469174958225968,"c5":-0.168924487290686,"c6":-5.39696496644033},"mare":0.00311967444200597,"rmse":0.0021331864654509,"mare_seq":[0.0142717431301682,0.0142717350061726,0.0142717295602337,0.0141250547438927,0.0121606693169875,0.012025330147136,0.0107592064657496,0.00871567014322181,0.00787537519246566,0.00727824177249738,0.00716363687147632,0.00713984675895033,0.00501421899619863,0.00414768271898749,0.00387100621380074,0.00373132412608822,0.00359215190722095,0.00340088055127449,0.00327606412958639,0.00315165639773241,0.00314333967898348,0.00312231575948507,0.0031206105958604,0.00311995340031983,0.00311982980388835,0.00311977349335055,0.00311976627076282,0.00311975566130456,0.00311969114318379,0.00311969074286375,0.00311967444200597],"convergence":0,"press_dep":false,"press_rng":[1013.25,1013.25]}}
