{"fa_S3A_OLCI_U_band_20":{"type":"annular","coefficients":{"c1":1,"c2":0.314604807127428,"c3":-2.24581438334661,"c4":0.192390996925829,"c5":-0.151539911493149,"c6":-0.583912670405299},"mare":0.00203817792159357,"rmse":0.00162462717328347,"mare_seq":[0.0106460889713559,0.00945439829150796,0.00927884240617513,0.00909233066859476,0.00903329600432902,0.00899453161189557,0.00897041930731933,0.00896791997679017,0.00896741313447148,0.00896622367225246,0.00896342384229313,0.0088883860566549,0.00866446184273443,0.00845262317973892,0.00830533221124352,0.00823348708383104,0.00800585547369143,0.00488772630398588,0.00481717170571565,0.00480521221742669,0.00459805169305182,0.00454707021218283,0.00441801282114465,0.00405496399843534,0.00304717724961508,0.00282920915669989,0.00230083309458527,0.00229298235727793,0.00225737217982686,0.00213402338791629,0.00203817792159357],"convergence":0,"press_dep":false,"press_rng":[1013.25,1013.25]}}
