{"fa_S2B_MSI_U_band_11":{"type":"annular","coefficients":{"c1":1,"c2":0.195382505463514,"c3":-0.200899318963001,"c4":0.249165652759364,"c5":-3.79815448991156,"c6":-0.770355161678914},"mare":0.00205770463798627,"rmse":0.00134804774480875,"mare_seq":[0.0113330502703362,0.00996585380469345,0.00990021643478977,0.00990020715592658,0.00990014613669906,0.00990014397315017,0.00990014378205875,0.00990014204584674,0.00990014201910475,0.00990014200333397,0.00990014182982173,0.00830317250133848,0.006751920755765,0.00664505074470019,0.00538983843782764,0.00535890420531264,0.00388966009441973,0.00324818516239095,0.00319544395651865,0.00245964159862736,0.00230533574531246,0.00213293590754578,0.00206248668660698,0.00205842316028239,0.00205780484435826,0.00205777460866489,0.00205773227572083,0.00205772347310067,0.00205772300955779,0.00205771732268807,0.00205770463798627],"convergence":0,"press_dep":false,"press_rng":[1013.25,1013.25]}}
