{"fa_S3A_OLCI_M_band_7":{"type":"annular","coefficients":{"c1":1,"c2":0.300497564896266,"c3":-6.78363141800259,"c4":0.790252650795051,"c5":-0.922028358525075,"c6":-0.167816895102078},"mare":0.00226069575895638,"rmse":0.00235105601358349,"mare_seq":[0.0177274576783859,0.0172728707769395,0.0151547070971306,0.0145485589250954,0.0143326562169536,0.0142158371970734,0.0141729487236875,0.0141135676587872,0.0137887533835898,0.0137352014484934,0.0137215038618879,0.0136659479502258,0.0136597498572726,0.0136549126241298,0.0136506427049676,0.0125104850192806,0.0120420590038761,0.0112711769643088,0.0109134104016631,0.0104741058462619,0.00950122587134683,0.00933441220573648,0.00919736135872222,0.00807699202411241,0.00791092014694331,0.00755441038924141,0.00685677196456452,0.00658728100807471,0.00434651587338855,0.00230182600413219,0.00226069575895638],"convergence":0,"press_dep":false,"press_rng":[1013.25,1013.25]}}
