{"fa_S2C_MSI_M_band_9":{"type":"annular","coefficients":{"c1":1,"c2":0.323714505322454,"c3":-5.55932023054921,"c4":0.199634027495529,"c5":-0.164595132602418,"c6":-0.878387094430327},"mare":0.00298929596278234,"rmse":0.00233294663778087,"mare_seq":[0.0142447616720065,0.0138760635798105,0.0138731775264384,0.0138730757825466,0.0138730724364555,0.0138730713692111,0.0138730654013444,0.0138730585356031,0.0138730472993152,0.0138730456351493,0.0138730454667114,0.0138730391113989,0.0138730390733703,0.0138730335898031,0.0138730323898341,0.013872823260321,0.0135383741344665,0.0131444898122217,0.0119575891958984,0.0105153816244142,0.00842432729143047,0.0081196756893753,0.00754222171968289,0.00565284075080618,0.00462099740032431,0.00300039453749511,0.0029997359293541,0.00298956599835379,0.00298938484213172,0.00298930848638157,0.00298929596278234],"convergence":0,"press_dep":false,"press_rng":[1013.25,1013.25]}}
