{"fa_SD_00_C_band_1":{"type":"annular","coefficients":{"c1":1,"c2":0.182397209921063,"c3":-0.163449754767903,"c4":0.256772272474923,"c5":-4.74226824349394,"c6":-0.782249644603573},"mare":0.00323163710053903,"rmse":0.00206271607060107,"mare_seq":[0.013399941642863,0.0133999325388592,0.0133999301621541,0.0133999299260499,0.0133999293836971,0.0133999269443604,0.0133999269329351,0.0133999256956463,0.0121436990215256,0.00872657898863069,0.00819238541643198,0.00791264765261658,0.00782194825028701,0.00723324447433663,0.00638935680282113,0.00513362779538727,0.0051102112971144,0.00475865986376568,0.00432910914194381,0.00375398376177156,0.00331021602883301,0.0032316778535355,0.0032316515658166,0.00323165031382655,0.00323164992497842,0.00323164756607931,0.00323164561471657,0.00323164213170877,0.00323164050540553,0.00323163763862328,0.00323163710053903],"convergence":0,"press_dep":false,"press_rng":[1013.25,1013.25]}}
