{"fa_S3B_OLCI_C_band_8":{"type":"annular","coefficients":{"c1":1,"c2":0.153314562408149,"c3":-0.143620647482945,"c4":0.681375662768515,"c5":-0.659466303384726,"c6":-4.05630544442019},"mare":0.00253415670114708,"rmse":0.00267242481536048,"mare_seq":[0.0143037679212641,0.0135813697041154,0.0135234983560577,0.0133803336617449,0.0130095115061173,0.0129529848615543,0.0129510423778329,0.012941554640526,0.012933410428694,0.0129283159620088,0.0129241413229082,0.0129240941446519,0.012922222464988,0.0129059277834774,0.0127852665855867,0.0127851120233593,0.0108936959830091,0.0101018987437344,0.00998255161018364,0.0097429620469973,0.00773514199770518,0.00747283514300236,0.00706721469051381,0.006919086484089,0.00665895667892102,0.00457644522504773,0.00412624744921964,0.0034019216712006,0.00315270410077374,0.00302186197407129,0.00253415670114708],"convergence":0,"press_dep":false,"press_rng":[1013.25,1013.25]}}
