{"fa_SeaHawk1_HawkEye_M_band_1":{"type":"annular","coefficients":{"c1":1,"c2":0.155621000185058,"c3":-0.173827648965206,"c4":0.652348468463302,"c5":-0.931255499823791,"c6":-9.5655971684658},"mare":0.00325509636998479,"rmse":0.00350639010845599,"mare_seq":[0.0178335275087945,0.0162067450168688,0.0161214777021159,0.0159692155744243,0.0156895682668395,0.0156137071687907,0.0155419246878885,0.0155332476202116,0.0155274271309502,0.0155264481387788,0.0155241311346604,0.015522866635124,0.012364329286207,0.0117683022174301,0.0116112964970596,0.0113544575514859,0.0109034103815324,0.00990090265695177,0.00952112458507218,0.00930602866420235,0.00929079557347159,0.00794016079655315,0.00735085102744846,0.00731993448294384,0.00702567738560012,0.00557134096926852,0.003999301145205,0.00334208769633968,0.0032605706781145,0.003258421803497,0.00325509636998479],"convergence":0,"press_dep":false,"press_rng":[1013.25,1013.25]}}
