{"fa_S3A_OLCI_U_band_1":{"type":"annular","coefficients":{"c1":1,"c2":0.240609608532777,"c3":-3.1853680796204,"c4":0.799543917246847,"c5":-0.703332581135184,"c6":-0.164384534078465},"mare":0.00156652413970205,"rmse":0.0016238917699737,"mare_seq":[0.012180143140681,0.0091023731871193,0.00902691812002051,0.00901932294006994,0.00901626751984552,0.00901602766208089,0.00901471985270434,0.00901328994396204,0.00901260945601857,0.00900501709306903,0.0090025247498413,0.00862263327440211,0.00862222652275695,0.0086101162063581,0.00857457503059796,0.0085643898786517,0.00825070894728315,0.00820571435136725,0.00789523539623071,0.00761890138121633,0.0067357531834292,0.00657446828078622,0.00614132486561892,0.00538553674830807,0.00531395640412514,0.00387296004808349,0.00383893541850207,0.0036588715390795,0.00331193568642779,0.00173351715247794,0.00156652413970205],"convergence":0,"press_dep":false,"press_rng":[1013.25,1013.25]}}
