{"fa_S3A_OLCI_C_band_21":{"type":"annular","coefficients":{"c1":1,"c2":0.218747508252278,"c3":-5.79144057603715,"c4":0.716150307334123,"c5":-0.862503422574195,"c6":-0.189756568378762},"mare":0.00221585957156972,"rmse":0.00236200136960848,"mare_seq":[0.027529441622443,0.0198212477995512,0.01514589310736,0.0149164513792774,0.0136720266241649,0.0135196397158828,0.0134890299319707,0.0133545958635084,0.0133267175984177,0.0133214460869012,0.0129999821874496,0.0115399513405572,0.0111488096358889,0.0106059230416323,0.0103639765912325,0.00853856121042153,0.00819565887517083,0.00804570575096536,0.00794081465304814,0.00747243096690613,0.00627833134937358,0.00563570602411447,0.0052386305080559,0.00500213685507082,0.00421602147064153,0.0039046922827376,0.00366365728786737,0.00341223393784469,0.00318800638642796,0.00286607978037421,0.00221585957156972],"convergence":0,"press_dep":false,"press_rng":[1013.25,1013.25]}}
