{"fa_SD_00_U_band_8":{"type":"annular","coefficients":{"c1":1,"c2":0.186722231471617,"c3":-0.181683884329028,"c4":0.252179820530807,"c5":-3.17265582631185,"c6":-0.722823924736554},"mare":0.00192782953126959,"rmse":0.00122127168861606,"mare_seq":[0.0133220519825471,0.00949367143181393,0.00949367080598042,0.009493661382419,0.00949365935401797,0.00949245782992904,0.00945112952853377,0.0090266803482166,0.00740128928572723,0.00683136475489211,0.00639165099645096,0.00637565675870681,0.00605524463472351,0.00392387384053233,0.00303965993473866,0.00267214311260267,0.00198672345642657,0.00197568406651643,0.00193103956801816,0.00192795298559398,0.00192789651498771,0.00192786666499404,0.00192783748331581,0.00192783661687849,0.00192783506551078,0.00192783501617312,0.00192783178177444,0.00192783148258877,0.00192783043983821,0.00192783038720188,0.00192782953126959],"convergence":0,"press_dep":false,"press_rng":[1013.25,1013.25]}}
