{"fa_SeaHawk1_HawkEye_M_band_2":{"type":"annular","coefficients":{"c1":1,"c2":0.531965820777722,"c3":-0.887228530201758,"c4":0.681353001023882,"c5":-6.77581593096819,"c6":-0.169424741471509},"mare":0.00322000748603608,"rmse":0.00290919792053099,"mare_seq":[0.0176078684546836,0.0171927459491491,0.0171343786982605,0.0168329702839806,0.0164182188938415,0.0156190221511955,0.01561568219726,0.0154816663065547,0.0154767153618802,0.0154182114100198,0.0153968136926623,0.0153865111410268,0.0153863882599418,0.0153862559078323,0.0140443679398073,0.013658589329532,0.0135095461277095,0.0116020659815067,0.0108595934647437,0.0105466945592423,0.00988128221753868,0.0092368764961017,0.00816838244012557,0.00684707896764204,0.00653036496122132,0.00520176390649193,0.00343027950854702,0.00335799465227828,0.0032954707899274,0.00323419777235107,0.00322000748603608],"convergence":0,"press_dep":false,"press_rng":[1013.25,1013.25]}}
