{"fa_SD_00_U_band_3":{"type":"annular","coefficients":{"c1":1,"c2":0.175318383224163,"c3":-0.175056339715345,"c4":0.270648470339995,"c5":-3.03732780582605,"c6":-0.71993968593204},"mare":0.00189810264051767,"rmse":0.00120698520768012,"mare_seq":[0.0512547346728738,0.051254726995675,0.00949535621270357,0.00948718440909001,0.00948718327181975,0.00948718242498771,0.00948718234415528,0.00948718234002815,0.00722150038541627,0.00662764788803591,0.00555658790993803,0.00545908559729784,0.00539517131328376,0.00425814432991388,0.00406591983938114,0.00343158210014965,0.00330902347289984,0.00231492106491748,0.00203769697108679,0.0020296696492245,0.00189859598130874,0.0018981613622697,0.0018981235436689,0.00189812123022037,0.00189811964133903,0.00189810984947356,0.00189810774205049,0.00189810662315584,0.00189810433747667,0.00189810345535105,0.00189810264051767],"convergence":0,"press_dep":false,"press_rng":[1013.25,1013.25]}}
