{"fa_S3B_OLCI_M_band_18":{"type":"annular","coefficients":{"c1":1,"c2":0.39355334922745,"c3":-4.1469716997492,"c4":0.820815429746849,"c5":-0.749746414996395,"c6":-0.142999668543177},"mare":0.00274278073551411,"rmse":0.00291002078829761,"mare_seq":[0.0148124880003776,0.0146665441443851,0.0145696129120014,0.0141082353694512,0.0135952904154769,0.0132725742145156,0.0131899285170846,0.0131373948696377,0.0129039048741137,0.0127937081902616,0.0127502222014094,0.0127500518920417,0.0127298034729058,0.0127239359915353,0.0127226405243899,0.0127147592833743,0.0127144194446204,0.0127134902410708,0.0122427989788192,0.0117522310548152,0.0115389309818109,0.0110755666856469,0.00915040686265738,0.00817176536887186,0.00788001901587118,0.00663993539954896,0.00640802904188301,0.00630118623730399,0.00475139727056803,0.00471120340602469,0.00274278073551411],"convergence":0,"press_dep":false,"press_rng":[1013.25,1013.25]}}
