{"fa_S2A_MSI_U_band_13":{"type":"annular","coefficients":{"c1":1,"c2":0.256080495638744,"c3":-4.68203306405492,"c4":0.751724847022319,"c5":-0.903328927064439,"c6":-0.237015356966135},"mare":0.00204818305612918,"rmse":0.00148272001758155,"mare_seq":[0.0139532368967035,0.0124878608620579,0.00957366305119694,0.00957364569743258,0.0095736450453001,0.00957362905829153,0.00957362869899379,0.0095736277197601,0.00957362647019865,0.00957362246790187,0.00957362194033937,0.00957362115306858,0.00824783308541713,0.00816805886623469,0.00774376489561805,0.00663726802244716,0.00642025492150227,0.00556751853862945,0.00296035069698128,0.00265557421131019,0.00257230209748699,0.00246404921812953,0.00222675586398901,0.00219195675549658,0.00204998251721347,0.00204916596216079,0.00204900514564327,0.00204834607798806,0.0020482036479688,0.0020481968817742,0.00204818305612918],"convergence":0,"press_dep":false,"press_rng":[1013.25,1013.25]}}
