{"fa_S2A_MSI_M_band_8":{"type":"annular","coefficients":{"c1":1,"c2":0.322670526479581,"c3":-5.6385069261674,"c4":0.200040429079068,"c5":-0.164275940711089,"c6":-0.877708698202216},"mare":0.00303383784562165,"rmse":0.0023685971687012,"mare_seq":[0.0140084616525814,0.0140083586797113,0.0140083556688096,0.0140083525939575,0.0140083471746225,0.0140083426091917,0.0140083414742832,0.0140083197852955,0.0140083087664455,0.0140083008422222,0.0140082993567983,0.0140082889877236,0.0138899391081008,0.0135334757552271,0.0113061781386885,0.00911796555678021,0.008987594137184,0.0075379992119048,0.00525623588530448,0.00495066844857792,0.00392121825081327,0.00303458541217954,0.00303425041822303,0.00303420297485022,0.00303398905824569,0.00303391447776182,0.00303390927798062,0.00303390635900273,0.00303385765467063,0.00303384972220808,0.00303383784562165],"convergence":0,"press_dep":false,"press_rng":[1013.25,1013.25]}}
