{"fa_S3B_OLCI_U_band_17":{"type":"annular","coefficients":{"c1":1,"c2":0.180432443521025,"c3":-3.62916601419119,"c4":0.758324837240993,"c5":-0.754192994790058,"c6":-0.187485736949926},"mare":0.00148117958105672,"rmse":0.00142516783210236,"mare_seq":[0.00942615615990309,0.00920633343603025,0.00917052497478065,0.0091160567252905,0.00904318170807036,0.00897699397257775,0.00895792626819878,0.00894808227984722,0.00893838677327087,0.0089084419922421,0.00890637781088374,0.00889639016539266,0.00888869745549343,0.00888805797315906,0.00887319955690758,0.00874106641773253,0.00857646565000462,0.00721524774771941,0.00707254339520265,0.00692771340357798,0.00650084936318258,0.00614384583365571,0.00584711737229979,0.00550238811250251,0.00375149160521848,0.00356684863528011,0.00311377889582181,0.00236638509835643,0.00218243845776468,0.00171574848188373,0.00148117958105672],"convergence":0,"press_dep":false,"press_rng":[1013.25,1013.25]}}
