{"fa_S3A_OLCI_U_band_11":{"type":"annular","coefficients":{"c1":1,"c2":0.170879934380744,"c3":-0.171160198587814,"c4":0.711273107839809,"c5":-0.680753319992648,"c6":-2.71727133507357},"mare":0.00164793108831147,"rmse":0.00121312601093158,"mare_seq":[0.0100039559418699,0.00931333431814358,0.0091936390931353,0.00917017002620293,0.00891513468720648,0.00891424617551578,0.00890551984383519,0.00886613565821459,0.00884017791883251,0.00883237484495268,0.00876065575451293,0.00851180822569565,0.00838731703953098,0.00829425582696705,0.00769382937234432,0.00729486004987813,0.0070675870517704,0.00683376836750276,0.00587130752255925,0.00547494084679229,0.00544827877258833,0.00472106417484176,0.00387120102597985,0.00371100320625021,0.0035569485532433,0.00343928526652313,0.00326614667586251,0.00268108577100527,0.00254681038665823,0.00184833083984577,0.00164793108831147],"convergence":0,"press_dep":false,"press_rng":[1013.25,1013.25]}}
