{"fa_S3A_OLCI_M_band_12":{"type":"annular","coefficients":{"c1":1,"c2":0.536501845538408,"c3":-0.932124738839435,"c4":0.668415386704475,"c5":-6.00112105690905,"c6":-0.175742089859961},"mare":0.00218231547015467,"rmse":0.00218960908273791,"mare_seq":[0.022319913546006,0.0187507150312835,0.0149659130879455,0.0147920609342929,0.0143929117141601,0.0143254687648529,0.013812144477845,0.0135773492691586,0.0132840742738234,0.0132480177890782,0.0131746816975492,0.0131391973194566,0.0131352602187571,0.0129796248794227,0.0117355620573479,0.0105321271855388,0.00986248532197409,0.00980341346687041,0.00958132992774033,0.00943504504569166,0.00917038008587377,0.00846743008181688,0.00741893801494278,0.00730153970825154,0.00602834507658391,0.00442738181571429,0.00435854049363405,0.00373037659882917,0.00368921415414935,0.00350907555583959,0.00218231547015467],"convergence":0,"press_dep":false,"press_rng":[1013.25,1013.25]}}
