{"fa_SeaHawk1_HawkEye_U_band_7":{"type":"annular","coefficients":{"c1":1,"c2":0.179327397312331,"c3":-0.175773311872201,"c4":0.730353753042397,"c5":-0.7033551903585,"c6":-2.92567130778994},"mare":0.00181816532655534,"rmse":0.00115998139201684,"mare_seq":[0.00934869613860716,0.00933966021272161,0.00933611270245421,0.00933121745566625,0.00933116360935344,0.00933114792273638,0.00933113185617375,0.00928573139786383,0.00925884800261648,0.00915421001039946,0.00862141504230033,0.00795863406114268,0.00707136970823595,0.00644241258050413,0.00608229125515049,0.00601612858428654,0.00574423818293239,0.00536337100370363,0.00495260363093298,0.00469441936408576,0.00432202808376214,0.00358965278907302,0.00334638966685274,0.00307626277687173,0.0027653857783827,0.00269766543745619,0.00243195905185146,0.0022866389441003,0.0020997010423303,0.00190071317281422,0.00181816532655534],"convergence":0,"press_dep":false,"press_rng":[1013.25,1013.25]}}
