{"fa_S2A_MSI_C_band_1":{"type":"annular","coefficients":{"c1":1,"c2":0.182748197800657,"c3":-0.163755763925598,"c4":0.25742983907275,"c5":-4.72795397711283,"c6":-0.783037289108782},"mare":0.0032214317911206,"rmse":0.00205279413335711,"mare_seq":[0.0134154129144718,0.0133997731794047,0.0133997610501422,0.0133997557702173,0.0133997470112231,0.013399746982246,0.0126054134034346,0.0115511101578444,0.0109208969770919,0.00756705941285574,0.00749432301434428,0.0072321772000264,0.00709334116389636,0.00568175737942614,0.00518784004996574,0.00458242362121326,0.00420611935078868,0.00365070043221092,0.00336406634534819,0.00328267497371293,0.00326292708872243,0.00323792636153794,0.00322325445793059,0.00322286497234885,0.00322186897773789,0.00322167050166092,0.00322161808514399,0.00322151454632814,0.0032214933514718,0.00322145805709089,0.0032214317911206],"convergence":0,"press_dep":false,"press_rng":[1013.25,1013.25]}}
