{"fa_SD_00_C_band_6":{"type":"annular","coefficients":{"c1":1,"c2":0.598839161600527,"c3":-0.772755247575595,"c4":0.523690176171616,"c5":-5.03701161489573,"c6":-0.163719597337159},"mare":0.00318127569591818,"rmse":0.00207889943508196,"mare_seq":[0.0139949312888096,0.0139949244409323,0.0139949231172521,0.0139949193344005,0.0139949183306535,0.0139949183046387,0.0139737670832008,0.00886020304136129,0.00870916203743291,0.00848094681336274,0.00814939250240906,0.00797537189758581,0.00736730268257681,0.00719761618523591,0.00474985893977072,0.00428799759415159,0.0039541444381466,0.00369768960281355,0.00319641153689717,0.00318146710137943,0.00318144621372801,0.00318139931454409,0.00318139797873986,0.00318130144782848,0.00318128811674451,0.00318127881939792,0.00318127744748654,0.00318127737509786,0.00318127709881178,0.00318127687043867,0.00318127569591818],"convergence":0,"press_dep":false,"press_rng":[1013.25,1013.25]}}
