{"fa_S3B_OLCI_C_band_11":{"type":"annular","coefficients":{"c1":1,"c2":0.221031655635439,"c3":-4.84368836011093,"c4":0.728803254774996,"c5":-0.792632337432348,"c6":-0.17655171167203},"mare":0.00236672492439551,"rmse":0.00237206387319264,"mare_seq":[0.0606604292853172,0.014092483434273,0.0131183520933526,0.0130795187896548,0.0130590179582511,0.0130587733552774,0.0130560811286541,0.0130540257730649,0.0130530393736119,0.0130486393826689,0.01298094806584,0.0128371505438075,0.012266174368698,0.0121856592090236,0.0119956325921385,0.0119589782348674,0.0106897073116691,0.0105145490766029,0.00913317849441625,0.00853330311979721,0.00847343310877149,0.00841875988993069,0.00839847262934922,0.00670049338311727,0.00668084845029171,0.00638616261321009,0.00506663732762674,0.00492431903279716,0.00319999841131192,0.00297723095003496,0.00236672492439551],"convergence":0,"press_dep":false,"press_rng":[1013.25,1013.25]}}
