{"fa_S2C_MSI_C_band_11":{"type":"annular","coefficients":{"c1":1,"c2":0.276009405512645,"c3":-5.40164283915829,"c4":0.763473783383739,"c5":-0.832342650685797,"c6":-0.17826938235056},"mare":0.00288954302762912,"rmse":0.00213734495064036,"mare_seq":[0.013666071607635,0.0136012035245184,0.0136012033961925,0.0136011998315763,0.0136011762731611,0.0136011673652711,0.0136011657503857,0.013601164189491,0.0136011634199785,0.01360116223258,0.0132440974397617,0.0124108821098275,0.0121144216847948,0.00921837597820151,0.00887671900861906,0.00839425176103108,0.00827380203323766,0.00803751021235394,0.00787555162296394,0.00711084057828411,0.0068439529441371,0.00610015405815053,0.00473436820544662,0.00461752843309075,0.0037297548717358,0.00359517786477687,0.00319574203741669,0.00289287739830635,0.00289157035633231,0.00288996171949689,0.00288954302762912],"convergence":0,"press_dep":false,"press_rng":[1013.25,1013.25]}}
