{"fa_S2C_MSI_U_band_5":{"type":"annular","coefficients":{"c1":1,"c2":0.606576501438374,"c3":-0.716470893692397,"c4":0.536871722664026,"c5":-3.07509249354415,"c6":-0.17678955093316},"mare":0.00188215225157675,"rmse":0.00119098643677074,"mare_seq":[0.00961815490034139,0.00949511584928581,0.00949508585819092,0.0094950804479214,0.00949507661339239,0.00949506883744934,0.00949506744416747,0.0094950668019249,0.00949506527099369,0.00945314894202208,0.00923100921965085,0.0082306443122409,0.00777727359766982,0.00655541128458626,0.00605418817401973,0.00420539875185476,0.00365682500853085,0.0024809577748224,0.00225721352535584,0.00222309188328824,0.00218191442696272,0.00197242340141843,0.00189411825052371,0.00188482606895187,0.00188240902784118,0.00188222508915197,0.00188218147440773,0.00188216354326033,0.00188215926824692,0.001882153016563,0.00188215225157675],"convergence":0,"press_dep":false,"press_rng":[1013.25,1013.25]}}
