{"fa_S2C_MSI_U_band_4":{"type":"annular","coefficients":{"c1":1,"c2":0.604161562723389,"c3":-0.713899765832526,"c4":0.454318741997643,"c5":-0.175767173793644,"c6":-3.03589901696328},"mare":0.00186907754624845,"rmse":0.00117800334829053,"mare_seq":[0.0094716153470492,0.00947161463895867,0.00947159476936572,0.00847400718483967,0.00788047064189425,0.00750190609975488,0.00732220803306299,0.00694124660635471,0.00510266997929463,0.00417074212530473,0.00413776913180463,0.00404603863622286,0.00324048096141287,0.00310909144468176,0.0021299702725351,0.00202647534035515,0.00199329859205064,0.0019864532600412,0.00195174948197846,0.00194347658850179,0.00191812694545017,0.00186986132384799,0.0018694419516118,0.00186940459476116,0.0018691575995508,0.00186911973683224,0.00186910060235765,0.00186909945262355,0.00186909565016173,0.00186908062252929,0.00186907754624845],"convergence":0,"press_dep":false,"press_rng":[1013.25,1013.25]}}
