{"fa_S2A_MSI_M_band_1":{"type":"annular","coefficients":{"c1":1,"c2":0.314616637461066,"c3":-7.34870462239731,"c4":0.784784314164378,"c5":-0.888074171859324,"c6":-0.167823171461019},"mare":0.00350628596190323,"rmse":0.00282388434957132,"mare_seq":[0.0174604348089977,0.0160660675941673,0.0157281817978589,0.0157272204075556,0.0157205570643218,0.0157172224267207,0.0157172119566268,0.0157172010586494,0.0157171990974084,0.0157171920886184,0.0157171912245077,0.0157171745912981,0.0157171739822338,0.0157171727885629,0.0157171684743642,0.0156561212448489,0.0139583530907738,0.0128777498350545,0.0124670391683703,0.0116767269839216,0.00802874268304225,0.0066219600011348,0.00571631157348334,0.00350771493392582,0.00350770674355852,0.00350744236991479,0.00350697479822165,0.0035067365213403,0.00350637833689018,0.00350629090243987,0.00350628596190323],"convergence":0,"press_dep":false,"press_rng":[1013.25,1013.25]}}
