{"fa_S2C_MSI_U_band_6":{"type":"annular","coefficients":{"c1":1,"c2":0.606137307979315,"c3":-0.713051758694554,"c4":0.539113188997529,"c5":-3.06220049476289,"c6":-0.176816418692155},"mare":0.00188615361073202,"rmse":0.00117986473365966,"mare_seq":[0.00949938534776571,0.00949938387209701,0.00949937355264721,0.00949934551074996,0.00949929442320094,0.00949928648942627,0.00949928454915798,0.00949928102697464,0.00949927997243121,0.00949927915881408,0.00937877237448068,0.00927049835239297,0.00687544152761244,0.00672068654214733,0.00669123635912984,0.00574544364533924,0.00388634042728827,0.00382670215501542,0.00356989876968588,0.00352710936422539,0.00330044361549297,0.00314875206172401,0.0026641780797429,0.0019472997804508,0.00192570542719739,0.00192464750642191,0.00189247443509441,0.00188658925019836,0.00188620519863981,0.00188615966659325,0.00188615361073202],"convergence":0,"press_dep":false,"press_rng":[1013.25,1013.25]}}
