{"fa_SeaHawk1_HawkEye_M_band_4":{"type":"annular","coefficients":{"c1":1,"c2":0.155374584686954,"c3":-0.173425881177662,"c4":0.655737931896051,"c5":-0.934074484031234,"c6":-8.59397097184674},"mare":0.00321729509312293,"rmse":0.00319655352973392,"mare_seq":[0.0176848451783753,0.0168075462164254,0.0164692896135898,0.0155986285959351,0.0151589721411573,0.0151352164256933,0.0151181738600349,0.0151114827746699,0.0150984894771304,0.0150954352994111,0.015092648809055,0.0150884023007712,0.0150881901291834,0.0149967383248003,0.014885143445643,0.0132614847116181,0.0131072869688866,0.0128854671503502,0.0122979690953493,0.0118583485599252,0.0116131558522438,0.0109630187240642,0.0105225720270664,0.00776628907778868,0.00751981700860009,0.00748494580507677,0.00644971750498668,0.00387472965920844,0.00355780125605169,0.00323235877856776,0.00321729509312293],"convergence":0,"press_dep":false,"press_rng":[1013.25,1013.25]}}
