{"fa_SeaHawk1_HawkEye_C_band_2":{"type":"annular","coefficients":{"c1":1,"c2":0.209716529166146,"c3":-0.178568171102662,"c4":0.772379606542321,"c5":-0.856806245084763,"c6":-5.42280996650301},"mare":0.00308041751129851,"rmse":0.00233303810689242,"mare_seq":[0.0135854373616743,0.013580257693692,0.0131347445738484,0.0131323451746711,0.0131289139172147,0.0131284965502584,0.0131224540468366,0.0131217336224827,0.0129158641847642,0.0116066192628208,0.0113575041057833,0.0106574814933928,0.0101976810194173,0.00918248438709839,0.00902418556093305,0.0084155857514722,0.00836415630220747,0.00683740508348717,0.00670273593389376,0.00663583541994397,0.00593237754415204,0.00586063184099548,0.00555106981167672,0.00464866674113644,0.00431111085622143,0.00411668845904913,0.00387505114719888,0.0038672117492856,0.00331591627017227,0.00326623208557975,0.00308041751129851],"convergence":0,"press_dep":false,"press_rng":[1013.25,1013.25]}}
