{"fa_S2A_MSI_M_band_6":{"type":"annular","coefficients":{"c1":1,"c2":0.138724429568591,"c3":-0.16473310628976,"c4":0.627101397860549,"c5":-0.877849328947651,"c6":-5.94941020874517},"mare":0.00312686994238425,"rmse":0.0024649407461018,"mare_seq":[0.0215627462456567,0.0160755421425597,0.0143914404742093,0.0143858630784181,0.0143858570330229,0.0143858532252312,0.0143858511754385,0.014385850497432,0.0143858452245187,0.0143858224322375,0.0143858219442272,0.0142793950731834,0.0140955009286065,0.0132683498451079,0.0119575328900933,0.00968849111894775,0.00861525176543696,0.00833317434966709,0.00815266336839458,0.00733275840045533,0.0049675777061588,0.00324026005716389,0.00313567221230938,0.00313238303135596,0.00312707193131337,0.00312691048216939,0.00312690314209454,0.00312690203833441,0.00312688864779708,0.00312688577235509,0.00312686994238425],"convergence":0,"press_dep":false,"press_rng":[1013.25,1013.25]}}
