{"fa_S3B_OLCI_C_band_7":{"type":"annular","coefficients":{"c1":1,"c2":0.332745096228944,"c3":-2.75428883111105,"c4":0.205661168846469,"c5":-0.134509383067169,"c6":-0.603067268161018},"mare":0.0033697305954707,"rmse":0.0033035354303039,"mare_seq":[0.0142347076954498,0.0138018027534616,0.0131223949315867,0.0128748976603519,0.0128072979380428,0.0127951037683501,0.0127950301860054,0.0123621811404731,0.0119866510186034,0.011974359113726,0.0116376190219895,0.00994382119377144,0.00992627339026502,0.00939121772691692,0.00926755279524285,0.00865263148397888,0.00862022812350225,0.00846007071300261,0.00749452051375915,0.00668212282534206,0.00634864659629846,0.00619658638946757,0.00593937444561568,0.00530639307749591,0.00527029073617022,0.00507219664064068,0.0048138128624694,0.00453934445215014,0.00431796961727107,0.00345426976375224,0.0033697305954707],"convergence":0,"press_dep":false,"press_rng":[1013.25,1013.25]}}
