{"fa_S2A_MSI_U_band_4":{"type":"annular","coefficients":{"c1":1,"c2":0.179329869067697,"c3":-0.175669354848676,"c4":0.263834928504703,"c5":-3.03571869445332,"c6":-0.713472534047319},"mare":0.00187207065453494,"rmse":0.00117820866469009,"mare_seq":[0.0094854772904882,0.00948537746640296,0.00917052796644674,0.00886518916215203,0.00787773397275901,0.00724769968088163,0.00674950657813087,0.006026277937402,0.00595746145250911,0.00589889727289626,0.00579867734121579,0.00546979452410189,0.00516602243717944,0.00315697662044724,0.00285574938913347,0.00285193764502659,0.00235969105649843,0.00209476584534409,0.00201311990208095,0.00195305006132043,0.00194899666240009,0.0018797531605934,0.00187875003052627,0.00187765094126162,0.00187247857146104,0.00187213757337459,0.00187210813149434,0.00187210407097306,0.00187209188767796,0.00187208884570874,0.00187207065453494],"convergence":0,"press_dep":false,"press_rng":[1013.25,1013.25]}}
