{"fa_SD_00_M_band_1":{"type":"annular","coefficients":{"c1":1,"c2":0.314729011511633,"c3":-7.32403317838144,"c4":0.215095643212258,"c5":-0.167558314101763,"c6":-0.888124864486864},"mare":0.00351164829400755,"rmse":0.00281714993314232,"mare_seq":[0.0174737657125555,0.0157361738367832,0.0157361239477186,0.0157361237822395,0.0157361211908434,0.0157361209365112,0.0157361206148339,0.0157361186487543,0.0157361180950328,0.0157361180547901,0.0157361179217803,0.0157361171702972,0.0157361153530949,0.0148004897979098,0.0114907974669084,0.0113034061972296,0.00962706642980926,0.00873797935945043,0.00822938164380543,0.00431885186457166,0.00413896818125306,0.00359695462275096,0.00351519915556169,0.00351169356145341,0.00351168734026229,0.00351167604237815,0.00351167110742009,0.00351167104538641,0.00351166939197502,0.00351165549859947,0.00351164829400755],"convergence":0,"press_dep":false,"press_rng":[1013.25,1013.25]}}
