{"fa_S2C_MSI_U_band_7":{"type":"annular","coefficients":{"c1":1,"c2":0.210594040898744,"c3":-3.0802084107675,"c4":0.232314424242659,"c5":-0.178376873717223,"c6":-0.715746548486742},"mare":0.00189221869893007,"rmse":0.00118471800201634,"mare_seq":[0.0094944962918399,0.00947976622759503,0.00947973506472719,0.00947973276849207,0.00947973242466081,0.00947973127906684,0.00947972794763042,0.00947972643269929,0.00944231113556701,0.00903700759030842,0.00766215524400358,0.00624308715499164,0.00579697010435633,0.00512696183223842,0.00493935065902432,0.00453949244557367,0.00431203615057983,0.00428690784102461,0.00401413656757077,0.00395473640156306,0.00306655763658462,0.00244002167686486,0.00198473029102018,0.00193563975560336,0.00190058758183047,0.00189769303751016,0.00189435095590132,0.00189325921867216,0.00189302976361557,0.00189243578694614,0.00189221869893007],"convergence":0,"press_dep":false,"press_rng":[1013.25,1013.25]}}
