{"fa_S2A_MSI_U_band_3":{"type":"annular","coefficients":{"c1":1,"c2":0.602863634601268,"c3":-0.719803363104114,"c4":0.444509463853405,"c5":-0.175441975560437,"c6":-3.04365179810413},"mare":0.00188316295727811,"rmse":0.00118861768671796,"mare_seq":[0.0094869478927861,0.00948693144691587,0.00948692683257472,0.00948692501582496,0.00948692074166795,0.00948692062659303,0.00948691979210793,0.00757947258910126,0.00689386922792338,0.00575918836174584,0.00527044658752985,0.00496694647541328,0.00475788873431064,0.00470757430016251,0.00292571051118897,0.00242746384841341,0.00215687807126076,0.00210354437909178,0.0020298701345668,0.00190453194889331,0.00189057198073786,0.0018881417580352,0.00188605374249503,0.00188576076838203,0.00188390105988604,0.00188378853544585,0.001883637074007,0.00188336917715663,0.00188327251236562,0.00188324279770104,0.00188316295727811],"convergence":0,"press_dep":false,"press_rng":[1013.25,1013.25]}}
