{"fa_S3A_OLCI_U_band_9":{"type":"annular","coefficients":{"c1":1,"c2":0.601244437773098,"c3":-0.704542059583402,"c4":0.556577614414228,"c5":-2.98578777995226,"c6":-0.17414620598619},"mare":0.00154331920602804,"rmse":0.00118523073722839,"mare_seq":[0.0246315409615272,0.0149516420777294,0.00908887777600134,0.00896479265813583,0.00889193565174256,0.00887684023510571,0.00872245517613156,0.00850796844840192,0.00816938556474284,0.00779580059704974,0.00707094409513527,0.00701213291141114,0.00693275358906243,0.00664848723798959,0.00648035705162,0.00525836835102696,0.00492793712972963,0.00487571764123063,0.00438052106584053,0.00372273381989941,0.00349661946381937,0.00333894417680116,0.00330318247923206,0.00307443387263072,0.00300795801672425,0.00262467406633778,0.00190992330888503,0.0018021914818385,0.00179202534198335,0.00169579013942195,0.00154331920602804],"convergence":0,"press_dep":false,"press_rng":[1013.25,1013.25]}}
