{"fa_S2A_MSI_U_band_10":{"type":"annular","coefficients":{"c1":1,"c2":0.187772344285979,"c3":-0.182606519439015,"c4":0.747545925252639,"c5":-0.7231837229081,"c6":-3.20345505916664},"mare":0.00194067668892108,"rmse":0.00122368926820362,"mare_seq":[0.0509591479871689,0.0134636341294211,0.010340671286685,0.00954812513041726,0.0095481243405061,0.009548110241124,0.00954810890253568,0.00954264605948476,0.00946917969399911,0.00926568338046624,0.00913135278015301,0.00795244910727693,0.00716659827803858,0.00670045143234705,0.00503220212882618,0.00421423088516495,0.00409168924753942,0.0032400475837605,0.00306584468832978,0.00251641261463557,0.00220840059532577,0.0021240980182333,0.00210686722142165,0.00195471407533411,0.00194192686195096,0.00194082432926574,0.00194074296125721,0.00194070786937323,0.00194067946916835,0.00194067835544485,0.00194067668892108],"convergence":0,"press_dep":false,"press_rng":[1013.25,1013.25]}}
