{"fa_S3B_OLCI_U_band_10":{"type":"annular","coefficients":{"c1":1,"c2":0.178171717268855,"c3":-0.175228144072762,"c4":0.725706236199187,"c5":-0.702776926961686,"c6":-2.87588698475593},"mare":0.00160097663590934,"rmse":0.00117249445494689,"mare_seq":[0.010804476852862,0.00895624570223975,0.00892108776200091,0.00891545447448524,0.0089029561517369,0.0088990963260121,0.00889854374956573,0.00889834335012084,0.00881273995492564,0.00853135335357534,0.008352060221475,0.00812038038128278,0.00793418759434014,0.00749406519164681,0.00710764222453941,0.00605275528922684,0.00544588787707336,0.00526161153038566,0.00517201017380763,0.00512519543219442,0.00502513065707744,0.0046869651608604,0.00382553638210851,0.00291194690485581,0.00283594221480153,0.00218875835332423,0.00207582588656256,0.00181423610061176,0.00171256921625502,0.00166275556817553,0.00160097663590934],"convergence":0,"press_dep":false,"press_rng":[1013.25,1013.25]}}
