{"fa_S3B_OLCI_U_band_14":{"type":"annular","coefficients":{"c1":1,"c2":0.168122743524237,"c3":-0.170200062401653,"c4":0.710250159703871,"c5":-0.67386563699139,"c6":-2.70390807629458},"mare":0.00165792565973918,"rmse":0.00122245643331604,"mare_seq":[0.0095457763108152,0.00915280600801704,0.00909515159289383,0.00898282754594289,0.00898057055774009,0.00897008769433888,0.00891062391501483,0.00890869521428929,0.00890171541522401,0.00890039114107978,0.00889152322573905,0.00889110272877481,0.0088738251982759,0.00886294766776253,0.00886207960720183,0.00861552997122389,0.00853954068383807,0.00843140342172882,0.00813398963109361,0.00732619675035578,0.00727546253716582,0.00633932397517652,0.00570452740065934,0.00490571533492926,0.00396758540711236,0.0037934853691095,0.00321868316661424,0.00302607016892313,0.00175814630504626,0.00172875572759025,0.00165792565973918],"convergence":0,"press_dep":false,"press_rng":[1013.25,1013.25]}}
