{"fa_S3A_OLCI_M_band_16":{"type":"annular","coefficients":{"c1":1,"c2":0.351347340658196,"c3":-5.47096051438356,"c4":0.834160587816165,"c5":-0.778128862244562,"c6":-0.13919447491695},"mare":0.00220533672164192,"rmse":0.00282334525918173,"mare_seq":[0.0540642756188715,0.0185118577772396,0.0152817977370954,0.0141841513331223,0.0140224416347438,0.0140139359726425,0.0136759611646395,0.0135386181732101,0.0135304368842302,0.0134732980688601,0.0130983377483418,0.013060337441869,0.0130556181807141,0.0124084034499006,0.011889684458368,0.0106976301942742,0.0104734890658073,0.0102627426819013,0.00952724123433198,0.00854378345722004,0.00788719901650496,0.00766975490272041,0.00717462170517966,0.00657079142817105,0.0061714447617945,0.00528101493848498,0.00426826466817703,0.00399058270920174,0.00364164130060857,0.00222293435062747,0.00220533672164192],"convergence":0,"press_dep":false,"press_rng":[1013.25,1013.25]}}
