{"fa_S3A_OLCI_U_band_18":{"type":"annular","coefficients":{"c1":1,"c2":0.613136064223883,"c3":-0.699474565533413,"c4":0.444724996007575,"c5":-0.173779075920628,"c6":-3.10762433244602},"mare":0.00161698011412974,"rmse":0.00130989235391269,"mare_seq":[0.0286966238383392,0.0148690493351369,0.00905765818394497,0.00892548774472336,0.00891487275821742,0.0089031486453726,0.00888899790039574,0.00875365692372746,0.00873773812727837,0.00797061277791181,0.00754034911052346,0.00714471014533469,0.00711466272720376,0.00675926974039989,0.00650862190002735,0.00585743922193636,0.0056159752217796,0.00555370493892236,0.00549628415357129,0.00534889678691829,0.00396052471430306,0.00385796460068402,0.00355526996040231,0.00331492410978079,0.0033019861160776,0.00322981309835261,0.00300470182592346,0.00282967072041597,0.00239485815733397,0.00172346798418359,0.00161698011412974],"convergence":0,"press_dep":false,"press_rng":[1013.25,1013.25]}}
