{"fa_S2C_MSI_M_band_6":{"type":"annular","coefficients":{"c1":1,"c2":0.3212190846201,"c3":-5.94432056726988,"c4":0.795761960343361,"c5":-0.878279244618736,"c6":-0.164665335543895},"mare":0.00311725460795617,"rmse":0.00245843687126556,"mare_seq":[0.0168971460671092,0.0160541185268077,0.0143830727444302,0.0143830706285363,0.0143830174390917,0.0143828584186137,0.014382846566305,0.0143828376476545,0.014382834732596,0.014382831824966,0.0143828315811005,0.0143828269955725,0.0108591881784821,0.0100749863079432,0.00933776745047834,0.00852163258047153,0.00825853443644703,0.00810573912991757,0.00780907276265377,0.00723075317556173,0.00685825565568432,0.00653434339711908,0.00561343120954118,0.00390151701042645,0.0031185954993059,0.00311752482634331,0.0031173699782315,0.0031173436238035,0.00311731410601256,0.00311729063920215,0.00311725460795617],"convergence":0,"press_dep":false,"press_rng":[1013.25,1013.25]}}
