{"fa_S3B_OLCI_U_band_1":{"type":"annular","coefficients":{"c1":1,"c2":0.603583900333395,"c3":-0.745238227772771,"c4":0.440508630459881,"c5":-0.178327640841022,"c6":-3.33422435620798},"mare":0.00143733519810745,"rmse":0.0014100781404168,"mare_seq":[0.00975260439396138,0.00927476412736027,0.00917118035852616,0.00913932142947419,0.00910940896627449,0.0090491286365093,0.00903891400352372,0.00902007652287974,0.00900898834911576,0.00900898714438544,0.00899561180737145,0.00895534099877582,0.00893663329099087,0.00868778262606909,0.00847838800764998,0.00778079792138114,0.0076075832198448,0.00717305618138692,0.00641481698657038,0.00594470702943873,0.00542309789693288,0.00393528679571448,0.00371732328350387,0.00363304648866624,0.00304285147247867,0.00243991041352887,0.00196481238425355,0.00195125305952102,0.00172097710215436,0.00154721148137458,0.00143733519810745],"convergence":0,"press_dep":false,"press_rng":[1013.25,1013.25]}}
