{"fa_S2B_MSI_C_band_6":{"type":"annular","coefficients":{"c1":1,"c2":0.212673361482932,"c3":-5.16098969789855,"c4":0.244947795340951,"c5":-0.164963881170155,"c6":-0.775242788266949},"mare":0.0031544850100395,"rmse":0.00208730414870861,"mare_seq":[0.0141444895978373,0.0141444668831828,0.0141444632914892,0.0141443546949499,0.014144340955712,0.0141443221576487,0.0141342237948151,0.0139804127821131,0.0106662268160915,0.00967838865748617,0.00943628458415939,0.00886100143888338,0.00880953512895177,0.00860569369769192,0.00782819913762598,0.00734329542603073,0.00675021635227037,0.00465570475658779,0.00405718347032997,0.0040536169350286,0.00376114122849949,0.00368532693946426,0.00345127321361842,0.00329341661918096,0.00315811059953209,0.00315503321802658,0.00315484662387732,0.00315452210465165,0.00315449592167184,0.00315449143871529,0.0031544850100395],"convergence":0,"press_dep":false,"press_rng":[1013.25,1013.25]}}
