{"fa_S3A_OLCI_M_band_13":{"type":"annular","coefficients":{"c1":1,"c2":0.459280386564399,"c3":-3.67965195076367,"c4":0.840910230333646,"c5":-0.629656357826876,"c6":-0.120616339265547},"mare":0.00368935876172437,"rmse":0.00430647802044423,"mare_seq":[0.0159746949694406,0.0144341418126342,0.0138227238955019,0.0136316291449076,0.0135892090612137,0.0135768382037483,0.0133174719086956,0.01320110146264,0.0131884540072564,0.0131654697853297,0.0127336982979018,0.0126767899842286,0.0126659358110975,0.0122763942952444,0.0122375411566928,0.0112193034666166,0.0108663148971431,0.0101614627838366,0.00990548528085874,0.00937079981572179,0.00904283505521112,0.00854146859950233,0.00835043333178996,0.00825175576495714,0.00777386749131736,0.00755826369830166,0.00755456246915721,0.00706158344975634,0.00669648219760552,0.00627460374671227,0.00368935876172437],"convergence":0,"press_dep":false,"press_rng":[1013.25,1013.25]}}
