{"fa_S2C_MSI_C_band_12":{"type":"annular","coefficients":{"c1":1,"c2":0.302060238201314,"c3":-5.33873873071721,"c4":0.780768263642127,"c5":-0.88275341668226,"c6":-0.186856122668106},"mare":0.00270357666760642,"rmse":0.00207037400594419,"mare_seq":[0.0126407961124615,0.0126375866641512,0.0126375784521825,0.0126374499159339,0.0126373597667578,0.0126373541989416,0.0126373342765848,0.0126373320565949,0.0126373286057985,0.0126240236250465,0.012331722130709,0.0101039791200841,0.009286761304473,0.00844893378689758,0.00815773539958974,0.00782556160855233,0.00762535872852354,0.00668638731048393,0.00402179657844467,0.0033464149526991,0.00289597992823483,0.00289061672017037,0.0027905032235106,0.00270997163339282,0.00270889536125504,0.0027046275892034,0.00270418216754172,0.0027041747967152,0.00270384775359356,0.00270377390869514,0.00270357666760642],"convergence":0,"press_dep":false,"press_rng":[1013.25,1013.25]}}
