{"fa_S2C_MSI_C_band_7":{"type":"annular","coefficients":{"c1":1,"c2":0.213351151451625,"c3":-5.32403575275304,"c4":0.752043394347985,"c5":-0.783219386968377,"c6":-0.167098423881857},"mare":0.00313885402686996,"rmse":0.00211307386912207,"mare_seq":[0.0141879779268289,0.0141752050434049,0.0141750967031583,0.0141750918583782,0.0141750754468443,0.014175072434635,0.0116153633848438,0.0109823897389786,0.0105526206635299,0.0101467814489941,0.00975575611719225,0.00923436842001243,0.00886337976289809,0.0087926512185655,0.0086560209981322,0.00864278803296709,0.00824106246401605,0.00812329933933022,0.00803733833205494,0.00669947224386852,0.00646637755746624,0.00382026372613192,0.00324535995968492,0.00320454642242148,0.00313939766152731,0.00313919404415874,0.00313901007282058,0.00313899239403706,0.00313890235872461,0.0031388610485638,0.00313885402686996],"convergence":0,"press_dep":false,"press_rng":[1013.25,1013.25]}}
