{"fa_SeaHawk1_HawkEye_C_band_6":{"type":"annular","coefficients":{"c1":1,"c2":0.566329895288384,"c3":-0.78067769393368,"c4":0.523597902846652,"c5":-4.14151419210322,"c6":-0.173437176047744},"mare":0.00334221124274973,"rmse":0.00238445109260599,"mare_seq":[0.0140030744734202,0.0138006474916436,0.0137297783607144,0.0137148348472917,0.013708675800782,0.0137077130151349,0.013689812523356,0.0136883822329686,0.0136883397510069,0.0136844773751216,0.0136599879663931,0.0136261892906911,0.0136077234567505,0.0135789113518586,0.0130074707542579,0.0121570592550425,0.00935616194577778,0.00930323660585685,0.00919593514518957,0.00827169142690008,0.00805021595121918,0.00581702586788455,0.00575492065386263,0.0054455041918641,0.00533128340159424,0.00487836279924559,0.00470623784957716,0.00449239341593725,0.00382064231953278,0.00378216986408033,0.00334221124274973],"convergence":0,"press_dep":false,"press_rng":[1013.25,1013.25]}}
