{"fa_S3B_OLCI_M_band_11":{"type":"annular","coefficients":{"c1":1,"c2":0.40012649784122,"c3":-3.90352091764177,"c4":0.791230093155609,"c5":-0.764149276198558,"c6":-0.154707474214339},"mare":0.00334663321668769,"rmse":0.00442584604913125,"mare_seq":[0.0207106974671286,0.0161875796944715,0.0154594809952459,0.01500657160014,0.0144233078655572,0.0138361838341832,0.0134031601184436,0.0133969891151007,0.0133907328619841,0.0133698331837486,0.0133521191393481,0.013347385635293,0.0133418779883202,0.0133321315455745,0.0128838012011792,0.00991763230317644,0.00985013173368034,0.0089452558672356,0.00893427120076812,0.00874183273834313,0.00726486617251652,0.00701152471671114,0.00664005971769569,0.0066133302069923,0.00636826722943345,0.00616703288368236,0.00615528563128822,0.0058108125310111,0.00547513360984839,0.00478452110419263,0.00334663321668769],"convergence":0,"press_dep":false,"press_rng":[1013.25,1013.25]}}
