{"fa_S2A_MSI_C_band_8":{"type":"annular","coefficients":{"c1":1,"c2":0.193955956128705,"c3":-0.167662303755018,"c4":0.271119416102843,"c5":-5.33997251725363,"c6":-0.783258833042442},"mare":0.00312871954393268,"rmse":0.00211757271992142,"mare_seq":[0.0162840993013898,0.0155184619815089,0.0146499655605085,0.0142507008031521,0.0142506942499686,0.0142506901979396,0.0113025546273053,0.0108300597354379,0.0107067518056485,0.010615084183763,0.00979711143836326,0.00960336406621677,0.00950808232939654,0.00921896862938045,0.00843971007816033,0.00749495182325372,0.00722728400128421,0.00528080596394031,0.00515902924828651,0.00449741442740369,0.00366856914729701,0.00325720068194404,0.00313022609942891,0.00313016328524919,0.00312974318676385,0.00312967618608575,0.00312931635603177,0.0031290613375986,0.00312902757330576,0.00312875166224321,0.00312871954393268],"convergence":0,"press_dep":false,"press_rng":[1013.25,1013.25]}}
