{"fa_S3A_OLCI_C_band_18":{"type":"annular","coefficients":{"c1":1,"c2":0.571408589862499,"c3":-0.735112078741707,"c4":0.413441339066945,"c5":-0.159955019789561,"c6":-4.89488648099816},"mare":0.00203772290348363,"rmse":0.00224370831460407,"mare_seq":[0.0606572883871577,0.0134645598996145,0.0134437960792999,0.0134398825856078,0.0133047796157995,0.0133045022079768,0.0133024845222915,0.0132978091680694,0.0132977504918811,0.013297497148017,0.0132849129229734,0.0131190367293022,0.0127709560356439,0.0116231687836156,0.0109402817327782,0.0101866538965646,0.00949041759468544,0.00873762949780512,0.00862796997030736,0.00834736990763613,0.00826790561742479,0.00803023594982565,0.00783470254358354,0.00717052288096462,0.00626321444164071,0.00490716690096132,0.00479637893852202,0.00476695947073288,0.00476550055739314,0.0039110217931247,0.00203772290348363],"convergence":0,"press_dep":false,"press_rng":[1013.25,1013.25]}}
