{"fa_S2C_MSI_C_band_5":{"type":"annular","coefficients":{"c1":1,"c2":0.209688979105856,"c3":-5.12791942628848,"c4":0.754882062865985,"c5":-0.776512360231997,"c6":-0.16503887123374},"mare":0.00316691884602402,"rmse":0.00208967301986473,"mare_seq":[0.0157391475877122,0.0140419770044272,0.0140418964265933,0.0140417385196802,0.0140417381414826,0.0140417336950446,0.014041731540292,0.0140417282044962,0.0140417263424524,0.013708389207088,0.0112922079171516,0.0103220399221423,0.00936325933330737,0.00859984559065329,0.00856771540096693,0.00801527800282262,0.00785240997545859,0.00728915669152266,0.00544268633318037,0.00502647242559144,0.00409713100134236,0.00402204738917507,0.00356217353562242,0.00343464821710839,0.0032560218925914,0.00318302186802337,0.00316737220444985,0.00316701989774318,0.00316693400774127,0.00316693314192935,0.00316691884602402],"convergence":0,"press_dep":false,"press_rng":[1013.25,1013.25]}}
