{"fa_S2C_MSI_C_band_3":{"type":"annular","coefficients":{"c1":1,"c2":0.604875335415806,"c3":-0.778317563843045,"c4":0.47722569383263,"c5":-0.163859118257375,"c6":-4.95151661944722},"mare":0.00320572575003362,"rmse":0.00208648018747677,"mare_seq":[0.0146582832695254,0.0136920454892521,0.0136920437630006,0.0136920357129373,0.0136920326567028,0.0136920304806777,0.0134211853274621,0.0103094083628386,0.00907612638976611,0.00894515495807104,0.00876466039548823,0.00848244582409543,0.00845763382836909,0.0072874680450878,0.00627246223675733,0.0054001491085494,0.00479886519501904,0.00426667007895152,0.0037849974244445,0.00347949329086955,0.00343368954549276,0.00339290136194115,0.00326982712158821,0.00322250747567993,0.00320726670588892,0.00320653013241266,0.00320635294870079,0.0032063187953145,0.00320622766676272,0.0032060199774272,0.00320572575003362],"convergence":0,"press_dep":false,"press_rng":[1013.25,1013.25]}}
