{"fa_S2C_MSI_M_band_8":{"type":"annular","coefficients":{"c1":1,"c2":0.322420842989785,"c3":-5.64625603069806,"c4":0.79937203849174,"c5":-0.878951683898641,"c6":-0.164720779938521},"mare":0.0030382255622475,"rmse":0.00236868168660288,"mare_seq":[0.0550763660971679,0.0145495209332041,0.0139960859573706,0.0139959426052522,0.0139959313495322,0.013995920184252,0.0139959168927047,0.013995911725053,0.0139959109781994,0.0139837908096058,0.0112519062772821,0.0107460171581431,0.0106774303254481,0.0103523204047339,0.00916414526741412,0.0088826909224216,0.00868671803639518,0.00728642883533913,0.00338609942093864,0.00317620323789392,0.00308046878695057,0.0030441917094973,0.00303923586702865,0.0030386254385382,0.00303859889230777,0.00303840623869843,0.00303840219428706,0.00303837949370329,0.00303832744605274,0.0030382348394282,0.0030382255622475],"convergence":0,"press_dep":false,"press_rng":[1013.25,1013.25]}}
