{"fa_S3B_OLCI_M_band_20":{"type":"annular","coefficients":{"c1":1,"c2":0.380144000096341,"c3":-4.76776449333653,"c4":0.821306392975666,"c5":-0.767598269653451,"c6":-0.145928798851354},"mare":0.00205857512309214,"rmse":0.00303616928770932,"mare_seq":[0.0238628624479851,0.0170806771154544,0.0155989294834761,0.0141623829287248,0.0134406350451628,0.0130154686833279,0.0129892285042758,0.0127538574471426,0.0126899043095936,0.0126457146816776,0.0126368388849524,0.0126355813623353,0.0126259452130133,0.0126256944898402,0.0121166356386172,0.0107634782889662,0.0107359165946836,0.0103013718399579,0.0102397587193827,0.00880093062041323,0.00827089734057874,0.0069964513125397,0.00512605167222977,0.00479307479875157,0.0039915137304996,0.00391307243388691,0.00387294083289127,0.00379107027743483,0.0036805275649534,0.00292358207601632,0.00205857512309214],"convergence":0,"press_dep":false,"press_rng":[1013.25,1013.25]}}
