{"fa_S3B_OLCI_U_band_21":{"type":"annular","coefficients":{"c1":1,"c2":0.197261256563343,"c3":-3.47692616436749,"c4":0.757942411284627,"c5":-0.736364592933313,"c6":-0.187106630769129},"mare":0.00144398058859715,"rmse":0.00142006426935494,"mare_seq":[0.0103030782161591,0.00955648567102723,0.00905904258525708,0.00902758645623169,0.0090223920724895,0.00902187323131107,0.00901494569414582,0.00900937159733271,0.00899816420712633,0.00883279076886542,0.00877613304018591,0.00863197006036272,0.00813958228022968,0.008102862917112,0.00804645269312225,0.00792049909034684,0.00763646638675403,0.00725046028239912,0.00601738278318479,0.00568308389359457,0.00566732765391071,0.00533890354092905,0.00511862572768957,0.00409540877787201,0.00377543564623781,0.00332952840147667,0.00266342596405831,0.00253660948116491,0.00203250503136255,0.0017010851450933,0.00144398058859715],"convergence":0,"press_dep":false,"press_rng":[1013.25,1013.25]}}
