{"fa_S3A_OLCI_C_band_10":{"type":"annular","coefficients":{"c1":1,"c2":0.582087609818997,"c3":-0.698517539559325,"c4":0.400075379955436,"c5":-0.151226899349708,"c6":-4.45818678902831},"mare":0.00217292966454061,"rmse":0.00251216517224967,"mare_seq":[0.0604591775754108,0.013509058671078,0.0131483352802539,0.0131077430623258,0.0130143204695373,0.0129800972792277,0.0129755397618966,0.0129642855044973,0.0129633236750786,0.012962362508612,0.0129621300767225,0.0129603011520198,0.0129601077853988,0.012959298357246,0.0129549001876861,0.0128122489518744,0.0113268839233488,0.0108339666639387,0.00904764265392242,0.00859823393637443,0.00815498888447024,0.00801998372653493,0.00687801402276599,0.00683794980246968,0.00464429306218811,0.00324266102100559,0.003152654516766,0.00310813283417733,0.00303568404209017,0.00270226665767915,0.00217292966454061],"convergence":0,"press_dep":false,"press_rng":[1013.25,1013.25]}}
