{"fa_S2B_MSI_C_band_10":{"type":"annular","coefficients":{"c1":1,"c2":0.578955870921445,"c3":-0.786986703879123,"c4":0.454563744138923,"c5":-0.169071308075354,"c6":-5.35129444343531},"mare":0.00310192615843612,"rmse":0.00213197139527467,"mare_seq":[0.0161797099244715,0.0142829603222178,0.0142791811966784,0.014279148025741,0.0142791384262982,0.0142791366299901,0.0142791343300996,0.0142791329877462,0.013892364778951,0.0121397356386021,0.0114758646661586,0.0114427205860852,0.0111136807581315,0.0107653228157287,0.00968677257258521,0.00918143350421598,0.00832023759791394,0.00828693311535461,0.00761046524227182,0.00574640756596079,0.00507607584815541,0.00408978317099265,0.0035003226634497,0.0033955005465769,0.00323707415200248,0.00321651101733593,0.00320280112310675,0.00315244152518398,0.00311360044978967,0.00310805616227904,0.00310192615843612],"convergence":0,"press_dep":false,"press_rng":[1013.25,1013.25]}}
