{"fa_S3B_OLCI_C_band_18":{"type":"annular","coefficients":{"c1":1,"c2":0.339778201011905,"c3":-3.0016604945555,"c4":0.205462611274708,"c5":-0.136649111015713,"c6":-0.601540806972472},"mare":0.00350126923178415,"rmse":0.00357624343520672,"mare_seq":[0.0275262427298385,0.0143495537957808,0.0143076570050532,0.0134380981672982,0.0133860346283808,0.013325712529287,0.0133122344334582,0.0132999798347422,0.0132987679690598,0.0132943810459784,0.0132943611539126,0.0132938496877368,0.0116404958910685,0.0112886022633717,0.0111979259743142,0.0111026446934356,0.0110197962668041,0.0105296227163871,0.0101386130348828,0.00981224418400562,0.00873485953180507,0.00873047590088572,0.00867538427272175,0.00849736917304101,0.00839675311953438,0.00834985490352864,0.00698083613018317,0.00697134000146434,0.00641010745876915,0.00441280842766252,0.00350126923178415],"convergence":0,"press_dep":false,"press_rng":[1013.25,1013.25]}}
