{"fa_SeaHawk1_HawkEye_U_band_6":{"type":"annular","coefficients":{"c1":1,"c2":0.219035829092354,"c3":-2.95404311725431,"c4":0.769287136770775,"c5":-0.711889586102722,"c6":-0.176111622000769},"mare":0.00178485715569047,"rmse":0.00115530236868613,"mare_seq":[0.00947602611401656,0.00943892047758433,0.00938483339341703,0.00937283883581954,0.00936523545354653,0.00936355355849335,0.00935727721808846,0.00935727330232484,0.00887161410786041,0.00884815065725284,0.00832387964075457,0.00815554051431996,0.00809741074281412,0.00780127103110369,0.0071542502970083,0.00640739449763445,0.00510131763130893,0.00470562308794572,0.00443302889676401,0.00438899096088621,0.00420019504487678,0.00406291675788128,0.00379441977367396,0.00369288820675153,0.00369117629627348,0.00334722272072354,0.00214862553052234,0.0020699362298541,0.00180858847500068,0.00179094037416368,0.00178485715569047],"convergence":0,"press_dep":false,"press_rng":[1013.25,1013.25]}}
