{"fa_S2C_MSI_M_band_13":{"type":"annular","coefficients":{"c1":1,"c2":0.322386233871399,"c3":-4.21618364466483,"c4":0.838938762925954,"c5":-0.916055837491528,"c6":-0.185059538489401},"mare":0.00210967819135643,"rmse":0.00162427985828875,"mare_seq":[0.0409044803824815,0.0189818267033853,0.013922673178417,0.0101770990484193,0.010117029843375,0.0101170007776914,0.0101169987063918,0.0101169909938395,0.0101169878299605,0.0101169846267207,0.0101169828183812,0.0101169743318773,0.0101169705554544,0.010116967129072,0.0101169654504907,0.00923280102631494,0.00718507738953108,0.00698805813687004,0.0025844503457761,0.00212778997956643,0.00211157366601677,0.0021098125733916,0.00210978038674942,0.00210975442007621,0.002109719324653,0.00210970000414117,0.00210969904812008,0.00210969214937355,0.00210968657044632,0.00210968306021714,0.00210967819135643],"convergence":0,"press_dep":false,"press_rng":[1013.25,1013.25]}}
