{"fa_S3B_OLCI_C_band_15":{"type":"annular","coefficients":{"c1":1,"c2":0.231969748396033,"c3":-4.9805853288396,"c4":0.234616692467493,"c5":-0.158595649406708,"c6":-0.738967742415059},"mare":0.00204920029568235,"rmse":0.00211132417539909,"mare_seq":[0.0138211151282582,0.0132837737825828,0.0132782860132354,0.013189525885026,0.0131864523817406,0.013179067399933,0.0131775316383228,0.0131678525515861,0.0130864446719804,0.0129830552728302,0.0124712135981948,0.0122212593121587,0.0115421291309863,0.0109867100313233,0.0102954872592725,0.0101033041327884,0.00934360084756313,0.00813541615117124,0.00779125475666774,0.00759415987828404,0.00664628876304041,0.00655046589262005,0.0062865346783979,0.00625516062794684,0.00547994268886108,0.00520750009505749,0.00456660376073213,0.00355288493438438,0.0028541704651336,0.00207179736175068,0.00204920029568235],"convergence":0,"press_dep":false,"press_rng":[1013.25,1013.25]}}
