{"fa_S3B_OLCI_M_band_17":{"type":"annular","coefficients":{"c1":1,"c2":0.519804863431668,"c3":-0.818875629588167,"c4":0.257129309004247,"c5":-0.155526748473441,"c6":-5.1433759068793},"mare":0.00200185292447008,"rmse":0.00257205738166881,"mare_seq":[0.014369605753037,0.0134018153587456,0.0133167368538974,0.0131798782123272,0.0128426584839098,0.0128305108126952,0.0128269280078988,0.0127982437437377,0.012796391624765,0.0127608238457174,0.0127458219083269,0.0122492241712856,0.0120528011409031,0.0107227065470099,0.0104509624385466,0.0100961160625978,0.00956752920076591,0.0088071804346444,0.00851207778934959,0.00820333174742482,0.00668840017170689,0.00639008129750498,0.00598022379143492,0.00515988458285619,0.00496440886009557,0.0046875105703893,0.00428900945477045,0.00383629779111833,0.0035141705649494,0.00201187325819915,0.00200185292447008],"convergence":0,"press_dep":false,"press_rng":[1013.25,1013.25]}}
