{"fa_SD_00_C_band_3":{"type":"annular","coefficients":{"c1":1,"c2":0.206386059107426,"c3":-4.89794440359922,"c4":0.76309919952987,"c5":-0.779856219348949,"c6":-0.164262325833908},"mare":0.00321076500587095,"rmse":0.0020751580300318,"mare_seq":[0.0136007105493995,0.0136007092243847,0.013600708697671,0.013600708289958,0.0136007080414694,0.0136007079649329,0.0136007079193169,0.0135976644205314,0.0124094136313772,0.00880141400966592,0.00801175332141533,0.00782190650952951,0.00742294226041887,0.0072578744492842,0.00722108531635008,0.00561871541221939,0.00360740611243503,0.00333848341306938,0.00321092545142541,0.0032108274517123,0.00321078639032026,0.00321078544507837,0.00321078288056029,0.00321077508058645,0.00321077197837978,0.00321077015543383,0.00321076964675473,0.00321076813523629,0.0032107667459489,0.0032107663034291,0.00321076500587095],"convergence":0,"press_dep":false,"press_rng":[1013.25,1013.25]}}
