{"fa_S3A_OLCI_C_band_13":{"type":"annular","coefficients":{"c1":1,"c2":0.185117033649345,"c3":-0.161518262810834,"c4":0.715038718677268,"c5":-0.745962091134317,"c6":-4.9460195775714},"mare":0.00205990553752519,"rmse":0.00213887561783595,"mare_seq":[0.0135410781601537,0.0135302453713242,0.0131950283959151,0.0131764477952034,0.0131559716000815,0.0131530683306103,0.0131526614292941,0.0130705165869578,0.0128388096966995,0.0126608749898692,0.0113836653467212,0.0112959878504998,0.0111839068131135,0.0102605100018942,0.00880927666601286,0.00866490834020295,0.00847614389721163,0.0084338016455427,0.00745388889537419,0.00699696753710983,0.00666787277295057,0.00612606212978612,0.00609208967895511,0.00580352573456287,0.00552724203363014,0.00486121461027526,0.00460356630123636,0.00434279008271944,0.00390514228696228,0.00239015174097853,0.00205990553752519],"convergence":0,"press_dep":false,"press_rng":[1013.25,1013.25]}}
