{"fa_S2C_MSI_M_band_5":{"type":"annular","coefficients":{"c1":1,"c2":0.53843747534997,"c3":-0.875051759612883,"c4":0.301825951213544,"c5":-0.164074466607099,"c6":-6.02923156768748},"mare":0.00316149004151116,"rmse":0.00249159815613975,"mare_seq":[0.0156163783273507,0.0149257940920289,0.0145687913939657,0.0145687510554148,0.0145687473478368,0.0145687471939426,0.0145687391864234,0.0145687367365134,0.0145687276349722,0.0145687092721554,0.0141091147971369,0.0128949045967922,0.0116773875986088,0.0116250655251597,0.0104955521398103,0.00984227467245715,0.00909105688018102,0.00890494226728946,0.00841974201343938,0.00770726741936682,0.00604494034848412,0.00378137920597094,0.00327819823425522,0.00321617004839916,0.00318864228538158,0.00316215972035487,0.00316163612983191,0.00316158739976891,0.00316157239488556,0.0031615211400357,0.00316149004151116],"convergence":0,"press_dep":false,"press_rng":[1013.25,1013.25]}}
