{"fa_S3B_OLCI_C_band_2":{"type":"annular","coefficients":{"c1":1,"c2":0.202935311096577,"c3":-0.176338610668338,"c4":0.770837013650702,"c5":-0.856362375652452,"c6":-5.56105116075047},"mare":0.00225876537859146,"rmse":0.00220181631377244,"mare_seq":[0.0130032516825183,0.0126696115522515,0.012644600143338,0.0124675337579098,0.0124009440164844,0.0123043169671274,0.0122952472413737,0.01226319590782,0.012261260596624,0.0122601622981729,0.0118728306234382,0.0109170916710367,0.00917274075541961,0.00800743045313232,0.00741942636239539,0.00731054072996905,0.00699688366877719,0.006861403353681,0.00628506043182051,0.00625010563836004,0.00618694563710189,0.00571172648306137,0.00524860934080683,0.00517680262270891,0.00451457560684529,0.00376229812797425,0.00365197602254109,0.00319582980134676,0.00304664854707042,0.00280166028086961,0.00225876537859146],"convergence":0,"press_dep":false,"press_rng":[1013.25,1013.25]}}
