{"fa_S3A_OLCI_M_band_19":{"type":"annular","coefficients":{"c1":1,"c2":0.353952463184594,"c3":-5.11001128543171,"c4":0.805279675184179,"c5":-0.830575369126959,"c6":-0.157816767530553},"mare":0.00197748703283783,"rmse":0.00256601175264258,"mare_seq":[0.0138048854957645,0.0135756144520452,0.0134927863016261,0.0130884009672391,0.0130782851924659,0.0128963060916917,0.0127375540770009,0.01271323945121,0.0127128940284944,0.0127070240875798,0.0126791434723333,0.0126776191682739,0.0126070336943346,0.0112343631223063,0.010548821319385,0.0103219920743993,0.00959304277814625,0.00794180959911167,0.0078452891797161,0.00733459239146288,0.00723831837990678,0.00707211355682893,0.00696092779344793,0.00639147482173458,0.00464679584350307,0.00446474899234373,0.00429475033080819,0.0029513847187072,0.00236915574389326,0.00223145807118627,0.00197748703283783],"convergence":0,"press_dep":false,"press_rng":[1013.25,1013.25]}}
