{"fa_S2C_MSI_C_band_4":{"type":"annular","coefficients":{"c1":1,"c2":0.19325655611596,"c3":-0.164949637738401,"c4":0.741379602235365,"c5":-0.777509145056078,"c6":-5.06166008028772},"mare":0.00317587700720969,"rmse":0.00207867131866155,"mare_seq":[0.0139353903155512,0.0139353703399646,0.0139353406225859,0.0139353284800921,0.01393532752032,0.0139353229655909,0.00849750900146531,0.00849090687679243,0.00816411787851646,0.00810093070265939,0.00756888234802979,0.00756241489248101,0.00749828458964863,0.00746017547101723,0.00684067225024509,0.00612174253377974,0.00575222568122108,0.00492516339736203,0.00437110145438398,0.00390590271502966,0.00367293726642404,0.00324683315764341,0.00324468431271433,0.00322237690105468,0.00317650618115493,0.00317611900691132,0.00317602150428476,0.00317593763924202,0.0031759137170487,0.00317588963165477,0.00317587700720969],"convergence":0,"press_dep":false,"press_rng":[1013.25,1013.25]}}
