{"fa_S2A_MSI_M_band_11":{"type":"annular","coefficients":{"c1":1,"c2":0.554863613565242,"c3":-0.879107396880533,"c4":0.275427347475083,"c5":-0.165888808978004,"c6":-4.69732447691053},"mare":0.0025840189952476,"rmse":0.00198594625532902,"mare_seq":[0.0132778507900113,0.0122958302793383,0.0122836800018439,0.0122836768353668,0.012283674546304,0.0122836730863379,0.01228367288536,0.0122836701035134,0.0122836689894416,0.0122836672213378,0.0122836662471612,0.0122836581259038,0.012283656802257,0.0122836563137344,0.0122836544655602,0.0122836537091639,0.0122836533399793,0.0122185991675893,0.0121746610074824,0.0119835013616033,0.0117188709790988,0.00898181478887585,0.00867162734259863,0.00777262257264768,0.00635448324031321,0.00269427069704208,0.00258639824177694,0.00258420562515914,0.00258416728272532,0.00258406973009361,0.0025840189952476],"convergence":0,"press_dep":false,"press_rng":[1013.25,1013.25]}}
