{"fa_S2A_MSI_M_band_9":{"type":"annular","coefficients":{"c1":1,"c2":0.323614257647041,"c3":-5.5626780868439,"c4":0.199623973823349,"c5":-0.164514323958073,"c6":-0.877682352921344},"mare":0.00300650631749815,"rmse":0.00235084572664767,"mare_seq":[0.0138743259415756,0.01387428647392,0.013874282840886,0.0138742711070087,0.0138742645963004,0.0138742579205326,0.0138473020108934,0.0132060029786569,0.0106960836773857,0.0105217585693255,0.0095334366486302,0.00854770773218214,0.00793599484748967,0.00762888662962758,0.00712765947073824,0.00706712960788774,0.00643844046297098,0.00387783497218043,0.00307602648592866,0.00303506608206953,0.00301334882788529,0.00300865940424808,0.00300738351369485,0.0030066127137016,0.00300653864385815,0.00300653781905944,0.00300651689541953,0.00300651525385818,0.00300651392692612,0.00300651071147199,0.00300650631749815],"convergence":0,"press_dep":false,"press_rng":[1013.25,1013.25]}}
