{"fa_S2B_MSI_M_band_6":{"type":"annular","coefficients":{"c1":1,"c2":0.320966240843669,"c3":-5.95102556954986,"c4":0.204493439343258,"c5":-0.164759453284798,"c6":-0.878633141579443},"mare":0.00311931269053183,"rmse":0.00245850964125009,"mare_seq":[0.0160004598287118,0.0143856662544458,0.0143854366072437,0.0143853935144614,0.0143853900889546,0.0143853696309311,0.0143853654617329,0.0143853630895616,0.0143853535147071,0.0143853506852026,0.0143853494219703,0.0143853478942339,0.014385346922347,0.0123843231138664,0.0106911934697778,0.00986830716352345,0.00942200277668459,0.00904983473285129,0.00829069881846916,0.00754041807044435,0.0052064658270176,0.00320558316643039,0.00312033877336869,0.00311963827974297,0.00311942393433947,0.00311940244276439,0.00311939230577801,0.00311937007178157,0.00311935466229931,0.00311935324880596,0.00311931269053183],"convergence":0,"press_dep":false,"press_rng":[1013.25,1013.25]}}
