{"fa_S3A_OLCI_M_band_4":{"type":"annular","coefficients":{"c1":1,"c2":0.102928968949841,"c3":-0.134047401073365,"c4":0.510902033755641,"c5":-3.26735961776923,"c6":-0.655670221530515},"mare":0.00509511888378596,"rmse":0.00776693700681378,"mare_seq":[0.0566681117479617,0.019131368547894,0.0166390416404577,0.0161328157632508,0.0148980105079314,0.0147534472054285,0.0147159196034261,0.014715259438023,0.0145695393820669,0.0144724898942971,0.0143100439961788,0.0142468074730653,0.0142467715636785,0.0142221210656616,0.014204664397302,0.0141785458700634,0.0141476551773417,0.014145387063181,0.013636330045056,0.0116303510443581,0.0102828709291953,0.0102224933418225,0.00985586389045755,0.00968708786566251,0.00949657608435128,0.00821311232247317,0.00817644494656103,0.007451080265209,0.00725809834246678,0.00552726104811906,0.00509511888378596],"convergence":0,"press_dep":false,"press_rng":[1013.25,1013.25]}}
