{"fa_S3B_OLCI_C_band_10":{"type":"annular","coefficients":{"c1":1,"c2":0.563426459638288,"c3":-0.704541706422446,"c4":0.400540037629145,"c5":-0.156864561434017,"c6":-3.46891678087988},"mare":0.00299810202293457,"rmse":0.00274140859488427,"mare_seq":[0.060491427982312,0.0150455392979131,0.0141654360903644,0.0136677806140352,0.0134259179739139,0.0132465343957697,0.0132431371993377,0.0130784917747113,0.0130007161543692,0.0129805824867049,0.0129793866117443,0.0129793328975928,0.0129646173484051,0.0127328537580602,0.0124488986438625,0.0106539628900101,0.0102209382477317,0.00999066898992937,0.00982171132427666,0.00937564376034138,0.00846540781433541,0.0081337779847688,0.00767765473810585,0.0067377837928322,0.00644065268131876,0.00611451852394302,0.00603335397782762,0.00602187525391328,0.00556983635337841,0.00523965287563032,0.00299810202293457],"convergence":0,"press_dep":false,"press_rng":[1013.25,1013.25]}}
