{"fa_SeaHawk1_HawkEye_U_band_3":{"type":"annular","coefficients":{"c1":1,"c2":0.236668308545814,"c3":-2.90378734825699,"c4":0.223370942145685,"c5":-0.173534800901947,"c6":-0.710802001807536},"mare":0.00179343753283114,"rmse":0.00116147256532558,"mare_seq":[0.0165808255341654,0.0119871310135893,0.00938719151130766,0.00936657814726687,0.00934805748255383,0.00934742729963613,0.00934710095587117,0.00934645556790068,0.00934640742880217,0.0093461149643687,0.00934608230850771,0.0084934365987047,0.00791978845901843,0.00785467872200226,0.00618821144221589,0.0060821995809235,0.006040068959441,0.00473825166873634,0.00467919479514426,0.00447012935557392,0.00394431045966767,0.00375195870849862,0.00350273934662871,0.0034655590498501,0.00343842254502124,0.00329793805898042,0.00283080006591878,0.00216888485225501,0.00215565097569089,0.00179465108541039,0.00179343753283114],"convergence":0,"press_dep":false,"press_rng":[1013.25,1013.25]}}
