{"fa_S2C_MSI_C_band_8":{"type":"annular","coefficients":{"c1":1,"c2":0.218960061210081,"c3":-5.34181296975506,"c4":0.248202029845223,"c5":-0.167734400045388,"c6":-0.78310516346704},"mare":0.00312374078991394,"rmse":0.00211863432444086,"mare_seq":[0.0143843206542635,0.0142580283943558,0.0142577700902462,0.0142577672872509,0.0142577668025518,0.0142577654688217,0.0142577636252596,0.0127851707468929,0.0113916184884688,0.0108348631941922,0.00915500031485386,0.00855657389777748,0.00780657240889584,0.00631224496333638,0.00524194602610971,0.00498580520197248,0.00460313897721935,0.00459413303483991,0.00357501039176373,0.00336055604462765,0.00332809794426387,0.00328486703854908,0.00322859845945341,0.00318260832403811,0.00314552140725318,0.00312388834420514,0.00312385273744517,0.0031238137158743,0.00312376278884147,0.00312374687435286,0.00312374078991394],"convergence":0,"press_dep":false,"press_rng":[1013.25,1013.25]}}
