{"fa_S3B_OLCI_C_band_3":{"type":"annular","coefficients":{"c1":1,"c2":0.151179114684897,"c3":-0.14577578094345,"c4":0.678036255246139,"c5":-0.681035480837145,"c6":-3.41627015462086},"mare":0.00277436017765344,"rmse":0.00230869769822824,"mare_seq":[0.0309069237016502,0.0130793319508855,0.0123221878094876,0.0123208141454692,0.0123192202298851,0.0123177341185164,0.0123174198204259,0.0123170623935763,0.0121353923563633,0.0115324837230497,0.0113541974997037,0.0111270766588145,0.0105381890843315,0.0104091397648416,0.0103076946485435,0.0101220938498195,0.00917650608945257,0.00835979719559902,0.0077546488329666,0.00767018138465566,0.00700163579640579,0.00598451306634051,0.00550991246863886,0.00534739068341853,0.00529101641200248,0.00504449569312614,0.00428097266691122,0.00376276668705739,0.00317474649293663,0.00307931066148696,0.00277436017765344],"convergence":0,"press_dep":false,"press_rng":[1013.25,1013.25]}}
