{"fa_S3A_OLCI_C_band_20":{"type":"annular","coefficients":{"c1":1,"c2":0.403759205761859,"c3":-2.60814845259439,"c4":0.808944772776819,"c5":-0.537349633536482,"c6":-0.124352472465465},"mare":0.00426289934597057,"rmse":0.00451008297781453,"mare_seq":[0.0157565452826811,0.0138085194814651,0.0137184696573559,0.0135737089695113,0.0134582097783839,0.0134197840034161,0.0133988067756028,0.013381149561487,0.0133567369505301,0.0133208161322104,0.0133206213296661,0.0133161464520501,0.0133142680938765,0.0132751751632743,0.0127347267033187,0.012423672241543,0.0122899142886701,0.0117633154025177,0.0116613940563981,0.0109203826532918,0.0105296649658474,0.010039005322662,0.00971239673490113,0.00953844127559139,0.00679608013812527,0.00599011758433934,0.00597408459833203,0.00588211468440402,0.00557859281094028,0.00501271485498938,0.00426289934597057],"convergence":0,"press_dep":false,"press_rng":[1013.25,1013.25]}}
