{"fa_SeaHawk1_HawkEye_C_band_7":{"type":"annular","coefficients":{"c1":1,"c2":0.57891496555479,"c3":-0.729196982431014,"c4":0.573898852913046,"c5":-4.25799850211781,"c6":-0.158546126916494},"mare":0.00309821974662991,"rmse":0.00213225947888251,"mare_seq":[0.0144082775488986,0.0140933682535224,0.0139094828292799,0.0138688909602066,0.0138678923628044,0.013865281301741,0.0138645032329652,0.0138644365452308,0.0138644153750543,0.0138643552513431,0.0138611365202885,0.0138597037475612,0.013838086892173,0.0138009820019721,0.013794704136571,0.0135066577734173,0.0134833759189129,0.01275262615236,0.010528788145463,0.00950609482071087,0.00937783969511797,0.00874258957023552,0.0082774790335793,0.00565444235497899,0.0054501449661086,0.00511494301165749,0.00465798338594105,0.0033279315414409,0.00321050282652271,0.00314005165876033,0.00309821974662991],"convergence":0,"press_dep":false,"press_rng":[1013.25,1013.25]}}
