{"fa_S3B_OLCI_M_band_19":{"type":"annular","coefficients":{"c1":1,"c2":0.130423168365639,"c3":-0.162807364968655,"c4":0.565011608598667,"c5":-0.81249938271146,"c6":-3.97333933722636},"mare":0.00298911891552033,"rmse":0.00360179719069638,"mare_seq":[0.0179984895216643,0.0156698095932412,0.013895279528629,0.01380975012157,0.0131134968884775,0.0131073493751502,0.0130547998699337,0.0129734915580946,0.0128229716085033,0.0127604539844846,0.0127297726058392,0.0127269578032108,0.0127046411450654,0.0126904063221302,0.0126725157605599,0.0126085954734292,0.0121215249211017,0.0117675134775076,0.0103818730595456,0.00884232776137875,0.00836460416558118,0.0083187340576866,0.00739649561247757,0.00661775247548425,0.00661262638161165,0.00575211612286532,0.00495870629033227,0.0049421970327444,0.00448322921903538,0.00344190263080534,0.00298911891552033],"convergence":0,"press_dep":false,"press_rng":[1013.25,1013.25]}}
