{"fa_S2B_MSI_C_band_11":{"type":"annular","coefficients":{"c1":1,"c2":0.171717349801007,"c3":-0.17914936107174,"c4":0.66649203414076,"c5":-0.836042624047215,"c6":-5.40192025511052},"mare":0.00288889187928834,"rmse":0.00213246652978422,"mare_seq":[0.0182153521337378,0.0161603031265924,0.0154449372584465,0.0135461680451701,0.0135461575005905,0.0135461521679284,0.0135461511536538,0.0135461507279006,0.0135461504636105,0.0135461480808103,0.0135461480753519,0.0135461468434429,0.01292060518545,0.0124575994988842,0.0108796170840024,0.0103070768232113,0.010280316086191,0.00995955591109253,0.00937272287021487,0.00933189040056338,0.00897138949216996,0.00892967194107676,0.00704842380753716,0.00317327189334107,0.00315668225708648,0.00307715824581227,0.00288969368883267,0.00288894382162955,0.0028889359411063,0.00288891051085179,0.00288889187928834],"convergence":0,"press_dep":false,"press_rng":[1013.25,1013.25]}}
