{"fa_SD_00_C_band_8":{"type":"annular","coefficients":{"c1":1,"c2":0.22138569107506,"c3":-5.35772774209552,"c4":0.751385130168386,"c5":-0.785480879758254,"c6":-0.168326887809143},"mare":0.00311792017024725,"rmse":0.00211570896286406,"mare_seq":[0.0184351628559207,0.0142748665183136,0.0142748659688062,0.014274865746986,0.0142748612728057,0.0142748561490871,0.0142748554930951,0.0142748553817762,0.0142748523339911,0.0139748007443513,0.0136434212807805,0.0123982137001943,0.0108074475347423,0.0104328481223397,0.00324335101586599,0.00313787375074903,0.00311908086498892,0.00311830507540749,0.00311809813894191,0.00311806902386669,0.00311800614659006,0.00311799775202159,0.00311795805095541,0.0031179311282265,0.00311792768326685,0.00311792438219278,0.00311792199281445,0.00311792191629292,0.0031179215605155,0.0031179210440759,0.00311792017024725],"convergence":0,"press_dep":false,"press_rng":[1013.25,1013.25]}}
