{"fa_SeaHawk1_HawkEye_M_band_3":{"type":"annular","coefficients":{"c1":1,"c2":0.508164022981627,"c3":-0.827309670249493,"c4":0.718762461350593,"c5":-5.3728817420107,"c6":-0.161479845574738},"mare":0.00352274751317057,"rmse":0.00335135607813154,"mare_seq":[0.0243347906182498,0.0174124774114625,0.0168721458774961,0.0159045409578413,0.0152254399150243,0.0152119948781926,0.0152069755592649,0.0152069381981225,0.0152041784613025,0.0152041095125418,0.0152039851512007,0.0152032529966967,0.0151251311839061,0.0145422378413756,0.0145352884459958,0.014170698437918,0.0138997619266165,0.0129547419391428,0.012615495328897,0.0124575808401432,0.0120838034576895,0.0120778650110018,0.0106257521292229,0.00938163623242474,0.00687402560040811,0.00685024733426129,0.00582775502123333,0.00515903956323915,0.00440412159667302,0.00437097886024668,0.00352274751317057],"convergence":0,"press_dep":false,"press_rng":[1013.25,1013.25]}}
