{"fa_S2B_MSI_U_band_4":{"type":"annular","coefficients":{"c1":1,"c2":0.179622742972287,"c3":-0.175749537451689,"c4":0.736174639099193,"c5":-0.713537373001722,"c6":-3.03085665426986},"mare":0.00187060514388061,"rmse":0.00117090531205936,"mare_seq":[0.00948433988467668,0.00947979083648064,0.00947978965592003,0.00947978898193376,0.00947978740854742,0.0094525239031118,0.00888846947268272,0.00840291364301896,0.00820069189290698,0.00787570254134373,0.00701023916963084,0.00549333283338186,0.00418307621736131,0.00364242319421801,0.0034964430392046,0.003268670112213,0.0031468028188246,0.00221721753473706,0.00201755998499948,0.00198462078879373,0.00194235291116718,0.00189032496594777,0.00187842261030025,0.00187177558846309,0.00187081758072636,0.00187072343095696,0.00187071162618282,0.00187063178262897,0.00187062404059279,0.00187061050504317,0.00187060514388061],"convergence":0,"press_dep":false,"press_rng":[1013.25,1013.25]}}
