{"fa_S3B_OLCI_M_band_1":{"type":"annular","coefficients":{"c1":1,"c2":0.451747876750322,"c3":-0.670114567584258,"c4":0.813693639784133,"c5":-5.0338982674163,"c6":-0.132325008531657},"mare":0.0036089050559256,"rmse":0.00698667309003742,"mare_seq":[0.0176450465808108,0.0172159691256317,0.0166274868817183,0.0150572225155519,0.0150566402539714,0.0148174420752272,0.014677863546961,0.014657360561944,0.0146230352463119,0.0145461083966852,0.0144629112045225,0.0144593729743974,0.0144544360505668,0.0144541534231704,0.0144531225463288,0.0144505568378593,0.0143660814464432,0.0141417972843997,0.0135953330207872,0.0134015988683092,0.0129656019834416,0.0128931686306144,0.012018186963776,0.00964100221171028,0.00935532139930577,0.00824924007564183,0.00749929887537513,0.0067613377615516,0.00602842459675387,0.00520453734973334,0.0036089050559256],"convergence":0,"press_dep":false,"press_rng":[1013.25,1013.25]}}
