{"fa_SD_00_M_band_3":{"type":"annular","coefficients":{"c1":1,"c2":0.317122558658768,"c3":-6.764275113232,"c4":0.786772408673594,"c5":-0.883419555676099,"c6":-0.166938121901246},"mare":0.00337936530373036,"rmse":0.00268148372025781,"mare_seq":[0.0167738927611917,0.0152953823442414,0.0152950304754356,0.0152949912742207,0.0152949856379716,0.0152949628552882,0.0152949387232181,0.015294936753935,0.01529493520629,0.0152949342652881,0.0152949337451285,0.0152949312533241,0.0152949310559631,0.015294930524023,0.0120434762006685,0.0100014165424163,0.00959957306663949,0.00834777353296571,0.00346411662196359,0.00340760604295437,0.00340188356066662,0.00337972725797379,0.00337942347449289,0.0033793990999122,0.00337939881770719,0.00337939568207744,0.00337939047099559,0.00337937936152576,0.00337936689861093,0.00337936553392302,0.00337936530373036],"convergence":0,"press_dep":false,"press_rng":[1013.25,1013.25]}}
