{"fa_S3A_OLCI_M_band_10":{"type":"annular","coefficients":{"c1":1,"c2":0.485442362172858,"c3":-0.744568278515692,"c4":0.224968480228353,"c5":-0.145145356047146,"c6":-3.96564200301904},"mare":0.003319062954682,"rmse":0.00443016998513907,"mare_seq":[0.0304637423744403,0.0161610217116602,0.0156798498685278,0.0152798721645299,0.0151489834540596,0.0150282350629705,0.0147128949520887,0.0142007240069221,0.0139644597035292,0.0137798874466436,0.0137142501421272,0.0134800525805198,0.0134365019233783,0.0130736580289223,0.0120165803590058,0.0119121573936895,0.0116949610229753,0.0113995731392829,0.010778091908889,0.0105137032493289,0.00976258129859195,0.00902039163234742,0.00874173970374554,0.00721745775941004,0.00684151308007865,0.00644044054856013,0.00609671102068161,0.00503722224002005,0.00469774765092275,0.00469125703451733,0.003319062954682],"convergence":0,"press_dep":false,"press_rng":[1013.25,1013.25]}}
