{"fa_S3B_OLCI_U_band_20":{"type":"annular","coefficients":{"c1":1,"c2":0.611569461478453,"c3":-0.722014185211349,"c4":0.477695553834553,"c5":-0.181043973470563,"c6":-3.37550162950203},"mare":0.00144375660058662,"rmse":0.0014068584906877,"mare_seq":[0.0156057532084565,0.0141097882915395,0.0103456451003999,0.00962575766763222,0.00920980170743528,0.00902391235799477,0.00898448199546864,0.00895353468073666,0.00895042870529755,0.00894805581976222,0.0089450524516955,0.00874025395850448,0.0085009163438049,0.00837553127137741,0.00812838327067357,0.00791285205445091,0.00709586389680264,0.0070650886121639,0.00685284135724119,0.00567260286592081,0.00540987745877949,0.00470048824471782,0.00457320277683173,0.00444521720233753,0.00260377820544637,0.00225417630843529,0.00210982899553042,0.00199153623190452,0.00154098559528049,0.0015152999268536,0.00144375660058662],"convergence":0,"press_dep":false,"press_rng":[1013.25,1013.25]}}
