{"fa_S3A_OLCI_M_band_21":{"type":"annular","coefficients":{"c1":1,"c2":0.541630188583619,"c3":-0.866882200919617,"c4":0.284448690252427,"c5":-0.163742993150322,"c6":-5.29685317237158},"mare":0.00189412580827202,"rmse":0.00216567693393886,"mare_seq":[0.0518275533938604,0.0151317658722499,0.0135935482731633,0.0130399489386903,0.0129351322553305,0.0127402775522385,0.0127090303958578,0.0125208553178679,0.0123937777020186,0.0123734695926813,0.0123334365274697,0.0119769116543755,0.011844429155963,0.0101833696761114,0.00945960774013212,0.00932097911636667,0.00831166445529393,0.00789814049768092,0.00731476109815823,0.00708753611176384,0.0067284831475195,0.00644838688689206,0.00625694995013872,0.00510574157444301,0.0044522996288811,0.00378917757160086,0.00371035314765343,0.00344350116090751,0.00248371944345687,0.00224876619772217,0.00189412580827202],"convergence":0,"press_dep":false,"press_rng":[1013.25,1013.25]}}
