{"fa_S2C_MSI_U_band_13":{"type":"annular","coefficients":{"c1":1,"c2":0.185966035605835,"c3":-0.237682158649513,"c4":0.313217413215678,"c5":-4.67862953585166,"c6":-0.904376404797392},"mare":0.00204827910722831,"rmse":0.00148239595474977,"mare_seq":[0.0119987992506036,0.00956587334637113,0.0095656700213906,0.00956558883111299,0.00956556639409727,0.00956554645357808,0.00956554302920837,0.00956553593540903,0.00956553506442456,0.00947771917719743,0.00947689418240022,0.00942880779847395,0.00942723011727785,0.00710355576705224,0.00611540788345674,0.00570422716267863,0.00524170694746292,0.00455909818565294,0.00327902255261775,0.00320740156736455,0.00317548752847278,0.00285577345045865,0.00238692449379122,0.00214927934728288,0.00208725820969023,0.00205325864648426,0.00204874340004819,0.00204842768067511,0.00204830552747658,0.00204830319124799,0.00204827910722831],"convergence":0,"press_dep":false,"press_rng":[1013.25,1013.25]}}
