{"fa_S3A_OLCI_C_band_5":{"type":"annular","coefficients":{"c1":1,"c2":0.2635495825556,"c3":-3.93342060557306,"c4":0.198549415966347,"c5":-0.139356367676023,"c6":-0.670308661433572},"mare":0.00251633709110235,"rmse":0.00243661022563445,"mare_seq":[0.0137303146941409,0.0132231942508908,0.0130083865849871,0.0129094898410056,0.0128615539715297,0.01256818203648,0.0125246958187721,0.0125142333641093,0.0124310212262885,0.0124294289176789,0.0122068400288432,0.0117388777616126,0.0112313666306814,0.0108048661533691,0.00873567195829596,0.00872608361603876,0.00871959733659081,0.00870948863275088,0.00836305937078635,0.00706434041243435,0.00699224794840872,0.00636108288554184,0.00629531822679309,0.005565683421853,0.00349201332221824,0.00348666486251648,0.00313988098619591,0.00285394683160276,0.00283134904506236,0.00258918467740346,0.00251633709110235],"convergence":0,"press_dep":false,"press_rng":[1013.25,1013.25]}}
