{"fa_SD_00_U_band_2":{"type":"annular","coefficients":{"c1":1,"c2":0.226497271726677,"c3":-3.04397642463894,"c4":0.224498587611642,"c5":-0.175013106435709,"c6":-0.722151986942391},"mare":0.00188815801287469,"rmse":0.00120153751823817,"mare_seq":[0.00951909284370485,0.00951903679305225,0.00951902725599275,0.00951902626916613,0.0095190222905192,0.00951901930220784,0.00770926740601679,0.00652739954124947,0.00606504651115033,0.00552739064705145,0.00521098604776759,0.00479930682099891,0.00399729957273452,0.00393230639451476,0.0033646224313997,0.00333089694853739,0.00247729807302496,0.00210904131943763,0.0019171795796187,0.00189708259905925,0.00189420311657687,0.00189298607039748,0.00188842784807314,0.00188822040004874,0.00188818752793541,0.0018881848940862,0.00188818088854732,0.00188816081805355,0.00188815998608591,0.00188815913009947,0.00188815801287469],"convergence":0,"press_dep":false,"press_rng":[1013.25,1013.25]}}
