{"fa_S2B_MSI_M_band_7":{"type":"annular","coefficients":{"c1":1,"c2":0.136612816877526,"c3":-0.164040880930478,"c4":0.375373001832544,"c5":-5.73163395170591,"c6":-0.873943026454204},"mare":0.00308032509103454,"rmse":0.00240382696577892,"mare_seq":[0.0198815823879131,0.017448379194949,0.0144044897458127,0.014223152780461,0.0142231417220778,0.0142231172011947,0.0142231013806222,0.0142230712398736,0.0142230711630532,0.0142230707317167,0.0142230686487528,0.0142230668740364,0.0142230635870153,0.0126182045902654,0.0123653964458279,0.0121411896315359,0.010928678479212,0.0108415943180597,0.0106252810634915,0.00983170456040379,0.00980496914123427,0.00957670631418232,0.00867514547636164,0.00446821887206007,0.00416717035669415,0.00416482661716416,0.00361552204436083,0.00349056356510643,0.00308111212979818,0.00308050317534037,0.00308032509103454],"convergence":0,"press_dep":false,"press_rng":[1013.25,1013.25]}}
