{"fa_SD_00_M_band_6":{"type":"annular","coefficients":{"c1":1,"c2":0.321390863526651,"c3":-6.15640156503145,"c4":0.207894538447195,"c5":-0.165140045428361,"c6":-0.876721216230127},"mare":0.00321122171175998,"rmse":0.00252545593943349,"mare_seq":[0.0160135534030861,0.0149600973935085,0.0146996784230489,0.0146996745960539,0.0146996737203731,0.0146996733025426,0.014699672995876,0.0146996724782801,0.0146996709628991,0.0146996707613359,0.0146996707584769,0.0146996702604777,0.014531292569591,0.0134761224331915,0.0121186238214213,0.00892960866516548,0.00839785580410152,0.00526092952386117,0.00444011657742289,0.00321202559206821,0.00321141453636344,0.003211311895838,0.00321125989904634,0.00321125590241774,0.00321125235495561,0.00321123675201448,0.0032112284713827,0.0032112275546423,0.00321122730084217,0.0032112230436956,0.00321122171175998],"convergence":0,"press_dep":false,"press_rng":[1013.25,1013.25]}}
