{"fa_S3B_OLCI_M_band_21":{"type":"annular","coefficients":{"c1":1,"c2":0.299190038522744,"c3":-5.68615538215059,"c4":0.773359608308021,"c5":-0.965356804472629,"c6":-0.188288117256796},"mare":0.00213442212480822,"rmse":0.00233535684346237,"mare_seq":[0.0173048837192481,0.0128164621484871,0.0127141348181828,0.012561337952625,0.0125481705648408,0.012538544477295,0.0124364093541797,0.0124166199757386,0.0124150284393507,0.0124149790818166,0.0124069350469735,0.0123984888446612,0.0123854229388812,0.0123852977703718,0.0123801007415216,0.0116358442193111,0.0114473023041024,0.0110033698974662,0.010648052609709,0.00973185042903559,0.00890308159031323,0.00593583881599495,0.00577945110329895,0.00476182900406653,0.00455169502871263,0.00399322513114074,0.00353935971268174,0.00353069655937898,0.00309224717533039,0.00250638372399928,0.00213442212480822],"convergence":0,"press_dep":false,"press_rng":[1013.25,1013.25]}}
