{"fa_S3B_OLCI_M_band_7":{"type":"annular","coefficients":{"c1":1,"c2":0.322572718320992,"c3":-6.26076185574339,"c4":0.225625495563632,"c5":-0.173627486317639,"c6":-0.901637854646794},"mare":0.00207673005436796,"rmse":0.0022984524001328,"mare_seq":[0.0165891977918656,0.0141563279058465,0.0140906091070024,0.0139459193555247,0.0136469839959868,0.0131733194025071,0.0130212887591024,0.0124950618520671,0.0114952957541809,0.0113453766502011,0.0112836126603988,0.0107609550077423,0.00996719108646656,0.00984607410975119,0.00947657707037541,0.0093393394145704,0.00875828406080359,0.00871990966965796,0.00867106102111007,0.0085293152813039,0.00786049651289073,0.00723459660801406,0.00720317444753797,0.00690500433788001,0.00629988061768608,0.00569544060135297,0.00453804889563275,0.00418163372927802,0.0033671001286873,0.00303688202373382,0.00207673005436796],"convergence":0,"press_dep":false,"press_rng":[1013.25,1013.25]}}
