{"fa_S2B_MSI_C_band_8":{"type":"annular","coefficients":{"c1":1,"c2":0.219054744336241,"c3":-5.33130140608608,"c4":0.751458930144139,"c5":-0.783578149097675,"c6":-0.16766061975321},"mare":0.00313350366311296,"rmse":0.00212469938103305,"mare_seq":[0.0142488648284221,0.0142338035654071,0.0142336238086088,0.0142336236773198,0.0142336194205231,0.0142336185358281,0.0142336182411578,0.0142336168547792,0.0142336163029481,0.0142336134353314,0.01148837502883,0.0106849265363994,0.010410658989861,0.0102162768120212,0.00936406078863856,0.00905588409425215,0.00899725764290295,0.00887849733586771,0.00885530910513966,0.0085104984600449,0.00797078105219161,0.00402749722480488,0.00352201809823939,0.00324172493564404,0.00314301374905684,0.00313834137736472,0.00313396406253548,0.00313388897957,0.00313362606635384,0.00313353343865104,0.00313350366311296],"convergence":0,"press_dep":false,"press_rng":[1013.25,1013.25]}}
