{"fa_S2B_MSI_U_band_5":{"type":"annular","coefficients":{"c1":1,"c2":0.215153533913015,"c3":-3.03270443089429,"c4":0.770441454684786,"c5":-0.711253261287881,"c6":-0.175588215190881},"mare":0.00189573278222253,"rmse":0.00119043303074801,"mare_seq":[0.0515021538924853,0.0111691777633873,0.00949353501593547,0.00948872271763985,0.009488719873036,0.00948871910429508,0.00948871527852529,0.00948871304142937,0.00948871008945779,0.00948870640291818,0.00947251218872682,0.00879396362376458,0.00727647859029118,0.00574429747641418,0.00566281259717299,0.00513223879637943,0.00489085683490074,0.00481428105278107,0.00478140679441534,0.00417475099270983,0.00343579851042674,0.00331376205587195,0.00311745826033721,0.00223629775692356,0.00211697489418028,0.0020258197253164,0.00193239404005518,0.00192657083363355,0.00189726357033499,0.00189574402618536,0.00189573278222253],"convergence":0,"press_dep":false,"press_rng":[1013.25,1013.25]}}
