{"fa_S3A_OLCI_M_band_20":{"type":"annular","coefficients":{"c1":1,"c2":0.41329164167676,"c3":-4.00947440226614,"c4":0.840079902504848,"c5":-0.69843581959508,"c6":-0.130343660782308},"mare":0.00289089036191831,"rmse":0.00311081392582742,"mare_seq":[0.0171608160596031,0.0156269443196356,0.0140585121267545,0.0138979134148033,0.0137693914126302,0.0132096603963453,0.0129727179242324,0.0129712334258124,0.0129696820637982,0.012938662167624,0.0127548520987218,0.0126773264679773,0.0126254675944099,0.0126130537909314,0.012609483363352,0.0125880057662102,0.0125860746908484,0.0125734802131126,0.0120708532052503,0.0113911716962961,0.0107284762713348,0.010670627624301,0.00983133099866393,0.00961613951688107,0.00941682182878855,0.0093002269580986,0.00914202989331462,0.00647756773448231,0.00646136856401236,0.00445639669697217,0.00289089036191831],"convergence":0,"press_dep":false,"press_rng":[1013.25,1013.25]}}
