{"fa_S3B_OLCI_C_band_19":{"type":"annular","coefficients":{"c1":1,"c2":0.233392806547618,"c3":-5.30448532597687,"c4":0.756968194499758,"c5":-0.762804051121855,"c6":-0.165936652372366},"mare":0.00199071566851561,"rmse":0.00211457313814168,"mare_seq":[0.0265706879913679,0.0162019890142803,0.0149446195368581,0.0134947021044564,0.013463233159496,0.013461118824734,0.0134275372621183,0.0133701490314138,0.0133218839342484,0.0132938877755757,0.0132931061158472,0.0132923126500293,0.0132908266338353,0.0132896967320824,0.0131607049175811,0.01303740725602,0.0127716150526249,0.0124636196393228,0.011988738170737,0.0111137304057572,0.0110716806382189,0.0109968544790833,0.0108059603300315,0.0107802976193739,0.00769033072804033,0.00630780559965424,0.00414704501132798,0.00365360505556365,0.00232068802089402,0.00203071557508344,0.00199071566851561],"convergence":0,"press_dep":false,"press_rng":[1013.25,1013.25]}}
