{"fa_SD_00_U_band_1":{"type":"annular","coefficients":{"c1":1,"c2":0.170735759772001,"c3":-0.174914159660869,"c4":0.28090038110575,"c5":-3.0339630692788,"c6":-0.722292303033824},"mare":0.00189575847782074,"rmse":0.00119726399306491,"mare_seq":[0.0509923388422017,0.0123150771519713,0.00954535959598809,0.00954534844405422,0.00954534794220798,0.00954527309895518,0.00872759113657805,0.00742508213527504,0.00742323339362727,0.00723279818583992,0.00546850656707383,0.00523121760550264,0.00420144736945907,0.00315141566614022,0.0022228764179528,0.0020836304356679,0.00189586171992475,0.00189582135044238,0.00189577623184776,0.00189577323502871,0.00189577236288321,0.00189577099247991,0.00189576840315208,0.00189576372721013,0.00189576280311336,0.00189576196414263,0.00189576176383597,0.00189576067415601,0.00189576035355965,0.00189576013112768,0.00189575847782074],"convergence":0,"press_dep":false,"press_rng":[1013.25,1013.25]}}
