{"fa_S3B_OLCI_U_band_9":{"type":"annular","coefficients":{"c1":1,"c2":0.575183476007007,"c3":-0.650577035535898,"c4":0.629826451963178,"c5":-2.48379989575674,"c6":-0.16351190528019},"mare":0.00166848910439808,"rmse":0.00124507683098842,"mare_seq":[0.00901151080539875,0.0089703618044925,0.00895341101382386,0.0089122747464369,0.00890171813648515,0.00889989552584595,0.0088924479599969,0.0088919029222945,0.00889188996427038,0.00889182886423483,0.00888344368013355,0.008875457480787,0.00886906684047058,0.00883326041656194,0.00860076773471564,0.00841478346419017,0.00822334499488701,0.00775174935067687,0.00692528156266213,0.00678867409242204,0.00634208202381058,0.00592965994355689,0.00530412864165095,0.00481687505399492,0.00439088261069703,0.00434847880948364,0.00413622525761045,0.00318502455773181,0.00244520038187564,0.00187227377144548,0.00166848910439808],"convergence":0,"press_dep":false,"press_rng":[1013.25,1013.25]}}
