{"fa_SeaHawk1_HawkEye_U_band_4":{"type":"annular","coefficients":{"c1":1,"c2":0.179112484370967,"c3":-0.176975306893804,"c4":0.748491065898771,"c5":-0.740721044754923,"c6":-3.31775814813865},"mare":0.00178575519389647,"rmse":0.00133369249667609,"mare_seq":[0.0095952977691882,0.00946350089635293,0.0093918459601793,0.0093477634038753,0.00934714164549919,0.00934712626358028,0.0093469649384252,0.00931729533002339,0.00924385450869571,0.00909563213624085,0.00904536886007714,0.00881194891082647,0.00785714218716442,0.00785295977164627,0.00715538458534915,0.00617171008409284,0.00574703662661982,0.00517484423754471,0.00513305335212625,0.00460332888935817,0.00458474250234551,0.00274633784996462,0.00272482395983782,0.0023294263321357,0.00221454709422423,0.00214904035900256,0.00206845137946387,0.00203569396671283,0.0020222303779871,0.0019366060933926,0.00178575519389647],"convergence":0,"press_dep":false,"press_rng":[1013.25,1013.25]}}
