{"fa_S2A_MSI_C_band_10":{"type":"annular","coefficients":{"c1":1,"c2":0.191356127523495,"c3":-0.169102925708852,"c4":0.716379283340904,"c5":-0.78843338574166,"c6":-5.36452981580916},"mare":0.00309155916248299,"rmse":0.00212884474505754,"mare_seq":[0.0142747020053009,0.0142745561380122,0.0142744533185448,0.0142744501012727,0.0142743513065109,0.0142743367826232,0.0142743140309353,0.0142743134775593,0.0142743133679625,0.0142743082589696,0.0126774301295355,0.00959259990415882,0.00949813736005354,0.00884772140824981,0.00866086513590284,0.00855016035135012,0.00835648966690013,0.00786872361613645,0.00671107382516432,0.00581823331367331,0.00316134294281937,0.0031103777890963,0.00310313783684906,0.00310311100615549,0.0030931064290821,0.00309246536994109,0.00309173447159327,0.003091642883757,0.00309158301767073,0.00309156323735269,0.00309155916248299],"convergence":0,"press_dep":false,"press_rng":[1013.25,1013.25]}}
