{"fa_S2C_MSI_M_band_12":{"type":"annular","coefficients":{"c1":1,"c2":0.118302548059823,"c3":-0.168162202876282,"c4":0.362994082154134,"c5":-4.43332081617151,"c6":-0.88388842827054},"mare":0.00243645127946296,"rmse":0.00185264016365419,"mare_seq":[0.0145649216725058,0.0117778181396362,0.0116292436106696,0.0116292113830262,0.0116292034287249,0.0116291994948896,0.011629197315329,0.0116291950367306,0.0116291919864162,0.0116291899894078,0.0116291890405704,0.0116291880042648,0.0116235499906062,0.0116001914636015,0.0115551511198323,0.0112651616491712,0.0109446213593133,0.00997276102244019,0.00917232030027667,0.00720708137514015,0.00504028892867779,0.00429753931521882,0.00322700247348446,0.00271916029842809,0.00266168979648254,0.0026477530482011,0.00248128884416204,0.00245931953890442,0.00243651104092124,0.00243647696872677,0.00243645127946296],"convergence":0,"press_dep":false,"press_rng":[1013.25,1013.25]}}
