{"fa_SD_00_C_band_7":{"type":"annular","coefficients":{"c1":1,"c2":0.209729940057696,"c3":-5.14848019948202,"c4":0.754929946664613,"c5":-0.777081728893139,"c6":-0.164989421299254},"mare":0.00316822924409281,"rmse":0.00209174703258152,"mare_seq":[0.0140678693151072,0.0140678558197576,0.0140678548879445,0.0140678537199058,0.014067853537745,0.00942554518004356,0.00909972982662498,0.00873376563913705,0.00756536909847573,0.00659650647136814,0.00483302623962782,0.00438473333661578,0.00369421632339767,0.00327353593401189,0.00317381820109714,0.00316935473333707,0.00316874808879744,0.00316828703876054,0.00316825506548219,0.00316824377542111,0.00316824062830539,0.00316824022459254,0.0031682401171889,0.00316823937195996,0.00316823625881789,0.00316823489341999,0.00316823225900442,0.00316823124588704,0.00316823012992196,0.00316822971907772,0.00316822924409281],"convergence":0,"press_dep":false,"press_rng":[1013.25,1013.25]}}
