{"fa_S3A_OLCI_M_band_18":{"type":"annular","coefficients":{"c1":1,"c2":0.478865582341254,"c3":-0.758158268009897,"c4":0.226925914993511,"c5":-0.153800025919093,"c6":-4.57114034506616},"mare":0.00240892174802113,"rmse":0.00397813778471213,"mare_seq":[0.0530407705986314,0.0225958452482858,0.014566336474711,0.0141199789645939,0.0134207689916847,0.0131205228568529,0.0129315730222863,0.0127908155126948,0.012788400288913,0.0127617987330042,0.012750553437282,0.0127423147411996,0.0127416284694475,0.0127387155192489,0.0122887626097034,0.0108929943221861,0.0103844846053645,0.00893595890490609,0.00877350430445423,0.0087304779086411,0.0086600141585283,0.0081941524555188,0.00802541835419319,0.00750732977478676,0.00642595933287703,0.00622214064591268,0.00608062206313138,0.0060353279506104,0.0057108944937774,0.00292740035251751,0.00240892174802113],"convergence":0,"press_dep":false,"press_rng":[1013.25,1013.25]}}
