{"fa_S3A_OLCI_M_band_14":{"type":"annular","coefficients":{"c1":1,"c2":0.0910052410430314,"c3":-0.125186346775403,"c4":0.541542460772204,"c5":-0.669496345832757,"c6":-4.67916245967213},"mare":0.00273562514368917,"rmse":0.0042433928803964,"mare_seq":[0.0183573653246849,0.0179384043141895,0.0138960015175431,0.0138915107208636,0.0138346848621851,0.0136490983226412,0.0136467919385003,0.013606946903305,0.0135675015564556,0.0135606671120462,0.0132560169613685,0.0131795471124538,0.0131161815600964,0.0131143262659677,0.0130985932333007,0.0130760376100916,0.0129750423835438,0.0127676915031841,0.0114065725578794,0.0113163774169551,0.00907527264110094,0.00814146771133196,0.00795203511427796,0.00693961911185231,0.00616004656020063,0.00576577345137755,0.00506993380119064,0.00476448789330401,0.0036890303593253,0.00339487086402442,0.00273562514368917],"convergence":0,"press_dep":false,"press_rng":[1013.25,1013.25]}}
