{"fa_SeaHawk1_HawkEye_U_band_2":{"type":"annular","coefficients":{"c1":1,"c2":0.241724625929063,"c3":-2.91011933347211,"c4":0.779201789780336,"c5":-0.710808266218765,"c6":-0.172788518379495},"mare":0.00180466307451833,"rmse":0.001169827038815,"mare_seq":[0.00962576824329393,0.00938843595788121,0.00938679527527119,0.00938580075372659,0.00938428853694293,0.0093826162143833,0.0092715755845628,0.00905060334901523,0.00814515858491911,0.00799224382088804,0.00696330044461186,0.00694638996359095,0.00545085309493478,0.00478097215767541,0.00472121764299411,0.00442990149393034,0.00438387498962483,0.00414530606963122,0.0040749745875971,0.00397320239249394,0.00393518570263688,0.00359671711669561,0.00356387689268857,0.00352321111454232,0.00244002823800333,0.00233092861247811,0.00225982798688762,0.00218718860049613,0.00181838411722887,0.00180874940265676,0.00180466307451833],"convergence":0,"press_dep":false,"press_rng":[1013.25,1013.25]}}
