{"fa_SD_00_C_band_2":{"type":"annular","coefficients":{"c1":1,"c2":0.606994837343769,"c3":-0.781056734607554,"c4":0.473312906298309,"c5":-0.163828635104746,"c6":-4.83143674021744},"mare":0.00322594699765633,"rmse":0.00207180024447728,"mare_seq":[0.0135158997163639,0.01351586928812,0.0135158606789669,0.0135158588012156,0.0135158579573532,0.0128795477608507,0.0115443073904011,0.010556844672109,0.00985796165195971,0.00887973462097454,0.00667611367155002,0.00648784923597444,0.00557833449088035,0.00509521802517628,0.00348809716079873,0.00336256988169793,0.00324538518212323,0.00322821098588548,0.00322661217441134,0.00322626948791313,0.00322601001374966,0.00322600321142769,0.00322599448868015,0.00322597929060629,0.00322597242505184,0.00322595899923135,0.00322595888101982,0.00322595666049806,0.00322595554717026,0.00322594828357293,0.00322594699765633],"convergence":0,"press_dep":false,"press_rng":[1013.25,1013.25]}}
