{"fa_S2C_MSI_U_band_2":{"type":"annular","coefficients":{"c1":1,"c2":0.227032593651902,"c3":-3.04216094384514,"c4":0.224226934042908,"c5":-0.17497311857285,"c6":-0.721505541377965},"mare":0.00188352232467529,"rmse":0.00119676524503915,"mare_seq":[0.00953170317587833,0.00953169236929516,0.00953169144375342,0.00953168753085062,0.00953052209197733,0.00951045810519903,0.00871582413970676,0.00799295286691893,0.00787551645070319,0.00606698115072103,0.00578003915159336,0.00500234589901347,0.00480213624605088,0.00466818946670961,0.0046115126259004,0.00406474488800587,0.0032991806962741,0.00326609087656754,0.00231396943957502,0.00226296753307206,0.0021458780996043,0.00212185503858027,0.00189259051735239,0.00188795686154905,0.00188547351474979,0.0018835648360251,0.00188354954679961,0.00188354898669732,0.00188354578993332,0.00188353031108922,0.00188352232467529],"convergence":0,"press_dep":false,"press_rng":[1013.25,1013.25]}}
