{"fa_SeaHawk1_HawkEye_U_band_8":{"type":"annular","coefficients":{"c1":1,"c2":0.616605485665929,"c3":-0.745783898986409,"c4":0.492153424544345,"c5":-3.45060946527523,"c6":-0.185653579247235},"mare":0.00182895334250244,"rmse":0.00134312010360346,"mare_seq":[0.0106000672987197,0.00962950713658012,0.00937594020794048,0.00937473603318191,0.00936060978408531,0.00914243876918357,0.00836606598281417,0.00780378566636139,0.00754871083543294,0.006943297021039,0.00681586038303294,0.00646275621400977,0.00597421636185459,0.00593387281786691,0.00574756455094917,0.00571151523725022,0.00541910023495186,0.00527948725011118,0.00481266250260921,0.00471784827448646,0.00443788879703558,0.0034996067969083,0.00342098986164913,0.00310420321830428,0.00278256834861144,0.00260176141668181,0.00220818838344703,0.00196799441823475,0.00183985300656815,0.00183777242961567,0.00182895334250244],"convergence":0,"press_dep":false,"press_rng":[1013.25,1013.25]}}
