{"fa_SeaHawk1_HawkEye_M_band_7":{"type":"annular","coefficients":{"c1":1,"c2":0.142085292816767,"c3":-0.16734328577414,"c4":0.367933252397723,"c5":-5.88086659097445,"c6":-0.892166615652},"mare":0.00288726440198979,"rmse":0.00247827768232268,"mare_seq":[0.0160837782512622,0.0155676046370351,0.0146533224668646,0.0144699539525222,0.0140680246441045,0.0140590125432148,0.0140419619430674,0.0140412742360241,0.0140407678897351,0.0140397462969431,0.0140380012829566,0.0140376157962873,0.0140364298811589,0.0140362449349701,0.014036135603799,0.0140360993362556,0.0140332507967236,0.0140226903162378,0.0138784652989697,0.0138619428828654,0.0134157363982806,0.0132902047819139,0.0106810781486371,0.00845101756076819,0.00831069982619093,0.00636308691614801,0.00608722114860459,0.00586150039286371,0.0045927347862862,0.0035415168223223,0.00288726440198979],"convergence":0,"press_dep":false,"press_rng":[1013.25,1013.25]}}
