{"fa_S3A_OLCI_C_band_15":{"type":"annular","coefficients":{"c1":1,"c2":0.592169150985012,"c3":-0.768624554188683,"c4":0.533824997319008,"c5":-5.27712244541241,"c6":-0.164030336077017},"mare":0.00202468815841914,"rmse":0.00202771174919765,"mare_seq":[0.0230790422050456,0.0225591649912433,0.0139597240804794,0.0139359787237367,0.0135712463393788,0.0134200405667211,0.0131669851724254,0.0131589750876462,0.013154270114005,0.0131492049027565,0.0130686010182403,0.0129427284632308,0.0129114275829766,0.0128896655736065,0.0120031984244884,0.0119565237713077,0.0118892489375659,0.0115263558741489,0.011142096207845,0.0103192276261159,0.010197844622594,0.00776710131571902,0.00714042036253925,0.00706143911683012,0.0051349586998344,0.00509585408394666,0.00406014310412824,0.00298740840903394,0.0027673929807165,0.00228725837326185,0.00202468815841914],"convergence":0,"press_dep":false,"press_rng":[1013.25,1013.25]}}
