{"fa_S3A_OLCI_U_band_13":{"type":"annular","coefficients":{"c1":1,"c2":0.15918173004541,"c3":-0.164951941067796,"c4":0.296121257055881,"c5":-2.89859036475996,"c6":-0.656946997651797},"mare":0.00160573020444105,"rmse":0.00181056650605336,"mare_seq":[0.0154660003925109,0.0101593431373083,0.00937412513739499,0.00899027520468269,0.00891007343683803,0.00887736190181031,0.00884867128985525,0.00850777732516399,0.00840594597682843,0.00834565100165519,0.00776017744157768,0.00721683466777116,0.00721680017548368,0.00719239076916751,0.00652796931321782,0.00595459058134675,0.0057916484309749,0.00473981295799278,0.00470520702373807,0.00465277128330176,0.00445069989248537,0.00388475655371525,0.00376851544301745,0.00375419344001448,0.00347420385277671,0.00259609776449561,0.00220029067774551,0.00208187524666552,0.00206466634167945,0.00173753127663343,0.00160573020444105],"convergence":0,"press_dep":false,"press_rng":[1013.25,1013.25]}}
