{"fa_S2A_MSI_M_band_2":{"type":"annular","coefficients":{"c1":1,"c2":0.145135005374446,"c3":-0.165836045419719,"c4":0.627660827615527,"c5":-0.878073307431943,"c6":-6.9178435814323},"mare":0.00343018707399517,"rmse":0.00273595118304954,"mare_seq":[0.0195094542556302,0.0180612584264262,0.0172594409861682,0.0155358610955724,0.015535203659955,0.0155334553178648,0.0155333855714644,0.015533191129542,0.0155331901946008,0.0155330986148939,0.0155330956633546,0.015533092987369,0.0155330890208272,0.0155330885828346,0.0155330791789078,0.0155330759918097,0.0155330749186143,0.015250047487954,0.0121590994466033,0.0114176241840306,0.0107139071460963,0.0065233463145051,0.00497484397022366,0.00438829109918297,0.00343207272248535,0.00343204110973729,0.00343042026965273,0.00343039814226456,0.00343033140187955,0.0034302166297984,0.00343018707399517],"convergence":0,"press_dep":false,"press_rng":[1013.25,1013.25]}}
