{"fa_S3A_OLCI_M_band_8":{"type":"annular","coefficients":{"c1":1,"c2":0.347093071298962,"c3":-5.77630850868233,"c4":0.184363968258216,"c5":-0.148045213318884,"c6":-0.798149726690835},"mare":0.00205155038931955,"rmse":0.00260968558008772,"mare_seq":[0.0164177295616496,0.0158155786185233,0.0155778477386312,0.0150844589015124,0.0141695627939797,0.013948552529872,0.0139449687077731,0.0139426197576751,0.0139425964079741,0.0137876270768725,0.0136873315306625,0.0135221480866091,0.0134986749008657,0.0134909593481034,0.0134809248934972,0.0134746227335497,0.0134492447361977,0.0134483171082248,0.0134450983724534,0.0131482077650115,0.0126691501189001,0.0125871970274909,0.0101795362406149,0.0082780420223151,0.00728043765367243,0.0070750149121135,0.00624181257855409,0.00527710611777281,0.0027164157636461,0.00248504782761273,0.00205155038931955],"convergence":0,"press_dep":false,"press_rng":[1013.25,1013.25]}}
