{"fa_S2C_MSI_C_band_6":{"type":"annular","coefficients":{"c1":1,"c2":0.593477944127863,"c3":-0.776594392973173,"c4":0.523489196105502,"c5":-5.15781442717671,"c6":-0.16560721401724},"mare":0.00315573552336293,"rmse":0.0020872539243654,"mare_seq":[0.0141127550819678,0.0141127349055189,0.0141127312127088,0.0141127246290305,0.0131453493178881,0.0121119044713927,0.00898583615452474,0.00863223098926617,0.00842790331595523,0.00840169304857388,0.0068502699518597,0.00645271363849724,0.00567421247326444,0.00382918375731305,0.00345294001876674,0.00320957910638705,0.00316668170655822,0.00316354043301544,0.00315616470671168,0.00315598203660316,0.0031559711217507,0.00315596932017765,0.00315596826892211,0.00315593532883249,0.00315589860724573,0.00315584671321716,0.00315580044026395,0.00315576087645616,0.00315575054192765,0.0031557484655617,0.00315573552336293],"convergence":0,"press_dep":false,"press_rng":[1013.25,1013.25]}}
