{"fa_S3B_OLCI_U_band_18":{"type":"annular","coefficients":{"c1":1,"c2":0.204485822603989,"c3":-3.3310927247344,"c4":0.766347441010699,"c5":-0.720993706937744,"c6":-0.181428679294953},"mare":0.00144441446863074,"rmse":0.00142160854106305,"mare_seq":[0.0670009306018404,0.00899176599796611,0.00891680248049529,0.00890730861366364,0.00890132339591961,0.00888456087667185,0.00878676811840441,0.00870427296906586,0.00856254719855296,0.00773217013949963,0.00732334283828927,0.00727337163596222,0.00677424037949448,0.00629868147224333,0.00625219814040507,0.00533502946911814,0.00500377823914427,0.00431416372276077,0.00378038705534545,0.00374668569695474,0.00364423418559975,0.00349368571896873,0.00319504422682666,0.00283799469379573,0.00228951270005771,0.00211212598736131,0.00194359748047689,0.0019357972114514,0.0015066993299652,0.00147263734492112,0.00144441446863074],"convergence":0,"press_dep":false,"press_rng":[1013.25,1013.25]}}
