{"fa_S3B_OLCI_U_band_7":{"type":"annular","coefficients":{"c1":1,"c2":0.606228182816717,"c3":-0.667675428099804,"c4":0.604782186750691,"c5":-3.02954408729966,"c6":-0.163258761174833},"mare":0.00154109502208745,"rmse":0.00165556644471562,"mare_seq":[0.0126549635970809,0.0096170594770952,0.00912035617606146,0.0089296697399578,0.008903666848395,0.00889951241475227,0.00889164822229311,0.00888978288664,0.00887979612015452,0.0087974504254349,0.00839014392120449,0.00836589234590463,0.0082883121307051,0.00717823383420052,0.00683595658647917,0.00661545807418939,0.00579308445337018,0.00559062715782579,0.00549698068677219,0.00470818049498801,0.00419482678276461,0.00387621488325082,0.00338183354095313,0.00321059638301117,0.00302538792356281,0.00247231381929078,0.00211627382722599,0.00206507261414062,0.00187439236342575,0.00173038990134539,0.00154109502208745],"convergence":0,"press_dep":false,"press_rng":[1013.25,1013.25]}}
