{"fa_S3B_OLCI_U_band_4":{"type":"annular","coefficients":{"c1":1,"c2":0.260818963864807,"c3":-2.89149186418827,"c4":0.794707429052757,"c5":-0.668769415207529,"c6":-0.162111530644868},"mare":0.00158072492337971,"rmse":0.0017032111147444,"mare_seq":[0.00997111772446138,0.0092884046942797,0.00924070180889366,0.00896456149139177,0.00895270584844305,0.00894397567833219,0.00893201958601409,0.00893098465730885,0.00891736857337522,0.00883836427979771,0.00882742919806501,0.0085733795725447,0.00853031690657879,0.00817495174641168,0.0079888885451093,0.00795983386133717,0.00750153345234324,0.0056517245887017,0.0050012992085869,0.00449162077752959,0.00425407373887598,0.00423877772082684,0.00383647458546602,0.00372542710222763,0.0029664161834879,0.00264563681324565,0.00256930364545611,0.00231222565018154,0.00214355226430178,0.00212191803325862,0.00158072492337971],"convergence":0,"press_dep":false,"press_rng":[1013.25,1013.25]}}
