{"fa_S3B_OLCI_C_band_4":{"type":"annular","coefficients":{"c1":1,"c2":0.130425614770508,"c3":-0.131168518074227,"c4":0.352430522077897,"c5":-3.62483207865595,"c6":-0.616046840197011},"mare":0.00291461942906206,"rmse":0.00392520446408236,"mare_seq":[0.0587629541694971,0.0130120562299111,0.0124648063663658,0.0124626148815272,0.0124621661577489,0.0124605231198294,0.0124520574455596,0.0124435903784867,0.0120917092181356,0.0120664248121192,0.0117687565572718,0.0116268806717261,0.0108430962463556,0.0107170078415318,0.00972579604968372,0.00925945632120975,0.0091129494722321,0.00903433736071512,0.00859240964171489,0.00853406425402527,0.00803310396862934,0.0073296828699863,0.00705609608853474,0.00684983509206889,0.00569181084360046,0.00549544094806788,0.00495876571965234,0.0037620023680723,0.00365022034202569,0.00293330303206155,0.00291461942906206],"convergence":0,"press_dep":false,"press_rng":[1013.25,1013.25]}}
