{"fa_S3B_OLCI_C_band_1":{"type":"annular","coefficients":{"c1":1,"c2":0.542077488236702,"c3":-0.625738660338317,"c4":0.710295019210683,"c5":-2.81393554902834,"c6":-0.135944318831996},"mare":0.0030871764799319,"rmse":0.00296716867589484,"mare_seq":[0.0128523070997331,0.0123210042017476,0.0123016802284405,0.0122956732098385,0.0122862442094121,0.0122602526514527,0.0122544785541045,0.0122536362673287,0.0122520299393342,0.0122513773596626,0.0121914982252022,0.0121789767388582,0.0120580088553772,0.011849532048827,0.0117041905467548,0.010273410625388,0.00849037011754873,0.00829006559154704,0.00793006839891848,0.00768804581114195,0.00725004691267432,0.0071686729074294,0.00700881386013181,0.00538951940005638,0.00527601623248999,0.00506931806146166,0.00494675006071609,0.00482928909386794,0.00437077757475242,0.00369013724971155,0.0030871764799319],"convergence":0,"press_dep":false,"press_rng":[1013.25,1013.25]}}
