{"fa_S2B_MSI_C_band_12":{"type":"annular","coefficients":{"c1":1,"c2":0.302508837225554,"c3":-5.32608663580184,"c4":0.781482058277154,"c5":-0.880231955865044,"c6":-0.186300572332282},"mare":0.00269424310756893,"rmse":0.00206639736837054,"mare_seq":[0.0175878218735471,0.0126345526136323,0.0126329150048548,0.0126327721303869,0.0126327366659398,0.0126327282089317,0.0126327203013179,0.012632717585076,0.0126327169682148,0.0118519059425211,0.0101697651484158,0.00901317768153524,0.00856515559729599,0.00827320550924274,0.00819300925705479,0.00807715147625711,0.0076327041054179,0.00709686194761878,0.00511753525714613,0.0036393540480492,0.00338725864978344,0.00274436319497593,0.00269870240165558,0.00269503604890984,0.00269465168089584,0.00269463293675709,0.00269454869248458,0.00269429665900551,0.00269428537104836,0.00269425409737654,0.00269424310756893],"convergence":0,"press_dep":false,"press_rng":[1013.25,1013.25]}}
