{"fa_S2B_MSI_M_band_11":{"type":"annular","coefficients":{"c1":1,"c2":0.32247722243494,"c3":-4.69080340580327,"c4":0.181345631587056,"c5":-0.166522138215908,"c6":-0.880223833340835},"mare":0.00260474165082011,"rmse":0.00200039889717614,"mare_seq":[0.0122574377169697,0.0122563594177958,0.0122561094589911,0.0122560943841165,0.0122560654465449,0.0122560408554247,0.01225602046814,0.0122560193429717,0.012256016931505,0.0122553773323373,0.0109808932395369,0.0106917168706253,0.0105347790350679,0.00928827085594364,0.00902991725200633,0.0079677553067853,0.0079537346990187,0.00737107309433911,0.00669788806085256,0.00666241216054399,0.00478368880587083,0.00413497556304439,0.00388437140599018,0.00331695982610036,0.00317341911485941,0.00292978141613494,0.00287616721399182,0.00260511977710878,0.00260503152958738,0.00260476360053177,0.00260474165082011],"convergence":0,"press_dep":false,"press_rng":[1013.25,1013.25]}}
