{"fa_S2A_MSI_M_band_13":{"type":"annular","coefficients":{"c1":1,"c2":0.108974499248501,"c3":-0.185573788536727,"c4":0.363245976370575,"c5":-4.20596368845892,"c6":-0.915373522453022},"mare":0.00212498873172859,"rmse":0.00164274280485319,"mare_seq":[0.0407867925037267,0.0100683798079437,0.0100683257733013,0.0100682593424681,0.0100682427302827,0.0100682414145487,0.0100682345925947,0.0100682309115721,0.0100610546543174,0.00965121692587821,0.00934918243357274,0.00904266322972944,0.00749832793070202,0.00747245025842589,0.00745998980605739,0.00622940989251092,0.00565522371327596,0.0048578251638673,0.00485273878333266,0.00353454366377085,0.00225076767042593,0.00216356099618925,0.00213472231667408,0.00212559836445002,0.00212546288418358,0.00212539414468776,0.00212507137264323,0.00212506772739057,0.00212503277478438,0.00212501373548714,0.00212498873172859],"convergence":0,"press_dep":false,"press_rng":[1013.25,1013.25]}}
