{"fa_S2B_MSI_U_band_7":{"type":"annular","coefficients":{"c1":1,"c2":0.211735617409298,"c3":-3.0670997349328,"c4":0.768336326743977,"c5":-0.713710125389587,"c6":-0.177881698398359},"mare":0.00188260920392215,"rmse":0.00117318786212674,"mare_seq":[0.0110851312830048,0.00963358296183429,0.00949053513181251,0.00949052769095303,0.00949052751098196,0.0094905272792836,0.0094905265166018,0.00948278909979998,0.00946459645395704,0.00932232296524581,0.00898107148247836,0.00884960621368115,0.00717738583787308,0.00694015110520214,0.00597432105807928,0.00511944730801572,0.00419716963383476,0.00346802072623959,0.00336709193842941,0.00308500938593604,0.00292008346936654,0.00219610190276932,0.00210274053433818,0.00200956593404444,0.00197601001384108,0.00190381179083733,0.00188998528820767,0.00188266364880141,0.00188262779762244,0.00188261279632839,0.00188260920392215],"convergence":0,"press_dep":false,"press_rng":[1013.25,1013.25]}}
