{"fa_S2B_MSI_M_band_12":{"type":"annular","coefficients":{"c1":1,"c2":0.321109731386148,"c3":-4.42301395456058,"c4":0.826155761520099,"c5":-0.881272778122449,"c6":-0.167787387743716},"mare":0.00243358981222059,"rmse":0.00185654256124681,"mare_seq":[0.0127006612319437,0.01164083778558,0.0116408104856587,0.0116408060493145,0.011640805100545,0.0116407988746674,0.0116407962187838,0.0116407957628269,0.0116407904653067,0.0116407895955815,0.0116407887172865,0.011640360178364,0.0116372020773634,0.0116086179109317,0.00941544226507065,0.00825025394976114,0.00814465130511512,0.00628434604854309,0.00626842700760872,0.00609875233273411,0.00331383271364345,0.00330007752919282,0.00243692394869127,0.00243464906361717,0.00243370702358758,0.00243367477779852,0.00243362955749683,0.00243360893624202,0.00243360355941686,0.00243359931659985,0.00243358981222059],"convergence":0,"press_dep":false,"press_rng":[1013.25,1013.25]}}
