{"fa_S3A_OLCI_U_band_3":{"type":"annular","coefficients":{"c1":1,"c2":0.59980894691035,"c3":-0.795635162419339,"c4":0.493623523363224,"c5":-3.39118956050482,"c6":-0.192824708440735},"mare":0.00165980772515533,"rmse":0.0014779945124527,"mare_seq":[0.0101748996222986,0.00951815053961747,0.0090401954193374,0.00895752877743597,0.00895504059784532,0.00895334364394109,0.00895303150640833,0.00894732796776627,0.00894725283068067,0.0089472022966568,0.0088986387659616,0.00889417574832621,0.00887404451985286,0.00878035701799268,0.00777885874304667,0.005253186112053,0.00469063886963741,0.00438247378557428,0.00437387281544791,0.00424817996934992,0.00387870891583948,0.00350816930907152,0.00341820982398923,0.00323515138707638,0.00314221823901706,0.0029534484449848,0.00261037590362754,0.00246650693532058,0.00190191537825504,0.00166976442376823,0.00165980772515533],"convergence":0,"press_dep":false,"press_rng":[1013.25,1013.25]}}
