{"fa_S2C_MSI_M_band_7":{"type":"annular","coefficients":{"c1":1,"c2":0.324369456022789,"c3":-5.72415310427404,"c4":0.798561025139498,"c5":-0.872625711744481,"c6":-0.163674623728499},"mare":0.00308998251048352,"rmse":0.00241498454182672,"mare_seq":[0.0173928584798173,0.0142542361022905,0.0142068586174203,0.0141936053331469,0.0141925579667233,0.0141925065471064,0.0141920700797483,0.0141920568552756,0.014192043067962,0.0141920346030204,0.0141920296594304,0.014192027689363,0.0123485492409342,0.0115208930920882,0.0103039250433067,0.00947437430118228,0.0094184614062754,0.00868051873751703,0.00837637852885025,0.00749805969005854,0.00574881025226566,0.00406018268905455,0.00360098475271806,0.00357373220782488,0.00313965580810084,0.0031325316067792,0.00311947583242054,0.00309248033302825,0.00309155042511881,0.00309148855984595,0.00308998251048352],"convergence":0,"press_dep":false,"press_rng":[1013.25,1013.25]}}
