{"fa_S3A_OLCI_M_band_17":{"type":"annular","coefficients":{"c1":1,"c2":0.346289580563608,"c3":-5.30850372225297,"c4":0.19246837033203,"c5":-0.157355605545834,"c6":-0.829296026299137},"mare":0.00195559697048021,"rmse":0.00237708281784969,"mare_seq":[0.0132734553749837,0.0132289377093465,0.0132277039911642,0.013136256033561,0.0130371195903867,0.0130110334507772,0.0128061683082957,0.0127936177317322,0.0127698394538445,0.0127686145743006,0.0127531566967821,0.0124658153868446,0.0124455063447584,0.0123865117774397,0.0123098902914677,0.0118219225932058,0.0102892953279219,0.0101882777186471,0.00968762862375487,0.00962935607063461,0.00808711890141508,0.00757440253916976,0.00738463120711777,0.00675841225232698,0.00605108924286056,0.00533379434595581,0.00404803123510755,0.00402023177935705,0.00401571077737343,0.00216360686619672,0.00195559697048021],"convergence":0,"press_dep":false,"press_rng":[1013.25,1013.25]}}
