{"fa_S2A_MSI_C_band_3":{"type":"annular","coefficients":{"c1":1,"c2":0.604069328871129,"c3":-0.776651915972342,"c4":0.475876952208542,"c5":-0.163782687760974,"c6":-4.92461441844253},"mare":0.00319675936550588,"rmse":0.00208265714023715,"mare_seq":[0.0136745533945571,0.0136745489373941,0.0136745355944252,0.0136745345401866,0.0136745340745122,0.0136745284176883,0.0136646983086497,0.0108346266739743,0.00932202953679016,0.00861808489158755,0.00842555964274147,0.00832830946690222,0.00828633825384253,0.00744874150815947,0.00738781925258575,0.00671972912376172,0.00592495852708409,0.00382476013117977,0.00352578585616716,0.00332546638309434,0.00329035152968896,0.00321121363322366,0.00320216199929601,0.00319858415079302,0.00319699032902491,0.00319699022962278,0.00319696343354385,0.00319684286279992,0.00319681324448787,0.00319677208567595,0.00319675936550588],"convergence":0,"press_dep":false,"press_rng":[1013.25,1013.25]}}
