{"fa_S3B_OLCI_M_band_3":{"type":"annular","coefficients":{"c1":1,"c2":0.115680199008663,"c3":-0.144974198509763,"c4":0.498983497004601,"c5":-0.694327392574917,"c6":-3.26223548052305},"mare":0.00561914857858621,"rmse":0.00886331666722474,"mare_seq":[0.0172626553056999,0.0169739712556708,0.0159630445047578,0.0156448056241172,0.0151033572120877,0.0149586407210606,0.0149035181483053,0.0144102186990541,0.0143672146431154,0.0143347936693665,0.0143313766753755,0.014327830634041,0.0143215817575608,0.0143186201611881,0.0143144745210503,0.0143141604899289,0.0143100224370739,0.0138951665487535,0.013821887838069,0.0123442535786693,0.012240833903113,0.0108674016046753,0.00988214359083127,0.00946289049119699,0.00784634023193104,0.00739984578180743,0.00739361339140299,0.00674577720235536,0.00652316717435491,0.0057211349250085,0.00561914857858621],"convergence":0,"press_dep":false,"press_rng":[1013.25,1013.25]}}
