{"fa_S3B_OLCI_C_band_13":{"type":"annular","coefficients":{"c1":1,"c2":0.236303494330102,"c3":-4.62322764936901,"c4":0.746957502824095,"c5":-0.757327421283523,"c6":-0.165287856452401},"mare":0.00232236684088925,"rmse":0.0021012734289966,"mare_seq":[0.0135565532897449,0.0132510591331867,0.0132358770706953,0.0131608649913665,0.0131490204038229,0.0131374900859508,0.0129402791344338,0.0127744162160322,0.0123229011721323,0.00924046764370966,0.00915569610911335,0.00908618310358121,0.00837259258740972,0.00831641514991673,0.00809032638313134,0.00780990218802829,0.00756836217398456,0.00655837822163027,0.0064985367401973,0.0062445086202535,0.00604074609258635,0.00558775306717981,0.0051141513355944,0.00505281632713997,0.0050402823111396,0.00444188227120637,0.00386279247093426,0.00378031217794929,0.00343535125882766,0.00296080539410617,0.00232236684088925],"convergence":0,"press_dep":false,"press_rng":[1013.25,1013.25]}}
