{"fa_S2A_MSI_U_band_1":{"type":"annular","coefficients":{"c1":1,"c2":0.231315843440163,"c3":-3.05130198546514,"c4":0.22339686032223,"c5":-0.175359635823157,"c6":-0.725057947820347},"mare":0.00190259540847018,"rmse":0.00121034155241007,"mare_seq":[0.00953000753929198,0.00953000276948496,0.0095299681871263,0.00952995764023403,0.00952995561557075,0.00952995088699721,0.00952942926829444,0.00936680848469922,0.00716860712017256,0.00662550266806197,0.00660968351015717,0.00650622527205162,0.00616632488470981,0.00576940960645971,0.00498811470087176,0.003952667641404,0.00288394606665432,0.00218347336705722,0.00218111287225926,0.0021198747479615,0.00200568155002777,0.00199799924320486,0.00194402867170405,0.00190436533346939,0.0019036722736454,0.00190305059580865,0.00190271243818429,0.00190267431207194,0.0019026225648918,0.00190260858264699,0.00190259540847018],"convergence":0,"press_dep":false,"press_rng":[1013.25,1013.25]}}
