{"fa_S2B_MSI_M_band_5":{"type":"annular","coefficients":{"c1":1,"c2":0.322422587661958,"c3":-6.03338521092536,"c4":0.793221870662011,"c5":-0.876175869610654,"c6":-0.164907509557036},"mare":0.00317886906122233,"rmse":0.00250447720672335,"mare_seq":[0.0566487795067991,0.0171348968876263,0.0168601476328204,0.0145588652450459,0.0145374561565836,0.0145373243164293,0.0145368531359684,0.0145368421392657,0.0145368398565552,0.0145367857902907,0.0145367848556512,0.0145367796459517,0.0145367744942601,0.0145367734437835,0.0145367699031912,0.0117248571775255,0.00849585769605622,0.00837006556841173,0.0076376896299151,0.00618459653897802,0.00544934707823151,0.00387811048291154,0.00387259354955466,0.00323756216469261,0.00318016495997532,0.00317965736265719,0.0031792734266941,0.00317897091388855,0.00317897076210267,0.00317891877472941,0.00317886906122233],"convergence":0,"press_dep":false,"press_rng":[1013.25,1013.25]}}
