{"fa_SeaHawk1_HawkEye_C_band_3":{"type":"annular","coefficients":{"c1":1,"c2":0.20969620503018,"c3":-4.78920589930314,"c4":0.231230466580115,"c5":-0.162121190119793,"c6":-0.773518577929954},"mare":0.00291158383608752,"rmse":0.00211952313930667,"mare_seq":[0.0169027506914067,0.0137677910623426,0.0135672652990076,0.0134144117062838,0.0133161358529792,0.013314991413728,0.0132703288952674,0.013242918264673,0.0132428929088578,0.0110143656050263,0.0104189006062433,0.00993382665754618,0.00986534360769137,0.0096793957071143,0.00946762215342734,0.00945201375373517,0.00907996180987753,0.00875752443337391,0.00871641472789442,0.00779497901862604,0.00770678870477429,0.00745842619625649,0.00668390416348807,0.00532740184727065,0.0050562678004314,0.00504358391194013,0.00495457508164369,0.0044111958614487,0.00437500382235766,0.00294632020180644,0.00291158383608752],"convergence":0,"press_dep":false,"press_rng":[1013.25,1013.25]}}
