{"fa_S2B_MSI_U_band_8":{"type":"annular","coefficients":{"c1":1,"c2":0.184737029677757,"c3":-0.179887259545317,"c4":0.254129290691775,"c5":-3.14681988864054,"c6":-0.719365791596483},"mare":0.00189881440378521,"rmse":0.00119858783941309,"mare_seq":[0.00951183714909458,0.00951179887446205,0.00951178558970334,0.00951178324868361,0.00951178176972794,0.00951178167044934,0.00951175348919798,0.00951132694225346,0.00939434783369811,0.00829576731175195,0.00620577890669558,0.00530835479215229,0.00437788958865758,0.00422303596688712,0.00420334278093762,0.00409012619332606,0.00393469721816597,0.00319663509550748,0.00308516375461488,0.00262946499345814,0.00225947550249269,0.00212473079550169,0.00207035371125808,0.00200523388227101,0.00197474968029782,0.00191181946879785,0.00190023287281541,0.00189932760310837,0.00189904159554829,0.00189881991931363,0.00189881440378521],"convergence":0,"press_dep":false,"press_rng":[1013.25,1013.25]}}
