{"fa_S2B_MSI_C_band_7":{"type":"annular","coefficients":{"c1":1,"c2":0.194878993467951,"c3":-0.166905387621386,"c4":0.265213133104804,"c5":-5.30939057443218,"c6":-0.781332578630643},"mare":0.00314791292687822,"rmse":0.00212374549194946,"mare_seq":[0.0141885343270036,0.014187535824767,0.0141875050642209,0.0141875008891415,0.0141874985262532,0.0133983080724064,0.010616202499868,0.00966012915864595,0.00949104998749279,0.00806994510834277,0.00769560460366125,0.00753317246404366,0.0065146815893938,0.00632082271710706,0.00593907836056115,0.00541129131801647,0.00365971888148188,0.00357872494943829,0.00356237660263225,0.00353003651446913,0.00321603208949784,0.00321542433213863,0.00319348187126792,0.00315208996001325,0.00315161946524472,0.00315090551366125,0.00315046390339555,0.00314860177464012,0.00314844264316746,0.00314841461516743,0.00314791292687822],"convergence":0,"press_dep":false,"press_rng":[1013.25,1013.25]}}
