{"fa_SD_00_M_band_7":{"type":"annular","coefficients":{"c1":1,"c2":0.537986839225299,"c3":-0.873230471403373,"c4":0.699236543961951,"c5":-5.99787979399451,"c6":-0.163944794066247},"mare":0.00317281841348779,"rmse":0.00249528635309586,"mare_seq":[0.0566502795827876,0.0180991955513311,0.0145554312582391,0.0145554298937126,0.0145554288550033,0.0145554214818504,0.0145554194233976,0.0145554186915769,0.0145554184572946,0.0145554167692536,0.0142499674272742,0.0115489732550414,0.0105847101385473,0.0105732748478276,0.00966540496334417,0.0096098811584147,0.00911056750141688,0.00901736839054266,0.00708257764967785,0.00322912623405945,0.00318145965685199,0.00318016748701626,0.00317288147707246,0.00317285314192593,0.00317284585276748,0.00317283331570393,0.00317283166840558,0.00317282685400947,0.00317281991930273,0.00317281957110591,0.00317281841348779],"convergence":0,"press_dep":false,"press_rng":[1013.25,1013.25]}}
