{"fa_S2B_MSI_M_band_4":{"type":"annular","coefficients":{"c1":1,"c2":0.140647960476061,"c3":-0.164773626826857,"c4":0.626401112143007,"c5":-0.876219404591462,"c6":-6.15980420526796},"mare":0.00320984443088834,"rmse":0.00253039927062437,"mare_seq":[0.0154551623077887,0.0147076987541081,0.0147076194722879,0.0147075923012123,0.0147075844850282,0.0147075831704474,0.0147075729604174,0.0147075704647046,0.0147075692414054,0.0147075668550408,0.0147075648970491,0.0147075648302129,0.0122850264058738,0.0122528030941935,0.0119088591714496,0.0113427781072526,0.0112197204715138,0.0095232598868843,0.00918958322289401,0.00814325770655333,0.00705021711675977,0.00607812559991776,0.00401937848810994,0.00374497087161804,0.00374027510768561,0.00343994906693868,0.00325268177016619,0.00320999414920995,0.00320997344357117,0.00320995346275858,0.00320984443088834],"convergence":0,"press_dep":false,"press_rng":[1013.25,1013.25]}}
