{"fa_S3B_OLCI_U_band_6":{"type":"annular","coefficients":{"c1":1,"c2":0.555210970517555,"c3":-0.608523656826849,"c4":0.307277673779821,"c5":-0.152969448690615,"c6":-2.31401324217867},"mare":0.00181931510256392,"rmse":0.00142678102909042,"mare_seq":[0.0112425657724053,0.0110133558936068,0.0100070409268164,0.00922433839349141,0.00899469170454706,0.00894524266707636,0.00890899519220428,0.00890587782027688,0.00890471650997141,0.00890211927815331,0.00889240749587206,0.00887296483982774,0.00871940407680534,0.00868302783410716,0.00793967513034371,0.00749841082851713,0.00718413418336744,0.00714771532736018,0.00647639481476332,0.00616897005291637,0.00558862559753318,0.00511289964969461,0.00477742859875515,0.00455101180552327,0.00449152166790348,0.00397399243205632,0.00382438998976728,0.00335905011827834,0.00322274557114957,0.00231325434891177,0.00181931510256392],"convergence":0,"press_dep":false,"press_rng":[1013.25,1013.25]}}
