{"fa_S3A_OLCI_M_band_3":{"type":"annular","coefficients":{"c1":1,"c2":0.37033336950507,"c3":-4.97676689685033,"c4":0.788882864163758,"c5":-0.798961066926571,"c6":-0.157844251993239},"mare":0.00321033934945711,"rmse":0.0037798660835229,"mare_seq":[0.0177228788651315,0.0168179112980543,0.0167467347979794,0.016509908791115,0.0155433200525379,0.0150638025327057,0.0148900604522127,0.0148091457060708,0.0147630326222357,0.0145513587279198,0.014525875890418,0.0144479771615403,0.0144309321344747,0.0144272001764722,0.0143686439772512,0.0143182442953525,0.0143139598652514,0.0141572789960297,0.0137936612622771,0.0127805208417169,0.0123013572609885,0.0103729203713933,0.00963655584507443,0.00915452946731747,0.00910658935558402,0.00885023214314378,0.00783830335439265,0.00707784277842534,0.00514128598539089,0.00407075256999558,0.00321033934945711],"convergence":0,"press_dep":false,"press_rng":[1013.25,1013.25]}}
