{"fa_SD_00_M_band_2":{"type":"annular","coefficients":{"c1":1,"c2":0.146148164171457,"c3":-0.166737911221286,"c4":0.629579210537354,"c5":-0.883360036773617,"c6":-6.99451270931077},"mare":0.00344165110477531,"rmse":0.00274069235626447,"mare_seq":[0.0171701961757121,0.0155151543698382,0.0155151495047482,0.0155151408403099,0.0155151382762241,0.0155151380135231,0.0155151353898447,0.0155151312915897,0.0155151308249195,0.015297159383881,0.0142677022753792,0.0139137353814766,0.0116229356025881,0.0112372167169971,0.011207284397814,0.0111914613006295,0.00761275628145351,0.00493796093906281,0.00467835256298579,0.00344766944483196,0.00344409156938762,0.00344302651668854,0.00344183268212666,0.00344175990552959,0.00344171026322264,0.00344168469371898,0.00344165277110833,0.00344165254894243,0.00344165232596066,0.00344165219278343,0.00344165110477531],"convergence":0,"press_dep":false,"press_rng":[1013.25,1013.25]}}
