{"fa_S2A_MSI_U_band_11":{"type":"annular","coefficients":{"c1":1,"c2":0.20022735097971,"c3":-3.79424913776,"c4":0.245800585514129,"c5":-0.201342395060207,"c6":-0.771206791667669},"mare":0.00206380865995583,"rmse":0.00135029087246774,"mare_seq":[0.00988110066479299,0.00988108351215414,0.00988107596080848,0.00988104613363295,0.00988103518085351,0.00988103392645774,0.00988103286002906,0.0098810327772586,0.00988103160417604,0.00988102982488428,0.00988047813385545,0.00985700228741549,0.00959007141897304,0.00862824560072984,0.00736913703252404,0.0066271913824474,0.00554072973998174,0.00506345296300925,0.00373140540672619,0.00338707034177593,0.00255404123041788,0.00242059018017858,0.00207106904786562,0.00207053695574749,0.00206603902502449,0.00206532040042325,0.00206465218249048,0.00206401845871028,0.00206388849488889,0.0020638533459996,0.00206380865995583],"convergence":0,"press_dep":false,"press_rng":[1013.25,1013.25]}}
