{"fa_S3B_OLCI_U_band_5":{"type":"annular","coefficients":{"c1":1,"c2":0.620684999040006,"c3":-0.809001365440344,"c4":0.452163568167592,"c5":-3.7889625651084,"c6":-0.193362649682479},"mare":0.00156916028579457,"rmse":0.00156188179299852,"mare_seq":[0.0113151868144965,0.0112263557883373,0.0105163593932537,0.00930614116818077,0.00915488437326756,0.00913367378309059,0.00912148252923011,0.00901425685238793,0.00898200670270986,0.00895586821387373,0.00894046784565437,0.00893973215882066,0.00892634579398109,0.00892599913606511,0.0088162668774277,0.00843649138839837,0.00843445801439037,0.00779702453370176,0.00639492705551267,0.00639306576102281,0.00604039273722686,0.0046447324049334,0.00447244784326123,0.004363548959783,0.00391126220342527,0.0033983604682597,0.00288282429199403,0.00273524295270976,0.00264523468407098,0.00178529199349192,0.00156916028579457],"convergence":0,"press_dep":false,"press_rng":[1013.25,1013.25]}}
