{"fa_S2A_MSI_C_band_6":{"type":"annular","coefficients":{"c1":1,"c2":0.593820638556,"c3":-0.77591085427311,"c4":0.476008990942646,"c5":-0.165387698009634,"c6":-5.15408231583344},"mare":0.00314306584118114,"rmse":0.00207749567935855,"mare_seq":[0.0141268055486031,0.0141265854978643,0.0141265815825621,0.0141265763971464,0.0141265761621837,0.0141265702989111,0.0141189298914458,0.013859087000389,0.0138122735702698,0.0100825100378478,0.00988074719261444,0.00849016821874775,0.00800043364268684,0.00763215593386801,0.00703203895813464,0.00629759906592094,0.00484093427632599,0.0045256859155045,0.00450848205790338,0.00431110382560006,0.00327177600819641,0.00321546544046223,0.00314806814140545,0.00314372029059418,0.00314350990272449,0.00314314649931891,0.00314312307137145,0.00314311587839041,0.00314307195424758,0.00314306726031642,0.00314306584118114],"convergence":0,"press_dep":false,"press_rng":[1013.25,1013.25]}}
