{"fa_S3A_OLCI_U_band_6":{"type":"annular","coefficients":{"c1":1,"c2":0.603775984066196,"c3":-0.653007110286757,"c4":0.368703372409595,"c5":-0.158307411986585,"c6":-2.97066676307324},"mare":0.00164848298974852,"rmse":0.00182198680806754,"mare_seq":[0.0709063231230409,0.0296447878501984,0.0225047598230418,0.0100640207516608,0.00920407005460863,0.00891117296168453,0.00888169931015168,0.0088808996307803,0.00887573069279255,0.00882062992989955,0.00857086176447575,0.00841658246897132,0.00833917506387907,0.00818746187887096,0.00798433012462089,0.00772867198428744,0.00737346634487279,0.00730052212730948,0.00715751206727118,0.00474225995015274,0.00467711881826745,0.00450720845192919,0.00437537736547951,0.00425379520182027,0.00396778613809027,0.00365907002026013,0.00215497402204233,0.00198635583355234,0.00191695541805666,0.00166432338160512,0.00164848298974852],"convergence":0,"press_dep":false,"press_rng":[1013.25,1013.25]}}
