{"fa_S3A_OLCI_C_band_1":{"type":"annular","coefficients":{"c1":1,"c2":0.305711155548949,"c3":-2.93932839142251,"c4":0.795342445423985,"c5":-0.657155428165489,"c6":-0.141769476002289},"mare":0.00298001917743802,"rmse":0.00283372552006603,"mare_seq":[0.0146808537744324,0.0130527555078636,0.0126274580488661,0.012354806501537,0.0122487759223836,0.0122474559082934,0.0122466374859919,0.0122457196637405,0.0122456893558035,0.0121847690803519,0.0121183865889042,0.0116543068818772,0.0110341479217415,0.0106567805653534,0.010457909427694,0.00985598813868066,0.00916936442565745,0.00881070912711696,0.00776350337870295,0.00666707994120271,0.00640008443398536,0.00609775917019806,0.00592587518100363,0.00545819063348036,0.00536618797452245,0.00520034342379712,0.00517543334619232,0.00462742373696837,0.0042522440987482,0.00373356150589727,0.00298001917743802],"convergence":0,"press_dep":false,"press_rng":[1013.25,1013.25]}}
