{"fa_S2C_MSI_M_band_1":{"type":"annular","coefficients":{"c1":1,"c2":0.314970905529481,"c3":-7.33380197223785,"c4":0.785487256995465,"c5":-0.88691292910919,"c6":-0.16732079084174},"mare":0.00350627225785352,"rmse":0.0028278324958324,"mare_seq":[0.0586232208073935,0.0166396611627485,0.0157268685890503,0.0157266444582993,0.0157266172899116,0.0157266101580785,0.0157265985066342,0.0157265928809647,0.0157265853847287,0.0157265837424389,0.0157265824545782,0.0151486595063878,0.0147020211267916,0.0143703854784158,0.0131121677921118,0.0125952885109627,0.0096148624610306,0.00936825240453855,0.00510025282396852,0.00427040471964759,0.00403718907676492,0.00358405443187652,0.00351210515122088,0.00350784318317306,0.00350777616311184,0.00350739912749513,0.00350738453407131,0.00350628872976145,0.00350628502176728,0.00350628161442812,0.00350627225785352],"convergence":0,"press_dep":false,"press_rng":[1013.25,1013.25]}}
