{"fa_S3B_OLCI_M_band_2":{"type":"annular","coefficients":{"c1":1,"c2":0.343359340933218,"c3":-6.68714846057989,"c4":0.802400721038019,"c5":-0.814400678530249,"c6":-0.154344586529133},"mare":0.00204409930999902,"rmse":0.00253537291947223,"mare_seq":[0.0570547077552853,0.0165625340228151,0.0156764544518253,0.0150987814109764,0.0150324600661993,0.0148976597386265,0.0147187369342892,0.0147088517671874,0.0144435714869941,0.0144429020992827,0.014438109523956,0.0141748418619094,0.0138296080103087,0.0138043480628387,0.0127312412574162,0.0126334965268245,0.01134326326186,0.0103573951331128,0.00993158229247714,0.00966428302542257,0.00959487119120819,0.00885231040829379,0.00798373833482964,0.00747266485167427,0.00707032299684714,0.00662955787358682,0.00643473769157406,0.00620333410687222,0.00562638683558504,0.0023759132450468,0.00204409930999902],"convergence":0,"press_dep":false,"press_rng":[1013.25,1013.25]}}
