{"fa_S2A_MSI_U_band_2":{"type":"annular","coefficients":{"c1":1,"c2":0.600921442818975,"c3":-0.722975613677739,"c4":0.564364243858652,"c5":-3.05496239274114,"c6":-0.17522173410581},"mare":0.00189578309357729,"rmse":0.00120781261201427,"mare_seq":[0.0511027832005192,0.00951173660853862,0.00951171436859625,0.00951171272061403,0.00951171248591126,0.00951170867144914,0.00911319191603866,0.00643899295439584,0.0047747104975277,0.00437196271355871,0.0035663626451803,0.00319554843481177,0.00254502145720528,0.00235317522780259,0.00200743716149498,0.00196134685156233,0.00190734755634136,0.00190071724468361,0.00189955341456547,0.0018968877083236,0.00189680885553552,0.00189679268046801,0.00189642200147381,0.00189600512348012,0.00189593025955458,0.00189579614983485,0.00189579233636856,0.00189578975950147,0.0018957886705825,0.00189578795345701,0.00189578309357729],"convergence":0,"press_dep":false,"press_rng":[1013.25,1013.25]}}
