{"fa_S2A_MSI_M_band_4":{"type":"annular","coefficients":{"c1":1,"c2":0.321149401435069,"c3":-6.16031336048217,"c4":0.792557629392885,"c5":-0.876732653358521,"c6":-0.164989769625729},"mare":0.00322778867780234,"rmse":0.00254485587357112,"mare_seq":[0.0161709923026402,0.0147754579653353,0.014701182733036,0.0147006519226739,0.0147006384744954,0.0147006310449861,0.0147006295296698,0.0147006134624241,0.0147006130679084,0.0146933872194735,0.0146809973563536,0.0146680144144968,0.0144451661552515,0.0126276556199853,0.0122681886655601,0.0109200746416583,0.0104733214793284,0.00897326926841845,0.00559970547987351,0.00353908861016478,0.00349944808712018,0.00324099375644529,0.00323402316726706,0.00322876066078768,0.00322816288005027,0.00322800966567642,0.00322790646936983,0.00322785821143515,0.00322783123542167,0.00322779810325348,0.00322778867780234],"convergence":0,"press_dep":false,"press_rng":[1013.25,1013.25]}}
