{"fa_S2B_MSI_U_band_1":{"type":"annular","coefficients":{"c1":1,"c2":0.22757825241148,"c3":-3.0885508527431,"c4":0.224698302795988,"c5":-0.176393726090436,"c6":-0.73055028677508},"mare":0.00189451275755488,"rmse":0.00120734021803681,"mare_seq":[0.0143295862576142,0.00954493758011052,0.0095449148722672,0.00954490084944264,0.00954489562748123,0.00954489138800991,0.00954488891111837,0.00954461215753733,0.0095201140594811,0.00941544670533265,0.0075005940489281,0.00728489950812163,0.00706027815467821,0.00641946697328788,0.00532975532305388,0.00449832313644502,0.00296163997131803,0.00278096877884144,0.00250585556039932,0.00235598845492232,0.00207895172934363,0.00193914704865176,0.0018946970540313,0.00189459305488846,0.00189458520398007,0.00189456051411967,0.00189453432841796,0.00189452510679881,0.00189452091482276,0.00189451529035352,0.00189451275755488],"convergence":0,"press_dep":false,"press_rng":[1013.25,1013.25]}}
