{"fa_S3A_OLCI_M_band_6":{"type":"annular","coefficients":{"c1":1,"c2":0.147411210755436,"c3":-0.169119913417931,"c4":0.622608241430915,"c5":-0.888203465541982,"c6":-6.47851757263065},"mare":0.00203631789476569,"rmse":0.00225850796662796,"mare_seq":[0.020237083028956,0.0172122188050416,0.0163391649267738,0.0158332643326158,0.0153504001127692,0.0147237360328089,0.0145944031216377,0.0144960291750944,0.0141753954559863,0.013986280853394,0.013977891745529,0.0139443578205691,0.0139027370188047,0.0138847004310944,0.0138742862141137,0.0138629621659889,0.0138497217666544,0.0131439792095852,0.0129805098948922,0.0115260530834595,0.010967764761843,0.00805805217373542,0.00727470928256834,0.0065792768968791,0.00626725063152066,0.00367641813727254,0.00295936551697089,0.00223332466147226,0.00222022111472711,0.00205852357923696,0.00203631789476569],"convergence":0,"press_dep":false,"press_rng":[1013.25,1013.25]}}
