{"fa_S2B_MSI_M_band_8":{"type":"annular","coefficients":{"c1":1,"c2":0.541463423663699,"c3":-0.876493313740202,"c4":0.295083100816157,"c5":-0.163902132779435,"c6":-5.63493685444113},"mare":0.00303374542980631,"rmse":0.00236776138144896,"mare_seq":[0.019716531122464,0.0160459675096535,0.014013626700454,0.014013558852636,0.0140135469706144,0.0140135415552965,0.0140135412869465,0.0140135399723258,0.0140135370687556,0.0131954496954364,0.0129618907243154,0.0112072476247834,0.010992826874473,0.0109415175604036,0.00744763353057657,0.00728337590420497,0.00648198163016624,0.00581428367669047,0.00430611361206238,0.00416514650106167,0.00323456537222724,0.00321947160408276,0.00311096166665472,0.00303984788355045,0.00303677185552063,0.0030352146587125,0.00303380985114126,0.00303380032748438,0.00303374834490132,0.00303374551066711,0.00303374542980631],"convergence":0,"press_dep":false,"press_rng":[1013.25,1013.25]}}
