{"fa_SD_00_U_band_4":{"type":"annular","coefficients":{"c1":1,"c2":0.601222763097945,"c3":-0.715454677629918,"c4":0.439939935907666,"c5":-0.174501392510627,"c6":-3.00826639797562},"mare":0.00187003042113307,"rmse":0.00117207685535493,"mare_seq":[0.01399211788274,0.00948763102722509,0.00948762534864945,0.00948762103271903,0.00948762028410596,0.00691484653591877,0.00515739375817538,0.00469118105117825,0.00415322448547538,0.00358966721508518,0.00348798209418135,0.00322906398614883,0.002476205051967,0.00214604921585099,0.00198497293389045,0.00196815453812484,0.00187541962239555,0.00187535370586144,0.00187013591350262,0.00187008147643094,0.00187006842260766,0.0018700623877323,0.00187004936686546,0.00187003901097277,0.00187003778738151,0.00187003586683566,0.0018700340979464,0.00187003347337048,0.00187003328710519,0.00187003064858836,0.00187003042113307],"convergence":0,"press_dep":false,"press_rng":[1013.25,1013.25]}}
