{"fa_S3A_OLCI_M_band_1":{"type":"annular","coefficients":{"c1":1,"c2":0.116103889377804,"c3":-0.144177268736795,"c4":0.549224545110438,"c5":-0.733656149550141,"c6":-4.3163959207111},"mare":0.00376307935828345,"rmse":0.00557374955058579,"mare_seq":[0.0428568999142828,0.0165995250280861,0.0163029440217745,0.0157324762721918,0.015623963013153,0.0150591453677778,0.0150472485941379,0.0147621603305494,0.014495023248087,0.0144596423604253,0.0144589296520889,0.0144580884673569,0.0144565182669704,0.014455754821754,0.0144550563424058,0.0144541802740656,0.0144535152975149,0.0144528638881369,0.0143619924619459,0.0138293039080795,0.013686546076198,0.0136505593845624,0.0130064931617882,0.0125537712799324,0.0124790997934031,0.0123862894156142,0.00784167210394522,0.00766956606998816,0.00746188612073894,0.006893989255151,0.00376307935828345],"convergence":0,"press_dep":false,"press_rng":[1013.25,1013.25]}}
