{"fa_S3A_OLCI_M_band_15":{"type":"annular","coefficients":{"c1":1,"c2":0.410567598708511,"c3":-3.94304097049238,"c4":0.181065185453191,"c5":-0.138773668867206,"c6":-0.715684430296044},"mare":0.00315365185991918,"rmse":0.0037663923123716,"mare_seq":[0.018722281767801,0.014405170776426,0.0139409266889536,0.0138139855445136,0.013610101592203,0.0135425431779098,0.0134754482898736,0.0134569538040963,0.0133738666018196,0.0133567264770841,0.0131058323492592,0.0130899781335567,0.0125349128231165,0.0115375274430876,0.0115230402507942,0.0113418892924828,0.0112727905233386,0.0112259727354075,0.0110679042957928,0.00924603976782784,0.009045301621186,0.00888658091202166,0.00883568138226469,0.00844466423700608,0.00802468383977145,0.00740424906365499,0.00495301939912675,0.00467548877777719,0.00443276486004225,0.00375340044216238,0.00315365185991918],"convergence":0,"press_dep":false,"press_rng":[1013.25,1013.25]}}
