{"fa_S3B_OLCI_C_band_20":{"type":"annular","coefficients":{"c1":1,"c2":0.159359490796174,"c3":-0.151755170534132,"c4":0.342952356906432,"c5":-4.40968465764705,"c6":-0.687647150336526},"mare":0.00237690106153704,"rmse":0.00314833060078115,"mare_seq":[0.01525730530544,0.014070649264749,0.0134448343396734,0.0133537516071149,0.0133229665315849,0.0133169516834981,0.0133162404318459,0.0132122134702748,0.0131914855837158,0.012851991001468,0.012767031932843,0.0125951830352362,0.0124499982606004,0.0122027362838818,0.011230906601269,0.0102574385893477,0.0102306427671256,0.00958768239676718,0.00891619688142522,0.00860252861649367,0.00817939052602701,0.00788056904384932,0.00717090140990951,0.00557503609368441,0.0047236306599618,0.00466286957563232,0.00417175593382869,0.00406693918850131,0.00403178860532875,0.00325327521450012,0.00237690106153704],"convergence":0,"press_dep":false,"press_rng":[1013.25,1013.25]}}
