{"fa_S3A_OLCI_U_band_16":{"type":"annular","coefficients":{"c1":1,"c2":0.219172396855869,"c3":-2.90648443443188,"c4":0.233677608400917,"c5":-0.177273769438549,"c6":-0.709214135521068},"mare":0.001628089914201,"rmse":0.00117195753685431,"mare_seq":[0.0100751122702997,0.00916846755612918,0.00896797223103274,0.00896355747704664,0.00894205643083277,0.0089307119197835,0.0089253007959448,0.00892161756235725,0.00892161267172981,0.00888600924507693,0.00882579533674752,0.00869712313677034,0.00805094457593118,0.00798804301964578,0.0077440268787078,0.00767201423755135,0.00742263809261407,0.00732078903419575,0.00723344895969065,0.00639129213596132,0.00539342059892823,0.0053797193904918,0.00530330761717097,0.00495391408087194,0.00450291507968404,0.00448856101645372,0.00336076096664456,0.0025313321114327,0.0024683954476832,0.00169916391615005,0.001628089914201],"convergence":0,"press_dep":false,"press_rng":[1013.25,1013.25]}}
