{"fa_S2C_MSI_M_band_3":{"type":"annular","coefficients":{"c1":1,"c2":0.539317697304442,"c3":-0.881727801347937,"c4":0.687757485552648,"c5":-6.65573090949431,"c6":-0.166329353492815},"mare":0.00333615049900657,"rmse":0.00265040684592635,"mare_seq":[0.0161823512965502,0.0151722246398491,0.0151558806168702,0.0151557811438667,0.0151557792743527,0.0151557318844933,0.0151557263624483,0.0151557105193513,0.0151557032089687,0.0151556994867002,0.0128798982666595,0.0128037175722014,0.0118377551445069,0.0115072953587345,0.0108212571304737,0.00995171558837463,0.00940578489185292,0.00912341763502408,0.0085744008174764,0.00786557374260138,0.00660085038906204,0.00622196407014081,0.00575652437693303,0.00524151936723738,0.00443492365411646,0.00333690925411275,0.00333637245702252,0.00333636392020618,0.00333630768181494,0.0033361534848335,0.00333615049900657],"convergence":0,"press_dep":false,"press_rng":[1013.25,1013.25]}}
