{"fa_S3B_OLCI_M_band_10":{"type":"annular","coefficients":{"c1":1,"c2":0.506362184159781,"c3":-0.763795217755965,"c4":0.233062981347082,"c5":-0.144332808976774,"c6":-5.14249285920686},"mare":0.00226548483390353,"rmse":0.00302888587998104,"mare_seq":[0.0168875278558159,0.0157630574345467,0.0142707107262388,0.0139022328567408,0.0137827923706695,0.0137175710326071,0.0136515152203224,0.0135351051675728,0.013490765067593,0.0134886879244922,0.0134858507505092,0.0134566791381427,0.0134446897469376,0.0134424024150173,0.0134346999850748,0.0131179747453091,0.0129735155072358,0.0122398637530153,0.00994280612249587,0.00951357088650136,0.00937395153666484,0.00930568746218927,0.00836074238897727,0.00826148550478649,0.00791045072046348,0.00784143034776294,0.0073954732695646,0.0056435175442465,0.00448945854548914,0.00375847495150311,0.00226548483390353],"convergence":0,"press_dep":false,"press_rng":[1013.25,1013.25]}}
