{"fa_S3A_OLCI_M_band_5":{"type":"annular","coefficients":{"c1":1,"c2":0.321428959023383,"c3":-6.68113990987963,"c4":0.224237127307262,"c5":-0.171622331537362,"c6":-0.893568285851091},"mare":0.00204503126747209,"rmse":0.00225866498447957,"mare_seq":[0.0301115400540979,0.0186436080587988,0.0172925615886408,0.0163108904005774,0.0146369490356171,0.014194917761695,0.0141608736268532,0.014082780027143,0.0140334566627766,0.0137778088485378,0.013709854381895,0.0134799775110946,0.0130242859417506,0.012829011556452,0.0122661989864237,0.0117370643805422,0.011515926996788,0.0104256422633614,0.0102107195980077,0.0098134520420791,0.00937494017549846,0.00935285512412296,0.00886846850397796,0.00663475669487607,0.00637586337308678,0.0060829674308879,0.00572369831055182,0.005423935805822,0.00530090866611344,0.00511779821670025,0.00204503126747209],"convergence":0,"press_dep":false,"press_rng":[1013.25,1013.25]}}
