{"fa_S2B_MSI_U_band_9":{"type":"annular","coefficients":{"c1":1,"c2":0.205752515503236,"c3":-3.16793411517425,"c4":0.234610006131989,"c5":-0.181429808149436,"c6":-0.72246637422184},"mare":0.00190317125265176,"rmse":0.00120017360056705,"mare_seq":[0.00949823265391298,0.00949822786644646,0.00949822328434865,0.00949822309930374,0.00949822188726766,0.00949821839522054,0.00922231942463224,0.00611265195338137,0.00598656032671753,0.00562969531248819,0.00559501760229805,0.00535078290802716,0.00499512922898586,0.00477424245721441,0.00440334033835348,0.00424434177184408,0.00391938913902611,0.0035148652560358,0.00325597906151229,0.00321544534858107,0.00266359854859617,0.00225526294220936,0.00214610049232748,0.00205483136057734,0.00204786745956903,0.00195997682071503,0.00193920827793093,0.00192796927600707,0.00190402639720993,0.00190319955220981,0.00190317125265176],"convergence":0,"press_dep":false,"press_rng":[1013.25,1013.25]}}
