{"fa_S2A_MSI_U_band_6":{"type":"annular","coefficients":{"c1":1,"c2":0.21257491193528,"c3":-3.05794237753665,"c4":0.231100220815124,"c5":-0.176978190072336,"c6":-0.713634293665974},"mare":0.00189972489671878,"rmse":0.00119128137320022,"mare_seq":[0.00948390857633741,0.00948389992555447,0.00948385445302731,0.00948385432533388,0.00948384226495659,0.00948383335001504,0.00948354649578442,0.0091950140916758,0.00667427636592403,0.00517865086562495,0.00517255936412518,0.00515410340037252,0.004915543214594,0.00486183200028522,0.00442332109806085,0.00433349604785506,0.00429652751977767,0.002828921760568,0.00246927300548103,0.00203196920606064,0.00197888288997646,0.0019486203859534,0.0019456649226841,0.0019402670892313,0.00192984332666482,0.00192914572759823,0.00192275853568131,0.00190096570275268,0.00189975031844398,0.00189972556837566,0.00189972489671878],"convergence":0,"press_dep":false,"press_rng":[1013.25,1013.25]}}
