{"fa_S2B_MSI_M_band_13":{"type":"annular","coefficients":{"c1":1,"c2":0.323872267785659,"c3":-4.20095379309867,"c4":0.160812289182096,"c5":-0.184236554250413,"c6":-0.913055983019106},"mare":0.00212474216776998,"rmse":0.00163101136838568,"mare_seq":[0.0409888074066477,0.0149744917086365,0.0101273509872076,0.010126797054189,0.0101267883415905,0.0101267664012231,0.0101267610361191,0.010126754242455,0.0101267519181532,0.0101267489099188,0.0101267471165494,0.0101267450366975,0.0093849947729285,0.00907913863728294,0.00855533727946387,0.00750631297112731,0.00695040072078088,0.00611714437087939,0.00438135120670587,0.00319158921959357,0.0021378618077295,0.00213577414363167,0.00212632453495501,0.00212572203698618,0.00212558213990479,0.00212523752258731,0.00212519830227594,0.00212488716132803,0.00212479204502212,0.00212475466593069,0.00212474216776998],"convergence":0,"press_dep":false,"press_rng":[1013.25,1013.25]}}
