{"fa_S3B_OLCI_M_band_5":{"type":"annular","coefficients":{"c1":1,"c2":0.355843439105964,"c3":-6.086151175167,"c4":0.81276485062289,"c5":-0.780420705700123,"c6":-0.147033994390126},"mare":0.00212954345679224,"rmse":0.00276576338899075,"mare_seq":[0.0180586714394394,0.0176358273382069,0.0161518916405083,0.0147780699832629,0.0146931500526381,0.0146256642879496,0.0146233631507968,0.0145294679216478,0.0144425688834288,0.0143395601335,0.0142988246621085,0.0141581862177138,0.0141426424795404,0.0141336932277832,0.0140948900097371,0.0140938781697834,0.0128334192255548,0.0114502882448837,0.0110772524535306,0.0105453906070961,0.0105199352126593,0.00974860294067792,0.00882688748394611,0.00878247449768152,0.00766467039201466,0.00665340539062465,0.00660123066943199,0.0058802331257366,0.00408398596381158,0.00381966210035517,0.00212954345679224],"convergence":0,"press_dep":false,"press_rng":[1013.25,1013.25]}}
