{"fa_S2B_MSI_M_band_3":{"type":"annular","coefficients":{"c1":1,"c2":0.316859512513717,"c3":-6.66657507507199,"c4":0.211579547209625,"c5":-0.166504400010192,"c6":-0.883387625295959},"mare":0.00333215457686964,"rmse":0.00264609875574586,"mare_seq":[0.0155731253433178,0.015176293939073,0.0151687332805542,0.0151686454337988,0.0151686020951181,0.0151685969465051,0.0151685930341401,0.0150434644871784,0.0148840437972367,0.0138119872234263,0.0137212639061367,0.0131682621452121,0.0125264213863908,0.0123144585684952,0.0115878961267567,0.0105586829072407,0.0104504745363385,0.0102583842103036,0.0100914556063683,0.00989513167898006,0.00885401861385924,0.00573091453504196,0.00559527488397941,0.0047961316712317,0.00432641948189144,0.00394031648490182,0.00335587277714365,0.00333862100980981,0.00333603612341048,0.00333222989809562,0.00333215457686964],"convergence":0,"press_dep":false,"press_rng":[1013.25,1013.25]}}
