{"fa_S3A_OLCI_C_band_6":{"type":"annular","coefficients":{"c1":1,"c2":0.214038762251404,"c3":-0.176901507085515,"c4":0.798381885331065,"c5":-0.874675890327465,"c6":-6.52450304987059},"mare":0.00245149973875698,"rmse":0.00248048643992464,"mare_seq":[0.0144331600003183,0.0139949235077011,0.0126652687289123,0.0126560711158281,0.012652708228143,0.0126526938335856,0.0126508539859215,0.0126480521817397,0.0126473101534429,0.0126468135244144,0.012643623787486,0.0125008880207548,0.0118115251139489,0.0114169822259694,0.0112855221607333,0.0110040565587218,0.0109400957017574,0.00969298730757802,0.00944809310076393,0.00922215451371831,0.00881051583147661,0.00805849925760193,0.00762554747923002,0.00713219731094389,0.0065700858923952,0.00647202925344242,0.00599661459402723,0.00526682684421738,0.00517969390450612,0.00302423347898295,0.00245149973875698],"convergence":0,"press_dep":false,"press_rng":[1013.25,1013.25]}}
