{"fa_S2C_MSI_C_band_1":{"type":"annular","coefficients":{"c1":1,"c2":0.211432613772042,"c3":-4.71252022277741,"c4":0.769780270022752,"c5":-0.778854564709311,"c6":-0.16293325928875},"mare":0.00322847069172304,"rmse":0.00206055406741694,"mare_seq":[0.0134189464662761,0.0134189375584335,0.0134189361804245,0.0134188311959238,0.0134188103096128,0.0134188064147053,0.0134188025181219,0.0133854751008716,0.013275709826275,0.0113210148954301,0.0087213264899889,0.00836064351101609,0.00811879601789273,0.00659259650987277,0.0065571799854027,0.00605448641297646,0.0048804541003263,0.00447225792052313,0.003871238123231,0.00364959705878411,0.00354472521226223,0.00335756670122443,0.00324524271169882,0.00323032590960927,0.00322861627344065,0.00322860720418963,0.00322858577663083,0.00322850584798106,0.00322849038293641,0.00322847731675195,0.00322847069172304],"convergence":0,"press_dep":false,"press_rng":[1013.25,1013.25]}}
