{"fa_SD_00_C_band_5":{"type":"annular","coefficients":{"c1":1,"c2":0.191128154821639,"c3":-0.164498085859234,"c4":0.744098256162789,"c5":-0.777630004999176,"c6":-5.01629787143018},"mare":0.00319641174644496,"rmse":0.00208327577194879,"mare_seq":[0.0277197942279857,0.0138314041380244,0.0138296610016039,0.0138296607896285,0.013829660248565,0.0138296596573394,0.0111090533637359,0.0106256342682511,0.0102886517882592,0.0101777428198137,0.0100913357356587,0.00973967164218449,0.00789915054077158,0.00733062804308937,0.00686230196388519,0.0063778664338543,0.00451184524446252,0.00326864028066964,0.00321446690554374,0.00319864808046285,0.00319819476561955,0.00319706772936702,0.00319661105833046,0.00319648466157062,0.00319648342323119,0.00319646657207117,0.00319644153619193,0.00319643793661624,0.00319643197477305,0.00319642444714755,0.00319641174644496],"convergence":0,"press_dep":false,"press_rng":[1013.25,1013.25]}}
