{"fa_SD_00_U_band_5":{"type":"annular","coefficients":{"c1":1,"c2":0.601727125974181,"c3":-0.713099966140099,"c4":0.445014385106062,"c5":-0.174874228236636,"c6":-3.00557004384418},"mare":0.00187699724300143,"rmse":0.00117835061593442,"mare_seq":[0.0131779880185666,0.00947406340519164,0.00947406254802575,0.00947406008308119,0.00946430372715721,0.00670081774108503,0.00628118689410888,0.00584559108560037,0.00563096704542167,0.00531527254640714,0.00512399971113767,0.00473574771881658,0.00421747307285717,0.00402735582779176,0.00366467224271897,0.00310075178343628,0.00285498081940253,0.00188535801918288,0.00188184093055302,0.00188107356626508,0.00187706906823515,0.00187703013375791,0.00187700350269456,0.00187700169814806,0.0018770004382338,0.00187699953685061,0.00187699913566911,0.00187699860009018,0.00187699854655902,0.00187699847673119,0.00187699724300143],"convergence":0,"press_dep":false,"press_rng":[1013.25,1013.25]}}
