{"fa_S3B_OLCI_U_band_19":{"type":"annular","coefficients":{"c1":1,"c2":0.158057591586579,"c3":-0.166041764350968,"c4":0.708806914151861,"c5":-0.657897369743072,"c6":-2.9708672121404},"mare":0.00162143374656257,"rmse":0.00181736294409285,"mare_seq":[0.0670138039481032,0.00962658904318412,0.00926526808030157,0.00919292920199041,0.00916858127624242,0.00906674252326513,0.00906671742141888,0.00897408771328455,0.00896707885273364,0.00895685588838988,0.00895607667158834,0.00890144096908905,0.0088846577031542,0.00827578025259938,0.00824350459530936,0.00699455341391013,0.0059629751728146,0.00577498219667505,0.00508059456969126,0.00507187118454557,0.00480145668120195,0.00472752150913887,0.00447838937347151,0.00410793907393645,0.00400708456585566,0.00252231929083472,0.00248024861977833,0.00234707152272915,0.00214526952278331,0.00204145129206793,0.00162143374656257],"convergence":0,"press_dep":false,"press_rng":[1013.25,1013.25]}}
