{"fa_S3B_OLCI_C_band_5":{"type":"annular","coefficients":{"c1":1,"c2":0.30886650787714,"c3":-2.90288117438573,"c4":0.204883168131731,"c5":-0.137903521280468,"c6":-0.63298395196781},"mare":0.00307670855778955,"rmse":0.00290849267036514,"mare_seq":[0.0156313282850089,0.0144136492257951,0.0140078011261525,0.013929306399969,0.0132606605596245,0.0129180569177885,0.012809393126851,0.0126912049785884,0.0126193838116405,0.0125148050631648,0.0125022052843751,0.0125003044101983,0.0124978968147052,0.0124941860104639,0.0124332132235295,0.0122365727520808,0.0116987461087954,0.0116478430267537,0.0114491920328485,0.0112602529243841,0.011082007642855,0.00779574225840878,0.00773815636240037,0.0077275078255574,0.0072071952070574,0.00709777449616952,0.00562541962596707,0.00494997623997991,0.00494922500970419,0.00402080693968914,0.00307670855778955],"convergence":0,"press_dep":false,"press_rng":[1013.25,1013.25]}}
