{"fa_S3B_OLCI_C_band_14":{"type":"annular","coefficients":{"c1":1,"c2":0.198811916008145,"c3":-5.54688584089718,"c4":0.301078255675789,"c5":-0.192450515513981,"c6":-0.872820568458207},"mare":0.00263568402328069,"rmse":0.00283973472411345,"mare_seq":[0.014130306229888,0.0136939210984982,0.0136332918224265,0.0136252807134405,0.0133567478975349,0.0132371698025369,0.0132124796969466,0.013192006094422,0.0131573769228655,0.013156506689471,0.0131553655689878,0.0131545133866066,0.0131124484792577,0.0124865617887653,0.0120414771208599,0.0118377989033115,0.0116594628381437,0.0111695481403598,0.0102524166481698,0.00982870637887161,0.00920589210141234,0.00882408203662128,0.00869240452253652,0.00785019292000594,0.00680428036762406,0.00655785476931745,0.00418817412479993,0.00384669353895882,0.0034909456075894,0.002677802557991,0.00263568402328069],"convergence":0,"press_dep":false,"press_rng":[1013.25,1013.25]}}
