{"fa_SeaHawk1_HawkEye_U_band_5":{"type":"annular","coefficients":{"c1":1,"c2":0.167488980453985,"c3":-0.170431373567015,"c4":0.290622442512498,"c5":-2.81720731558429,"c6":-0.693109278438917},"mare":0.00179603627902746,"rmse":0.00114751959473579,"mare_seq":[0.00983361846506776,0.00956307850688018,0.00937408835254722,0.00935949828756517,0.00934242357160212,0.00932997850400291,0.00932848041366418,0.00923854101647857,0.00921767674826373,0.0085809161009111,0.00826140888682565,0.00720990410970669,0.00643342159546037,0.00543431537958955,0.00499565845364108,0.00484466237242844,0.00483726226307206,0.00422535094033078,0.00394509336568774,0.00389818480863646,0.00361540611570333,0.00356551876714406,0.00236801987568155,0.00192868154816573,0.00187639055407573,0.00185827286441958,0.0018316780382425,0.00181265117046831,0.00180590253314826,0.00179947435392821,0.00179603627902746],"convergence":0,"press_dep":false,"press_rng":[1013.25,1013.25]}}
