{"fa_S3A_OLCI_C_band_16":{"type":"annular","coefficients":{"c1":1,"c2":0.576884148472703,"c3":-0.719576211051747,"c4":0.411839232938976,"c5":-0.156093099666921,"c6":-4.68665820406224},"mare":0.00208406312376163,"rmse":0.00238883669054021,"mare_seq":[0.0148921652862238,0.0134284773928543,0.0133750829046679,0.0131820259545294,0.013176439064451,0.0131741798334904,0.0131692961686174,0.0131692671945294,0.0131652703955474,0.0131618062789888,0.0124663372070696,0.0123998889517619,0.0117913667433567,0.0116325495399506,0.011152719984332,0.0109882266158182,0.0106661343368275,0.0101560066341876,0.0100160328751195,0.00957454017828128,0.00830479009888913,0.00818882727941133,0.00798657908766533,0.0079554918255837,0.00772625535792174,0.00747200191043798,0.00719844997619586,0.00626304090712911,0.00502116443042205,0.00501056659388774,0.00208406312376163],"convergence":0,"press_dep":false,"press_rng":[1013.25,1013.25]}}
