{"fa_SD_00_M_band_5":{"type":"annular","coefficients":{"c1":1,"c2":0.31991858965923,"c3":-6.38981538658202,"c4":0.79003039381565,"c5":-0.878594939974934,"c6":-0.165322982837231},"mare":0.00328548585810342,"rmse":0.00259024492703199,"mare_seq":[0.0156804762406919,0.0149981204227992,0.0149655109633876,0.0149653512315602,0.0149653336040343,0.0149653108652781,0.0149653071368223,0.0149653062585188,0.014965305795064,0.0149653024353843,0.0149653008208717,0.013583346970393,0.0132415057117296,0.0106914840880026,0.0106786106717686,0.00997590215157128,0.00985367160044402,0.00970731389203458,0.00924348311442831,0.009024842082842,0.00846097372799934,0.0035417492964918,0.00350495265731607,0.00328575717359638,0.0032855395731731,0.00328549920392383,0.00328549913062562,0.00328549756657634,0.00328548633235508,0.003285486069563,0.00328548585810342],"convergence":0,"press_dep":false,"press_rng":[1013.25,1013.25]}}
