{"fa_S2B_MSI_C_band_2":{"type":"annular","coefficients":{"c1":1,"c2":0.605586931678949,"c3":-0.779239839022607,"c4":0.470813472032682,"c5":-0.163655264085549,"c6":-4.77841079170684},"mare":0.00321689833348207,"rmse":0.00205961529438401,"mare_seq":[0.0605566215095838,0.0135149580371261,0.0135146862973488,0.0135145336631236,0.0135145227559293,0.0135144770813596,0.0135144758469816,0.0135144645125908,0.0135144587355856,0.0135144571538343,0.012913440896164,0.012864065918771,0.00888147630727725,0.0084887432238321,0.00766548260908918,0.00725186569108977,0.00665477501891249,0.00426454912858923,0.00331981686473292,0.00322409020940501,0.00321940248988331,0.00321851038756004,0.00321828405780642,0.0032179617443839,0.00321778587510901,0.00321756005148316,0.00321750332077701,0.00321749886194989,0.00321748155394156,0.00321690536841185,0.00321689833348207],"convergence":0,"press_dep":false,"press_rng":[1013.25,1013.25]}}
