{"fa_SD_00_C_band_4":{"type":"annular","coefficients":{"c1":1,"c2":0.189553391418057,"c3":-0.164179791054615,"c4":0.744956192607629,"c5":-0.779018712981002,"c6":-4.92916775634892},"mare":0.00320440254127757,"rmse":0.00207380726874439,"mare_seq":[0.0136877391165331,0.0136877341617379,0.0136877315505709,0.0136877289529085,0.0136877283534511,0.0136877270792308,0.0136876783870873,0.013623896463515,0.0108768069165362,0.0104324339688364,0.00798703131101738,0.00721884426806828,0.00698306293393139,0.00532918681172769,0.00452153417006678,0.00394675391866652,0.00390424602480088,0.00384991750571276,0.00333163582359078,0.00321450267469665,0.00320514138995815,0.00320486973774199,0.00320467398056917,0.00320447066589607,0.00320446275506592,0.00320444886447242,0.0032044283101229,0.00320440989626751,0.00320440932002741,0.00320440409872609,0.00320440254127757],"convergence":0,"press_dep":false,"press_rng":[1013.25,1013.25]}}
