{"fa_S2A_MSI_M_band_7":{"type":"annular","coefficients":{"c1":1,"c2":0.538699542404587,"c3":-0.873668532659481,"c4":0.703773294804542,"c5":-5.71505193283972,"c6":-0.163994932068559},"mare":0.00307862422531996,"rmse":0.00240169749894879,"mare_seq":[0.0142021440991422,0.0142018558318374,0.0142018204081477,0.0142018108571116,0.0142018020953597,0.0142018001474256,0.0142017972124919,0.0142017904373083,0.014201686840795,0.0134504245334129,0.0113460281697383,0.00958642981929023,0.00850310903302221,0.00849288542704026,0.00677696101306303,0.00346916403603355,0.00324908457816665,0.00324480876143578,0.00318309548099751,0.00308139114339265,0.00308034971915477,0.00307956128112931,0.00307903157643952,0.00307886859825657,0.00307884123327896,0.00307881396922822,0.00307872816379465,0.00307869614516832,0.00307867671018751,0.00307867362888678,0.00307862422531996],"convergence":0,"press_dep":false,"press_rng":[1013.25,1013.25]}}
