{"fa_S2B_MSI_U_band_6":{"type":"annular","coefficients":{"c1":1,"c2":0.604498933355325,"c3":-0.712509866368347,"c4":0.540168060313657,"c5":-3.049548263801,"c6":-0.176987741855015},"mare":0.00189762480892728,"rmse":0.00119378671277796,"mare_seq":[0.0273847403165087,0.00946634661769166,0.00946622084185247,0.00946621470328648,0.00946620961237228,0.00946620960279445,0.00946620576517497,0.00946620542706425,0.00946537303522326,0.00794224765437609,0.00687760368754371,0.00685390075694746,0.00539761205175546,0.00532462470286436,0.00457549751441,0.00444191036520682,0.0038846390063981,0.00304127004871753,0.00258706869987804,0.00225273563004306,0.00214823836846165,0.00193045674149547,0.00192978678974391,0.00190188385015366,0.00189795537030023,0.0018978595288796,0.00189767160195458,0.00189766445077448,0.00189764644425718,0.00189763901982839,0.00189762480892728],"convergence":0,"press_dep":false,"press_rng":[1013.25,1013.25]}}
