{"fa_WV2_C_band_8":{"type":"annular","coefficients":{"c1":1,"c2":0.227323073525614,"c3":-5.35310578101536,"c4":0.247972663939791,"c5":-0.168736695770072,"c6":-0.786359077329264},"mare":0.00312126735443536,"rmse":0.00213827732835633,"mare_seq":[0.0172571592807107,0.0142844399378674,0.0142844304919948,0.0142844299290189,0.0142844287818711,0.0142844278304117,0.0142844269446241,0.014284426560751,0.0133226181042312,0.0123890943575471,0.011426689643121,0.0103865879521545,0.00890522088483683,0.00885825791152911,0.00846207265927353,0.00784865405030517,0.00770985786554474,0.00458702601223926,0.00357196585810106,0.00318997109442288,0.00313859246209463,0.00312569504968036,0.00312387213613267,0.00312130652923417,0.00312129794545087,0.0031212945834732,0.00312129013454434,0.00312128110038685,0.00312127893646994,0.00312127224140974,0.00312126735443536],"convergence":0,"press_dep":false,"press_rng":[1013.25,1013.25]}}
