{"fa_WV_LG01_C_band_8":{"type":"annular","coefficients":{"c1":1,"c2":0.219193328751621,"c3":-5.30316027883856,"c4":0.248173973355191,"c5":-0.167641283838139,"c6":-0.782271548211468},"mare":0.00312771181869918,"rmse":0.00210625168130593,"mare_seq":[0.0146289662806327,0.0142541941431727,0.0142514620582486,0.0142514290570199,0.0142514280523324,0.0142514270179462,0.0142514252231494,0.0111284829875676,0.0106732948768244,0.00929526633415402,0.00919167958772483,0.00856626533024241,0.00783060962253527,0.00625456690899742,0.00422599771523157,0.00349641360724191,0.00338383105231775,0.00330371619961292,0.00325752646427323,0.00323279665760862,0.00323246334669959,0.00317944160749246,0.00312775539080827,0.00312773966644597,0.00312773223044815,0.00312773183188283,0.00312771487972221,0.00312771459385509,0.00312771395762051,0.00312771294682903,0.00312771181869918],"convergence":0,"press_dep":false,"press_rng":[1013.25,1013.25]}}
