{"fa_WV_LG03_C_band_3":{"type":"annular","coefficients":{"c1":1,"c2":0.206278994365651,"c3":-4.9058119060829,"c4":0.76310103762417,"c5":-0.778870913762824,"c6":-0.163738244476237},"mare":0.00320192293103282,"rmse":0.00206592994732927,"mare_seq":[0.0136454303534656,0.013645428263274,0.0136454277084771,0.0108279104588026,0.0100028913810661,0.0090894240190487,0.00897052130231255,0.00852882334787263,0.00841932217556702,0.00807014863471347,0.00792763917984852,0.00778883363259942,0.0075139617587279,0.0073165084027532,0.00717193450559602,0.00504595061700946,0.00481193464692773,0.00389051181411297,0.00346190700263182,0.00343717144300463,0.00338594141792966,0.00335600742417175,0.0032019485541475,0.0032019389138978,0.00320193526332337,0.00320193502238459,0.00320192911110107,0.00320192875233079,0.00320192595822146,0.00320192524228704,0.00320192293103282],"convergence":0,"press_dep":false,"press_rng":[1013.25,1013.25]}}
