{"fa_WV_LG06_U_band_8":{"type":"annular","coefficients":{"c1":1,"c2":0.18504926416944,"c3":-0.179915211493428,"c4":0.255152635578475,"c5":-3.12818405899527,"c6":-0.718772083086291},"mare":0.00192107083275769,"rmse":0.00120806862566597,"mare_seq":[0.00949652741086866,0.00949651911935096,0.00949651893600627,0.00949645867069646,0.009487042676763,0.00870529800011774,0.00822715356111704,0.00759281312927283,0.00595417192299887,0.00527738446374413,0.00245465724939333,0.00212178594020641,0.00196167943336288,0.0019486001880285,0.00194417324674884,0.00192218268434489,0.00192109270825703,0.00192107622214421,0.00192107536116169,0.00192107516361995,0.00192107355362609,0.00192107337322343,0.00192107333864921,0.00192107331908844,0.00192107283490442,0.00192107275616134,0.00192107234317297,0.00192107226277545,0.00192107207934676,0.00192107178248147,0.00192107083275769],"convergence":0,"press_dep":false,"press_rng":[1013.25,1013.25]}}
