{"fa_WV_LG05_M_band_5":{"type":"annular","coefficients":{"c1":1,"c2":0.322036214940563,"c3":-6.15655326661797,"c4":0.792674734283188,"c5":-0.874868638575863,"c6":-0.164437098151251},"mare":0.00322230526473477,"rmse":0.00253787840424346,"mare_seq":[0.0158632055228768,0.0152292951387722,0.0147448911125351,0.0147448874339803,0.0147448800151985,0.0147448789986027,0.0147448785549074,0.0147448754961028,0.0147448750940788,0.0147448750376679,0.0147448747550961,0.014744874466473,0.0147448742710619,0.0147448741702691,0.0120429344445006,0.0107914643348357,0.0107887613235705,0.00918164122573059,0.008928711165145,0.00620232780600381,0.00490262524249522,0.004156387597688,0.00322234373497681,0.00322231590705782,0.00322231307722016,0.00322230863121756,0.00322230845950371,0.00322230762291438,0.00322230573674321,0.0032223055610189,0.00322230526473477],"convergence":0,"press_dep":false,"press_rng":[1013.25,1013.25]}}
