{"fa_WV_LG01_C_band_3":{"type":"annular","coefficients":{"c1":1,"c2":0.605529908668555,"c3":-0.780101207140748,"c4":0.478325518363356,"c5":-0.164192702933303,"c6":-4.93647181314759},"mare":0.00321483541841827,"rmse":0.00208263340527235,"mare_seq":[0.0189047102447982,0.0136517615228069,0.0136517612679639,0.0136517612627298,0.0136517608936249,0.0136498424653775,0.0136414662023983,0.0131532757079298,0.0114227267757929,0.0104110370577445,0.00741029837311602,0.00719465178676801,0.00704829808473076,0.00689518986250529,0.00684703153269786,0.00483050741609316,0.00433584308868041,0.0041602762813388,0.00343969833585758,0.00338990326752664,0.00333274773050932,0.00329588725654334,0.00321484504086095,0.00321484334707021,0.00321483909458696,0.00321483844545547,0.00321483820400544,0.0032148378243262,0.00321483708957216,0.00321483678384885,0.00321483541841827],"convergence":0,"press_dep":false,"press_rng":[1013.25,1013.25]}}
