{"fa_WV2_C_band_1":{"type":"annular","coefficients":{"c1":1,"c2":0.210959827074115,"c3":-4.72684709460191,"c4":0.230920771211196,"c5":-0.163986478304277,"c6":-0.78407336383673},"mare":0.00323365194317387,"rmse":0.00206059093543294,"mare_seq":[0.0135891570207864,0.0133717557503039,0.0133717556695111,0.0133717486832964,0.0133717482906651,0.013371744312529,0.0133717434132713,0.0133717433045004,0.0121139860718402,0.0111446866889303,0.0101312172461107,0.00853513819909098,0.00725779338929171,0.00510824070063156,0.00466147364162039,0.00405152983124174,0.00372931895227696,0.00339852924250732,0.00327110149897747,0.00324432190987205,0.00323377265013955,0.00323373862476891,0.00323369336015138,0.00323368311076109,0.00323366525018896,0.00323366417988921,0.00323366247706147,0.00323365448178685,0.00323365302744286,0.00323365295931141,0.00323365194317387],"convergence":0,"press_dep":false,"press_rng":[1013.25,1013.25]}}
