{"fa_WV_LG03_C_band_7":{"type":"annular","coefficients":{"c1":1,"c2":0.593804156715043,"c3":-0.776584343483262,"c4":0.476673777249227,"c5":-0.165497017832779,"c6":-5.18734365097936},"mare":0.00315875035124262,"rmse":0.00209548557321043,"mare_seq":[0.0141367903350911,0.0141367900088586,0.0141367894853065,0.0141367885989669,0.014136788328349,0.010196250002666,0.0101236167491765,0.00991430497886127,0.00874293868262889,0.00871471409335025,0.00863381785059339,0.00857368662750624,0.00801966563587918,0.00664453646671094,0.00625358190688212,0.00450247741922041,0.0041174875476057,0.00330045073027128,0.00317997896684239,0.0031673526447865,0.00316721714245737,0.00315876404723281,0.00315875716390672,0.00315875478543563,0.00315875295026337,0.00315875235482348,0.00315875172237225,0.00315875124180122,0.00315875114863358,0.00315875103181694,0.00315875035124262],"convergence":0,"press_dep":false,"press_rng":[1013.25,1013.25]}}
