{"fa_WV_LG04_M_band_2":{"type":"annular","coefficients":{"c1":1,"c2":0.316114580096698,"c3":-7.05238891370524,"c4":0.214124502848585,"c5":-0.166929411152422,"c6":-0.884279780510892},"mare":0.00345787680400032,"rmse":0.00275370045336443,"mare_seq":[0.0172347235859236,0.0167790909023907,0.0155694645618436,0.0155694625830119,0.0155694584390985,0.0155694581349793,0.015569456934156,0.0155694562515288,0.015569456088922,0.0153027532396875,0.015005401982571,0.0142283652039946,0.0120948400435097,0.0115141314695192,0.0111328266050736,0.0102609265437164,0.00782422045095047,0.0077036300319244,0.00610667404178515,0.00414361323139693,0.0034647015013456,0.00345789314742867,0.00345789136208689,0.00345789053878295,0.00345788144390201,0.00345787832123528,0.00345787760189853,0.00345787746517393,0.00345787739202529,0.00345787687965979,0.00345787680400032],"convergence":0,"press_dep":false,"press_rng":[1013.25,1013.25]}}
