{"fa_WV_LG06_M_band_7":{"type":"annular","coefficients":{"c1":1,"c2":0.323600209751504,"c3":-5.86736283928699,"c4":0.796429779710608,"c5":-0.873227555512351,"c6":-0.16385254193188},"mare":0.00313643787897463,"rmse":0.00245492800647859,"mare_seq":[0.0156532282635143,0.0144999703501225,0.0144088643745283,0.0144088479865682,0.0144088465980481,0.0144088455135325,0.0144088452548361,0.0144088443344392,0.0144088440145193,0.0144088439739214,0.0144088432608915,0.0144088425664266,0.0119020481939204,0.0116177552800488,0.011286737341038,0.011030722946058,0.00901503893002832,0.00803656785545485,0.00557125860690157,0.00343940913933224,0.00335275175681237,0.00314700306653365,0.00313645456491744,0.0031364447943172,0.00313644204571604,0.00313644004482507,0.00313643999412978,0.00313643892813963,0.00313643892688244,0.0031364388569841,0.00313643787897463],"convergence":0,"press_dep":false,"press_rng":[1013.25,1013.25]}}
