{"fa_WV2_U_band_6":{"type":"annular","coefficients":{"c1":1,"c2":0.605866664151425,"c3":-0.714935897437665,"c4":0.538161570685482,"c5":-3.06045758000194,"c6":-0.176752139137546},"mare":0.00188036191237723,"rmse":0.00118454983183859,"mare_seq":[0.00947269258518192,0.00947248985426394,0.00947248824857927,0.00947248765716253,0.00947248754827419,0.00917600339535749,0.00835701962148353,0.00639315484932684,0.00596626394116516,0.00586970182512629,0.00567068559743603,0.00541023172736417,0.00436484850850813,0.00244384817583615,0.00229981212114632,0.00200607793108623,0.00193497287547411,0.0019197525709551,0.00188092059037645,0.00188058077160092,0.001880489449494,0.00188048225092625,0.00188038002345236,0.00188037868352597,0.00188037760927312,0.00188037387749467,0.00188037096283766,0.0018803644642496,0.00188036297642902,0.0018803620574483,0.00188036191237723],"convergence":0,"press_dep":false,"press_rng":[1013.25,1013.25]}}
