{"fa_WV_LG01_U_band_4":{"type":"annular","coefficients":{"c1":1,"c2":0.218205587605682,"c3":-3.03707988736478,"c4":0.772072372894852,"c5":-0.717787817839041,"c6":-0.175531133572905},"mare":0.00187651589179788,"rmse":0.00118040622721955,"mare_seq":[0.00947904545626425,0.00947903465849168,0.00947903450646977,0.00947903366708714,0.00947903289196881,0.00947903259612579,0.0094436266117863,0.00832218213034748,0.00767755377991238,0.00460214294566768,0.00383545373757478,0.00323676625094369,0.00203080648892524,0.0019475708875785,0.00188605210564092,0.00187654940968818,0.00187654515410663,0.00187653213653973,0.001876528771312,0.00187652444354382,0.00187652072744532,0.00187651840910521,0.00187651827805857,0.00187651793907387,0.00187651773390297,0.00187651722359355,0.0018765169080929,0.00187651655249208,0.00187651633700071,0.00187651599576927,0.00187651589179788],"convergence":0,"press_dep":false,"press_rng":[1013.25,1013.25]}}
