{"fa_WV_LG05_U_band_9":{"type":"annular","coefficients":{"c1":1,"c2":0.177344279488677,"c3":-0.175022767484153,"c4":0.267464707255796,"c5":-3.02520121975177,"c6":-0.713946128237228},"mare":0.00190181375597958,"rmse":0.00119615409839474,"mare_seq":[0.0138772204850157,0.00972510243687353,0.0094943247375593,0.00949431016371337,0.00949430719356583,0.00949430216107955,0.00949430092830699,0.00949430078213417,0.00949430040859024,0.00949429928233612,0.00949429911536833,0.00949429891745649,0.00949429881407446,0.00949408237988555,0.00874908012462984,0.00848698604946937,0.00627006502494108,0.00422431461942336,0.00274633985246053,0.00193854476637253,0.0019020122760995,0.00190183212986853,0.00190182085359767,0.00190181707235818,0.00190181695364363,0.00190181632155179,0.00190181621492367,0.00190181602742006,0.00190181523843674,0.00190181421424244,0.00190181375597958],"convergence":0,"press_dep":false,"press_rng":[1013.25,1013.25]}}
