{"fa_WV_LG04_C_band_6":{"type":"annular","coefficients":{"c1":1,"c2":0.595832067879186,"c3":-0.776679913923313,"c4":0.479775316852638,"c5":-0.165117560311813,"c6":-5.13530215402306},"mare":0.00317440866014595,"rmse":0.00209652987536677,"mare_seq":[0.0140469234467756,0.0140469226030431,0.0140469209175409,0.0140469205087784,0.0116492942146303,0.010574085995344,0.0104580441782609,0.0103295155076935,0.010288626358787,0.00868342447981282,0.00861720068120944,0.00857514033091571,0.0076903015328336,0.00746284034475291,0.00608776701678362,0.00585707824147546,0.00574415873465382,0.00574172387715929,0.00438718820374587,0.00405336970383998,0.00330206583333444,0.00317445040494566,0.00317441518274085,0.00317441364084079,0.0031744127311338,0.00317441143323585,0.00317441121247817,0.00317441072719755,0.00317441038904262,0.00317440906107649,0.00317440866014595],"convergence":0,"press_dep":false,"press_rng":[1013.25,1013.25]}}
