{"fa_WV2_U_band_7":{"type":"annular","coefficients":{"c1":1,"c2":0.208239182018928,"c3":-3.128033711202,"c4":0.767266396882451,"c5":-0.71762497250625,"c6":-0.179559964383298},"mare":0.00191725793615577,"rmse":0.00121345598828983,"mare_seq":[0.00950837867401489,0.00950792954792485,0.00950790954550197,0.00950790258199329,0.00950790234981281,0.00950789970000787,0.00950789938150876,0.00950789922554836,0.00950789877928187,0.00950789862579274,0.00950789847341387,0.00950789818476673,0.00950789810156799,0.00950789789157391,0.0085103079599523,0.00529401209613303,0.00275327498625227,0.00224355749745912,0.00203279203794956,0.00201251637673406,0.0019228087248319,0.00191727068762089,0.00191726932645544,0.0019172654830457,0.00191726344923754,0.00191726313190868,0.00191725966301134,0.0019172588261518,0.00191725867998216,0.00191725862471702,0.00191725793615577],"convergence":0,"press_dep":false,"press_rng":[1013.25,1013.25]}}
