{"fa_WV2_C_band_5":{"type":"annular","coefficients":{"c1":1,"c2":0.207476415355101,"c3":-5.10637345985763,"c4":0.756641626276367,"c5":-0.778430016941476,"c6":-0.16484221798292},"mare":0.00320244207066339,"rmse":0.00210011449143658,"mare_seq":[0.0139530363670878,0.0139530363664681,0.0139530355131756,0.0139530298737707,0.0139530298378451,0.0139530291482759,0.0138840113978867,0.0107381327239312,0.00897867821080632,0.00883888315357245,0.00810328567962224,0.00796319367236802,0.00465276730439825,0.00421327536069285,0.00411634884390927,0.00393839922929662,0.00322817619726415,0.00320862574361314,0.00320611872247082,0.00320252051528351,0.00320250082767891,0.00320247091213136,0.00320245579570971,0.00320244911112849,0.00320244901875077,0.00320244893460874,0.00320244701692023,0.00320244568691373,0.00320244379565203,0.00320244214449045,0.00320244207066339],"convergence":0,"press_dep":false,"press_rng":[1013.25,1013.25]}}
