{"fa_WV3_C_band_11":{"type":"annular","coefficients":{"c1":1,"c2":0.306449010146389,"c3":-5.2691257576638,"c4":0.214366447681292,"c5":-0.187185820728456,"c6":-0.888360418342915},"mare":0.00267558485019516,"rmse":0.00204866482302593,"mare_seq":[0.0124527436854232,0.0124527177927274,0.0124527050106974,0.0124527046295059,0.0124527003283385,0.0124526897247774,0.0124526885766612,0.0124526857914917,0.0124526834686173,0.00845702504470335,0.00841121029861893,0.00732661194685373,0.00669735502186023,0.00645460457120716,0.00607935158418701,0.00542939260194121,0.00295417910215248,0.00269771631137583,0.00268117023116637,0.00267579936203292,0.00267569320181843,0.00267560348668938,0.0026756017426972,0.0026756005500206,0.00267558944374268,0.00267558865143702,0.00267558739525227,0.00267558654606696,0.0026755862290308,0.00267558575418109,0.00267558485019516],"convergence":0,"press_dep":false,"press_rng":[1013.25,1013.25]}}
