{"fa_WV_LG02_M_band_3":{"type":"annular","coefficients":{"c1":1,"c2":0.319150953806789,"c3":-6.65684206960169,"c4":0.211420134529858,"c5":-0.165828997055826,"c6":-0.878012243278464},"mare":0.00337106183906328,"rmse":0.00267185901827724,"mare_seq":[0.0157227344740558,0.0152481720978579,0.0152481584060296,0.0152481562027869,0.0152481554918936,0.0152481554861527,0.0152481551853623,0.0152481548577555,0.0152481545840451,0.0152380507530416,0.014950991626088,0.0133063751235177,0.0110743120672277,0.0108855303633831,0.0100843127362196,0.0100269506228793,0.00969576848886077,0.00529834083886496,0.0035958544576839,0.00344190895044382,0.00337972743401905,0.00337133796122154,0.00337108175052608,0.00337107508853894,0.0033710730650699,0.00337107242202424,0.00337107229244189,0.00337107075688762,0.00337106884309901,0.00337106249129812,0.00337106183906328],"convergence":0,"press_dep":false,"press_rng":[1013.25,1013.25]}}
