{"fa_WV3_M_band_8":{"type":"annular","coefficients":{"c1":1,"c2":0.133592452563895,"c3":-0.164558894076097,"c4":0.626847007722479,"c5":-0.878008115865245,"c6":-5.44241766311538},"mare":0.00296434727601475,"rmse":0.00230101140111294,"mare_seq":[0.0146924128358413,0.013707626487355,0.0137076227149169,0.0137076223806513,0.0137076185631137,0.0137076177301448,0.0137076127956477,0.0137076122735694,0.0137076120589585,0.0137076120442847,0.013707611453452,0.0137076113737788,0.0137076105864144,0.0137075674471985,0.0115357020766068,0.0110072435128203,0.00890084740473411,0.00857914679016634,0.00847698568089044,0.00840481109401299,0.00805474329343461,0.00459625113449881,0.00385917253388693,0.00298734660018268,0.00296638648495288,0.00296441251454758,0.00296436584716752,0.002964355049802,0.00296435484902011,0.00296435093698188,0.00296434727601475],"convergence":0,"press_dep":false,"press_rng":[1013.25,1013.25]}}
