{"fa_WV2_M_band_3":{"type":"annular","coefficients":{"c1":1,"c2":0.319448959468033,"c3":-6.64769511691475,"c4":0.788670188583315,"c5":-0.876843048409844,"c6":-0.165852066168381},"mare":0.00336386026179178,"rmse":0.00267192278721141,"mare_seq":[0.0167973428342976,0.0152432193901838,0.015243147168905,0.015243140727232,0.0152431402673361,0.0152431361713473,0.0152431348848025,0.015243132990031,0.0152431289668191,0.015243127933604,0.0152431278672066,0.0152431275373791,0.0151047157820924,0.0126515953337432,0.0122086743173564,0.0110769833577092,0.0110221475710419,0.00941147367046245,0.0090736117503291,0.00874830368474097,0.00858285522600033,0.00705224156757034,0.00583585021616805,0.00467312780131202,0.00336389143077298,0.00336388289244508,0.00336387141192086,0.00336386947533739,0.00336386759972112,0.00336386184871,0.00336386026179178],"convergence":0,"press_dep":false,"press_rng":[1013.25,1013.25]}}
