{"fa_WV3_M_band_9":{"type":"annular","coefficients":{"c1":1,"c2":0.32164867927125,"c3":-4.91612163399879,"c4":0.812371523151949,"c5":-0.879034215247818,"c6":-0.16514003248603},"mare":0.0027180482814213,"rmse":0.00209487607060223,"mare_seq":[0.0127630854757213,0.012762950465634,0.0127628419319925,0.0127628308316583,0.012762824478725,0.012762818402195,0.0127628171956526,0.0127628151518878,0.012762814554003,0.0127520286927323,0.0100000170439868,0.00919598256578593,0.0086642391123305,0.00865313320436754,0.00817712592910446,0.00662933944089034,0.00512623952596998,0.00412326367077034,0.00295160896394749,0.00271809081321076,0.00271808059546493,0.00271807003954862,0.00271806980927446,0.00271806648637724,0.00271805541563577,0.00271805362975968,0.00271805234113599,0.00271805132678016,0.00271805099575088,0.002718049553643,0.0027180482814213],"convergence":0,"press_dep":false,"press_rng":[1013.25,1013.25]}}
