{"fa_WV_LG04_U_band_5":{"type":"annular","coefficients":{"c1":1,"c2":0.178640334308997,"c3":-0.17527790728158,"c4":0.263913794774425,"c5":-3.03682234151177,"c6":-0.71242943408055},"mare":0.00187472483804701,"rmse":0.00119004087167534,"mare_seq":[0.00948767691350253,0.00948767300567558,0.00948647796832399,0.00930705188900757,0.00862271737483565,0.00737626413695158,0.0058899038398135,0.00585834348944179,0.00585826623335377,0.00572481111574038,0.00426877587993335,0.00279865876393784,0.0023562173999034,0.00200545185493301,0.00187510558777667,0.0018748194198315,0.00187476294386032,0.0018747466103432,0.00187474623361529,0.0018747354073313,0.00187473469496603,0.00187472861313683,0.00187472848617749,0.00187472784773912,0.00187472722365402,0.00187472717681039,0.001874726739888,0.00187472632647701,0.00187472601841613,0.00187472595561156,0.00187472483804701],"convergence":0,"press_dep":false,"press_rng":[1013.25,1013.25]}}
