{"fa_WV_LG01_C_band_4":{"type":"annular","coefficients":{"c1":1,"c2":0.206576306087189,"c3":-5.00987182970009,"c4":0.240486948260236,"c5":-0.164275308398223,"c6":-0.777756387480495},"mare":0.00319290527460339,"rmse":0.00208272579298833,"mare_seq":[0.0138031861309268,0.0138031646187745,0.0138031595883002,0.0138031593122955,0.0138031584639013,0.0138031582773425,0.0138031582634533,0.0138031582623717,0.0137360708456386,0.0102745928038894,0.0102083704950656,0.00991160783481598,0.00985347857112394,0.00791923324487381,0.00749523719106878,0.00588606069513166,0.0034192920586671,0.00329276540587837,0.00324072517019144,0.00323692283616834,0.00320785575134722,0.00319292779061024,0.0031929262005952,0.00319292054949794,0.00319291614507668,0.00319290930475683,0.00319290831167123,0.0031929067788294,0.00319290631442659,0.00319290538078928,0.00319290527460339],"convergence":0,"press_dep":false,"press_rng":[1013.25,1013.25]}}
