{"fa_WV_LG01_M_band_6":{"type":"annular","coefficients":{"c1":1,"c2":0.322234857143465,"c3":-6.01969033957539,"c4":0.205934316702113,"c5":-0.164367554909785,"c6":-0.875417152339601},"mare":0.00316956558871634,"rmse":0.00249126638622092,"mare_seq":[0.0172201906420309,0.0159425521596001,0.0145679055495162,0.0145679036551053,0.0145679021913653,0.0145679014457728,0.014567900464127,0.0145679002467834,0.014567900024569,0.0145678997529269,0.0145678996100663,0.014567899549605,0.0145678994754053,0.0119421924465116,0.0107615432095908,0.0106499182825756,0.00804413964143341,0.00596455692433955,0.00444847482636348,0.00417202158404155,0.00328165466414376,0.00318272741576672,0.00317079798785167,0.00316958332820918,0.0031695737273456,0.00316956900659089,0.0031695687974862,0.00316956811743369,0.00316956804254139,0.00316956687528389,0.00316956558871634],"convergence":0,"press_dep":false,"press_rng":[1013.25,1013.25]}}
