{"fa_WV_LG03_C_band_4":{"type":"annular","coefficients":{"c1":1,"c2":0.207947105124716,"c3":-4.97472146800212,"c4":0.239645081128383,"c5":-0.163657703666319,"c6":-0.774966970114023},"mare":0.00318109368195429,"rmse":0.0020671089949785,"mare_seq":[0.0138404964817176,0.0138388072182552,0.0138386469076113,0.0138386450975199,0.0138386433829975,0.0138386426388138,0.0104740375457897,0.0101150957886955,0.00735324925715691,0.00695218233826632,0.00653567781985952,0.00333080490099807,0.00327855495318475,0.00319797745811038,0.00318120523166619,0.00318112625784842,0.00318111199273292,0.00318110722436946,0.00318110233899399,0.00318110076396267,0.00318110060022065,0.00318110026735401,0.00318109776977601,0.00318109772943253,0.00318109634230721,0.00318109626767842,0.00318109533631482,0.00318109417398676,0.00318109401305629,0.00318109400648876,0.00318109368195429],"convergence":0,"press_dep":false,"press_rng":[1013.25,1013.25]}}
