{"fa_WV_LG01_C_band_5":{"type":"annular","coefficients":{"c1":1,"c2":0.599718986431963,"c3":-0.779736670038162,"c4":0.516652804005149,"c5":-5.12293742369428,"c6":-0.165095130055656},"mare":0.00318324144624815,"rmse":0.00209573333673583,"mare_seq":[0.0139375708553336,0.0139375700881399,0.0139374083494019,0.0131847971339446,0.0117372926107836,0.0116272543404605,0.011273591065406,0.00944109630368489,0.00905420697453,0.00886406211547123,0.00731685667168758,0.00729320835565258,0.00726395998406498,0.00638034762799382,0.00541252899063992,0.00425607486168232,0.00323919285363343,0.00320795240750032,0.00318327108708688,0.00318326559338086,0.00318325681585881,0.00318325154653188,0.00318325024246229,0.00318324813789255,0.00318324803332174,0.00318324552093927,0.00318324414631343,0.00318324306731994,0.00318324259734483,0.00318324159236762,0.00318324144624815],"convergence":0,"press_dep":false,"press_rng":[1013.25,1013.25]}}
