{"fa_WV_LG01_U_band_9":{"type":"annular","coefficients":{"c1":1,"c2":0.219612159635425,"c3":-3.03161602888033,"c4":0.772492230722065,"c5":-0.714104230900463,"c6":-0.1750134589273},"mare":0.00188792273146765,"rmse":0.00119113026286,"mare_seq":[0.0095106085291769,0.00951060661406816,0.00951060660179061,0.00951060566262578,0.00951060550393316,0.00951060409688487,0.00950205948155159,0.00818084285394759,0.00667818981078463,0.00658307890163879,0.0061124242590012,0.00577658364123214,0.00566384381967356,0.00557184880365292,0.00383551570952698,0.00337589851840332,0.00208593988768082,0.00192591926411564,0.00191494973238658,0.00190599019861335,0.00189587328128724,0.00188980633092338,0.0018879389767911,0.00188792703596581,0.00188792699135066,0.00188792592261177,0.00188792474784605,0.00188792346521748,0.00188792283043776,0.00188792274902408,0.00188792273146765],"convergence":0,"press_dep":false,"press_rng":[1013.25,1013.25]}}
