{"fa_WV3_M_band_13":{"type":"annular","coefficients":{"c1":1,"c2":0.323344824578449,"c3":-4.20078261968898,"c4":0.838342484853265,"c5":-0.911272842315602,"c6":-0.183524939376264},"mare":0.00213350830440163,"rmse":0.0016444331288355,"mare_seq":[0.0412914645400788,0.0101756508769349,0.0101754926511706,0.0101754537626951,0.010175439635505,0.0101754327539778,0.0101754316237727,0.0101754313989486,0.0101754301982284,0.0101754301909063,0.0101754298407331,0.0101754290080045,0.0101754285449557,0.0101165972862248,0.00995038876181717,0.00894215567711893,0.0082546000517271,0.0056224956602221,0.00344477012009015,0.00239025482364225,0.00235768472088423,0.0021426994682766,0.00213352816840518,0.00213352662400336,0.00213352566487399,0.00213352566065032,0.0021335254887801,0.00213352532001535,0.00213351394092036,0.00213351031746977,0.00213350830440163],"convergence":0,"press_dep":false,"press_rng":[1013.25,1013.25]}}
