{"fa_WV_LG02_C_band_9":{"type":"annular","coefficients":{"c1":1,"c2":0.209943759607037,"c3":-5.01357796544951,"c4":0.240525835704993,"c5":-0.16392508265493,"c6":-0.776381015112733},"mare":0.00320480576021307,"rmse":0.00209695821970741,"mare_seq":[0.0156070841209738,0.0138812341671447,0.0138812332476872,0.0138812293424927,0.0138812278018571,0.0138812269264033,0.0138812258347417,0.0138812257199071,0.013881225689088,0.0138770001318983,0.011816956460874,0.0113011001206078,0.00982440816735849,0.00890549759609663,0.00824796108505636,0.0045367878812503,0.00432846125734164,0.00354356835162734,0.0032547384980291,0.00320486384651161,0.0032048131457031,0.00320481161730161,0.003204810159103,0.00320481012674908,0.00320481005801787,0.00320481002072284,0.00320480969564808,0.00320480963943537,0.00320480747895391,0.0032048074000715,0.00320480576021307],"convergence":0,"press_dep":false,"press_rng":[1013.25,1013.25]}}
