{"fa_WV_LG03_M_band_6":{"type":"annular","coefficients":{"c1":1,"c2":0.321691319009708,"c3":-6.02155034748768,"c4":0.793234209930612,"c5":-0.877357210121417,"c6":-0.165016323884976},"mare":0.00317667677493238,"rmse":0.00249296088777025,"mare_seq":[0.0157968605080355,0.0148463882518037,0.0145315864983139,0.0145315804887595,0.014531577605215,0.0145315773252444,0.0145315766731195,0.0145315765718146,0.0145315761856472,0.014531575992485,0.0145315747187429,0.0145315745043878,0.0145315737555561,0.0145315737010667,0.0134638991533667,0.0121791911817339,0.00951119370818531,0.00945293933532085,0.0089486173916816,0.00317673854404548,0.00317669514884448,0.00317669148082114,0.00317668794213513,0.00317668599861519,0.00317668351376104,0.00317668308453774,0.00317668086269526,0.00317668017559783,0.00317667859868864,0.00317667701466303,0.00317667677493238],"convergence":0,"press_dep":false,"press_rng":[1013.25,1013.25]}}
