{"fa_WV3_C_band_2":{"type":"annular","coefficients":{"c1":1,"c2":0.18544943264145,"c3":-0.163808555224829,"c4":0.745300667666756,"c5":-0.781638060666127,"c6":-4.81929141559512},"mare":0.00323682970829627,"rmse":0.00208230367658395,"mare_seq":[0.0479190404723115,0.0132712533305902,0.0119587627973587,0.0105037068276519,0.00951252007943893,0.00931583781234396,0.00801632186891701,0.00707426192988063,0.00663615185024871,0.00656379564120059,0.0055126603920736,0.0053065599858717,0.00361458939627402,0.00361257070723305,0.00333559024745613,0.00326781590290579,0.0032390433497917,0.00323733183777923,0.00323690584840968,0.0032368698909985,0.00323684792740155,0.00323684525097627,0.0032368435020576,0.00323684286317812,0.00323683905121967,0.00323683688354525,0.00323683435707898,0.00323683270083754,0.00323683119636009,0.00323683109027864,0.00323682970829627],"convergence":0,"press_dep":false,"press_rng":[1013.25,1013.25]}}
