{"fa_WV_LG04_M_band_4":{"type":"annular","coefficients":{"c1":1,"c2":0.319916015175774,"c3":-6.40311857947839,"c4":0.210023169945991,"c5":-0.165254545868228,"c6":-0.878555448183351},"mare":0.00329936874230085,"rmse":0.00260536035310851,"mare_seq":[0.0149940725858748,0.0149929632424532,0.0149929619837758,0.0149929618056742,0.0149929616616272,0.014992961573509,0.0149929613096467,0.0149929612335181,0.0149929598912437,0.0140890362616595,0.0128541373284757,0.0127315490285243,0.0119733922020485,0.00973708561411878,0.00962537874871025,0.00930424248620892,0.00670423302138449,0.00339577734880634,0.00329972848185976,0.0032994419087775,0.00329940609765475,0.00329938278513202,0.0032993817766662,0.00329937933032242,0.00329937520700053,0.00329937388990443,0.00329937328960167,0.00329937254679927,0.00329937010565149,0.0032993693216065,0.00329936874230085],"convergence":0,"press_dep":false,"press_rng":[1013.25,1013.25]}}
