{"fa_WV_LG01_M_band_8":{"type":"annular","coefficients":{"c1":1,"c2":0.541068667434134,"c3":-0.879762081178193,"c4":0.296913384263575,"c5":-0.164718737077137,"c6":-5.64882688354775},"mare":0.00303679413986481,"rmse":0.00236426312603346,"mare_seq":[0.0140059020144592,0.0140058895976527,0.0140058879826464,0.0140058866657938,0.014005886477731,0.0140058850491431,0.0140058849982764,0.0140058844649839,0.0140058842935506,0.0140058842184568,0.0140058839100134,0.012262453521923,0.0116376436767419,0.0112006406601268,0.0101328564440214,0.00906073480047374,0.00326511780433513,0.00323658924928045,0.00303708041483039,0.00303681318806847,0.00303680633611337,0.00303680411452756,0.00303680175585735,0.00303679805938246,0.00303679799976159,0.0030367959096661,0.00303679582840131,0.00303679477414166,0.00303679424141245,0.00303679418232751,0.00303679413986481],"convergence":0,"press_dep":false,"press_rng":[1013.25,1013.25]}}
