{"fa_WV_LG03_U_band_4":{"type":"annular","coefficients":{"c1":1,"c2":0.602667956115813,"c3":-0.71547144695621,"c4":0.446745894055925,"c5":-0.175241723591431,"c6":-3.02812777885736},"mare":0.00187901250668749,"rmse":0.00118545589771962,"mare_seq":[0.00948603310087392,0.00948603153812014,0.00948603087941173,0.00948602931736523,0.00948602866573235,0.00948602855643333,0.00948592520193686,0.00945038925481336,0.00871810453181373,0.00855131024019323,0.00503812976020445,0.00322786146531946,0.0024791612113204,0.00223112889119613,0.00208632657543942,0.00207938049085335,0.0020685556470899,0.00195773011446527,0.00192030571449922,0.00188379811343095,0.00187908281765722,0.00187902950747979,0.00187902683353809,0.00187902426296263,0.00187902261495345,0.00187901818410622,0.00187901542193456,0.00187901446636914,0.00187901326922329,0.00187901315896651,0.00187901250668749],"convergence":0,"press_dep":false,"press_rng":[1013.25,1013.25]}}
