{"fa_WV_LG06_C_band_4":{"type":"annular","coefficients":{"c1":1,"c2":0.205887461429377,"c3":-5.04077676284936,"c4":0.241230087037064,"c5":-0.164654835835542,"c6":-0.779683569297071},"mare":0.00319790570506742,"rmse":0.00208504347907151,"mare_seq":[0.013813025940719,0.013813022706915,0.0138130185285589,0.0138130164950323,0.0138130158748534,0.0138130158217751,0.0138130149592552,0.0138124856830006,0.0138122038118845,0.0121424172473935,0.0118230261350679,0.0107425216116229,0.010195225296634,0.00858081854932182,0.0077908481184411,0.00569332954970368,0.00538697413817985,0.00393104436542832,0.00348473324569549,0.00320079989753556,0.00319845217157611,0.00319793361349846,0.00319793203454695,0.00319792007990757,0.00319791361523511,0.00319791331027852,0.0031979093582818,0.00319790872889559,0.00319790776616606,0.00319790610103088,0.00319790570506742],"convergence":0,"press_dep":false,"press_rng":[1013.25,1013.25]}}
