{"fa_WV3_C_band_17":{"type":"annular","coefficients":{"c1":1,"c2":0.208332268107406,"c3":-5.08886102610864,"c4":0.241951132156904,"c5":-0.164701380114874,"c6":-0.779170865395441},"mare":0.0031845053812009,"rmse":0.00209313518950624,"mare_seq":[0.0139134886132365,0.0139134836876902,0.0139134765342776,0.0139134760632932,0.0139134760347254,0.0139125488612848,0.0101913371537412,0.00905945911120519,0.007717428978101,0.00684837560289692,0.00608864056168073,0.00571819753125206,0.00365124023458424,0.00360006405039777,0.00356461654518746,0.00324563004991572,0.00320621231108995,0.00318941930961572,0.00318480686531708,0.00318454820167763,0.00318453794518249,0.00318452740032706,0.00318451963687838,0.00318451869123594,0.00318451154602277,0.00318450840046626,0.00318450802460461,0.00318450748602829,0.0031845071685132,0.00318450710222937,0.0031845053812009],"convergence":0,"press_dep":false,"press_rng":[1013.25,1013.25]}}
