{"fa_WV_LG06_M_band_5":{"type":"annular","coefficients":{"c1":1,"c2":0.320916048231309,"c3":-6.18511977652554,"c4":0.207468270827866,"c5":-0.164683916490277,"c6":-0.876544055738137},"mare":0.00322694143989185,"rmse":0.00253883760291647,"mare_seq":[0.0209500380302239,0.0147590443490999,0.0147590441499359,0.0147590431686096,0.0147590421736775,0.014759042046004,0.0147590412780332,0.0147590400287877,0.0147590392173384,0.0147590390846533,0.0147590387210103,0.0147590385655888,0.0147590381484557,0.0147590379290668,0.0147589974714029,0.0132830345253613,0.0132514769350132,0.0130859047883652,0.0128898937520145,0.0126732819437535,0.00926665827487839,0.00795887568809707,0.006946781765212,0.0050136323775965,0.00369586618229521,0.00322694488663672,0.00322694470195642,0.00322694424681863,0.003226942408458,0.00322694227451108,0.00322694143989185],"convergence":0,"press_dep":false,"press_rng":[1013.25,1013.25]}}
