{"fa_WV_LG03_U_band_9":{"type":"annular","coefficients":{"c1":1,"c2":0.217507064635096,"c3":-3.05607367277793,"c4":0.771402858931526,"c5":-0.717126825519032,"c6":-0.175896984543506},"mare":0.00189327082982412,"rmse":0.00119773500923892,"mare_seq":[0.00950244503180887,0.0095024448851872,0.00950244454473422,0.00631018895330047,0.00620250092723979,0.00611957600678363,0.00580629092607329,0.00568785121597688,0.00470974198685106,0.00459593475991326,0.00262765879093302,0.00220125435325435,0.00216289270575355,0.00199663655347176,0.00193829972578941,0.00190000576718272,0.00189486248711474,0.00189348186086138,0.0018934095072162,0.00189329138556889,0.0018932894502572,0.00189327749967326,0.00189327665818702,0.00189327440309828,0.00189327306780285,0.00189327217732673,0.0018932718807775,0.00189327150486848,0.00189327135027356,0.00189327090350245,0.00189327082982412],"convergence":0,"press_dep":false,"press_rng":[1013.25,1013.25]}}
