{"fa_WV_LG02_U_band_5":{"type":"annular","coefficients":{"c1":1,"c2":0.177618508414728,"c3":-0.174591260098524,"c4":0.266567426217407,"c5":-3.00543956013551,"c6":-0.709351577312946},"mare":0.00187179689432206,"rmse":0.00116813931026577,"mare_seq":[0.0514918057148872,0.00949506344744621,0.00949506280485669,0.00949506107975385,0.00949505586895271,0.00949505221703312,0.00949505157112116,0.00949505101975032,0.00919929027635892,0.00700922038441824,0.00594932484643509,0.00255948081922926,0.00224455854379918,0.00204505261924955,0.00196488176981838,0.00187352531237082,0.00187180814417267,0.00187180685990969,0.0018718056272452,0.00187180234328832,0.00187180196323437,0.00187180133261806,0.00187180062740044,0.00187179905121277,0.00187179854508954,0.00187179814556874,0.00187179803716813,0.00187179743476484,0.00187179735442414,0.00187179697440115,0.00187179689432206],"convergence":0,"press_dep":false,"press_rng":[1013.25,1013.25]}}
