{"fa_WV_LG06_U_band_9":{"type":"annular","coefficients":{"c1":1,"c2":0.218218393872163,"c3":-3.0493176454312,"c4":0.772038261219586,"c5":-0.715627511614191,"c6":-0.175517284636011},"mare":0.00188303797518732,"rmse":0.00119781178213558,"mare_seq":[0.0207788787513638,0.00949941434905526,0.00949941431508885,0.00949941233166789,0.00789595560317797,0.00727623034951095,0.00649170854908325,0.00636529225946426,0.00592324859481071,0.00580631316897172,0.00551829026209806,0.00546100873694097,0.0040881259519573,0.00236935358747668,0.00216725602918283,0.00216524095679532,0.00188644349575036,0.00188386626884436,0.00188306509829491,0.00188306486165613,0.00188306061609245,0.00188305171845929,0.00188304847103189,0.00188304089403311,0.00188303925443461,0.00188303902779248,0.00188303861585931,0.00188303839802977,0.00188303834416578,0.00188303805516327,0.00188303797518732],"convergence":0,"press_dep":false,"press_rng":[1013.25,1013.25]}}
