{"fa_WV_LG04_M_band_3":{"type":"annular","coefficients":{"c1":1,"c2":0.53727661421107,"c3":-0.878244754830929,"c4":0.688943754012547,"c5":-6.66399794315949,"c6":-0.165929820242102},"mare":0.00337512840534435,"rmse":0.0026753730491055,"mare_seq":[0.0184222499253716,0.0166366503387232,0.0156837623775966,0.0152670350273072,0.0152486470500828,0.0152486462892192,0.0152486429617902,0.0152486414398723,0.0152486396687476,0.0152486391424962,0.0152486390589334,0.0151016990481622,0.0150385768670261,0.0143753842846707,0.0129676637810838,0.0124487444017743,0.0107293530650722,0.00933723206096676,0.00553341052812221,0.00390518795516151,0.00355355797998098,0.00347021826919931,0.00337516110906867,0.00337513805262197,0.00337513735708659,0.00337513623511436,0.00337513586415654,0.00337513567126164,0.00337513348958273,0.00337513123792732,0.00337512840534435],"convergence":0,"press_dep":false,"press_rng":[1013.25,1013.25]}}
