{"fa_WV_LG03_M_band_8":{"type":"annular","coefficients":{"c1":1,"c2":0.322123284979524,"c3":-5.66042598171726,"c4":0.200513550410663,"c5":-0.164464668832995,"c6":-0.87868714355165},"mare":0.0030335944971795,"rmse":0.00236811619594484,"mare_seq":[0.0153369512495371,0.0140356584830374,0.0140356512746615,0.0140356151053942,0.0140356149676845,0.0140356147889871,0.0137321514293639,0.0131576516505039,0.0125297407178727,0.0101086854508,0.00952481977231938,0.0086328407550412,0.0070634228917603,0.004847790256595,0.00476490410694076,0.00384143612795631,0.00315256501408646,0.00311309456015059,0.00303370166738029,0.00303360493671668,0.00303359813373573,0.00303359705301572,0.0030335970249408,0.00303359662060602,0.00303359633281853,0.00303359597998648,0.00303359584678305,0.0030335954651811,0.00303359538926127,0.00303359517050422,0.0030335944971795],"convergence":0,"press_dep":false,"press_rng":[1013.25,1013.25]}}
