{"fa_WV2_M_band_9":{"type":"annular","coefficients":{"c1":1,"c2":0.538168444162679,"c3":-0.87952413386579,"c4":0.307012552069009,"c5":-0.165630269891628,"c6":-6.28356091885746},"mare":0.00326028793820857,"rmse":0.00256515513059974,"mare_seq":[0.0148384843990131,0.0148278186705978,0.0148278119352362,0.0148278085841837,0.01482780119618,0.0148277994669272,0.0148277990424182,0.0148277987855695,0.0128238495099251,0.0113195793039034,0.0102243536200138,0.00983831268480297,0.00751921690232029,0.00726833424303523,0.00353414583048149,0.00326059803104719,0.00326037525807181,0.00326035838552126,0.00326035737958388,0.00326035330247795,0.00326031026351315,0.00326030608610919,0.00326030531110046,0.00326029970510682,0.00326029744861366,0.00326029575745901,0.00326029296642903,0.00326029140460947,0.00326028979032761,0.00326028831429073,0.00326028793820857],"convergence":0,"press_dep":false,"press_rng":[1013.25,1013.25]}}
