{"fa_WV_LG05_C_band_1":{"type":"annular","coefficients":{"c1":1,"c2":0.607450472459855,"c3":-0.785929020920236,"c4":0.535696945669024,"c5":-4.75324292411266,"c6":-0.164073827641015},"mare":0.00323858273538914,"rmse":0.00206544626093544,"mare_seq":[0.0133784852314083,0.0133784811347927,0.013378478218823,0.0133784774629758,0.0133784764970806,0.0133784750275175,0.0133784742729698,0.0133784582981182,0.0129436882098578,0.0104302513930475,0.00973532659762736,0.00931882417569859,0.00887971702828202,0.0080748623925863,0.00492382952877909,0.00403509457823255,0.00372920394798306,0.00362167564202855,0.00329701737298455,0.0032452744270265,0.00323862878253894,0.00323861930591067,0.00323861081559375,0.0032385983849336,0.00323859230435743,0.00323858989031333,0.00323858652062236,0.00323858560659736,0.00323858482233779,0.00323858323463049,0.00323858273538914],"convergence":0,"press_dep":false,"press_rng":[1013.25,1013.25]}}
