{"fa_WV_LG04_C_band_1":{"type":"annular","coefficients":{"c1":1,"c2":0.180765356253002,"c3":-0.163348198991185,"c4":0.259844771192953,"c5":-4.68259457812674,"c6":-0.781582419040666},"mare":0.00325050780282206,"rmse":0.00207121844065022,"mare_seq":[0.0136221435867431,0.0133601423861642,0.0133601405238919,0.0133601399741989,0.013360139889999,0.0133601380417846,0.01336013799543,0.0133601366443067,0.0133601365114339,0.0133601364579851,0.0096970992146604,0.00950675815360939,0.00937499791567902,0.0085145096197999,0.00830551854141322,0.00649615270776929,0.00549476581204146,0.0034601279577552,0.00332922677867579,0.00329771080252392,0.00325074615390869,0.0032505475508045,0.00325053644903559,0.00325051029586398,0.00325051006663466,0.0032505096968237,0.0032505091949078,0.00325050891248473,0.00325050842345694,0.003250508025525,0.00325050780282206],"convergence":0,"press_dep":false,"press_rng":[1013.25,1013.25]}}
