{"fa_WV_LG05_U_band_8":{"type":"annular","coefficients":{"c1":1,"c2":0.207901095027129,"c3":-3.13569427092104,"c4":0.767129311536889,"c5":-0.717828384342056,"c6":-0.179696073264186},"mare":0.00193133969202536,"rmse":0.00121910050312633,"mare_seq":[0.00952082515549973,0.00952082252774404,0.009520821810445,0.00952082100033265,0.00952082066952896,0.00952082011671182,0.00952081997712327,0.00952081982676893,0.00944435561806002,0.00933221316864525,0.0091853579432535,0.0063474393356409,0.00583114361351612,0.00582816703068193,0.00557607015184072,0.0053684946464611,0.00509680702503855,0.00371834842588434,0.00338183052649318,0.00296388734833231,0.00289971476355635,0.00216768328519056,0.00214699615015747,0.00193149370379894,0.00193134829487133,0.00193134802358861,0.00193134224641598,0.00193134216467458,0.00193134177761258,0.00193134041002419,0.00193133969202536],"convergence":0,"press_dep":false,"press_rng":[1013.25,1013.25]}}
