{"fa_WV3_U_band_7":{"type":"annular","coefficients":{"c1":1,"c2":0.208031940947387,"c3":-3.11972327456187,"c4":0.233567543399199,"c5":-0.17988296655873,"c6":-0.719120918176789},"mare":0.00192702864286199,"rmse":0.00121154022740816,"mare_seq":[0.00948365208370233,0.00948364695199947,0.00948364563270439,0.00948364414131365,0.00948164536225881,0.00877683500348406,0.00766106062377276,0.00485068737256171,0.00452136418441141,0.00411648717237985,0.00314125496477676,0.00223262157775004,0.0020440358121022,0.00196008821571324,0.0019366526068395,0.00193175819165054,0.00192899651317235,0.00192844734632845,0.00192755744605827,0.00192752435546422,0.00192707194420815,0.00192704993655088,0.00192703259684812,0.00192703216783823,0.00192703086191316,0.00192703070987948,0.00192703021577526,0.00192703002301682,0.00192702944512965,0.00192702915655454,0.00192702864286199],"convergence":0,"press_dep":false,"press_rng":[1013.25,1013.25]}}
