{"fa_WV3_C_band_8":{"type":"annular","coefficients":{"c1":1,"c2":0.226988240152337,"c3":-5.3535411735714,"c4":0.249142745881047,"c5":-0.169125615977995,"c6":-0.788377662377713},"mare":0.00309644911869867,"rmse":0.00211826507750637,"mare_seq":[0.0142824799157526,0.0142749773091467,0.0142749729544781,0.0142749703380532,0.0142749593851741,0.014274959220795,0.0142749589031356,0.0142749588285486,0.0142747437424975,0.0133591458125085,0.0120720019077708,0.00932278452354778,0.00756042236881871,0.00748174198568332,0.00724348154168394,0.00456765421386441,0.00445124862259263,0.00430092030034643,0.00329890155620814,0.00319938249253378,0.00309705724023895,0.0030964943836203,0.0030964815124037,0.00309646900412571,0.00309645967236254,0.00309645502603543,0.00309645490756788,0.00309645465210762,0.00309645321432714,0.00309645149966374,0.00309644911869867],"convergence":0,"press_dep":false,"press_rng":[1013.25,1013.25]}}
