{"fa_WV_LG03_U_band_1":{"type":"annular","coefficients":{"c1":1,"c2":0.59781841809266,"c3":-0.729052820177804,"c4":0.425497773821395,"c5":-0.175658706576153,"c6":-3.08361628198025},"mare":0.00190982269621407,"rmse":0.0012189508259647,"mare_seq":[0.00958786861319462,0.00958786854386932,0.00958786839327846,0.00958786834747284,0.00958786829870762,0.00958786815577854,0.0081055938492859,0.00713124796440551,0.00666405728107532,0.00627075303686073,0.00590380633311071,0.00535704390724492,0.00351025926090729,0.00326514389163387,0.00323616658552389,0.00260992898034237,0.00246307431206914,0.00197334583767689,0.00193895980878202,0.00191109483163406,0.00191070509253658,0.00190993771038238,0.00190992741715528,0.00190989255524787,0.00190983046551173,0.00190982774823243,0.00190982497546244,0.00190982402362836,0.00190982392801012,0.00190982350076585,0.00190982269621407],"convergence":0,"press_dep":false,"press_rng":[1013.25,1013.25]}}
