{"fa_WV_LG02_C_band_7":{"type":"annular","coefficients":{"c1":1,"c2":0.193571387352288,"c3":-0.165444437858253,"c4":0.264519413984809,"c5":-5.15018916311557,"c6":-0.77547371994728},"mare":0.00315270551754041,"rmse":0.00208584141091609,"mare_seq":[0.0164837957743225,0.0141165590464922,0.0141154787214622,0.0141154738794264,0.014115473223476,0.0141151952033182,0.0140995060476138,0.0114057498917246,0.0111988697527781,0.0100334469936027,0.00964748959738366,0.00837531952737727,0.00480540736675065,0.00442477035754643,0.00380582408260199,0.00353130372035773,0.00315275525225601,0.00315273670909241,0.00315271389873528,0.0031527128433504,0.00315271030418332,0.00315271003183423,0.00315270951081476,0.00315270931819101,0.00315270907032029,0.00315270898230984,0.00315270883988909,0.00315270783768803,0.00315270649094489,0.00315270571163861,0.00315270551754041],"convergence":0,"press_dep":false,"press_rng":[1013.25,1013.25]}}
