{"fa_WV_LG02_U_band_6":{"type":"annular","coefficients":{"c1":1,"c2":0.214595873244317,"c3":-3.04170161190441,"c4":0.230411513630532,"c5":-0.176062747894174,"c6":-0.71281352122051},"mare":0.00189692295499137,"rmse":0.00119345132102224,"mare_seq":[0.00947159889542868,0.00947156855065504,0.00947155577036591,0.00947155478165797,0.00947155319336343,0.00947155314349879,0.00935670061020649,0.00501517204799043,0.00397847613068474,0.00364844786920113,0.002707728188895,0.00266385126710259,0.00214097165506634,0.00211606300881832,0.00194815150108425,0.0019087672280344,0.00189770891184181,0.001897184013938,0.00189694757367911,0.00189694431067899,0.00189693111348178,0.00189693002559085,0.00189692593372406,0.00189692486243409,0.00189692449913312,0.00189692448288903,0.00189692436820042,0.00189692423078765,0.00189692418350327,0.0018969231311183,0.00189692295499137],"convergence":0,"press_dep":false,"press_rng":[1013.25,1013.25]}}
