{"fa_WV_LG02_C_band_3":{"type":"annular","coefficients":{"c1":1,"c2":0.206265202235284,"c3":-4.9162371457296,"c4":0.236816401465962,"c5":-0.163866265138733,"c6":-0.778797403573508},"mare":0.00321174914928332,"rmse":0.00207140394439562,"mare_seq":[0.0136619974641989,0.0136619968732255,0.0118831694879174,0.0106999013396889,0.00870597267811301,0.00862163516533876,0.00853896968187514,0.00833002877796576,0.00786795738095519,0.0076522111964454,0.00652240169811824,0.00546964196094957,0.00545643057029719,0.00347862581168166,0.00327483282516756,0.00323141276986831,0.0032133957191543,0.00321205974933566,0.00321178778278565,0.00321177656984486,0.00321176581252721,0.00321175820988802,0.0032117525984573,0.00321175249306486,0.00321175242020625,0.00321175233843164,0.00321175228728482,0.00321175207145125,0.00321175195972304,0.00321175122731063,0.00321174914928332],"convergence":0,"press_dep":false,"press_rng":[1013.25,1013.25]}}
