{"fa_WV_LG02_M_band_1":{"type":"annular","coefficients":{"c1":1,"c2":0.315178141202982,"c3":-7.41204397390458,"c4":0.785431520399166,"c5":-0.886597614635875,"c6":-0.167700829463393},"mare":0.00354058094203222,"rmse":0.00284221848876003,"mare_seq":[0.0175512488727426,0.0162323229367738,0.0158258863597594,0.0158258828948119,0.0158258803298168,0.015825879149554,0.0158258788625376,0.0158258784518953,0.0158258781852206,0.0158258780411046,0.0156642707168732,0.0153967477399897,0.0140551998880894,0.0138124711365084,0.0106734293230675,0.00971803837582243,0.00951348763614168,0.00670489004451646,0.00602000356649342,0.0055605635308117,0.00361235491472896,0.00357571318617118,0.00354061888602369,0.00354061664272281,0.00354059459057721,0.00354058878327295,0.00354058512851104,0.00354058394472888,0.00354058222483662,0.00354058143021139,0.00354058094203222],"convergence":0,"press_dep":false,"press_rng":[1013.25,1013.25]}}
