{"fa_WV2_U_band_3":{"type":"annular","coefficients":{"c1":1,"c2":0.221034236961907,"c3":-3.05445204534251,"c4":0.226152949377224,"c5":-0.175201295118375,"c6":-0.720993818718311},"mare":0.00188576213307863,"rmse":0.00120043750243579,"mare_seq":[0.0118543780473526,0.00950751854232561,0.00950751702874725,0.00950751698641276,0.00950751609122418,0.00950751582587746,0.00950751480931681,0.00831476454501612,0.0080739553705277,0.00767103635595897,0.00691794299746717,0.00665313705440049,0.00522612788058638,0.00493288725897314,0.00425380994764873,0.00381183013116375,0.00299179188256403,0.00276492956934187,0.0024023513107788,0.00208996333187474,0.00205504214217515,0.00190789967719592,0.0019040414733764,0.00188578291799503,0.00188577744110483,0.00188577699327353,0.00188576700958083,0.00188576418427578,0.00188576343801653,0.00188576250262012,0.00188576213307863],"convergence":0,"press_dep":false,"press_rng":[1013.25,1013.25]}}
