{"fa_WV3_M_band_10":{"type":"annular","coefficients":{"c1":1,"c2":0.32175138632041,"c3":-4.4743259781462,"c4":0.17448429092306,"c5":-0.167734770912051,"c6":-0.882376420769288},"mare":0.00245959422434168,"rmse":0.00187907938080874,"mare_seq":[0.0118392823954557,0.0117312566534298,0.0117312109617181,0.0117312049455767,0.0117312032796419,0.0117312026750892,0.0117312022497508,0.0117312015838613,0.0117312014032723,0.0117311986133803,0.011729126037269,0.0115803461392611,0.0092499826308173,0.0084710784170175,0.00325439034720934,0.00275027248434368,0.00252174066423743,0.00246889940404376,0.00246648904589989,0.00245970378069023,0.00245962407681039,0.00245962224348005,0.00245960366573244,0.00245960356053594,0.00245960296632024,0.00245960210483303,0.00245960143899687,0.00245959871173671,0.00245959628046399,0.00245959437054745,0.00245959422434168],"convergence":0,"press_dep":false,"press_rng":[1013.25,1013.25]}}
