{"fa_WV_LG02_M_band_2":{"type":"annular","coefficients":{"c1":1,"c2":0.317063261440877,"c3":-7.03755986021362,"c4":0.214353090795797,"c5":-0.16670908240843,"c6":-0.881890448885998},"mare":0.00346362805458751,"rmse":0.00276250324285527,"mare_seq":[0.0155759778382502,0.0155759732051366,0.015575972368313,0.0155759715780313,0.0155759710312434,0.0155759694659659,0.0155759694091304,0.0155759672984671,0.0155759672260232,0.0155759671316234,0.0109380686541511,0.010910789667518,0.0101227561120409,0.0100359896242395,0.00672777422169788,0.00649538860053841,0.00402856072034397,0.00368258566544201,0.0034681322394768,0.0034636569905059,0.00346364318878265,0.003463642640174,0.00346364054341862,0.00346363522891719,0.00346363414993995,0.00346363217865042,0.00346363203845182,0.00346363137564014,0.00346362890895511,0.00346362812959805,0.00346362805458751],"convergence":0,"press_dep":false,"press_rng":[1013.25,1013.25]}}
