{"fa_WV_LG04_M_band_1":{"type":"annular","coefficients":{"c1":1,"c2":0.313969478344088,"c3":-7.46836654449564,"c4":0.78467519886254,"c5":-0.889869818536112,"c6":-0.16808335566451},"mare":0.00354549991817488,"rmse":0.00284477990034072,"mare_seq":[0.025756906800546,0.0165189079899581,0.0158889936783551,0.0158412241820413,0.0158412237461126,0.0158412231974361,0.0158412224834114,0.0158412222450191,0.0158412221606665,0.0158412218436928,0.0158412214053862,0.015841221052341,0.015841220900469,0.0158407070349003,0.0156908416068241,0.0148375514191598,0.0122835865245217,0.0116206584384858,0.0106537811876536,0.00985926940965547,0.0084713094684603,0.00556218159467047,0.0035590175974434,0.00354559431031513,0.0035455219624065,0.00354551403791899,0.00354550329411321,0.0035455026977007,0.00354550118480954,0.00354550034412542,0.00354549991817488],"convergence":0,"press_dep":false,"press_rng":[1013.25,1013.25]}}
