{"fa_WV3_M_band_4":{"type":"annular","coefficients":{"c1":1,"c2":0.536845318498551,"c3":-0.876200926529574,"c4":0.692584291286491,"c5":-6.38986514581936,"c6":-0.164784106172881},"mare":0.00329573897624208,"rmse":0.00260005668460299,"mare_seq":[0.0159098500642214,0.0150164442328193,0.0150164435700382,0.0150164423589806,0.0150164347129059,0.01501643390693,0.0150164327338544,0.0150164312471939,0.0150164311506539,0.0150164301643534,0.0150164297513774,0.0148824364194846,0.0136128603192823,0.0125089655406896,0.0118057062115671,0.0107932526047619,0.0101558236512031,0.01011717435397,0.00911938256399657,0.00881809077404075,0.00875948377856651,0.0079455470302386,0.00678393291067997,0.00329617469397019,0.00329602612833052,0.00329574822202024,0.00329574406872234,0.00329574292387205,0.00329574231317297,0.00329574161340978,0.00329573897624208],"convergence":0,"press_dep":false,"press_rng":[1013.25,1013.25]}}
