{"fa_WV_LG04_C_band_7":{"type":"annular","coefficients":{"c1":1,"c2":0.594003544119446,"c3":-0.776781631959604,"c4":0.523277309711888,"c5":-5.17616947507175,"c6":-0.165435001878434},"mare":0.00315242818701526,"rmse":0.00209105669953507,"mare_seq":[0.0141382417679951,0.0141382409013651,0.0141382398196229,0.0126893128972191,0.0095684277921619,0.00928935291209296,0.00917865555451145,0.00879453402355249,0.00693994760195974,0.00569517713117076,0.00558410617712557,0.00531200628085642,0.00467609697158287,0.00416404272700867,0.00404869968244423,0.00403643565794078,0.0033887993812165,0.00317332413716443,0.00315247338554523,0.00315245223514108,0.0031524445813292,0.00315244365152544,0.00315244008212269,0.00315243887828222,0.0031524384200441,0.00315243473061299,0.0031524324026114,0.0031524309576103,0.00315243023920066,0.00315242841532091,0.00315242818701526],"convergence":0,"press_dep":false,"press_rng":[1013.25,1013.25]}}
