{"fa_WV_LG01_C_band_9":{"type":"annular","coefficients":{"c1":1,"c2":0.207850397977519,"c3":-5.0737705447383,"c4":0.758431326432733,"c5":-0.780427805962483,"c6":-0.164755908187127},"mare":0.00320116884210398,"rmse":0.00209832960359685,"mare_seq":[0.0138792591596174,0.0138792558342631,0.0138792552699157,0.0138792550461065,0.0138792548943241,0.0138792546279021,0.0138719553393319,0.0133879221307261,0.0131112800279186,0.0124549234811552,0.0111205882338133,0.01029805083592,0.0101030123407666,0.00967217023410837,0.00864595859121415,0.00360931327740769,0.0032382959024655,0.00320120197607216,0.00320118820213638,0.00320117988741932,0.00320117353236947,0.00320117299121272,0.00320117169421991,0.00320117158570882,0.00320117135265721,0.00320117075718664,0.00320117032677235,0.00320117006216576,0.0032011693919997,0.00320116904626842,0.00320116884210398],"convergence":0,"press_dep":false,"press_rng":[1013.25,1013.25]}}
