{"fa_WV_LG03_U_band_3":{"type":"annular","coefficients":{"c1":1,"c2":0.22170116573109,"c3":-3.0439284482978,"c4":0.226156332369758,"c5":-0.1754043399432,"c6":-0.720285441632526},"mare":0.00188643657907672,"rmse":0.00119659915556223,"mare_seq":[0.00948916477372496,0.00948915691320414,0.00948915473451595,0.00948915403123239,0.00948915288525985,0.00948915283906776,0.00948915244761117,0.00948915124904271,0.0089622869373473,0.00890128065367,0.00704007932459293,0.00680730772628719,0.00637283363347291,0.00631345083072037,0.00595946356422166,0.00563994874810084,0.00511687804025616,0.00507932348409107,0.00381936599919641,0.00196631689083306,0.0019357026314522,0.00188646957557647,0.0018864605604891,0.00188645088101195,0.00188644278756158,0.00188644176530222,0.00188643913701222,0.00188643894204326,0.00188643766139848,0.00188643679223964,0.00188643657907672],"convergence":0,"press_dep":false,"press_rng":[1013.25,1013.25]}}
