{"fa_WV_LG03_C_band_8":{"type":"annular","coefficients":{"c1":1,"c2":0.218744678101586,"c3":-5.30899453567853,"c4":0.751723933557447,"c5":-0.782967933552328,"c6":-0.167718668379259},"mare":0.003144719010914,"rmse":0.00212239353498849,"mare_seq":[0.0142429567535147,0.0142429511380243,0.0142429483165625,0.0142429440646642,0.0142429430458231,0.0142429422742975,0.0142429412461206,0.014242940707337,0.0103330948434466,0.00940462289265567,0.00805880927777083,0.00744515561303827,0.00557046461674409,0.00533779075130384,0.00509668062381274,0.00503892243417114,0.00350690231141091,0.00326849176477982,0.00315073725835536,0.00314476421637428,0.00314473327713337,0.00314472738849132,0.00314472586429234,0.00314472472400756,0.00314472463336293,0.00314472454916165,0.00314472189829264,0.00314472073068935,0.00314472051390051,0.00314471992021398,0.003144719010914],"convergence":0,"press_dep":false,"press_rng":[1013.25,1013.25]}}
