{"fa_WV_LG04_C_band_3":{"type":"annular","coefficients":{"c1":1,"c2":0.206899858783888,"c3":-4.90449248268598,"c4":0.76331873070821,"c5":-0.778056790268728,"c6":-0.1637289709887},"mare":0.00321048327292836,"rmse":0.00207257851419033,"mare_seq":[0.0136601479173723,0.0136601435811147,0.0136601434549118,0.0136601429690573,0.0136601427297578,0.0136601420864123,0.013660142084325,0.0136601420340563,0.0136601417206076,0.0130090174871635,0.0123102304719557,0.0113885231704842,0.00934366678968387,0.00736446619558786,0.00653867304556508,0.00367765910308821,0.00350019253423784,0.0034835841266208,0.00321213054823349,0.00321063076192243,0.00321049072023747,0.00321049029163034,0.00321049026867968,0.00321048981712831,0.0032104875688707,0.00321048576789559,0.00321048571975022,0.00321048447952162,0.00321048399846899,0.00321048327363748,0.00321048327292836],"convergence":0,"press_dep":false,"press_rng":[1013.25,1013.25]}}
