{"fa_WV_LG02_U_band_9":{"type":"annular","coefficients":{"c1":1,"c2":0.603349151976251,"c3":-0.718113508349029,"c4":0.451607412725299,"c5":-0.176026500225862,"c6":-3.05372349646224},"mare":0.00190710756368934,"rmse":0.00120154952662127,"mare_seq":[0.00950895245939409,0.00950894834099461,0.0095089470945875,0.00950894705343319,0.00950894649063993,0.00950894647758113,0.00950894627001079,0.00950894500009745,0.00866132658394107,0.00822387836252634,0.00737325728884215,0.00574298155231913,0.00365033741401161,0.0035474863399075,0.00345627860132968,0.00321608479296758,0.00236198541509971,0.00209169792887261,0.00202373250756711,0.0019381120333247,0.00193616058048314,0.00193427123358711,0.00190712630695705,0.00190712189009752,0.0019071166154879,0.00190711370766573,0.00190711113929394,0.0019071094797383,0.00190710897628038,0.00190710766409531,0.00190710756368934],"convergence":0,"press_dep":false,"press_rng":[1013.25,1013.25]}}
