{"fa_WV2_C_band_4":{"type":"annular","coefficients":{"c1":1,"c2":0.206248037558893,"c3":-5.02372468338474,"c4":0.758958471948484,"c5":-0.77828797090128,"c6":-0.16448597693241},"mare":0.00319731228525941,"rmse":0.00208764665134954,"mare_seq":[0.0138135823040727,0.0138135807540643,0.0138135779049359,0.0138135741884146,0.0138135723304464,0.0138135723185726,0.0138135717760212,0.0138135717680711,0.0138026244691711,0.0131247328640788,0.0123499598233054,0.0114151634382509,0.0101549499054896,0.00897803794706358,0.00861505410837743,0.00799904998869986,0.00687562424441691,0.00481105251904164,0.00422983157461869,0.00389385604268023,0.00376017200187086,0.00348559638175476,0.00319917466542896,0.00319871455280917,0.00319732791677609,0.00319731986512481,0.00319731651246385,0.00319731452176547,0.00319731380233927,0.00319731362311266,0.00319731228525941],"convergence":0,"press_dep":false,"press_rng":[1013.25,1013.25]}}
