{"fa_WV_LG02_M_band_4":{"type":"annular","coefficients":{"c1":1,"c2":0.536996210048097,"c3":-0.876553350588938,"c4":0.692475425432374,"c5":-6.40206255095295,"c6":-0.164835693363036},"mare":0.00329859279367954,"rmse":0.00260558368942441,"mare_seq":[0.0150165177958358,0.015016516079507,0.0150165142229568,0.0150165055469349,0.0150165030653756,0.015016502772691,0.0150165025219472,0.0150165022953863,0.0150165021140877,0.0150165019999539,0.0117586325367075,0.0114351198206826,0.0111076748731226,0.010674097930853,0.0106446755035373,0.0093400900137864,0.00930163304668903,0.00809831538408206,0.00489291117675737,0.00330660007227377,0.0033008080758883,0.00329865297720439,0.00329863430464837,0.0032986037541614,0.0032986026784866,0.00329860170051,0.00329860166092474,0.00329859690979615,0.00329859584221693,0.00329859298442965,0.00329859279367954],"convergence":0,"press_dep":false,"press_rng":[1013.25,1013.25]}}
