{"fa_WV3_C_band_15":{"type":"annular","coefficients":{"c1":1,"c2":0.534284882033309,"c3":-1.06125446040785,"c4":0.231380800742104,"c5":-0.214145882507577,"c6":-5.19466681376021},"mare":0.00216852818528536,"rmse":0.00179131954839817,"mare_seq":[0.0373156976954731,0.00962136643125919,0.00962135678393417,0.00962135672460735,0.00962133945997034,0.00962133781889614,0.00962133516630692,0.00962133389620884,0.00962133291509637,0.00962133181614964,0.00962133124737535,0.00962133059533869,0.0096213302665727,0.00962133021010044,0.00740951435228125,0.00469839519191304,0.00312858097234883,0.00242939635542794,0.00221115106814664,0.00216854792806248,0.0021685460388321,0.00216854542610086,0.00216854447420206,0.00216854409943359,0.00216854390574398,0.00216853034741202,0.00216852968731668,0.00216852961480728,0.00216852925199209,0.00216852850389711,0.00216852818528536],"convergence":0,"press_dep":false,"press_rng":[1013.25,1013.25]}}
