{"fa_WV_LG03_C_band_2":{"type":"annular","coefficients":{"c1":1,"c2":0.209074492561161,"c3":-4.77614736044782,"c4":0.766343507907336,"c5":-0.779216531360015,"c6":-0.163378033498365},"mare":0.0032290081409472,"rmse":0.00206725764114409,"mare_seq":[0.0134935426074,0.0134931539002755,0.0134931515266804,0.0134931502954149,0.0134931493986515,0.0134931478777067,0.0134931475857278,0.0134931475120865,0.0134931467003445,0.0124139851545782,0.0113002649196495,0.010103290897122,0.00709373105667246,0.00670130164075826,0.00522660473663104,0.00369807149670336,0.00338927610080348,0.00337135450118068,0.00329974089392783,0.00325626629433864,0.0032460487680615,0.00322991887212159,0.00322922023979008,0.0032291027625469,0.00322902566594619,0.00322901591889762,0.00322901352095949,0.00322901314923764,0.00322900962316069,0.00322900910348981,0.0032290081409472],"convergence":0,"press_dep":false,"press_rng":[1013.25,1013.25]}}
