{"fa_WV_LG05_C_band_9":{"type":"annular","coefficients":{"c1":1,"c2":0.209028953521241,"c3":-5.03326348749381,"c4":0.75843280256559,"c5":-0.777789872556672,"c6":-0.164536509024254},"mare":0.00318108527717035,"rmse":0.00208106589798067,"mare_seq":[0.0138872432788501,0.0138792073351989,0.013879205590944,0.0138791991520413,0.0138791946652048,0.0138791932028399,0.0138791914576533,0.0138791909901312,0.0138749026581581,0.0106050581901691,0.0103817250857012,0.00965292172131347,0.00927336221829556,0.00886094482821183,0.00871853480022308,0.00778565175041818,0.00706838349797509,0.00359802577149333,0.00318512766292618,0.00318392492549069,0.00318118156219395,0.00318109280538891,0.00318109255893758,0.00318108966134296,0.00318108738512769,0.00318108624408593,0.00318108605482517,0.00318108590712734,0.00318108565526648,0.00318108564588365,0.00318108527717035],"convergence":0,"press_dep":false,"press_rng":[1013.25,1013.25]}}
