{"fa_WV_LG03_C_band_5":{"type":"annular","coefficients":{"c1":1,"c2":0.599515084458081,"c3":-0.777382625924179,"c4":0.518935801103632,"c5":-5.08840150412622,"c6":-0.164912191470294},"mare":0.00318617641634178,"rmse":0.00209084934413747,"mare_seq":[0.0620244963233762,0.0139448576192634,0.0139419576751251,0.0139419569357524,0.0139419444889274,0.0139419440637727,0.013941944015221,0.0139419437500268,0.0139419435910859,0.0139419431162417,0.0139349375940611,0.0136486189651979,0.0116524844777739,0.00882426743558789,0.00869497429018075,0.00691369723038828,0.00489808286095051,0.00466195969312942,0.00333435100275052,0.00332971555081999,0.00318718790577476,0.00318630888955002,0.00318619214588056,0.00318619065263829,0.00318618933345226,0.00318618009291193,0.00318617890913141,0.00318617755408099,0.00318617682368858,0.00318617664523056,0.00318617641634178],"convergence":0,"press_dep":false,"press_rng":[1013.25,1013.25]}}
