{"fa_WV_LG01_C_band_1":{"type":"annular","coefficients":{"c1":1,"c2":0.210742480611791,"c3":-4.72958227180051,"c4":0.769611136173247,"c5":-0.78520173335425,"c6":-0.163815291007423},"mare":0.00323220981382636,"rmse":0.00205958218860621,"mare_seq":[0.0133508370176296,0.0133508363500568,0.0133508359355905,0.0133230665117694,0.0131246514858457,0.0129493302491934,0.0123275455014136,0.0110797089892726,0.00976653835379259,0.00920938495718959,0.00852037570175104,0.0084312222067865,0.00496021473111567,0.00336230178294848,0.00329748573341983,0.00323850316716325,0.00323229744886901,0.00323223288060885,0.00323221801025192,0.00323221637069051,0.00323221634665193,0.00323221595680903,0.00323221464782083,0.0032322144541783,0.00323221330444811,0.00323221314130929,0.00323221125836304,0.00323221054980682,0.00323221033483789,0.00323221018344628,0.00323220981382636],"convergence":0,"press_dep":false,"press_rng":[1013.25,1013.25]}}
