{"fa_WV3_M_band_15":{"type":"annular","coefficients":{"c1":1,"c2":0.321968056269747,"c3":-4.23189526936273,"c4":0.839996958944846,"c5":-0.92439788149978,"c6":-0.188356653499703},"mare":0.00209526927872221,"rmse":0.00162195515791624,"mare_seq":[0.0401268886685344,0.0157865600676393,0.00992443291609827,0.00992443245042999,0.00992442681101844,0.00992442282695303,0.00992442201419457,0.00992442036359592,0.00992441927303338,0.00992441783080825,0.00992441769842594,0.00992441767596262,0.00992441743344762,0.00753713191705064,0.00436925261581615,0.00400275516067299,0.00289024608714879,0.00257977868126175,0.0021085094842225,0.0020966195627015,0.00209657847784996,0.00209610583483141,0.00209550814149861,0.0020953473894847,0.00209530038262827,0.00209529298778331,0.00209528518652981,0.00209527947524806,0.00209527890298936,0.00209527533570918,0.00209526927872221],"convergence":0,"press_dep":false,"press_rng":[1013.25,1013.25]}}
