{"fa_WV_LG02_C_band_5":{"type":"annular","coefficients":{"c1":1,"c2":0.191946335141269,"c3":-0.164278952004324,"c4":0.74169899853722,"c5":-0.775757434761982,"c6":-5.06471853686106},"mare":0.00316464359493976,"rmse":0.00207104821959065,"mare_seq":[0.0139591265174469,0.0139591256675458,0.0139591236657817,0.0139591225774173,0.0139591216163117,0.0139591189388215,0.0139591188748487,0.0139591183624767,0.0139591182639114,0.0138235556161172,0.0136553887092166,0.0134760366829276,0.0121743110236239,0.00898434360001766,0.00885587476789891,0.00883764807883549,0.00842108431322672,0.0074574185104208,0.00679349847830777,0.00652744406712495,0.00316480967591296,0.0031646728143263,0.00316465982412077,0.00316465297175372,0.00316465198915087,0.0031646495190519,0.00316464736688405,0.00316464710489384,0.00316464652289734,0.00316464481818251,0.00316464359493976],"convergence":0,"press_dep":false,"press_rng":[1013.25,1013.25]}}
