{"fa_WV2_U_band_1":{"type":"annular","coefficients":{"c1":1,"c2":0.232733386015358,"c3":-3.06066720880362,"c4":0.222166520218521,"c5":-0.174915881823148,"c6":-0.724906341367221},"mare":0.00189734370372272,"rmse":0.00121129141792246,"mare_seq":[0.00958150702820195,0.00958150684288013,0.00958150570927033,0.00733636664948058,0.00730243448769378,0.00721373467371811,0.0067479382705003,0.00633518477309728,0.00597427488220993,0.00597341814810824,0.00503970119683529,0.00314674708552449,0.00225385483484621,0.00224036081210869,0.00201180124637132,0.00199787412972298,0.0019840588629083,0.00190503418342956,0.00189952915188479,0.00189737461774655,0.00189736955255595,0.00189735822305316,0.001897354201548,0.00189734986508581,0.00189734598803678,0.00189734471904924,0.00189734469409661,0.00189734449496069,0.00189734426078068,0.00189734387694981,0.00189734370372272],"convergence":0,"press_dep":false,"press_rng":[1013.25,1013.25]}}
