{"fa_WV_LG05_C_band_8":{"type":"annular","coefficients":{"c1":1,"c2":0.587615872898448,"c3":-0.784423888902316,"c4":0.470860270528646,"c5":-0.167785425290682,"c6":-5.32452267404109},"mare":0.00313504813030477,"rmse":0.00211581358345124,"mare_seq":[0.016398892378255,0.0143528752444018,0.0142430055056754,0.0142430049741749,0.0142430035238883,0.0142430035062431,0.0142430029136696,0.0142430018822,0.0140721227354299,0.0113561553067169,0.010952374255144,0.0103037136762018,0.00958924690568388,0.00879609079336657,0.00782867783041413,0.00485952757776439,0.00363273713561298,0.00315495343811454,0.00314783119920581,0.00314628064578302,0.00313523162425881,0.00313512762162413,0.00313507441016382,0.00313505754453821,0.0031350555094372,0.00313505328762516,0.00313505176130877,0.0031350507306258,0.00313505025523277,0.00313504996940335,0.00313504813030477],"convergence":0,"press_dep":false,"press_rng":[1013.25,1013.25]}}
