{"fa_WV3_U_band_16":{"type":"annular","coefficients":{"c1":1,"c2":0.258916189417113,"c3":-4.73738428280988,"c4":0.750415662168897,"c5":-0.919399859263279,"c6":-0.239408468816575},"mare":0.00203065987468686,"rmse":0.00149143814965257,"mare_seq":[0.0444622033703897,0.00950050414009169,0.00950049173614484,0.00950049039915446,0.00950048979121174,0.00950048923037302,0.00950048908402688,0.00950048788793393,0.00950048746640057,0.00950048741931457,0.00950048700477189,0.00950048595796868,0.00950048468999125,0.00950048409338606,0.00949973395364211,0.00940873338958681,0.00658592225448497,0.00634903052121578,0.00454117328189673,0.00407545037194354,0.00215657001484673,0.00204269502894876,0.00203068717626645,0.00203068685149036,0.0020306756782063,0.00203067146889102,0.00203067069893257,0.00203066804619623,0.0020306616476504,0.00203066053517339,0.00203065987468686],"convergence":0,"press_dep":false,"press_rng":[1013.25,1013.25]}}
