{"fa_WV_LG06_U_band_5":{"type":"annular","coefficients":{"c1":1,"c2":0.179774660998621,"c3":-0.175935920509412,"c4":0.735422342843221,"c5":-0.713702457494114,"c6":-3.02313793720677},"mare":0.00191205076461062,"rmse":0.00119791985870027,"mare_seq":[0.0103952407323391,0.00944479443850624,0.00944477373212888,0.00944477033132886,0.0094447688159166,0.00944476733296699,0.0094447671885944,0.00749694015901299,0.00551875745687047,0.00507577972365379,0.00375290619381549,0.00373701943175788,0.003665396852574,0.00285462572448427,0.00209003963854737,0.0019248632671724,0.00191522969274489,0.00191221258346136,0.00191212346176957,0.00191206208427958,0.00191205708636879,0.00191205680398599,0.00191205611153469,0.00191205388445114,0.0019120535629913,0.00191205267905782,0.00191205265292444,0.00191205138800705,0.0019120513291372,0.00191205084131745,0.00191205076461062],"convergence":0,"press_dep":false,"press_rng":[1013.25,1013.25]}}
