{"fa_WV3_M_band_11":{"type":"annular","coefficients":{"c1":1,"c2":0.560546156091771,"c3":-0.876897342207904,"c4":0.265591807936021,"c5":-0.167264813154785,"c6":-4.34673104571949},"mare":0.00242601099456761,"rmse":0.0018450926524805,"mare_seq":[0.0115325169588317,0.0115325139885919,0.0115325114551834,0.0115325113994091,0.0115325108348669,0.0115325069536741,0.0115325062541603,0.0115325059171241,0.00955704763519347,0.0095081107245017,0.00851575007254315,0.00805535922451694,0.00784884177455887,0.00739691089895923,0.00697395138786294,0.00615683143811655,0.00509732238844487,0.00450926112092742,0.00436652855133091,0.00355048007362037,0.00242641273260604,0.00242607084977831,0.00242603784545662,0.00242602874284135,0.00242602763539823,0.00242602235142433,0.00242601530067325,0.00242601317438497,0.00242601194052036,0.00242601163675542,0.00242601099456761],"convergence":0,"press_dep":false,"press_rng":[1013.25,1013.25]}}
