{"fa_WV_LG03_U_band_2":{"type":"annular","coefficients":{"c1":1,"c2":0.173192556348793,"c3":-0.175176901580821,"c4":0.723975668012193,"c5":-0.721253155670684,"c6":-3.03858396432436},"mare":0.00189934414385055,"rmse":0.00120556551593826,"mare_seq":[0.00951562622929306,0.00951556194271761,0.00951555790477532,0.00951555755448381,0.00951555743969304,0.00905892841318167,0.00707986107263798,0.00616101245040571,0.00603563905381327,0.00532995792639843,0.00335208858274181,0.00331890030501787,0.00302420398096258,0.00272656574575043,0.00255038549406668,0.00189942643599077,0.00189940063120555,0.0018993610145195,0.00189935940345905,0.00189935254491485,0.00189935092776062,0.00189935050247651,0.0018993463633529,0.00189934634983668,0.00189934539504913,0.00189934498498911,0.0018993449693867,0.00189934469657624,0.00189934440903755,0.00189934415411085,0.00189934414385055],"convergence":0,"press_dep":false,"press_rng":[1013.25,1013.25]}}
