{"fa_WV_LG05_C_band_5":{"type":"annular","coefficients":{"c1":1,"c2":0.207661714373283,"c3":-5.10731996549252,"c4":0.756788465386439,"c5":-0.77743145555393,"c6":-0.164818371752761},"mare":0.00318816567493205,"rmse":0.00209623359723372,"mare_seq":[0.0139610104369522,0.0139610000469944,0.0139609992839394,0.0139609987913003,0.0139609983080295,0.0121174484082557,0.0101457869514204,0.00882490008051958,0.00871212179307236,0.00813425804239747,0.00801190241178425,0.00686465408628341,0.00556483583285036,0.00424667877686895,0.00382650350419994,0.00318826653619526,0.00318820830975882,0.00318818484303905,0.00318818250115719,0.00318817273865514,0.00318817067674921,0.00318816892034356,0.00318816877414023,0.00318816749849499,0.00318816739134997,0.00318816694164692,0.00318816666490759,0.00318816654246809,0.00318816568572669,0.00318816568048382,0.00318816567493205],"convergence":0,"press_dep":false,"press_rng":[1013.25,1013.25]}}
