{"fa_WV_LG06_M_band_6":{"type":"annular","coefficients":{"c1":1,"c2":0.323348586174611,"c3":-5.98094512483669,"c4":0.205859192677535,"c5":-0.164416588306473,"c6":-0.873478198104723},"mare":0.00317361799873552,"rmse":0.0024917837406558,"mare_seq":[0.0170866832417075,0.0158158466492353,0.0145378844507002,0.0145378500884743,0.0145378394716527,0.0145378390876012,0.0145378385997692,0.0145378382390749,0.0145378374121469,0.0145378373758388,0.0145378369162319,0.0145378366074267,0.0145378365846106,0.014534388417385,0.0132434343496622,0.0127321785359568,0.011643414211758,0.0112053714144526,0.00841917409090765,0.00523542189832039,0.00331233804493199,0.0032286816849248,0.0031762680223952,0.00317462124697646,0.00317364132094224,0.00317363229511792,0.00317363198760499,0.00317362835181761,0.00317362407553507,0.00317361861828943,0.00317361799873552],"convergence":0,"press_dep":false,"press_rng":[1013.25,1013.25]}}
