{"fa_WV2_C_band_6":{"type":"annular","coefficients":{"c1":1,"c2":0.594630715574264,"c3":-0.77542566688464,"c4":0.52313867682033,"c5":-5.13472485006973,"c6":-0.165065985842273},"mare":0.00318053866069513,"rmse":0.0020999559259977,"mare_seq":[0.0142381533459703,0.0140832964774891,0.0140832429546829,0.0140832421670588,0.0140268922653621,0.0124484227630017,0.0113191198922025,0.0110770248236901,0.00907884442931142,0.00879110527102956,0.00869386019052253,0.00867426784512268,0.00857297171040063,0.00846726225146816,0.00541465453648556,0.00439222029467481,0.00389012617806427,0.00374495872337968,0.00346777200728889,0.00332162956786429,0.00318136356770974,0.00318109477642608,0.00318070789476713,0.00318057594402615,0.0031805758056322,0.00318054357969362,0.00318054266587557,0.00318054243560897,0.00318053983167074,0.00318053904891748,0.00318053866069513],"convergence":0,"press_dep":false,"press_rng":[1013.25,1013.25]}}
