{"fa_WV_LG02_M_band_7":{"type":"annular","coefficients":{"c1":1,"c2":0.539262247069469,"c3":-0.877148392968098,"c4":0.300714558796812,"c5":-0.164718212458972,"c6":-5.90399627194059},"mare":0.00314610340199571,"rmse":0.00246103457508954,"mare_seq":[0.0156465840457234,0.0143855682665519,0.0143855656852221,0.0143855649147358,0.0143855638862892,0.0143855631587608,0.0143855618008897,0.0143855603046976,0.0143855601014369,0.014385559507081,0.0143855594879163,0.0143855593107258,0.0141572511287972,0.0141563091514796,0.0132695073829565,0.0132317388699173,0.0121440854046275,0.0109597657272911,0.00764070202271293,0.0034469130080753,0.00314617187035463,0.00314611994761079,0.00314611580954456,0.00314611113710467,0.0031461087720148,0.00314610796637225,0.00314610774457971,0.00314610695718189,0.00314610453620997,0.00314610366746257,0.00314610340199571],"convergence":0,"press_dep":false,"press_rng":[1013.25,1013.25]}}
