{"fa_WV3_U_band_13":{"type":"annular","coefficients":{"c1":1,"c2":0.251826809458685,"c3":-4.69110814270832,"c4":0.250128912534967,"c5":-0.237686975164506,"c6":-0.904179974303878},"mare":0.00204475236892202,"rmse":0.00147712217278428,"mare_seq":[0.0095823494109732,0.0095811105216297,0.00958110194806426,0.00958109971345225,0.00958109839302549,0.00958109805815875,0.00958109604549885,0.00958109471944528,0.00958109370180773,0.00958109293134592,0.00958109211182233,0.00958109173289096,0.00918911475812716,0.00909371958335699,0.00812588851115789,0.00720144947345633,0.00572109742895207,0.00301126798641224,0.00210844845537626,0.00205129537052802,0.00204484245176896,0.00204483711889667,0.00204479941640617,0.0020447649377486,0.0020447596131997,0.00204475959422163,0.00204475748417799,0.00204475445917799,0.00204475435966667,0.00204475352045248,0.00204475236892202],"convergence":0,"press_dep":false,"press_rng":[1013.25,1013.25]}}
