{"fa_WV_LG06_U_band_4":{"type":"annular","coefficients":{"c1":1,"c2":0.604067965536511,"c3":-0.716751652334011,"c4":0.550863217377287,"c5":-3.04160295514471,"c6":-0.175150895062166},"mare":0.00188157124824196,"rmse":0.00118756079060656,"mare_seq":[0.0118648772826262,0.00970726076555949,0.00949647474178831,0.00949646957694907,0.00949646550474116,0.00949646537512597,0.00949646534505025,0.00949646485691663,0.00949646330179049,0.00948719503323592,0.00853456284901046,0.00799479955619167,0.00657386629743627,0.00529747797930148,0.00501519367124808,0.00450564247502019,0.0040533701842223,0.00387155262474474,0.00288091793034241,0.00265857916635155,0.00236899187977376,0.0023116522152191,0.00191965371388706,0.00189888988096159,0.00188158570638966,0.00188157751294633,0.00188157547007579,0.00188157483676325,0.00188157398548096,0.00188157163013011,0.00188157124824196],"convergence":0,"press_dep":false,"press_rng":[1013.25,1013.25]}}
