{"fa_WV2_M_band_5":{"type":"annular","coefficients":{"c1":1,"c2":0.321535743570691,"c3":-6.17789320465218,"c4":0.207672712125927,"c5":-0.164650319402283,"c6":-0.875698582345717},"mare":0.00321542729525312,"rmse":0.00252885570478969,"mare_seq":[0.0195356088264381,0.0165134165158353,0.0162023505751241,0.0147624481430977,0.0147624434176198,0.0147624403117321,0.0147624400479553,0.0147624388718578,0.0147619722727325,0.0147530500966979,0.0141431520910801,0.0130680786028133,0.0106157708595085,0.0100180745879232,0.00904120279708875,0.00845014098729915,0.00700487611090205,0.00321546087673393,0.00321545583473358,0.00321545400316518,0.0032154416518958,0.00321543570614362,0.00321543436901657,0.00321543389292472,0.00321543271510701,0.0032154313124023,0.00321543120258857,0.00321543092979288,0.00321542938197534,0.00321542841885658,0.00321542729525312],"convergence":0,"press_dep":false,"press_rng":[1013.25,1013.25]}}
