{"fa_WV3_C_band_14":{"type":"annular","coefficients":{"c1":1,"c2":0.357416640179054,"c3":-5.18940408679267,"c4":0.829397905326548,"c5":-1.04895982839957,"c6":-0.2139894267717},"mare":0.00220391498773318,"rmse":0.00182046492192544,"mare_seq":[0.0124591491309959,0.00970552936882261,0.00970551410304982,0.00970551033473885,0.00970550999884247,0.00970550961413552,0.00970550862852953,0.00970550796423748,0.00970550708812696,0.00970550605046962,0.00970549060843615,0.00967237893593994,0.00716336213095068,0.00680469515685371,0.00609252991770884,0.00523119635658032,0.00304271625369269,0.00287917238752053,0.00259888911054641,0.00239211689205562,0.00226434737236176,0.0022039430366498,0.00220394240134836,0.00220394174313312,0.00220393676189142,0.00220392152498897,0.00220391729339648,0.00220391636888149,0.00220391636882261,0.00220391522105208,0.00220391498773318],"convergence":0,"press_dep":false,"press_rng":[1013.25,1013.25]}}
