{"fa_WV_LG03_U_band_8":{"type":"annular","coefficients":{"c1":1,"c2":0.184568628276154,"c3":-0.179928782942023,"c4":0.254778933974074,"c5":-3.13556179415876,"c6":-0.718900247071748},"mare":0.00191022706632084,"rmse":0.00121183346638611,"mare_seq":[0.00949822268519761,0.00949822043130971,0.00949822017530488,0.00924411046935593,0.00827536592806844,0.00659318509723155,0.00657304129087077,0.00451544610911059,0.00233208588848661,0.0023201459437504,0.00219689037240099,0.00199192789849906,0.00197747867076256,0.00191967368379177,0.00191797584677349,0.00191026797448793,0.00191024533530206,0.00191024258209291,0.00191023442673299,0.00191022978994012,0.00191022936917133,0.00191022882281594,0.00191022876245618,0.00191022852359697,0.00191022798096502,0.00191022789345443,0.00191022752541927,0.00191022750649559,0.00191022745595803,0.00191022711773512,0.00191022706632084],"convergence":0,"press_dep":false,"press_rng":[1013.25,1013.25]}}
