{"fa_WV3_C_band_9":{"type":"annular","coefficients":{"c1":1,"c2":0.253619841209164,"c3":-5.39522722130581,"c4":0.751984335705751,"c5":-0.805566606581866,"c6":-0.173916582251393},"mare":0.0029715569383709,"rmse":0.00210824095198175,"mare_seq":[0.0215146183641758,0.0188047600339852,0.0141181589331129,0.0141172659360477,0.0141172657932654,0.014117251238588,0.0141172490100487,0.0141172483821299,0.0141172464512699,0.0141172455451051,0.0141172452988261,0.0141172449563695,0.0141171378073283,0.0138352609670118,0.0132173869810893,0.0130838405518616,0.0114751863860571,0.0104696212732629,0.0103617875475234,0.00950988355717949,0.00861634166183061,0.00722867436763453,0.00514193548100147,0.0030322199166208,0.00297161814426025,0.00297161278918062,0.00297158670039838,0.00297157518393227,0.0029715739091178,0.00297156037475411,0.0029715569383709],"convergence":0,"press_dep":false,"press_rng":[1013.25,1013.25]}}
