{"fa_WV_LG05_C_band_2":{"type":"annular","coefficients":{"c1":1,"c2":0.206401252034707,"c3":-4.84111821427748,"c4":0.765160948204339,"c5":-0.783649218322456,"c6":-0.164206792251273},"mare":0.00321719646974316,"rmse":0.00206599870682263,"mare_seq":[0.0134832977682561,0.013483290316543,0.0134832889688936,0.013483288875111,0.0134832888644623,0.013483288744775,0.0134832887179221,0.0133163710201688,0.0133140386159054,0.0112134869956801,0.0088732569513888,0.00856477190271096,0.00610878370385786,0.00427377213782386,0.00379544802741777,0.00355808283668301,0.00331645699209321,0.00324465844997649,0.00321729980642021,0.00321722134656098,0.00321721042649812,0.00321720513345382,0.00321720464940645,0.00321720418598578,0.00321720279861802,0.00321719911059836,0.0032171989767397,0.00321719857505456,0.00321719731944525,0.00321719664473856,0.00321719646974316],"convergence":0,"press_dep":false,"press_rng":[1013.25,1013.25]}}
