{"fa_WV_LG03_M_band_9":{"type":"annular","coefficients":{"c1":1,"c2":0.5379780449109,"c3":-0.879266933828089,"c4":0.692438452836694,"c5":-6.33500191121365,"c6":-0.165638791407499},"mare":0.00327559771415122,"rmse":0.00257578240185769,"mare_seq":[0.0170900933492845,0.0163963098676501,0.0152039223401611,0.0148968491894741,0.0148968489153995,0.0148968484424368,0.0148968480550797,0.0148968470675464,0.0148968468687987,0.0148968466536948,0.014896846192537,0.013285982217365,0.0122409546021367,0.012126582286857,0.0110015142042488,0.00994951334339306,0.00884681486757367,0.00827222012148804,0.00813504995408071,0.00717357855479656,0.00674402202728303,0.00614546782928459,0.00573479336777746,0.00419967835685256,0.00340723325464307,0.00333013800590449,0.0032756863461888,0.00327562213418716,0.00327560887321385,0.00327559834416386,0.00327559771415122],"convergence":0,"press_dep":false,"press_rng":[1013.25,1013.25]}}
