{"fa_WV2_U_band_4":{"type":"annular","coefficients":{"c1":1,"c2":0.177389667378464,"c3":-0.175183810514183,"c4":0.734561034780478,"c5":-0.715720810449115,"c6":-3.03634438025651},"mare":0.00187976246934734,"rmse":0.00118950198719533,"mare_seq":[0.00948131405799301,0.00948131125272798,0.00948130879206725,0.00948130816085215,0.0094754036801338,0.00945274494858739,0.00750901211184914,0.00675523637543988,0.00515774003201566,0.00495886116158019,0.0043361539363946,0.00405487188287642,0.00354632558823729,0.00324958484374994,0.00248447867806739,0.00237207114025634,0.00192488821024401,0.00191918978000575,0.00188000762033808,0.00187992613580369,0.00187985196017387,0.00187979005060493,0.00187977929226389,0.00187977585787177,0.00187976810577316,0.00187976524607474,0.00187976514727823,0.00187976493945296,0.00187976356110743,0.00187976286863927,0.00187976246934734],"convergence":0,"press_dep":false,"press_rng":[1013.25,1013.25]}}
