{"fa_WV_LG01_M_band_2":{"type":"annular","coefficients":{"c1":1,"c2":0.316865993736363,"c3":-7.03920449983735,"c4":0.214555254170592,"c5":-0.166930709740066,"c6":-0.884128410616894},"mare":0.00344876300666903,"rmse":0.00274549014370672,"mare_seq":[0.0175954696166402,0.016806619973278,0.0155675878044506,0.0155675840622343,0.0155675839734444,0.0155675834430092,0.0155675833872972,0.0155675833296132,0.0155675826940057,0.0155675823870661,0.0155675819352598,0.015567581563064,0.0137728163672978,0.0137679830985518,0.0129355643492243,0.012896422507861,0.0123971138710898,0.0119793237696769,0.0109696167646282,0.00616131566191394,0.00366933686104339,0.00344883351236029,0.00344877165423545,0.00344876970302842,0.00344876741403043,0.00344876626110381,0.00344876615714051,0.00344876613867789,0.00344876326485142,0.0034487631347551,0.00344876300666903],"convergence":0,"press_dep":false,"press_rng":[1013.25,1013.25]}}
