{"fa_WV_LG03_U_band_7":{"type":"annular","coefficients":{"c1":1,"c2":0.210858250389855,"c3":-3.08534652038945,"c4":0.768920359439168,"c5":-0.715613923811519,"c6":-0.177137013077241},"mare":0.00189479422915475,"rmse":0.00120101246957842,"mare_seq":[0.00949710317623104,0.00949710220065225,0.00949710125541812,0.00949710036488628,0.00949710016434972,0.00949299439946571,0.00920309460315928,0.00667330643324132,0.00511198209259905,0.00485598479317322,0.0044285006891239,0.00328582118301227,0.00292742657981583,0.00229846256831104,0.00223308070020326,0.00204601075373445,0.00198458394226722,0.00191464445437914,0.00191425638621725,0.00190707398083932,0.00189686366923112,0.00189482422552863,0.00189480652188112,0.00189480514817126,0.00189479728524129,0.00189479637924841,0.00189479603688942,0.00189479488879845,0.00189479463119911,0.00189479437859501,0.00189479422915475],"convergence":0,"press_dep":false,"press_rng":[1013.25,1013.25]}}
