{"fa_WV_LG05_U_band_6":{"type":"annular","coefficients":{"c1":1,"c2":0.213926002674522,"c3":-3.05242995616108,"c4":0.230782702630536,"c5":-0.176335592951997,"c6":-0.713374808346747},"mare":0.00189273087546947,"rmse":0.00119286433832964,"mare_seq":[0.00949346125123125,0.00949344638940997,0.0094934443264638,0.0094934437589691,0.00949344322954568,0.00890601688047409,0.00840896377142341,0.00762214340086317,0.0056705191191701,0.00546001014036745,0.00491950852894333,0.00433030808386767,0.00430270526755211,0.00405297003976297,0.00345638387367544,0.00296523198701312,0.00255453734310927,0.00191537108140633,0.00190149881600177,0.00189995980766053,0.00189300475819532,0.0018927522088313,0.00189275177750699,0.00189274248768126,0.00189273989666537,0.00189273863630081,0.00189273523847692,0.00189273445167234,0.00189273251573442,0.0018927322603449,0.00189273087546947],"convergence":0,"press_dep":false,"press_rng":[1013.25,1013.25]}}
