{"fa_WV_LG05_U_band_7":{"type":"annular","coefficients":{"c1":1,"c2":0.182804270279668,"c3":-0.177461136871944,"c4":0.741078148160737,"c5":-0.714803833986043,"c6":-3.0706446185785},"mare":0.00190509914351761,"rmse":0.0012058379289369,"mare_seq":[0.00946136676888937,0.00946136672547288,0.00946136628817142,0.00946136549895933,0.00788254593089594,0.00696232003302565,0.00585888917095748,0.00578634316861847,0.00554321228483479,0.00547402734415015,0.00535806575253762,0.0051817468884499,0.00226480215928406,0.001957233179321,0.00194620881639528,0.00191778647190221,0.00191397789686743,0.00190535371765103,0.00190527035312695,0.00190516931680754,0.00190510556300486,0.00190510347739963,0.00190510264026726,0.00190510181656464,0.0019051012773345,0.00190510090489275,0.00190510032463081,0.00190509995391592,0.00190509994504097,0.00190509943867792,0.00190509914351761],"convergence":0,"press_dep":false,"press_rng":[1013.25,1013.25]}}
