{"fa_WV3_C_band_5":{"type":"annular","coefficients":{"c1":1,"c2":0.209689994591994,"c3":-5.04117887474758,"c4":0.24252497244282,"c5":-0.164314993528408,"c6":-0.774055979720137},"mare":0.00319168979167814,"rmse":0.00209234019030612,"mare_seq":[0.014057930494018,0.0139387748453478,0.013938672187525,0.0139386704890449,0.012564280629222,0.0119349574633914,0.0109689594661844,0.00998885515168868,0.00909933468613784,0.00881745192982015,0.00881290436994378,0.00837186603935977,0.00800879447905233,0.00703298250457704,0.00633386347940975,0.0041234182031047,0.00387768703080975,0.00322691084783934,0.00320820734712561,0.00319250062010877,0.00319179610735256,0.00319174804188455,0.00319173632864755,0.00319173062763739,0.00319170619135509,0.00319169817503514,0.00319169638507446,0.00319169500286385,0.00319169210987306,0.00319169137006024,0.00319168979167814],"convergence":0,"press_dep":false,"press_rng":[1013.25,1013.25]}}
