{"fa_WV_LG06_C_band_6":{"type":"annular","coefficients":{"c1":1,"c2":0.211065616587683,"c3":-5.11203860031521,"c4":0.75580384177219,"c5":-0.774416772264101,"c6":-0.164454460279766},"mare":0.00317224269708878,"rmse":0.00208982245310833,"mare_seq":[0.0624253766090513,0.0192754411983128,0.0140708686442351,0.0140708679409058,0.0140708666270486,0.0140708645305501,0.014070864252282,0.0140708634985939,0.0140708634554613,0.0140708634154359,0.0128690676292215,0.0107973605285172,0.00966346676645515,0.00946564122721483,0.0089490347325575,0.00888331257309462,0.00705641233973842,0.00603430271812161,0.00533225014895793,0.00498135666061465,0.00390153266572153,0.00342813536599238,0.00329318987880156,0.00317226375467975,0.00317225175473453,0.00317225171893331,0.00317224458390627,0.00317224402575179,0.00317224384704806,0.00317224319149769,0.00317224269708878],"convergence":0,"press_dep":false,"press_rng":[1013.25,1013.25]}}
