{"fa_WV_LG06_U_band_2":{"type":"annular","coefficients":{"c1":1,"c2":0.229098759236201,"c3":-3.02727165752474,"c4":0.223465745995202,"c5":-0.174578210505099,"c6":-0.719716521399738},"mare":0.00187718196262486,"rmse":0.00118922707198004,"mare_seq":[0.0095212876595858,0.00952128287112221,0.00952128047385875,0.00952127979069598,0.00952127924333026,0.00952078452833741,0.00700649054534147,0.00689317090584961,0.00507254221502218,0.00405064565368048,0.00370326868284057,0.00207619715177931,0.00198648907889071,0.00189788827183598,0.00187729779687987,0.00187719925579768,0.00187719259751261,0.00187719202155354,0.00187719057630212,0.00187718859522015,0.00187718789683304,0.0018771864863081,0.00187718405419469,0.00187718322123848,0.00187718263524952,0.0018771825478301,0.00187718237055483,0.00187718224428412,0.0018771821544045,0.00187718199794316,0.00187718196262486],"convergence":0,"press_dep":false,"press_rng":[1013.25,1013.25]}}
