{"fa_WV_LG04_C_band_5":{"type":"annular","coefficients":{"c1":1,"c2":0.192567754857157,"c3":-0.164698259220797,"c4":0.742014449130439,"c5":-0.777277965802032,"c6":-5.07509430363385},"mare":0.00318687920877663,"rmse":0.00209453849071713,"mare_seq":[0.0163877363193641,0.0161205626936571,0.014036204057612,0.0139195038259126,0.0139195030346318,0.0139195018695776,0.0139195018279275,0.013919501619671,0.0119604688120447,0.00924018249676314,0.00914584292401791,0.00894450389504025,0.0088188242824688,0.00852163163428456,0.00831574050691089,0.00455659187355791,0.0039299663703588,0.00357669906873193,0.00323668883802218,0.00323436998253891,0.00318704828767682,0.00318699846418023,0.00318693369203848,0.00318690078187764,0.00318688360750149,0.00318688210404022,0.00318688181874156,0.00318688163493724,0.00318688122610273,0.00318687951678876,0.00318687920877663],"convergence":0,"press_dep":false,"press_rng":[1013.25,1013.25]}}
