{"fa_WV_LG06_M_band_1":{"type":"annular","coefficients":{"c1":1,"c2":0.537517643445078,"c3":-0.888704613838436,"c4":0.680992266395081,"c5":-7.42303575502341,"c6":-0.167961626572242},"mare":0.00354216578605867,"rmse":0.00284174707624763,"mare_seq":[0.0160313089441464,0.0158174899399529,0.0158174073759529,0.0158174036287485,0.0158173979459808,0.0158173973400777,0.0158173972149067,0.0158173971912555,0.0158173970476329,0.0158173970304422,0.0158173969837084,0.0146269458055137,0.0135938738857028,0.0133851961526814,0.0131307910502643,0.0131267442930985,0.0113069250592112,0.00996715769695772,0.00956915792091208,0.00674183601407373,0.00354229039208721,0.00354219003609348,0.00354218108124749,0.00354217770331728,0.00354217449863515,0.00354217025039409,0.00354216669172775,0.00354216609893397,0.00354216600071817,0.00354216599337413,0.00354216578605867],"convergence":0,"press_dep":false,"press_rng":[1013.25,1013.25]}}
