{"fa_WV3_U_band_10":{"type":"annular","coefficients":{"c1":1,"c2":0.206046208056434,"c3":-4.20591403967854,"c4":0.750697781366291,"c5":-0.818879749089241,"c6":-0.217069599888787},"mare":0.00208803545311445,"rmse":0.0014104978724193,"mare_seq":[0.010043105293068,0.00984570073207339,0.00984570045071099,0.0098456996811489,0.00984569927804438,0.0098456983754295,0.0098456980376976,0.00984569632937963,0.00984569625773145,0.00859489759201614,0.0083986576591421,0.00765033616681065,0.00624868282109282,0.00303064867653836,0.00296893362248397,0.00237697143221966,0.0021639070990905,0.00212592605393127,0.00211480946194834,0.00208812268921422,0.00208808380319252,0.00208807872215708,0.00208807814593438,0.00208805630541098,0.00208805390710689,0.00208805010097818,0.0020880440012848,0.00208804324213993,0.00208804156915796,0.00208803911093101,0.00208803545311445],"convergence":0,"press_dep":false,"press_rng":[1013.25,1013.25]}}
