{"fa_WV3_U_band_8":{"type":"annular","coefficients":{"c1":1,"c2":0.206320207513961,"c3":-3.18480611714158,"c4":0.764707903379812,"c5":-0.721244832917719,"c6":-0.182006475144783},"mare":0.00195759775050843,"rmse":0.001232473630573,"mare_seq":[0.0690662119812228,0.00955949301651663,0.00955949203142427,0.00955949010435243,0.00955949006745163,0.00955891833198661,0.00761135052371624,0.00622275783441297,0.00618507515261054,0.00592177226738156,0.00544563594069898,0.00500159275905536,0.00333566936888824,0.00321681109884874,0.0027347079239456,0.00272369242686514,0.0023121312941003,0.00218726126693671,0.00214422484813265,0.00202275098821439,0.00196205303380986,0.00195788210967788,0.00195777226774843,0.00195766726408535,0.00195765466234971,0.00195765037799401,0.00195761040336597,0.00195760555513624,0.00195760470309012,0.00195760047777763,0.00195759775050843],"convergence":0,"press_dep":false,"press_rng":[1013.25,1013.25]}}
