{"fa_WV_LG01_U_band_3":{"type":"annular","coefficients":{"c1":1,"c2":0.223399622965922,"c3":-3.02234920635607,"c4":0.226052427145246,"c5":-0.17513909644576,"c6":-0.717839304724788},"mare":0.00188257303355611,"rmse":0.00119425700878798,"mare_seq":[0.00946221496047225,0.00946221288609433,0.00946221265480742,0.00946221231217156,0.00946221217546127,0.00946221212408641,0.00781555667934144,0.0077636839927018,0.00676367655034826,0.00640436030233214,0.00631239810077254,0.00584281684997577,0.00581675633272098,0.00564686977177007,0.00559257491320884,0.00513107465261161,0.0047178622780977,0.00367972181066948,0.00236805925101498,0.00213358290846066,0.00200134318747693,0.00197018943266812,0.00188639960439134,0.00188261017672673,0.00188258436599072,0.00188258014848802,0.00188257441658571,0.00188257407827349,0.00188257381705373,0.00188257352700547,0.00188257303355611],"convergence":0,"press_dep":false,"press_rng":[1013.25,1013.25]}}
