{"fa_WV_LG06_C_band_9":{"type":"annular","coefficients":{"c1":1,"c2":0.190433123137387,"c3":-0.164240722448497,"c4":0.741335410053863,"c5":-0.777102302776587,"c6":-5.02798079337048},"mare":0.00318385534192036,"rmse":0.00208083694600471,"mare_seq":[0.0138941520585961,0.0138898219810812,0.0138898161546356,0.0138898083969995,0.0138898081494222,0.0113472429553698,0.0106251374799402,0.0105832996306936,0.0105311148527722,0.0103037342988358,0.0102987010848205,0.0100859928606284,0.00892166475855438,0.00800673176267399,0.00773227213682982,0.00747247389114573,0.00692453969355528,0.00417099569674124,0.00401677732712008,0.00318403485712321,0.00318388309979201,0.00318387033562549,0.00318386475553134,0.00318386437750071,0.00318385674969521,0.00318385621406139,0.00318385590822272,0.00318385573893199,0.00318385561554844,0.0031838556019988,0.00318385534192036],"convergence":0,"press_dep":false,"press_rng":[1013.25,1013.25]}}
