{"fa_WV3_U_band_6":{"type":"annular","coefficients":{"c1":1,"c2":0.213247339250264,"c3":-3.05849705231837,"c4":0.770171753363387,"c5":-0.711978742376083,"c6":-0.176106318505627},"mare":0.00191422665452055,"rmse":0.00120298580185849,"mare_seq":[0.00952185497713168,0.00952185482541805,0.00952185371449096,0.00952184631720848,0.00952184561221363,0.00952184561166685,0.00952184454803073,0.00952184386831948,0.00952184374160161,0.00920718071492866,0.00900593711404439,0.0057577905603865,0.00554113606741134,0.00542209945583932,0.00512296052472257,0.00467229937849444,0.00346034169090588,0.00247932526908483,0.00213847530817847,0.00194778828854672,0.00191528772851932,0.00191431319854775,0.00191423822902928,0.00191423696034033,0.00191423400067099,0.00191423346030844,0.00191422852503992,0.0019142284970783,0.00191422807980343,0.00191422693505596,0.00191422665452055],"convergence":0,"press_dep":false,"press_rng":[1013.25,1013.25]}}
