{"fa_WV_LG02_M_band_8":{"type":"annular","coefficients":{"c1":1,"c2":0.136010525379706,"c3":-0.164423520145558,"c4":0.625499656970736,"c5":-0.87736326190544,"c6":-5.63692207446569},"mare":0.00303716371969621,"rmse":0.00236862259791344,"mare_seq":[0.0189714690228244,0.0140191287221878,0.0140191259937836,0.0140191244557419,0.0140191243115048,0.0140191237450076,0.0140191228542219,0.0140191227607877,0.014019122154267,0.0140191220119487,0.0140191218287699,0.0124426817990637,0.0106815828903749,0.010379436652853,0.0101953992361413,0.00995301017415678,0.00987393384303349,0.00930617421235228,0.00922385730509273,0.00719792226545043,0.00617992933525389,0.00608128741970645,0.0030630643719621,0.00303853040995925,0.00303718387236787,0.00303717422383839,0.00303716626618969,0.00303716603007213,0.00303716488497286,0.00303716409697579,0.00303716371969621],"convergence":0,"press_dep":false,"press_rng":[1013.25,1013.25]}}
