{"fa_WV2_M_band_6":{"type":"annular","coefficients":{"c1":1,"c2":0.322082585344617,"c3":-5.95404367952436,"c4":0.204998712611831,"c5":-0.164405245068963,"c6":-0.87585781039373},"mare":0.00314388301276534,"rmse":0.0024608032220394,"mare_seq":[0.0164367414226277,0.014480140703152,0.0144801312599154,0.0144801273791406,0.0144801270930128,0.0144801268956497,0.0144801263430955,0.0144801259985368,0.0144801259404213,0.0144801258027446,0.0137819369693545,0.0112606313766044,0.0112318256471153,0.00998567859269191,0.00830742854932073,0.00806731697727301,0.00791582883030283,0.00781128542148692,0.00546583783734886,0.00507128027401469,0.00328723699433467,0.00314408663717311,0.00314392660606525,0.00314389877828658,0.00314389256517451,0.00314388823652052,0.0031438844340655,0.00314388398286794,0.00314388395209001,0.00314388376290414,0.00314388301276534],"convergence":0,"press_dep":false,"press_rng":[1013.25,1013.25]}}
