{"fa_WV3_M_band_5":{"type":"annular","coefficients":{"c1":1,"c2":0.141403188022535,"c3":-0.16512394398247,"c4":0.626103820632837,"c5":-0.877502900931748,"c6":-6.18455649244947},"mare":0.00322905034830283,"rmse":0.00254092460119918,"mare_seq":[0.0570994547954422,0.0147470172778626,0.0147470169939328,0.014747013023805,0.0147470069281977,0.0147470048741243,0.0147470028371089,0.0147470019270762,0.0111166430102258,0.0110994354477137,0.0110045975699862,0.0109464331482936,0.00947099256247937,0.00945394398925826,0.0086796352704465,0.00866810863958645,0.00629612457441513,0.00543274777695164,0.00487342701016619,0.00371190261653244,0.00369138606901804,0.00346294450232343,0.00323022354958734,0.00322947503270091,0.00322913962552715,0.00322907272928354,0.00322906694253413,0.00322905488123207,0.00322905466650185,0.00322905180055125,0.00322905034830283],"convergence":0,"press_dep":false,"press_rng":[1013.25,1013.25]}}
