{"fa_WV_LG04_U_band_6":{"type":"annular","coefficients":{"c1":1,"c2":0.606083717778865,"c3":-0.716051652806332,"c4":0.462076964965103,"c5":-0.176610814340828,"c6":-3.07172965856231},"mare":0.00188629005256286,"rmse":0.00119107080283099,"mare_seq":[0.00949655050914138,0.0094965406422443,0.00949653926819332,0.00949653838449966,0.00949653793875565,0.00949653790444014,0.00949653749456905,0.00949653695840218,0.00949620173753214,0.00871769959361541,0.00616154317130566,0.00611382445064797,0.00577869554498156,0.00535846389927157,0.00341116027433828,0.00281457333126307,0.00188659339690814,0.00188647082872196,0.0018863095513457,0.0018863075075479,0.00188629514764297,0.00188629278045962,0.00188629277426757,0.00188629214305967,0.0018862920820817,0.00188629199154116,0.00188629131316017,0.00188629100460108,0.00188629049450394,0.00188629021838988,0.00188629005256286],"convergence":0,"press_dep":false,"press_rng":[1013.25,1013.25]}}
