{"fa_WV_LG02_U_band_4":{"type":"annular","coefficients":{"c1":1,"c2":0.60412172974242,"c3":-0.715665826241092,"c4":0.448065350769169,"c5":-0.174945416055288,"c6":-3.04202604266228},"mare":0.00187797586279839,"rmse":0.00119317945221834,"mare_seq":[0.00949088290721995,0.0094908705433935,0.00949087019623463,0.00949086397634779,0.00949086354761926,0.00949086275291309,0.00949086171540598,0.00949086132153058,0.00949086119345338,0.00946187391329068,0.00822866819027855,0.00771264673689884,0.00760015510399678,0.00737259802316181,0.00536824593291639,0.00432356698830398,0.00405777004926816,0.00338001733749419,0.00246102002056373,0.00189261019446686,0.00188339877354399,0.00187961557537359,0.00187798870675232,0.00187798576128434,0.00187798269381139,0.00187798129777796,0.00187797965726072,0.00187797937455703,0.0018779768084022,0.00187797597278054,0.00187797586279839],"convergence":0,"press_dep":false,"press_rng":[1013.25,1013.25]}}
