{"fa_WV_LG04_U_band_3":{"type":"annular","coefficients":{"c1":1,"c2":0.175581749785528,"c3":-0.175174469647189,"c4":0.271163584913363,"c5":-3.0301527495006,"c6":-0.718078906428759},"mare":0.00187470119117237,"rmse":0.00119256647761817,"mare_seq":[0.0512759993258585,0.00948666125769845,0.00948666113827894,0.00948666092441466,0.00948666090875255,0.00948666086239125,0.00948666023706618,0.00612921563294799,0.00567884884751813,0.00562227015342461,0.00522038481120111,0.00500556775393966,0.00482164239364058,0.00446483219834186,0.00357092173205318,0.00307595636371797,0.00299263715059511,0.00237902032188037,0.00213599220705713,0.00193112768880196,0.00187734089093663,0.00187563735580115,0.00187471118982164,0.00187470677322069,0.00187470650146501,0.00187470481202953,0.00187470382570576,0.00187470189294318,0.001874701817377,0.00187470131366841,0.00187470119117237],"convergence":0,"press_dep":false,"press_rng":[1013.25,1013.25]}}
