{"fa_WV_LG05_M_band_9":{"type":"annular","coefficients":{"c1":1,"c2":0.142181863195057,"c3":-0.165528516903653,"c4":0.62842692066198,"c5":-0.880917798640172,"c6":-6.37229135445167},"mare":0.00328934765978726,"rmse":0.00258986484254004,"mare_seq":[0.0163282747785433,0.0156680300600605,0.014924030521532,0.0149239998109844,0.0149239956507449,0.0149239948381537,0.0149239929791388,0.0149239913395566,0.0149239897580601,0.0149239894633718,0.0149239894563558,0.0149239894419391,0.014923989388133,0.0149239886178711,0.0149239884000176,0.0149239882892009,0.0149239879665365,0.0121509820284585,0.0112678656762864,0.00924422606407892,0.00762671281082687,0.00364210181813457,0.00346991541145466,0.00328939605918183,0.00328939524793884,0.00328937898757314,0.0032893558601831,0.00328935425076224,0.00328934898462647,0.00328934828270505,0.00328934765978726],"convergence":0,"press_dep":false,"press_rng":[1013.25,1013.25]}}
