{"fa_WV_LG05_M_band_3":{"type":"annular","coefficients":{"c1":1,"c2":0.144618218260578,"c3":-0.166251924627714,"c4":0.628433189866255,"c5":-0.880937271800161,"c6":-6.70507021212582},"mare":0.00337420970837574,"rmse":0.00267537370194472,"mare_seq":[0.0168674817586188,0.0152583994033998,0.0152583945712768,0.0152583942422538,0.0152583937099065,0.0152583930694739,0.0152583894468468,0.015258388671942,0.0152583886320922,0.0148611560118677,0.0146376202531119,0.014235776698595,0.0109158596955708,0.0105755699339961,0.0101565244538313,0.00740632513791338,0.00406209896404319,0.00337429852410642,0.00337423083184254,0.00337422621169637,0.00337422542492787,0.00337422441201463,0.00337421950581507,0.00337421935957967,0.00337421488105178,0.00337421261420132,0.00337421225582656,0.00337421159274369,0.00337421072684739,0.00337421021838274,0.00337420970837574],"convergence":0,"press_dep":false,"press_rng":[1013.25,1013.25]}}
