{"fa_WV_LG01_M_band_7":{"type":"annular","coefficients":{"c1":1,"c2":0.538615850971458,"c3":-0.87393396402692,"c4":0.29931287121093,"c5":-0.164283028397168,"c6":-5.88170864812562},"mare":0.00314653425489377,"rmse":0.00246542244537936,"mare_seq":[0.0156577710502717,0.0143991980720219,0.0143991974404909,0.0143991959285663,0.0143991959217784,0.0143991958650102,0.0143991957326554,0.0143804842192169,0.014028927317807,0.0125920041373382,0.01150425638351,0.0109096168803739,0.0092158038826923,0.00805406380271588,0.00781007862914566,0.00359274930538136,0.00340362032497785,0.00335285270168199,0.00331206501923077,0.00316289005231038,0.0031465834178243,0.00314653919559865,0.00314653871170304,0.00314653764111037,0.00314653666053069,0.00314653632897367,0.00314653627353671,0.00314653587313421,0.00314653487014201,0.00314653475806276,0.00314653425489377],"convergence":0,"press_dep":false,"press_rng":[1013.25,1013.25]}}
