{"fa_WV_LG03_C_band_1":{"type":"annular","coefficients":{"c1":1,"c2":0.183196501716412,"c3":-0.164686218266135,"c4":0.255090686529316,"c5":-4.79646764495339,"c6":-0.790051632338068},"mare":0.00324932819264396,"rmse":0.00208309380692643,"mare_seq":[0.0133407244673109,0.0133407233567597,0.0133407214451148,0.0133407172912199,0.0133407169553462,0.0133407155098332,0.0133407149129325,0.0113235868354675,0.00944446948480767,0.00657166243452869,0.00653994800288183,0.00623043479910048,0.00603110453862743,0.00600584471556989,0.00567519976808635,0.00369655470649409,0.00354769168427606,0.00346013443206194,0.00325191931031355,0.00325065231174629,0.00324939977777596,0.00324936925875753,0.00324936646644435,0.0032493350090005,0.00324933423792199,0.0032493323207079,0.00324933085346932,0.00324933021969555,0.00324932883585769,0.00324932873032185,0.00324932819264396],"convergence":0,"press_dep":false,"press_rng":[1013.25,1013.25]}}
