{"fa_WV3_U_band_2":{"type":"annular","coefficients":{"c1":1,"c2":0.226295089435299,"c3":-3.056527449931,"c4":0.223871272960523,"c5":-0.175111687630579,"c6":-0.723466100274956},"mare":0.00189781465163122,"rmse":0.00121076780519293,"mare_seq":[0.0133118276807505,0.0095224248523075,0.00801024005105593,0.00764207223692622,0.00644774006417486,0.00581850890463493,0.0058106715218468,0.00522791713417866,0.00522222106092604,0.00498884693073802,0.00454691467833579,0.00404856721191514,0.00278676296424493,0.00254107091167391,0.0021269532436124,0.00194187529173099,0.00190677253701572,0.00190006329340334,0.00189837787160268,0.00189803406293143,0.00189787408314251,0.00189783464373789,0.0018978210142875,0.00189781762769683,0.00189781737193216,0.0018978169367541,0.00189781687390162,0.00189781687333326,0.00189781654735047,0.00189781590539632,0.00189781465163122],"convergence":0,"press_dep":false,"press_rng":[1013.25,1013.25]}}
