{"fa_WV3_M_band_6":{"type":"annular","coefficients":{"c1":1,"c2":0.538589373944278,"c3":-0.8760124398492,"c4":0.301488034731911,"c5":-0.16462449500456,"c6":-5.95833210792045},"mare":0.00315352067211454,"rmse":0.00247084674054598,"mare_seq":[0.0155215562948665,0.0144702973463651,0.0144702919172156,0.0144702915028996,0.0144702914500587,0.0144702911058344,0.0144702884580956,0.0144702869852349,0.0142157579831516,0.0108038885316556,0.0104938046298413,0.00966427836266245,0.00923342091805568,0.00875809344257276,0.00828361029206842,0.00406937601075197,0.00388830308239423,0.00316791883303083,0.00315689007982937,0.00315362780529257,0.00315354013113495,0.00315353625478949,0.00315353573956738,0.00315353219947914,0.00315353151786898,0.00315353134671367,0.00315352768546573,0.00315352424300569,0.0031535221522239,0.00315352190118865,0.00315352067211454],"convergence":0,"press_dep":false,"press_rng":[1013.25,1013.25]}}
