{"fa_WV_LG02_C_band_1":{"type":"annular","coefficients":{"c1":1,"c2":0.182026912139186,"c3":-0.163856063704518,"c4":0.257806631962054,"c5":-4.72855794418142,"c6":-0.785508852247926},"mare":0.00324404608384073,"rmse":0.00206442011916063,"mare_seq":[0.013356115279796,0.0133551701334301,0.0133551598890886,0.0133551527393253,0.0133551522188187,0.0133551521872885,0.0133551518511623,0.0133546156345458,0.0133107807446995,0.0129869533845953,0.0129778810630006,0.0120755730304592,0.0114387826171706,0.00874926991987862,0.0081687867898887,0.00708363599461081,0.00351379074908486,0.00351207547081749,0.00325406127791613,0.00324751258365342,0.00324407437555501,0.00324405870584994,0.0032440572485426,0.00324405686303892,0.00324405495940982,0.00324404963601956,0.00324404807403377,0.00324404768213921,0.00324404705872762,0.00324404688230378,0.00324404608384073],"convergence":0,"press_dep":false,"press_rng":[1013.25,1013.25]}}
