{"fa_WV3_U_band_11":{"type":"annular","coefficients":{"c1":1,"c2":0.210978006700195,"c3":-4.26197064397258,"c4":0.750697997825878,"c5":-0.825439385200115,"c6":-0.218501503331418},"mare":0.00209899963115206,"rmse":0.00143137400201894,"mare_seq":[0.0152401015047361,0.00988224044133833,0.00988222402884407,0.00988222205834061,0.00988221881431557,0.00988221745665858,0.00988221735852006,0.00988221711574512,0.00988221689835115,0.0098822168456329,0.00988221665399704,0.00988221562246641,0.00988221551562871,0.00870796703149854,0.00814468629566579,0.00812319014592076,0.00711522806999547,0.00664308800845766,0.00494717468002847,0.00349214631250454,0.00336319800103631,0.00286417982309038,0.00236843920796008,0.00218577383193334,0.00209934971488475,0.00209903792983485,0.0020990370055991,0.00209901741093743,0.00209900643479535,0.00209900126793563,0.00209899963115206],"convergence":0,"press_dep":false,"press_rng":[1013.25,1013.25]}}
