{"fa_WV_LG04_U_band_2":{"type":"annular","coefficients":{"c1":1,"c2":0.60007841781873,"c3":-0.724790419366449,"c4":0.564861983083156,"c5":-3.06186932219065,"c6":-0.175635007477273},"mare":0.0018931601780193,"rmse":0.00120694537639545,"mare_seq":[0.0095153919435482,0.00951539011123256,0.0095153901021846,0.00951538963096631,0.00951538937304518,0.00951538889722077,0.00951538876835213,0.00951175451616229,0.00899052441963205,0.00615230435013672,0.00485720071997839,0.00414431999871706,0.00407154585762621,0.00404969940801848,0.00374410228663525,0.00218358835268618,0.00206545744037819,0.00196618577703496,0.00189828711410129,0.00189606958491642,0.00189570128736061,0.00189508435735456,0.00189316815373738,0.00189316325954425,0.00189316248910499,0.00189316165183639,0.00189316128034987,0.00189316124216488,0.00189316098173882,0.00189316037903678,0.0018931601780193],"convergence":0,"press_dep":false,"press_rng":[1013.25,1013.25]}}
