{"fa_WV_LG02_C_band_4":{"type":"annular","coefficients":{"c1":1,"c2":0.19089492881229,"c3":-0.164140294404963,"c4":0.744801717776278,"c5":-0.778149418146537,"c6":-5.01120654978798},"mare":0.00321254888901933,"rmse":0.00209842067152444,"mare_seq":[0.0169442850519321,0.0137964008690461,0.0137963820449477,0.0137963809874795,0.0125804848970283,0.0101438231500413,0.00993506568832464,0.00982213477463892,0.00896731729141464,0.00658257216977976,0.00592549369991988,0.00501082867850485,0.00421267048687303,0.00410691091256253,0.00368933709009357,0.00337405221561017,0.00325409579518852,0.00325348343576701,0.00325324762667505,0.00322761515100449,0.00321597692152614,0.00321472802034384,0.00321256618742966,0.00321255291529847,0.00321255071165926,0.00321255017983621,0.00321255001902998,0.00321254915105695,0.00321254907074272,0.003212549033554,0.00321254888901933],"convergence":0,"press_dep":false,"press_rng":[1013.25,1013.25]}}
