{"fa_WV_LG04_U_band_8":{"type":"annular","coefficients":{"c1":1,"c2":0.208702548597472,"c3":-3.1190727196744,"c4":0.766783454019457,"c5":-0.717416930336626,"c6":-0.179795397318681},"mare":0.00192527023484444,"rmse":0.00120504992049318,"mare_seq":[0.00951064084907768,0.00951063245870578,0.00951063085178407,0.00951062911618947,0.00951062865295017,0.00950846158793769,0.00940343070174975,0.00838949458967422,0.00780854419907932,0.0052745171222541,0.00400103940044976,0.00358540136626813,0.00348011457241945,0.00312111208080529,0.00255120005064445,0.00199795216972895,0.00195591373943227,0.00192748815585198,0.00192550435682507,0.00192533953413828,0.00192528995436444,0.00192528943501342,0.00192528756215281,0.00192528501391618,0.00192528345474629,0.00192527746027522,0.0019252733569649,0.00192527122745417,0.00192527062068333,0.00192527054203311,0.00192527023484444],"convergence":0,"press_dep":false,"press_rng":[1013.25,1013.25]}}
