{"fa_WV_LG04_C_band_4":{"type":"annular","coefficients":{"c1":1,"c2":0.205535562501849,"c3":-5.0390108738352,"c4":0.758505911447816,"c5":-0.780454892472331,"c6":-0.164725599800486},"mare":0.00320068464400444,"rmse":0.00208512934696471,"mare_seq":[0.0142831354823251,0.0138025561556758,0.0138025489267772,0.0138025481224077,0.0138025479772543,0.013802547754008,0.0134845908744677,0.0102859160326357,0.00848478145362521,0.00825066238664981,0.00805317546321693,0.00786936574657636,0.00721473964351481,0.00490901627109046,0.00351130108641493,0.00320102213234339,0.00320079298682778,0.00320075671553358,0.00320074614447321,0.00320074478640615,0.00320069913052657,0.00320069450745579,0.00320069154323372,0.00320069147129281,0.00320068878578647,0.00320068729558389,0.00320068680487399,0.00320068588826348,0.00320068571292274,0.00320068524997613,0.00320068464400444],"convergence":0,"press_dep":false,"press_rng":[1013.25,1013.25]}}
