{"fa_WV3_M_band_12":{"type":"annular","coefficients":{"c1":1,"c2":0.321453617797553,"c3":-4.32752393079024,"c4":0.171292611256508,"c5":-0.168634504888494,"c6":-0.880369925375554},"mare":0.00236886266235301,"rmse":0.00180542144727698,"mare_seq":[0.0122914063888117,0.0113910557073212,0.0113910344858755,0.0113910329039241,0.01139103085251,0.0113910292800471,0.0113910291647084,0.0113910277674467,0.0113910273211763,0.00764827150411108,0.00743235374058232,0.00714536779487113,0.00666527697937287,0.00451838690790583,0.00415534539008228,0.00402338059348475,0.00273537217478013,0.00247341639710861,0.00236997381828479,0.00236960258344366,0.00236896418093727,0.0023688996503141,0.00236889716037572,0.00236888364455676,0.0023688683724622,0.00236886663336411,0.00236886598694919,0.00236886547470077,0.00236886422323044,0.00236886317935703,0.00236886266235301],"convergence":0,"press_dep":false,"press_rng":[1013.25,1013.25]}}
