{"fa_WV_LG06_U_band_1":{"type":"annular","coefficients":{"c1":1,"c2":0.598536416914507,"c3":-0.732233637543879,"c4":0.570070403042211,"c5":-3.10314511094602,"c6":-0.176410695090118},"mare":0.00190228095905078,"rmse":0.00121416410865583,"mare_seq":[0.00957885109055651,0.00957884915694718,0.00957884895406092,0.00957884883331768,0.0095788487116475,0.00957884844485498,0.00709513322410981,0.00704870418396213,0.00676783132230055,0.00608217386703119,0.00584276999002928,0.00569578935061534,0.004584133860069,0.00398981612156523,0.00339142140924575,0.00288302601353044,0.00231289865073459,0.00201913923066389,0.00195660616317229,0.0019023913236371,0.00190230315239663,0.00190229787244213,0.00190229523215223,0.00190229136185595,0.00190228995675622,0.00190228220188419,0.0019022818907414,0.00190228104798481,0.00190228097069965,0.00190228096369877,0.00190228095905078],"convergence":0,"press_dep":false,"press_rng":[1013.25,1013.25]}}
