{"fa_WV_LG05_C_band_4":{"type":"annular","coefficients":{"c1":1,"c2":0.205931672152409,"c3":-5.03301743428445,"c4":0.759902093923538,"c5":-0.778422649254562,"c6":-0.164246485019163},"mare":0.00319194255828312,"rmse":0.00208296165973194,"mare_seq":[0.0138193059637121,0.0138193018640878,0.0138193014288883,0.0138193009862034,0.0126916740564319,0.0118302908096206,0.0114540072254954,0.00982224623682931,0.00969412199001822,0.00919790338173666,0.00822324875110558,0.00811245626943983,0.00777965821475861,0.00347822057328912,0.00319389287500405,0.00319272399698577,0.00319215919890817,0.00319207742279697,0.00319196801798545,0.00319195850368442,0.00319195619960678,0.00319195340302302,0.00319195243649391,0.00319194969691478,0.00319194758030817,0.00319194608250407,0.00319194560771934,0.0031919449576918,0.00319194335556058,0.00319194261168355,0.00319194255828312],"convergence":0,"press_dep":false,"press_rng":[1013.25,1013.25]}}
