{"fa_WV_LG01_U_band_5":{"type":"annular","coefficients":{"c1":1,"c2":0.217697518187059,"c3":-3.02840511030213,"c4":0.772454659551887,"c5":-0.711432892724991,"c6":-0.174869286502969},"mare":0.00188692039640106,"rmse":0.00118994626098419,"mare_seq":[0.00953123973981953,0.00949683567894778,0.00949680315679211,0.0094968023378075,0.00949680097131979,0.00949680069977171,0.00949680025653849,0.00949680017719291,0.00949654602159015,0.00818071474508564,0.00817492981401093,0.00636522612317796,0.00573576360734488,0.00492427923845112,0.00443712743884043,0.00442668662630733,0.0023265325300711,0.00210672818337095,0.00194786232331664,0.00190263596231336,0.00190149942752942,0.00188697397419607,0.00188693081424509,0.00188692740318456,0.00188692642195538,0.00188692540029091,0.00188692421447942,0.00188692338284701,0.00188692155892246,0.00188692069067268,0.00188692039640106],"convergence":0,"press_dep":false,"press_rng":[1013.25,1013.25]}}
