{"fa_WV_LG04_M_band_5":{"type":"annular","coefficients":{"c1":1,"c2":0.322350329751337,"c3":-6.1574912191676,"c4":0.206909085317112,"c5":-0.164106770089399,"c6":-0.873514804416076},"mare":0.00323252091711117,"rmse":0.00254497117747701,"mare_seq":[0.014772332374668,0.0147723322320053,0.0147723320464056,0.0147723315577919,0.014772329651717,0.0147723296085245,0.0147723294088452,0.0147723291950791,0.0147723288137433,0.0147723287292962,0.0147723274379355,0.0146708081801702,0.0143137145734029,0.0126641276019976,0.00560294358191566,0.00323260216350196,0.00323255488102979,0.00323253541302585,0.00323253401762708,0.0032325338962232,0.00323253245872512,0.00323252607716733,0.0032325258273101,0.00323252481695118,0.00323252209722413,0.00323252158998068,0.00323252144495836,0.00323252127275204,0.00323252124324853,0.00323252121362899,0.00323252091711117],"convergence":0,"press_dep":false,"press_rng":[1013.25,1013.25]}}
