{"fa_WV_LG02_U_band_8":{"type":"annular","coefficients":{"c1":1,"c2":0.208472776031348,"c3":-3.12182242583959,"c4":0.233454101839855,"c5":-0.179876867416458,"c6":-0.718099855886261},"mare":0.00190303233984086,"rmse":0.00119479557680233,"mare_seq":[0.00949247982440229,0.00949243917404738,0.00949243518430234,0.00949243489462009,0.00949243314329014,0.00949243108298087,0.00947095851096296,0.00872255032753797,0.00757373025833997,0.00734666564267854,0.00704092572233075,0.00680919210198501,0.00638271048411446,0.00636433022875947,0.00610020308630853,0.00563613047418137,0.00319376461719166,0.00193539317048727,0.00190495964270081,0.00190307582195827,0.00190305359811672,0.00190304029337221,0.00190303625799368,0.00190303562713887,0.00190303557323305,0.00190303543033093,0.00190303438871873,0.00190303407093243,0.00190303405278349,0.00190303361675032,0.00190303233984086],"convergence":0,"press_dep":false,"press_rng":[1013.25,1013.25]}}
