{"fa_WV_LG03_C_band_6":{"type":"annular","coefficients":{"c1":1,"c2":0.210293711979972,"c3":-5.12987001076782,"c4":0.754910179620242,"c5":-0.776092986848694,"c6":-0.164944230196695},"mare":0.00316918740216652,"rmse":0.00208981232577676,"mare_seq":[0.0140482711968052,0.0107862447739571,0.0103322906268748,0.00887580893139311,0.00867051256442011,0.00847144198604272,0.00765946912563212,0.00720458224267421,0.00646409795971522,0.00499797881955115,0.00427996771795456,0.00403234931543656,0.00362730531953397,0.00317741136444571,0.00316924343021336,0.00316923715916973,0.00316921181445402,0.0031692070499161,0.00316919169194906,0.00316919131860835,0.00316919110058981,0.00316918939640265,0.0031691892718284,0.00316918882160428,0.0031691887531551,0.00316918792130436,0.00316918773068066,0.00316918769357549,0.00316918763555337,0.00316918744942525,0.00316918740216652],"convergence":0,"press_dep":false,"press_rng":[1013.25,1013.25]}}
