{"fa_WV2_U_band_2":{"type":"annular","coefficients":{"c1":1,"c2":0.172958070970551,"c3":-0.175035229241175,"c4":0.725229096763327,"c5":-0.722790088797081,"c6":-3.0521585886325},"mare":0.00187453664280235,"rmse":0.00119163167335576,"mare_seq":[0.051108350535777,0.0118630826652054,0.00953811355266931,0.00953811064722869,0.00953811045273794,0.00629835245996776,0.0046607015745664,0.00462019755180896,0.00363276735299937,0.0032780411156468,0.0028896319398589,0.00260002289286227,0.00209836506217163,0.00207255755793414,0.00193993732317905,0.00190354528478415,0.00187956748361552,0.00187856078465014,0.00187455990314568,0.001874555519907,0.00187454986099469,0.0018745481993409,0.00187454474571128,0.00187454088248878,0.00187453920924863,0.00187453794541449,0.00187453759557106,0.00187453714695967,0.00187453698459947,0.0018745367857137,0.00187453664280235],"convergence":0,"press_dep":false,"press_rng":[1013.25,1013.25]}}
