{"fa_WV_LG06_U_band_6":{"type":"annular","coefficients":{"c1":1,"c2":0.214588897438388,"c3":-3.03959694883429,"c4":0.770246850550857,"c5":-0.712150834070836,"c6":-0.175929668899009},"mare":0.00188810452213764,"rmse":0.00118751943927436,"mare_seq":[0.00949584274567771,0.00949583516475914,0.0094944663768728,0.00949271629859877,0.00861674509365328,0.00808191656226105,0.00596771566755631,0.0053170115955805,0.00430052394388666,0.00310302962917774,0.00202174864105772,0.00197657221547882,0.00189164276227121,0.00189065144096426,0.00188892003124511,0.00188818994802383,0.001888134590402,0.00188812373807761,0.00188811695338352,0.00188811426193221,0.00188811083241833,0.00188810860305339,0.00188810661124467,0.00188810648589656,0.00188810635016626,0.00188810558591605,0.0018881055577843,0.00188810527633597,0.00188810523152196,0.00188810454727375,0.00188810452213764],"convergence":0,"press_dep":false,"press_rng":[1013.25,1013.25]}}
