{"fa_WV_LG02_M_band_9":{"type":"annular","coefficients":{"c1":1,"c2":0.537802586822045,"c3":-0.878198190605987,"c4":0.306712198603969,"c5":-0.165312911941195,"c6":-6.33249643680739},"mare":0.00329488505205028,"rmse":0.00259647400870635,"mare_seq":[0.0163089678546187,0.0149370148557361,0.0148981032407818,0.014898103164008,0.0148981020252046,0.0148981013509598,0.0148981007335772,0.0148981000268716,0.0148980988036832,0.0148980988000962,0.0148977061944901,0.0125208310045967,0.0122898553234783,0.0120932127694076,0.0119771570462701,0.0114418579261979,0.0110566443535246,0.0109257593891072,0.0106656585150429,0.00980865791044514,0.00958209590306825,0.0088869494836098,0.00752307835391702,0.00329634815761885,0.0032949047364148,0.00329489904587517,0.00329489072056156,0.00329488730838393,0.00329488673086295,0.00329488652314407,0.00329488505205028],"convergence":0,"press_dep":false,"press_rng":[1013.25,1013.25]}}
