{"fa_WV_LG01_M_band_3":{"type":"annular","coefficients":{"c1":1,"c2":0.317560852592829,"c3":-6.69363791142974,"c4":0.212163281110008,"c5":-0.166726067233881,"c6":-0.882290205577012},"mare":0.00336033082644816,"rmse":0.00266086153484186,"mare_seq":[0.0164992396543761,0.0152201839554533,0.0152201675593989,0.01522016418196,0.0152201638537759,0.0152201638007335,0.0152201632577643,0.0104553333582492,0.00998616111369037,0.00958044675318529,0.0094529912256599,0.0057091294728093,0.00409729555511829,0.0033606843824678,0.00336046121891921,0.00336039554812325,0.00336037193679974,0.00336035017083627,0.00336034433265432,0.00336034357719001,0.00336034271004854,0.00336034024820431,0.00336034005257863,0.00336033684062534,0.00336033481553495,0.00336033222413771,0.0033603316272735,0.0033603312776812,0.00336033114911405,0.00336033104096219,0.00336033082644816],"convergence":0,"press_dep":false,"press_rng":[1013.25,1013.25]}}
