{"fa_WV_LG01_M_band_5":{"type":"annular","coefficients":{"c1":1,"c2":0.321982692314335,"c3":-6.16549809564227,"c4":0.206603281255961,"c5":-0.164153614584961,"c6":-0.873676891237875},"mare":0.00322981910110955,"rmse":0.00254403231118264,"mare_seq":[0.0147653185627514,0.0147652757020642,0.014765274668757,0.0147652721185255,0.0147652693711371,0.0147652663803131,0.0147652659002365,0.0147652658012748,0.0147652653729405,0.0147652650648713,0.0147652649052783,0.0147652643777868,0.0143873790514753,0.0140612230319313,0.0137127065833366,0.0110729551348511,0.00730358723716366,0.00626784716593993,0.00566298657317052,0.00323178892729019,0.00322991338915009,0.00322986629675561,0.00322986123468937,0.0032298444891836,0.00322982449796358,0.00322982189769205,0.00322982136594134,0.00322982040146017,0.00322981955382281,0.0032298193966422,0.00322981910110955],"convergence":0,"press_dep":false,"press_rng":[1013.25,1013.25]}}
