{"fa_WV_LG06_M_band_2":{"type":"annular","coefficients":{"c1":1,"c2":0.316866457138159,"c3":-7.02915835234552,"c4":0.786416963200511,"c5":-0.881393959999204,"c6":-0.166454191055062},"mare":0.00345194635571582,"rmse":0.00275415220765538,"mare_seq":[0.0171979248294688,0.0155823311068763,0.015581674674764,0.0155816723271252,0.0155816719683447,0.0155816679806544,0.0155816675428927,0.0155816671952084,0.0155816668694322,0.0155816665726423,0.0135303969781933,0.0122153818726437,0.0119086753267826,0.0104349548927712,0.0100701457717869,0.0087170161757959,0.00718040811765425,0.00379188149059492,0.00349643399778957,0.00345657411994724,0.00345198778365601,0.00345197558432988,0.00345196492266194,0.00345195584006017,0.00345195578145279,0.00345195287829994,0.00345195225188998,0.00345195109980697,0.00345195085432628,0.00345194718835536,0.00345194635571582],"convergence":0,"press_dep":false,"press_rng":[1013.25,1013.25]}}
