{"fa_WV_LG02_C_band_2":{"type":"annular","coefficients":{"c1":1,"c2":0.208486369063791,"c3":-4.78918023596342,"c4":0.234155900190651,"c5":-0.163781303743067,"c6":-0.780487043248604},"mare":0.00323452010000904,"rmse":0.00207179913902234,"mare_seq":[0.0134815894123915,0.0134815889581729,0.0134815881315141,0.0134815865000797,0.0134815861809366,0.0134815860364794,0.0134815856053805,0.0134806200899153,0.0134689103033977,0.0134374881478843,0.0101044302211493,0.00980109001748461,0.00806682189520064,0.00787338184411171,0.00786353606607406,0.00360528284388175,0.00325504356624702,0.00323711223187923,0.00323602953730882,0.003234849201175,0.00323453670044083,0.00323453304591646,0.00323453115640564,0.00323452992921092,0.00323452951023547,0.00323452659830172,0.00323452527002621,0.00323452252294928,0.0032345205647162,0.00323452024808164,0.00323452010000904],"convergence":0,"press_dep":false,"press_rng":[1013.25,1013.25]}}
