{"fa_WV3_C_band_1":{"type":"annular","coefficients":{"c1":1,"c2":0.181879377788598,"c3":-0.163772608401447,"c4":0.743176568487072,"c5":-0.784742859464861,"c6":-4.75853405250048},"mare":0.0032449843500606,"rmse":0.00207270094149086,"mare_seq":[0.0133939044500081,0.0133938788620995,0.0133938788293532,0.0133938781372081,0.0133938779631236,0.0133938778617965,0.013393533029465,0.0121960804062192,0.0102425011426544,0.00980820250267022,0.00823009085753149,0.00767059369757769,0.00752483940775944,0.00360198403958599,0.00359878492513375,0.00358987530774951,0.00333738828759083,0.00331687033325066,0.00325233721879706,0.00325106022807622,0.00324519447817625,0.00324514430891334,0.00324502987127481,0.00324500676292305,0.00324499057747103,0.00324498848466662,0.00324498754551818,0.00324498700773766,0.00324498638876358,0.00324498553632924,0.0032449843500606],"convergence":0,"press_dep":false,"press_rng":[1013.25,1013.25]}}
