{"fa_WV2_M_band_1":{"type":"annular","coefficients":{"c1":1,"c2":0.147222988501685,"c3":-0.1675729852367,"c4":0.6305247426669,"c5":-0.887621259487838,"c6":-7.38895719364981},"mare":0.00353604300930117,"rmse":0.00284012048860443,"mare_seq":[0.0175266315497491,0.0168000552430507,0.0158070716288689,0.0158070528344513,0.0158070337722357,0.015807033070661,0.0158070312072773,0.0158070301016006,0.015807029243681,0.015807027775287,0.015807027588082,0.0158070259567534,0.0158070252171158,0.0158070247101132,0.0158070235389133,0.0158070227590493,0.0146345955701774,0.0144488877274246,0.013588166265989,0.0110566961317666,0.0108791137574273,0.0101467283094668,0.00353629009395281,0.00353608638394962,0.00353607229928884,0.00353605227612334,0.00353604721576754,0.00353604599945309,0.00353604545294017,0.00353604330832646,0.00353604300930117],"convergence":0,"press_dep":false,"press_rng":[1013.25,1013.25]}}
