{"fa_WV_LG04_M_band_7":{"type":"annular","coefficients":{"c1":1,"c2":0.321795312636161,"c3":-5.90619159624577,"c4":0.204150561682452,"c5":-0.164664455483946,"c6":-0.877146411651102},"mare":0.00312888018517839,"rmse":0.00244814027287342,"mare_seq":[0.0176438709072816,0.0160868627248234,0.0156190092237567,0.0143912394463862,0.0143912325759354,0.0143912280449186,0.014391226604898,0.014391226308577,0.0143912260099553,0.0143912257097658,0.0143912254434334,0.0143912254054782,0.0143912250316882,0.0143912132854519,0.00966918796614285,0.00704335644492441,0.00654178616354899,0.00313801521171693,0.0031289178378227,0.00312890130129669,0.00312889063262186,0.00312888481069324,0.00312888463938272,0.00312888299722986,0.0031288829917434,0.00312888208980592,0.003128881863026,0.00312888177261909,0.00312888162254812,0.00312888123142824,0.00312888018517839],"convergence":0,"press_dep":false,"press_rng":[1013.25,1013.25]}}
