{"fa_WV_LG02_M_band_6":{"type":"annular","coefficients":{"c1":1,"c2":0.322171081754368,"c3":-6.01493308958744,"c4":0.793236727410483,"c5":-0.876420271254796,"c6":-0.164827558969244},"mare":0.00316057237541309,"rmse":0.0024828866592944,"mare_seq":[0.0180719232176528,0.0145442673523531,0.0145442114718216,0.0145441976155955,0.0145441949570174,0.014544194091385,0.014544192988897,0.0145441925844747,0.0145441924193344,0.0145441923113898,0.0145441922472219,0.014544191624742,0.0145441910679874,0.0145441909806692,0.0119888208280239,0.0114068935727527,0.0103718416232122,0.00979533785515656,0.00797650307245286,0.00349655101422161,0.00330913015751014,0.00328324441458311,0.00320902328312509,0.00316058325268981,0.00316057719053017,0.00316057552522109,0.00316057509617084,0.00316057415407299,0.0031605733650172,0.00316057278329191,0.00316057237541309],"convergence":0,"press_dep":false,"press_rng":[1013.25,1013.25]}}
