{"fa_WV2_C_band_9":{"type":"annular","coefficients":{"c1":1,"c2":0.208233560692869,"c3":-5.09303100086413,"c4":0.758062371531826,"c5":-0.77922945879285,"c6":-0.164686519818824},"mare":0.00319008046158594,"rmse":0.00209431511674927,"mare_seq":[0.0153260185735524,0.0139284194300214,0.0139284041278712,0.0139284039600853,0.0139284030764265,0.0139284027960832,0.0139276396199535,0.0122659604117528,0.0106929421178762,0.0099690670787655,0.00952339653980671,0.00917059546314555,0.00905445311359567,0.00845952720105721,0.00759559496517956,0.00723555645725191,0.00631720995955143,0.00371149689978342,0.00356297809253142,0.00330587035034001,0.00328001694045214,0.00320413507448657,0.00319608999971596,0.00319024204830425,0.0031901029757249,0.00319009977805416,0.00319009882429548,0.00319008580045565,0.00319008106079218,0.00319008085557305,0.00319008046158594],"convergence":0,"press_dep":false,"press_rng":[1013.25,1013.25]}}
