{"fa_WV3_C_band_3":{"type":"annular","coefficients":{"c1":1,"c2":0.206522518969944,"c3":-4.90920201002038,"c4":0.238334187592381,"c5":-0.164356304380435,"c6":-0.780102070590049},"mare":0.00321132540257188,"rmse":0.00207188491762068,"mare_seq":[0.0136369898430498,0.0136369859147541,0.0131702216938357,0.0106483177838976,0.00951664334886461,0.00951582602700835,0.00838844028276851,0.00747608126624483,0.00745063244603055,0.00730356268144198,0.00472720865101162,0.00417834999757075,0.00397499032841832,0.00382585650245566,0.00346297049335376,0.00331353460548279,0.00321135076034021,0.00321134174086298,0.00321133664016156,0.00321133654028743,0.00321133474093713,0.00321133091023026,0.00321133044985923,0.00321132955132881,0.00321132823247942,0.0032113280896168,0.00321132774036831,0.00321132674140222,0.00321132646947043,0.00321132635053184,0.00321132540257188],"convergence":0,"press_dep":false,"press_rng":[1013.25,1013.25]}}
