{"fa_WV2_M_band_8":{"type":"annular","coefficients":{"c1":1,"c2":0.323114602824068,"c3":-5.43993530914644,"c4":0.197333149908511,"c5":-0.16440118532665,"c6":-0.878485556365773},"mare":0.00296220657073262,"rmse":0.00229723845609137,"mare_seq":[0.0148696025158565,0.0141676313366687,0.0137124648017832,0.0137124407614024,0.013712437326363,0.0137124358824759,0.0137124357916174,0.0137124325377348,0.0137124320984504,0.0137124320546147,0.0137124312708623,0.0137105325033682,0.0116692789355275,0.00780670091489573,0.0070434471488843,0.00608531684865152,0.00504850466923384,0.00310687849903275,0.00308818018042204,0.00307871593621506,0.00297013469472308,0.00296612029495464,0.00296228513752827,0.00296226350468656,0.00296224062632028,0.00296223201460451,0.00296222683769799,0.00296222062369197,0.00296221894746714,0.00296220878608208,0.00296220657073262],"convergence":0,"press_dep":false,"press_rng":[1013.25,1013.25]}}
