{"fa_WV_LG04_U_band_1":{"type":"annular","coefficients":{"c1":1,"c2":0.597464559000935,"c3":-0.727761285942405,"c4":0.424764335148332,"c5":-0.175443531602834,"c6":-3.07935160879432},"mare":0.00190412507858313,"rmse":0.00121772213110702,"mare_seq":[0.0187099783494848,0.00957979677963885,0.00957979235995819,0.00957979174336098,0.00932610560935964,0.009155236885713,0.0059661262712666,0.00580078934135671,0.0056193083913341,0.00543290042592179,0.00504666573808614,0.00442652275266361,0.0027831857585616,0.0019121329030118,0.00190421381592584,0.00190418686965547,0.00190413389573023,0.00190413343561529,0.00190413260112022,0.00190413115142936,0.00190412944987392,0.00190412935104748,0.00190412873013998,0.00190412750199457,0.001904126994317,0.00190412674840388,0.00190412609349633,0.00190412540188511,0.00190412518098451,0.00190412512524761,0.00190412507858313],"convergence":0,"press_dep":false,"press_rng":[1013.25,1013.25]}}
