{"fa_WV3_C_band_16":{"type":"annular","coefficients":{"c1":1,"c2":0.107509399851643,"c3":-0.213810628623057,"c4":0.400431618122608,"c5":-5.1447131216009,"c6":-1.05722330835619},"mare":0.00216650105380828,"rmse":0.00178202445147683,"mare_seq":[0.0372577877344287,0.00959704903350222,0.00959703618612064,0.00959703526858399,0.00959703499676864,0.00959703494765487,0.00959703467024152,0.00959703451005884,0.00959703440601994,0.00959703408429466,0.00959703331762703,0.0095970330031442,0.00959703245164397,0.00698443991819476,0.00597842034388223,0.00588953096670835,0.00574832024145688,0.00555627844381738,0.00504286858992694,0.00457282248655237,0.00401127086679312,0.00227146813774014,0.00216653588638557,0.00216651678518416,0.0021665124680601,0.00216650614567988,0.00216650447539681,0.0021665039032199,0.00216650369002006,0.00216650160192282,0.00216650105380828],"convergence":0,"press_dep":false,"press_rng":[1013.25,1013.25]}}
