{"fa_WV_LG02_M_band_5":{"type":"annular","coefficients":{"c1":1,"c2":0.538019222125439,"c3":-0.877879436146789,"c4":0.694537189697359,"c5":-6.18524420632217,"c6":-0.164845200135872},"mare":0.00321188418592305,"rmse":0.00252761125678245,"mare_seq":[0.0158432168233643,0.0147478187776589,0.0147478183842337,0.0147478070172328,0.0147478068527247,0.0147478058290494,0.0147478047994852,0.0147478045350437,0.0147478044943782,0.0147478041869869,0.0147478038218137,0.0147478038079505,0.0147478030723654,0.0147467926579847,0.0142963172818987,0.0127819455074668,0.0126850259231471,0.0115050351583729,0.0109701033508432,0.0101636480494197,0.00877361512560581,0.00495740156894205,0.00373958227476283,0.00321246143935207,0.00321193292551971,0.00321190389545068,0.00321189772514073,0.00321189143378407,0.00321188788691455,0.00321188636177461,0.00321188418592305],"convergence":0,"press_dep":false,"press_rng":[1013.25,1013.25]}}
