{"fa_WV2_C_band_2":{"type":"annular","coefficients":{"c1":1,"c2":0.185199564958172,"c3":-0.163757443546454,"c4":0.254616630300554,"c5":-4.82337769315629,"c6":-0.781400397818736},"mare":0.00322280004283307,"rmse":0.00206817797492952,"mare_seq":[0.0134970781873185,0.0134970095417,0.0134970059172297,0.0134970054096841,0.0134970050620472,0.0134970050171292,0.0127072771441618,0.0120192434645906,0.0115616941615057,0.0111292545984724,0.00892247169631852,0.00879843970316576,0.00681755022123894,0.00623256744963422,0.00481683543570103,0.00392112214619729,0.00340137532365219,0.00339454039837443,0.00331837059960287,0.00327608999803149,0.00322294875754874,0.00322284617216471,0.00322284003301088,0.00322281903416405,0.0032228161523994,0.00322281051112095,0.00322280756584498,0.00322280631448385,0.00322280147191144,0.00322280012572672,0.00322280004283307],"convergence":0,"press_dep":false,"press_rng":[1013.25,1013.25]}}
