{"fa_WV_LG01_M_band_9":{"type":"annular","coefficients":{"c1":1,"c2":0.319813111498744,"c3":-6.34056391793721,"c4":0.208823929514152,"c5":-0.165544310494188,"c6":-0.878754990208566},"mare":0.00328268566085239,"rmse":0.00258843757224772,"mare_seq":[0.0172580504696327,0.0164345384209688,0.0158140025785697,0.0149024997795408,0.0149024930840362,0.0149024920634093,0.0149024920079224,0.0149024916392535,0.014902491606982,0.0149024915257636,0.0149024915071309,0.0149024914189519,0.0149024913901946,0.0149024911145205,0.0135513909542699,0.0113876907368552,0.0108655426837615,0.00991853888892397,0.0068428270332312,0.00385670724541084,0.00328750313120125,0.00328431133417173,0.00328272310130558,0.0032826958943453,0.00328268866013191,0.00328268858147478,0.00328268843530059,0.00328268797225349,0.00328268778209099,0.00328268579647479,0.00328268566085239],"convergence":0,"press_dep":false,"press_rng":[1013.25,1013.25]}}
