{"fa_WV3_M_band_7":{"type":"annular","coefficients":{"c1":1,"c2":0.321976334051468,"c3":-5.67369375517421,"c4":0.798337172713661,"c5":-0.880332716243579,"c6":-0.164962719337389},"mare":0.00303788297416673,"rmse":0.0023722282175822,"mare_seq":[0.0178484624222392,0.0158134344621633,0.0140236634256051,0.0140236441658446,0.014023637866965,0.0140236363143689,0.0140236354637377,0.0140236352814688,0.0140236339845798,0.0140010400421976,0.0137385702981823,0.00953540754925821,0.00670439153136821,0.00607596221340647,0.003165240068893,0.00303981527876453,0.00303805332404118,0.00303804299516363,0.00303795131370189,0.00303791154776837,0.00303789658905288,0.00303789368024924,0.00303788903780753,0.00303788686570851,0.00303788676168032,0.00303788653758811,0.0030378856637909,0.00303788528354828,0.00303788431473955,0.00303788331505572,0.00303788297416673],"convergence":0,"press_dep":false,"press_rng":[1013.25,1013.25]}}
