{"fa_WV_LG04_U_band_7":{"type":"annular","coefficients":{"c1":1,"c2":0.211827709731804,"c3":-3.06821345388119,"c4":0.230291525146354,"c5":-0.176766309105867,"c6":-0.713454910223532},"mare":0.00191449194714596,"rmse":0.00120416478016881,"mare_seq":[0.00949822197676403,0.00949271364407078,0.00949270061520602,0.00949269537418158,0.00949269300275658,0.00949269131519961,0.00949268917199303,0.00949268916618084,0.0094926888743824,0.00483782862904975,0.00273984871225065,0.00246369751691291,0.00218628715673014,0.0020448000188138,0.00197191946474402,0.00192083631528356,0.00191455957427594,0.00191455611551595,0.00191454747520461,0.00191452637106871,0.00191452605901585,0.00191451728517262,0.00191449592229483,0.00191449581170656,0.00191449413443231,0.00191449369628318,0.00191449271330077,0.00191449245780209,0.00191449232068521,0.00191449196374288,0.00191449194714596],"convergence":0,"press_dep":false,"press_rng":[1013.25,1013.25]}}
