{"fa_WV_LG02_C_band_6":{"type":"annular","coefficients":{"c1":1,"c2":0.209333060674029,"c3":-5.15508881522229,"c4":0.245029958466461,"c5":-0.165020742076123,"c6":-0.777311484721872},"mare":0.0031639086907828,"rmse":0.00208881327431769,"mare_seq":[0.0175050479055696,0.0156509119025556,0.0140623093338323,0.0140622805304727,0.0140622795185291,0.0140622775646777,0.0135135328238889,0.0118822274620526,0.0117059369019595,0.0102445045320179,0.00904320800758369,0.00872605052482846,0.00872491382602718,0.00826074159802267,0.00644859621577895,0.00539204195697027,0.00374307114956934,0.00361037343558468,0.0032348188453032,0.00318671037858399,0.00316414798295723,0.00316395841426465,0.00316394956855213,0.0031639165828466,0.00316391568862656,0.00316391555725375,0.00316391466928225,0.00316391464880666,0.00316390888009874,0.00316390879252176,0.0031639086907828],"convergence":0,"press_dep":false,"press_rng":[1013.25,1013.25]}}
