{"fa_WV3_M_band_17":{"type":"annular","coefficients":{"c1":1,"c2":0.320367766132711,"c3":-6.27730788159179,"c4":0.792416676052819,"c5":-0.877125335557365,"c6":-0.164855120909903},"mare":0.00325658239963694,"rmse":0.0025645688579491,"mare_seq":[0.0164204186263683,0.0163587629488929,0.0148585939514139,0.0148585920540895,0.0148585885701475,0.0148585867501744,0.0148585859024352,0.0148585856609256,0.0125444542343888,0.0105038467189114,0.0100921368054667,0.00949690088283209,0.00930753622262019,0.0091998756999692,0.00369969579491656,0.00325705299797194,0.00325665741451649,0.00325665288316838,0.00325664763663057,0.00325664433444744,0.00325662667652948,0.00325662619240014,0.00325660216293158,0.00325659512230753,0.00325658850955001,0.00325658599155522,0.00325658425662985,0.00325658418166101,0.00325658352434694,0.00325658254404349,0.00325658239963694],"convergence":0,"press_dep":false,"press_rng":[1013.25,1013.25]}}
