{"fa_WV3_U_band_17":{"type":"annular","coefficients":{"c1":1,"c2":0.178689843403426,"c3":-0.175600590659422,"c4":0.734724557957326,"c5":-0.715670890285891,"c6":-3.03863139252036},"mare":0.00190009066714345,"rmse":0.00119674305206535,"mare_seq":[0.0102917195423885,0.00949654748970438,0.00949654742734644,0.00949654725824025,0.00949654723468963,0.00949654677504076,0.00949654543994835,0.00949654498601243,0.00945471210588881,0.00945113910541169,0.00758909737287106,0.00669563228463456,0.00660500002581689,0.00531296605166633,0.00514602223657007,0.00251659469937057,0.00214548464292299,0.00190038221301001,0.00190019814958267,0.00190010344306264,0.00190009952889289,0.00190009937612088,0.00190009902526725,0.00190009775427042,0.001900097335814,0.00190009411353024,0.00190009335097705,0.00190009242236052,0.00190009151265893,0.00190009110415633,0.00190009066714345],"convergence":0,"press_dep":false,"press_rng":[1013.25,1013.25]}}
