{"fa_WV_LG04_M_band_8":{"type":"annular","coefficients":{"c1":1,"c2":0.540859286364987,"c3":-0.877016089295267,"c4":0.704075553178074,"c5":-5.63925291825545,"c6":-0.164525946819666},"mare":0.00303013216262122,"rmse":0.00236045433341575,"mare_seq":[0.0147469602319197,0.0140233937312775,0.0140233811852717,0.014023380986015,0.0140233792973302,0.0140233778290058,0.0140233776118337,0.0140233772441083,0.0140233767207006,0.0140233762544871,0.012431908222608,0.0106261912866622,0.00984078419963622,0.00969262188337668,0.00930493450665533,0.00911624729563893,0.00910397798572279,0.00835593094657769,0.00754801247202046,0.00694457253610414,0.00303602591985745,0.00303039401630653,0.00303022085510654,0.00303014791807598,0.00303013678093718,0.00303013627855881,0.00303013510987266,0.00303013469558292,0.00303013391705719,0.00303013294296849,0.00303013216262122],"convergence":0,"press_dep":false,"press_rng":[1013.25,1013.25]}}
