{"fa_WV_LG05_C_band_7":{"type":"annular","coefficients":{"c1":1,"c2":0.192914091517484,"c3":-0.165092253271356,"c4":0.264645040487571,"c5":-5.15347479848099,"c6":-0.774684766308701},"mare":0.00315063802542377,"rmse":0.00208645141267178,"mare_seq":[0.014139344664203,0.0141393316867553,0.0141393314899533,0.0141393309142169,0.0141393307511165,0.0141393306220958,0.0141393305704253,0.0141393305337953,0.0141393302512442,0.0103820767699307,0.010354183894943,0.0102721618521664,0.00991885909967927,0.00898254504576152,0.00878719224097973,0.00855800000444278,0.00806735842902153,0.00767171191204399,0.00663069006488143,0.00648414848400247,0.00503946262436531,0.00457070222931521,0.00350807800278901,0.00317957233497867,0.00315068638863466,0.0031506647655763,0.00315065050383675,0.00315064962003373,0.00315063914246766,0.00315063846024143,0.00315063802542377],"convergence":0,"press_dep":false,"press_rng":[1013.25,1013.25]}}
