{"fa_WV_LG06_C_band_1":{"type":"annular","coefficients":{"c1":1,"c2":0.212267005984377,"c3":-4.70064214872663,"c4":0.770272436933983,"c5":-0.78183997992367,"c6":-0.163532278089801},"mare":0.00325142912587411,"rmse":0.00206702373994374,"mare_seq":[0.0165777223087936,0.0139766032377183,0.0133851290114319,0.0133851269726193,0.0133851268763563,0.0133851268677828,0.0133590940831467,0.00969896553062377,0.00853985380236419,0.00847829075521633,0.00787745620077502,0.00725000561300402,0.0068355491267524,0.00373384515776819,0.00325188027037715,0.00325145783329656,0.00325144548307798,0.00325143966833926,0.00325143881236157,0.00325143322721271,0.00325143192289966,0.00325143140711466,0.00325143133228194,0.00325143070089894,0.00325143054543388,0.00325143030010277,0.00325142959943231,0.0032514295930624,0.00325142956585479,0.00325142940832408,0.00325142912587411],"convergence":0,"press_dep":false,"press_rng":[1013.25,1013.25]}}
