{"fa_WV3_C_band_13":{"type":"annular","coefficients":{"c1":1,"c2":0.352847339329093,"c3":-5.2218593234571,"c4":0.826290238167295,"c5":-1.04539104861893,"c6":-0.214953793184051},"mare":0.0022225597320654,"rmse":0.00182159581570457,"mare_seq":[0.0129146970533881,0.0101309705389753,0.00977963947252038,0.00977960437901994,0.00977960330991705,0.00977960249959967,0.00977960202233402,0.00977960131809432,0.0097796011864601,0.00977960102196924,0.00977960071675729,0.00977960051770616,0.0097795994159147,0.00977959938834876,0.00930539819614964,0.00900594268960975,0.00877570185087618,0.0040108884587025,0.00335792934940309,0.00287142930558602,0.00267856622603631,0.0023360960594965,0.00222268750449564,0.00222259575730301,0.00222258987114589,0.00222257526603764,0.00222256181493672,0.00222256155494925,0.00222256056516312,0.0022225602415598,0.0022225597320654],"convergence":0,"press_dep":false,"press_rng":[1013.25,1013.25]}}
