{"fa_WV_LG01_U_band_1":{"type":"annular","coefficients":{"c1":1,"c2":0.232961087735191,"c3":-3.06003869245154,"c4":0.22228503492168,"c5":-0.175287913866189,"c6":-0.725312390518553},"mare":0.00190236141993931,"rmse":0.00120389157556106,"mare_seq":[0.00957872618493147,0.00957872606973169,0.0095787258208252,0.00957872492232624,0.00957872490532472,0.0095567918982813,0.00770192658154534,0.00731381540560407,0.00632931313213202,0.00610525532515037,0.0060271378968565,0.00469243241754899,0.00433003914414523,0.00403464308131152,0.00340776214144858,0.00319744494697852,0.0023586462023831,0.0020978604986658,0.00193493157111798,0.00190315317080688,0.00190297957075024,0.00190239966831698,0.00190238596552035,0.00190236642382857,0.00190236410713628,0.00190236365612295,0.00190236201483598,0.00190236164555136,0.00190236162281162,0.00190236159248714,0.00190236141993931],"convergence":0,"press_dep":false,"press_rng":[1013.25,1013.25]}}
