{"fa_WV2_M_band_2":{"type":"annular","coefficients":{"c1":1,"c2":0.316740285757921,"c3":-7.05560508530797,"c4":0.786266093459666,"c5":-0.882404286365395,"c6":-0.166377456485259},"mare":0.00345254255629634,"rmse":0.00275509469146352,"mare_seq":[0.0204474445685775,0.0175622226522111,0.0156072781552898,0.0156071554586572,0.0156071550229798,0.0156071506567978,0.0156071480863586,0.0156071359262344,0.0156071307769756,0.0156071307647894,0.0156071305791288,0.0156071299027148,0.0156071295710324,0.0155535963527223,0.0128047155188638,0.0124767690348159,0.00987394128734764,0.00880243010542876,0.00640148977277429,0.00380821673131962,0.00348377197453925,0.00347615920609356,0.00345391177644639,0.00345261736189129,0.00345257271039026,0.0034525725914719,0.00345255713603684,0.00345254806271898,0.00345254801936908,0.00345254632462697,0.00345254255629634],"convergence":0,"press_dep":false,"press_rng":[1013.25,1013.25]}}
