{"fa_WV_LG04_U_band_4":{"type":"annular","coefficients":{"c1":1,"c2":0.604804530496877,"c3":-0.719363352608796,"c4":0.452075443709904,"c5":-0.175761955690683,"c6":-3.05845436230689},"mare":0.00187825313037049,"rmse":0.00119525956660277,"mare_seq":[0.0513762163210193,0.00954147620043117,0.0094806791709817,0.00948063582257534,0.00947835002424833,0.00947832720954993,0.00947832719990964,0.00947832649538511,0.00947832599033276,0.00947130158219579,0.00792032238806586,0.00663030369626846,0.00614561180063665,0.00483446542038857,0.00453359005962914,0.00214118060904121,0.00205905600517463,0.00203448279165701,0.00201291130272457,0.0019054521094306,0.001878298024147,0.00187826846155216,0.00187825820362538,0.00187825623988903,0.00187825593292858,0.00187825425377432,0.00187825403852559,0.00187825364598026,0.0018782535697268,0.00187825324301784,0.00187825313037049],"convergence":0,"press_dep":false,"press_rng":[1013.25,1013.25]}}
