{"fa_WV3_M_band_16":{"type":"annular","coefficients":{"c1":1,"c2":0.321679513229045,"c3":-4.17934863051144,"c4":0.839184622992134,"c5":-0.915531787471225,"c6":-0.186420750414501},"mare":0.00209333635415811,"rmse":0.00161454408049573,"mare_seq":[0.0405622323239428,0.00998682843071829,0.00998682718609153,0.00998682530667829,0.00998682264540668,0.00998682075347584,0.00998682036915615,0.00998682032946638,0.00998682021766761,0.00998682009107833,0.00906558925341303,0.00843696138975571,0.00791587313791035,0.0072619055904858,0.00490087320273612,0.00251789550555144,0.00209407480387644,0.0020934527558787,0.00209339386494067,0.00209336964461465,0.00209336429442926,0.00209335235112374,0.00209335129843755,0.00209334954453072,0.00209334534314449,0.00209334449172598,0.00209334203137801,0.00209333970553966,0.00209333947285874,0.00209333888791276,0.00209333635415811],"convergence":0,"press_dep":false,"press_rng":[1013.25,1013.25]}}
