{"fa_WV3_C_band_4":{"type":"annular","coefficients":{"c1":1,"c2":0.205630964767982,"c3":-5.03778693007591,"c4":0.24127872304028,"c5":-0.164791979639348,"c6":-0.77982431881945},"mare":0.0031892800848548,"rmse":0.00207856968476741,"mare_seq":[0.0138020740168204,0.0122971258222963,0.0119460111150923,0.0117084927621968,0.0104188663043544,0.0100892075958684,0.0100844031997432,0.00975041496958329,0.0089868165181033,0.00881643320283992,0.00764077133455054,0.00415747997762819,0.00324116341496535,0.00319117140529609,0.00318931396619746,0.00318930945526937,0.00318930567601781,0.00318930523517431,0.00318929947535762,0.00318929945407481,0.00318929800381501,0.00318929230312115,0.00318928857258602,0.00318928408804089,0.00318928332315022,0.00318928236781631,0.00318928222015009,0.0031892821936525,0.00318928153452497,0.00318928084643855,0.0031892800848548],"convergence":0,"press_dep":false,"press_rng":[1013.25,1013.25]}}
