{"fa_WV_LG01_C_band_6":{"type":"annular","coefficients":{"c1":1,"c2":0.194639115130727,"c3":-0.165346230561486,"c4":0.259571158891897,"c5":-5.16101247039856,"c6":-0.778369607197477},"mare":0.00316750765140526,"rmse":0.00209285193013178,"mare_seq":[0.0356616147785864,0.0140581353837938,0.0140580153849295,0.0140580094173078,0.014058007746527,0.0140580057409838,0.0140580049188326,0.014058004857753,0.0140411939752679,0.0131135380344674,0.0114274061861921,0.010514105555,0.0088168371169993,0.00872503226851418,0.00587293191593256,0.00420808660314358,0.00317616988090536,0.00317073199617481,0.00316757501568703,0.00316753555700492,0.0031675315510448,0.0031675221640657,0.00316751849818107,0.00316751486302087,0.00316751288774754,0.00316751062128535,0.00316750993499429,0.00316750987010451,0.00316750851644481,0.00316750794362126,0.00316750765140526],"convergence":0,"press_dep":false,"press_rng":[1013.25,1013.25]}}
