{"fa_WV_LG05_M_band_2":{"type":"annular","coefficients":{"c1":1,"c2":0.537148737763279,"c3":-0.882296034523364,"c4":0.315588196067468,"c5":-0.166509828623303,"c6":-7.0416502616184},"mare":0.00345354483382237,"rmse":0.00275675523276927,"mare_seq":[0.017459722476509,0.0155834195396183,0.0155742601705267,0.0155742595084155,0.0155742586076799,0.0155742576345564,0.0155742574360985,0.0155742557292826,0.0155742554288084,0.0155742550949388,0.0155742549962998,0.015574254723898,0.0155742541057143,0.0155742531250351,0.01557425282905,0.0141954817186814,0.0128403454346723,0.0126252964341593,0.0113989246929023,0.0102958452635506,0.00926228256969379,0.00635216424024975,0.00580667510209265,0.00433258792202295,0.00345356441578977,0.00345355386449181,0.00345355196259645,0.00345355184502554,0.00345354760909067,0.0034535455771373,0.00345354483382237],"convergence":0,"press_dep":false,"press_rng":[1013.25,1013.25]}}
