{"fa_WV_LG06_M_band_8":{"type":"annular","coefficients":{"c1":1,"c2":0.324181805314204,"c3":-5.61861794950389,"c4":0.200060053725736,"c5":-0.163795907463288,"c6":-0.875243210158124},"mare":0.0030395870989253,"rmse":0.00236821565746207,"mare_seq":[0.0140265981459926,0.0140265949036139,0.0140265875807805,0.0140265873746364,0.0140265870495249,0.0140265867402722,0.0140265867316588,0.0140265866974714,0.0140232154339861,0.0138693672719013,0.0121044429495525,0.00879275265003908,0.00869951381384592,0.00438071157126523,0.00323579455852912,0.00314050473610119,0.00312884539531795,0.00304538087577634,0.0030397723172712,0.0030396277644432,0.00303960517791437,0.00303959572073451,0.00303959568566114,0.00303959338113889,0.00303959220122418,0.00303959012710581,0.00303958934019015,0.00303958875842598,0.00303958825581158,0.0030395880710187,0.0030395870989253],"convergence":0,"press_dep":false,"press_rng":[1013.25,1013.25]}}
