{"fa_WV3_C_band_12":{"type":"annular","coefficients":{"c1":1,"c2":0.542414355136246,"c3":-0.912816737942804,"c4":0.688676129438302,"c5":-5.24791921284177,"c6":-0.19337111656581},"mare":0.00260422158812609,"rmse":0.00202112952180867,"mare_seq":[0.012343014849637,0.0119279867689111,0.0118966097584837,0.011896605919121,0.0118966001609859,0.0118965992607661,0.0118965977792471,0.0118965976884949,0.0118965975173542,0.0118965966796134,0.0118965949765148,0.0118965948676912,0.0118965946736468,0.0118965944908261,0.0118965944658264,0.0114579360607645,0.00827893091540604,0.00743029034590003,0.00671621960887378,0.00263431762185611,0.00260835899874451,0.00260504694236459,0.00260427651852646,0.00260423312810883,0.00260423233011588,0.00260423200099829,0.00260423132106834,0.00260422978903716,0.00260422932642419,0.00260422468986962,0.00260422158812609],"convergence":0,"press_dep":false,"press_rng":[1013.25,1013.25]}}
