{"fa_WV_LG01_U_band_7":{"type":"annular","coefficients":{"c1":1,"c2":0.181621277157109,"c3":-0.176820248143018,"c4":0.739901210398381,"c5":-0.712940279919558,"c6":-3.05836451458643},"mare":0.00189561687917393,"rmse":0.00119235448670314,"mare_seq":[0.0094892896196775,0.00948928745786584,0.00948928475073389,0.00948928453737382,0.00839042944058791,0.0055347195527462,0.00521749373338795,0.00419553607242288,0.0039552860329516,0.00368477796325404,0.0033462686384987,0.00231841736357929,0.00199705196881298,0.00189874682143376,0.00189589541449845,0.00189564288818321,0.00189563194611141,0.0018956275421746,0.00189561967067778,0.00189561878839661,0.00189561849062826,0.00189561838962095,0.00189561810132105,0.00189561798687551,0.00189561796951893,0.00189561795191319,0.00189561773495788,0.00189561763716966,0.00189561751259931,0.00189561714988223,0.00189561687917393],"convergence":0,"press_dep":false,"press_rng":[1013.25,1013.25]}}
