{"fa_WV_LG01_M_band_4":{"type":"annular","coefficients":{"c1":1,"c2":0.536859169788433,"c3":-0.876845387487383,"c4":0.692181140692639,"c5":-6.39196271539376,"c6":-0.165074713836101},"mare":0.00330138207697808,"rmse":0.00260846717245401,"mare_seq":[0.0149886997970382,0.0149886883727803,0.0149886880469194,0.0149886865290497,0.0149886832158246,0.0149886820894261,0.014988681945323,0.0149886799920692,0.0149886797053499,0.0149886793656417,0.014988679181496,0.014988678365801,0.0149886780300929,0.0115719867032575,0.0106270796224481,0.00626764102518297,0.00573731302025138,0.00444993634355587,0.00352691509385052,0.00334631381416662,0.00331566125683964,0.00330252111728407,0.00330214985969646,0.00330140330389802,0.00330139769536806,0.00330138753452292,0.00330138645549957,0.00330138554844474,0.00330138540375297,0.00330138404460163,0.00330138207697808],"convergence":0,"press_dep":false,"press_rng":[1013.25,1013.25]}}
