{"fa_WV_LG06_M_band_3":{"type":"annular","coefficients":{"c1":1,"c2":0.318167625666854,"c3":-6.69161032521997,"c4":0.210977000498588,"c5":-0.165736724063239,"c6":-0.879048877779207},"mare":0.00335661755325557,"rmse":0.00266163026668007,"mare_seq":[0.0181692625928973,0.0168603032555565,0.0152749705395523,0.0152749430011102,0.0152749421386532,0.0152749370517954,0.0152749350740344,0.0152749349067803,0.0152749347314603,0.0152749337320908,0.0127196630452698,0.0126867214385373,0.0121369405451786,0.0120029802168302,0.0116954091987281,0.0100653846789316,0.00929788160378812,0.00499249514395915,0.0035913014436681,0.0034801694208441,0.0034291279784703,0.0033649266246209,0.0033566501082499,0.00335664127314894,0.00335663863513792,0.00335662877162836,0.00335662094340319,0.00335662019085448,0.00335662009055988,0.0033566189765547,0.00335661755325557],"convergence":0,"press_dep":false,"press_rng":[1013.25,1013.25]}}
