{"fa_WV_LG05_M_band_4":{"type":"annular","coefficients":{"c1":1,"c2":0.318823139636392,"c3":-6.44323259078192,"c4":0.789923871865613,"c5":-0.880552799739166,"c6":-0.165352610864743},"mare":0.00329131858214802,"rmse":0.00259745493635435,"mare_seq":[0.0576418154316341,0.0150112276247446,0.0150112182446,0.0150112167246704,0.015011216641647,0.0150112164300547,0.015011216216598,0.0150112160504101,0.0150112160028494,0.014854071407596,0.0143003763172247,0.0119419561606907,0.00918674209850127,0.00865987764911752,0.00818409163431601,0.00655749231085878,0.00446287132378252,0.00392217939823865,0.00334702216629201,0.00332325673557814,0.00329133603498002,0.00329133220925491,0.00329132737778011,0.00329132496913211,0.00329132233140196,0.00329132208340917,0.00329132194904554,0.00329132099757662,0.00329131897947512,0.00329131894120514,0.00329131858214802],"convergence":0,"press_dep":false,"press_rng":[1013.25,1013.25]}}
