{"fa_WV_LG01_C_band_2":{"type":"annular","coefficients":{"c1":1,"c2":0.208288694203768,"c3":-4.80141922217213,"c4":0.233735581006908,"c5":-0.163746236894908,"c6":-0.780746222864599},"mare":0.00321893320584752,"rmse":0.00206240972456813,"mare_seq":[0.0134955699263355,0.0134955675461515,0.0134955675324669,0.0134955672226783,0.0126299272464342,0.0119515373811372,0.0117771506480686,0.0103631234781331,0.00918102167643865,0.00800791410969331,0.00786457708993161,0.00380727797533377,0.00341339059631756,0.003244663787611,0.00321896936208248,0.0032189568799986,0.00321895268193645,0.00321894423477155,0.00321894372473362,0.00321894232565459,0.00321894138435519,0.00321893849981056,0.00321893726612946,0.00321893593313137,0.00321893538858027,0.00321893528880809,0.00321893496483061,0.00321893482958751,0.00321893458901419,0.00321893406614846,0.00321893320584752],"convergence":0,"press_dep":false,"press_rng":[1013.25,1013.25]}}
