{"fa_WV_LG01_C_band_7":{"type":"annular","coefficients":{"c1":1,"c2":0.210853200513515,"c3":-5.20953499499221,"c4":0.246604852541591,"c5":-0.165876335262535,"c6":-0.779309974535067},"mare":0.00318087533217623,"rmse":0.00211442938940679,"mare_seq":[0.0141069380185213,0.0141069145843769,0.0141069119510263,0.0141069113863596,0.0141069111947955,0.014106910651843,0.0141069102529411,0.0141069101601945,0.0141069097590263,0.0141069094309559,0.0115440887574648,0.0106950503096279,0.0105076525870683,0.0104237303378528,0.00797492739432284,0.00724989002616835,0.00629963063915498,0.00464239530860682,0.00453458895071759,0.00323667644515168,0.00318293785152833,0.00318096909461405,0.00318088812865613,0.0031808852621011,0.00318087929330783,0.00318087867849573,0.00318087669010782,0.00318087656886351,0.00318087581123093,0.00318087580507996,0.00318087533217623],"convergence":0,"press_dep":false,"press_rng":[1013.25,1013.25]}}
