{"fa_WV3_U_band_5":{"type":"annular","coefficients":{"c1":1,"c2":0.217378649008271,"c3":-3.02728210430474,"c4":0.771335148527279,"c5":-0.712255316678706,"c6":-0.17553988634111},"mare":0.00189582196845112,"rmse":0.00119310067876942,"mare_seq":[0.0102643882271334,0.00947951359801589,0.0094795128130149,0.00947951064771619,0.00947951056659166,0.00947951026407032,0.00857434312728934,0.00650345514956043,0.00500825080706821,0.00493510040328948,0.00437682762550428,0.00386807870237891,0.00352580803631832,0.0025388716264296,0.00228967889622389,0.00203061053255849,0.00198801767522952,0.00194487344102854,0.0018962004831454,0.00189594244059211,0.00189583727678352,0.00189583086514616,0.00189583008087249,0.00189582819470749,0.00189582526842709,0.00189582468916168,0.00189582429170728,0.0018958232842511,0.00189582302294835,0.00189582235387811,0.00189582196845112],"convergence":0,"press_dep":false,"press_rng":[1013.25,1013.25]}}
