{"fa_WV_LG02_U_band_2":{"type":"annular","coefficients":{"c1":1,"c2":0.225443402273483,"c3":-3.06615826272612,"c4":0.224954850859011,"c5":-0.175671895262571,"c6":-0.7253479916821},"mare":0.00188192834903657,"rmse":0.00119902749380676,"mare_seq":[0.0215467324064774,0.00953458361125637,0.00953458245974475,0.00953458197536771,0.00953458139519887,0.00953458116589718,0.00899235850307275,0.00742636892517866,0.00722249978402312,0.00577319095807401,0.00491309127951937,0.00472392526871462,0.00339678596907612,0.00267266520368845,0.00227641560968052,0.00198516925752387,0.00196230306394205,0.00189340890010095,0.00188200566460646,0.00188196776737936,0.00188193927776757,0.00188193455916176,0.0018819315163298,0.00188193148636034,0.00188193108058204,0.00188193007344883,0.00188192997740572,0.00188192946499121,0.00188192926484964,0.0018819290449268,0.00188192834903657],"convergence":0,"press_dep":false,"press_rng":[1013.25,1013.25]}}
