{"fa_WV3_U_band_1":{"type":"annular","coefficients":{"c1":1,"c2":0.598284424382344,"c3":-0.728676484619968,"c4":0.426496019895072,"c5":-0.175377227666479,"c6":-3.08174781407533},"mare":0.00190326095026525,"rmse":0.00121010301333897,"mare_seq":[0.0113046275429883,0.00960025534214815,0.00958613820811913,0.0095861361095511,0.00958613545821567,0.00958613355180778,0.00958613211812553,0.00958613065190534,0.00958613059692169,0.0095861302799519,0.00863038961422153,0.00799021227595941,0.00722957444047358,0.00639413445633352,0.00593900664270569,0.00472780607208768,0.00461203573965839,0.00269316456211749,0.00253025250583404,0.00191225180276155,0.00190464054735142,0.00190329613780764,0.00190329112143441,0.00190328199285646,0.00190327597557424,0.00190327376489093,0.00190327291907214,0.00190326257818011,0.00190326195372977,0.00190326129896068,0.00190326095026525],"convergence":0,"press_dep":false,"press_rng":[1013.25,1013.25]}}
