{"fa_WV_LG03_M_band_5":{"type":"annular","coefficients":{"c1":1,"c2":0.537508531318143,"c3":-0.874993464190819,"c4":0.304063016420282,"c5":-0.164563213587156,"c6":-6.16132960359847},"mare":0.00322534723799374,"rmse":0.00253871312132795,"mare_seq":[0.0163650145708036,0.0147434682575107,0.0147432339941345,0.0147432325207229,0.0147432313546195,0.0147432303229998,0.0147432284591151,0.0147432281426384,0.0147432276216808,0.0147432275143079,0.0147432271438408,0.0147432271375419,0.0147432268612842,0.014737565702917,0.0145496386519577,0.0127529370131428,0.0111784520589697,0.00985317215758425,0.00976288214544541,0.00937596327503672,0.00654066122422055,0.00481548645836794,0.00460935911682709,0.00432997956386281,0.00322896566124714,0.00322537336337222,0.00322535807714915,0.0032253506451628,0.00322534944413673,0.00322534864289738,0.00322534723799374],"convergence":0,"press_dep":false,"press_rng":[1013.25,1013.25]}}
