{"fa_WV2_M_band_7":{"type":"annular","coefficients":{"c1":1,"c2":0.136349616587225,"c3":-0.164736760952389,"c4":0.626232043164831,"c5":-0.878413016820278,"c6":-5.64975044342344},"mare":0.00303429225826537,"rmse":0.00236331701170744,"mare_seq":[0.0178460108020348,0.0140304421609491,0.0140303646865552,0.0140303607794955,0.0140303606904824,0.0140303536843777,0.0140303529144833,0.014030352357942,0.0140303501492069,0.0140303499360366,0.0140303497703942,0.0135556988109073,0.0117932604646728,0.0103181297569071,0.0102590536068062,0.00908530544647564,0.0072138184809869,0.00695641868905737,0.00661753620710763,0.00579720285626748,0.00311980347623389,0.00310657257888918,0.00310544631952343,0.00303622647645583,0.00303433136921417,0.00303432896477169,0.00303431179778035,0.00303430605072102,0.00303429869287398,0.00303429426133266,0.00303429225826537],"convergence":0,"press_dep":false,"press_rng":[1013.25,1013.25]}}
