{"fa_WV_LG02_U_band_1":{"type":"annular","coefficients":{"c1":1,"c2":0.172129633284719,"c3":-0.176104510497963,"c4":0.277255581253361,"c5":-3.09855738601991,"c6":-0.730662504790641},"mare":0.00189990998604882,"rmse":0.00121259643798083,"mare_seq":[0.00959727132358953,0.00959726614875909,0.00959726131304882,0.00959726103601974,0.00959726011909502,0.00959725957865623,0.00874674576335242,0.00617546819812218,0.00509554506735705,0.00488576185243414,0.00368606611594184,0.0027511122315356,0.00263781349357404,0.00244310820882855,0.00211091986463698,0.00193991678205091,0.001932675627272,0.00191897968582774,0.0019014117421414,0.0018999157216314,0.00189991279103266,0.00189991120570235,0.00189991116103689,0.00189991103197188,0.0018999106285876,0.0018999103857757,0.0018999102504453,0.00189991013740025,0.0018999101257775,0.00189991006612335,0.00189990998604882],"convergence":0,"press_dep":false,"press_rng":[1013.25,1013.25]}}
