{"fa_WV_LG05_U_band_1":{"type":"annular","coefficients":{"c1":1,"c2":0.59598624235357,"c3":-0.726170123738971,"c4":0.423419908444547,"c5":-0.17553293862024,"c6":-3.061083644079},"mare":0.00190862254248824,"rmse":0.00121685360765144,"mare_seq":[0.00957047100935702,0.00957045331423108,0.00957044982184479,0.00957044536655742,0.00957044533566698,0.0095704450684495,0.00957044424427652,0.00957013258140339,0.00879655869036521,0.00820804030369912,0.00726984601975218,0.00591180344522671,0.00387719552254822,0.00338058214057694,0.00226468772401218,0.0022010386872372,0.00210109071553293,0.00193480548730042,0.00191957916129432,0.00191529260549684,0.00190864773654623,0.00190863407290565,0.00190863267611618,0.0019086299135271,0.00190862665328301,0.00190862650672988,0.00190862609599729,0.00190862509573741,0.00190862286521775,0.00190862275400171,0.00190862254248824],"convergence":0,"press_dep":false,"press_rng":[1013.25,1013.25]}}
