{"fa_WV3_M_band_3":{"type":"annular","coefficients":{"c1":1,"c2":0.537382172054929,"c3":-0.880044911884907,"c4":0.312121885673134,"c5":-0.166399136257704,"c6":-6.6713927796389},"mare":0.00336704823380032,"rmse":0.00266638201008706,"mare_seq":[0.0171365688149145,0.016720069212661,0.0152320793488769,0.0152316397067183,0.0152316387543712,0.0152316377290714,0.0152316366240427,0.0152316363737536,0.0152316363319761,0.0152316361481626,0.015231635994389,0.0152316354991375,0.0152316343525995,0.0152316342874199,0.0152306570476561,0.0128783670905719,0.0122034786827393,0.0114607881736028,0.0104962773068189,0.0102385022109526,0.00942822274435624,0.00845066670977388,0.00762157014112752,0.00470441222425628,0.00442867819760124,0.0033670912356291,0.00336706278334023,0.00336705813959805,0.00336705584476251,0.00336704917052849,0.00336704823380032],"convergence":0,"press_dep":false,"press_rng":[1013.25,1013.25]}}
