{"fa_WV2_M_band_4":{"type":"annular","coefficients":{"c1":1,"c2":0.537111769636683,"c3":-0.879169465216219,"c4":0.691250743186967,"c5":-6.40448684960224,"c6":-0.165281377642443},"mare":0.00328780648979406,"rmse":0.00259807818191024,"mare_seq":[0.0160181379236254,0.0158062144429894,0.0149784402998953,0.0149784356432188,0.0149784347766532,0.0149784342061874,0.0149784315749314,0.014978431050688,0.0149784299241706,0.0142459254221997,0.0139887612806678,0.0110772784267299,0.00945821647719541,0.00933945522271049,0.00878528712014464,0.00869249915930279,0.00689493477233684,0.00595892992628201,0.00548743184610276,0.00332554178499363,0.00328911674189826,0.00328819287887469,0.00328789140094945,0.00328785142208121,0.00328782802620006,0.00328781025073868,0.00328780976789963,0.00328780831583651,0.00328780794486604,0.00328780734369079,0.00328780648979406],"convergence":0,"press_dep":false,"press_rng":[1013.25,1013.25]}}
