{"fa_WV3_U_band_15":{"type":"annular","coefficients":{"c1":1,"c2":0.259417523417278,"c3":-4.6989952995225,"c4":0.249381971706406,"c5":-0.238142078096421,"c6":-0.911225404288765},"mare":0.00204696707323304,"rmse":0.00148834304648596,"mare_seq":[0.015218770649473,0.0095526045165786,0.0095525823507007,0.00955258055132962,0.00955257453344042,0.00955257425281038,0.00955257320228823,0.00955257241723637,0.00955257226505081,0.00955257099420024,0.00955257066299614,0.00955257052625195,0.00955257025631496,0.00955257004858772,0.00954682421686147,0.00864569338124108,0.00678853518749139,0.00670543497872556,0.00668767258387749,0.00662489834901646,0.00617751071412621,0.00599165493304655,0.00221630682288005,0.00204699984686495,0.0020469836420716,0.00204698025276871,0.00204697400750007,0.00204697336189998,0.00204696861588968,0.00204696794002163,0.00204696707323304],"convergence":0,"press_dep":false,"press_rng":[1013.25,1013.25]}}
