{"fa_WV_LG05_U_band_3":{"type":"annular","coefficients":{"c1":1,"c2":0.221585114389608,"c3":-3.05128593317045,"c4":0.774615823384416,"c5":-0.72003058438164,"c6":-0.174939158114024},"mare":0.00187657214842853,"rmse":0.00118765264823381,"mare_seq":[0.00951833228063173,0.00951833168965446,0.00838393618337867,0.00711194061213907,0.00682941350673287,0.006065936672449,0.00438833562786906,0.0042691793890912,0.00368640391161633,0.00290925226190275,0.00286719819093099,0.00241946019021204,0.00235184635005158,0.00187766270439086,0.0018765850297216,0.00187658099133068,0.00187658060179908,0.0018765791876479,0.0018765780830955,0.00187657756758673,0.00187657651213957,0.001876576502487,0.00187657527984025,0.00187657449912085,0.00187657437186495,0.00187657410017289,0.00187657408065927,0.00187657373565065,0.00187657355368671,0.00187657248816086,0.00187657214842853],"convergence":0,"press_dep":false,"press_rng":[1013.25,1013.25]}}
