{"fa_WV2_C_band_7":{"type":"annular","coefficients":{"c1":1,"c2":0.217670948015853,"c3":-5.33763372345404,"c4":0.248243176302804,"c5":-0.167708483172461,"c6":-0.784454707861226},"mare":0.00313393050437564,"rmse":0.00211545271531506,"mare_seq":[0.0142430333183466,0.0142430238052012,0.0142430179178414,0.0142430163739288,0.0142430148685271,0.0142430127684595,0.0142428743513852,0.0142422893514706,0.00963082991772245,0.00929451253001843,0.00882189382682634,0.00817352048402078,0.00768531943408041,0.00766326354245684,0.00704871539395117,0.00387982319885503,0.00339278748055492,0.00320827543899137,0.00313404408121938,0.0031339832534493,0.00313396580227836,0.0031339654617866,0.00313396250179492,0.00313394400657867,0.00313393788249551,0.00313393553265507,0.00313393522106149,0.00313393521860575,0.00313393462813086,0.00313393177452277,0.00313393050437564],"convergence":0,"press_dep":false,"press_rng":[1013.25,1013.25]}}
