{"fa_WV_LG06_C_band_2":{"type":"annular","coefficients":{"c1":1,"c2":0.183908623149136,"c3":-0.162816843540224,"c4":0.257098809557308,"c5":-4.76445260425295,"c6":-0.777083662880722},"mare":0.00321194695907272,"rmse":0.00205322638535917,"mare_seq":[0.0135193460298371,0.0135193410381818,0.013519340559499,0.0135193401770507,0.0135193400816682,0.0135193394723302,0.0135193391907062,0.00962959173354779,0.00851461150803189,0.00767746600845089,0.00663021550596893,0.00645578653962548,0.00456695014268904,0.00364317565531237,0.0036275627868119,0.00349904895310075,0.00343407100796636,0.00327039609838879,0.0032457653213947,0.00321197076697458,0.00321197052494934,0.00321196969078739,0.00321195855643789,0.00321195100166085,0.00321195086525112,0.00321195036277617,0.00321195019812318,0.00321194816665239,0.00321194789158324,0.00321194736625526,0.00321194695907272],"convergence":0,"press_dep":false,"press_rng":[1013.25,1013.25]}}
