{"fa_WV_LG01_U_band_8":{"type":"annular","coefficients":{"c1":1,"c2":0.18483869223406,"c3":-0.179895004302286,"c4":0.254008751756334,"c5":-3.14639886652964,"c6":-0.719407588396662},"mare":0.00190916622488348,"rmse":0.0012034673022549,"mare_seq":[0.00953576747107438,0.00953576448244975,0.00953576448102761,0.00953576424895619,0.00953576387669469,0.00618816308249361,0.0043887043475748,0.00356252530711788,0.00297856565174713,0.00294781777932373,0.00257144519879478,0.002122341194824,0.00197660528012561,0.00190951710158588,0.0019091798253301,0.00190917579069097,0.00190917536815715,0.00190917181245539,0.00190917026057934,0.00190917002143612,0.00190916982212328,0.00190916850756126,0.00190916848190685,0.00190916764266455,0.00190916734584132,0.00190916731738109,0.00190916689576932,0.00190916670452515,0.0019091664685287,0.00190916642051905,0.00190916622488348],"convergence":0,"press_dep":false,"press_rng":[1013.25,1013.25]}}
