{"fa_WV_LG04_M_band_6":{"type":"annular","coefficients":{"c1":1,"c2":0.323141715917891,"c3":-5.98800280833249,"c4":0.794356020007187,"c5":-0.873693163722381,"c6":-0.164427038014332},"mare":0.00317488577994473,"rmse":0.00249161717025972,"mare_seq":[0.0224899081234891,0.0204689214114633,0.0157949520895678,0.0145349697322019,0.0145349642006062,0.0145349620089607,0.0145349618387152,0.014534961244929,0.0145349606841755,0.0145349603824481,0.0145349600833861,0.0145349597260534,0.0136447493368137,0.0116927773830233,0.0114568011133742,0.0102018959052578,0.00951315615639582,0.00740627904607162,0.00726394257707361,0.00612809572466033,0.00329943571134776,0.00318239566238853,0.00317492498010646,0.00317489056003704,0.0031748903760798,0.00317489012566622,0.00317488741047656,0.00317488684848454,0.00317488640871059,0.00317488593089247,0.00317488577994473],"convergence":0,"press_dep":false,"press_rng":[1013.25,1013.25]}}
