{"fa_WV_LG01_U_band_2":{"type":"annular","coefficients":{"c1":1,"c2":0.224328754247871,"c3":-3.07813978795446,"c4":0.225844541195936,"c5":-0.176257840802443,"c6":-0.7274635796965},"mare":0.00187198740874269,"rmse":0.0011936623683311,"mare_seq":[0.00952572080262419,0.00952571553307748,0.00952571444264924,0.00513733499087437,0.00497252136969071,0.0036833870435294,0.00285722031874604,0.00258630560959565,0.00234459827028821,0.00201468619558406,0.00194736650105663,0.00187217533488751,0.00187201592142282,0.00187200853397164,0.00187200784803102,0.001872007402532,0.00187200637625892,0.00187199533438412,0.00187199434122622,0.00187199355722292,0.00187199284204465,0.00187199245591341,0.00187199184586055,0.00187199123930928,0.00187199062801525,0.00187198946627052,0.00187198931767949,0.00187198865196353,0.00187198850822175,0.00187198825546893,0.00187198740874269],"convergence":0,"press_dep":false,"press_rng":[1013.25,1013.25]}}
