{"fa_WV_LG01_M_band_1":{"type":"annular","coefficients":{"c1":1,"c2":0.314829891392951,"c3":-7.42443788584396,"c4":0.214991454095948,"c5":-0.167639692364232,"c6":-0.887894842685888},"mare":0.00354159794391271,"rmse":0.00284190493547178,"mare_seq":[0.0158299786028955,0.0158299692256209,0.0158299686783575,0.0158299669111084,0.0158299669108698,0.0158299667448672,0.0158299666786452,0.0158299652016455,0.0158299648736909,0.0158299647037893,0.0158299645907476,0.0150034050683679,0.0147455916087711,0.0108878527901462,0.0107159346533362,0.0100295235883844,0.00954120888257705,0.00780489386291201,0.0037312581205666,0.00358654445099861,0.00354175797495134,0.0035416693240736,0.00354160893598811,0.00354160456668206,0.00354160432316803,0.00354160341504979,0.00354160298491563,0.00354160015472827,0.00354159842268545,0.00354159796165495,0.00354159794391271],"convergence":0,"press_dep":false,"press_rng":[1013.25,1013.25]}}
