{"fa_WV_LG04_M_band_9":{"type":"annular","coefficients":{"c1":1,"c2":0.320737262268489,"c3":-6.33737161624267,"c4":0.791631735758101,"c5":-0.877403566701848,"c6":-0.165061633969003},"mare":0.00328290058222653,"rmse":0.00258577195818692,"mare_seq":[0.0170989117160408,0.0163231736997312,0.0149263489591696,0.0149263458585067,0.014926345737419,0.0149263450355004,0.0149243516491526,0.0141421783932739,0.0131929279724797,0.0127520570218251,0.0121519011749706,0.0114794459151124,0.00994911813523424,0.00960884174872498,0.00927478193172607,0.00865367280925404,0.00685288003346681,0.00494275378702622,0.00438743166374886,0.00328309179952374,0.00328297697824928,0.00328293632988324,0.00328292172403634,0.00328290648896294,0.00328290581704386,0.00328290364795453,0.00328290333853889,0.00328290243920446,0.00328290216082348,0.00328290104796671,0.00328290058222653],"convergence":0,"press_dep":false,"press_rng":[1013.25,1013.25]}}
