{"fa_WV2_U_band_5":{"type":"annular","coefficients":{"c1":1,"c2":0.178707436155317,"c3":-0.175372441794176,"c4":0.264960183061887,"c5":-3.0161530904606,"c6":-0.712207420965553},"mare":0.00189369116519343,"rmse":0.00118486933385688,"mare_seq":[0.00946385652506608,0.00946385542943014,0.00946385485193489,0.00946385425519243,0.00946385390649141,0.00946385344100771,0.00946385272609656,0.00942592805451087,0.00915675799829628,0.00858841554579105,0.00808246535201073,0.00501632874171101,0.0030936900523577,0.00289616428704774,0.00256268554514363,0.00245502419357688,0.00199806650095896,0.00196140840048146,0.00194955175479042,0.00193668819276096,0.00191991822352429,0.00189374782059756,0.00189371482966917,0.00189371122313902,0.00189370577031585,0.00189369766584567,0.00189369748696687,0.00189369701773269,0.00189369410818288,0.00189369353842739,0.00189369116519343],"convergence":0,"press_dep":false,"press_rng":[1013.25,1013.25]}}
