{"fa_WV_LG06_C_band_3":{"type":"annular","coefficients":{"c1":1,"c2":0.206547930236891,"c3":-4.90754056062215,"c4":0.762237889544108,"c5":-0.779642687640856,"c6":-0.16438932786724},"mare":0.00320597978616119,"rmse":0.00207259660214891,"mare_seq":[0.0136213991050702,0.0136213988322783,0.0136213984281708,0.0136213982902209,0.0136213978343295,0.013621397588093,0.0107197359164048,0.00923979531577759,0.00855475444182379,0.00843877537070237,0.00773069860392931,0.00720922001372773,0.0066524238271593,0.00575452311320324,0.00503257850397187,0.00451598803012335,0.00389348500517894,0.00324477691013432,0.00323450711203973,0.00322111305451625,0.00320610529681093,0.00320601444942527,0.00320600741631728,0.00320599976520491,0.00320599096620536,0.00320598588565303,0.00320598301765165,0.00320598084449723,0.00320598006315209,0.003205979971246,0.00320597978616119],"convergence":0,"press_dep":false,"press_rng":[1013.25,1013.25]}}
