{"fa_WV3_M_band_1":{"type":"annular","coefficients":{"c1":1,"c2":0.537722132220544,"c3":-0.886945595836019,"c4":0.681631200123309,"c5":-7.39606291187207,"c6":-0.167676254719081},"mare":0.0035369226035727,"rmse":0.00283660673228394,"mare_seq":[0.018200224166418,0.0158160290922805,0.0158160278393385,0.0158160270993746,0.0158160270553384,0.015816026781811,0.0158160266615163,0.015816026491017,0.0158160258881725,0.0158160257290662,0.0154863547288478,0.010896070236624,0.0105187444339265,0.0088471549082491,0.00874708124621226,0.0057379811446738,0.00563570524813611,0.00384348607268248,0.0037280224939226,0.00353698547226769,0.00353697325703367,0.00353696762819614,0.00353696477280781,0.00353696415452037,0.00353696391821894,0.00353696358684032,0.00353696181251817,0.00353693764501341,0.00353692770785579,0.00353692584976024,0.0035369226035727],"convergence":0,"press_dep":false,"press_rng":[1013.25,1013.25]}}
