{"fa_WV_LG03_M_band_3":{"type":"annular","coefficients":{"c1":1,"c2":0.318226302519547,"c3":-6.69267759641719,"c4":0.788372152551933,"c5":-0.879955537324703,"c6":-0.166001412529141},"mare":0.00336978525462372,"rmse":0.00267190877815566,"mare_seq":[0.0161078436411211,0.0152679626232589,0.0152679619633807,0.0152679609426793,0.015267958031719,0.0152679574769624,0.0152679572966046,0.0152679558778278,0.0152608972610766,0.012885190626101,0.0118990064993465,0.0110017693089935,0.0109690416329497,0.0105820004190608,0.0105685413856068,0.00965481979271554,0.00419410418728799,0.00402454506369709,0.00370744298175611,0.00355593525989076,0.00337013043022066,0.00336993324495748,0.00336984968270379,0.00336982350304714,0.00336980162900414,0.00336979929753544,0.00336979402771516,0.0033697921749724,0.00336978933562407,0.00336978734691331,0.00336978525462372],"convergence":0,"press_dep":false,"press_rng":[1013.25,1013.25]}}
