{"fa_WV_LG02_U_band_3":{"type":"annular","coefficients":{"c1":1,"c2":0.175882994842187,"c3":-0.175144601942816,"c4":0.267685005608331,"c5":-3.06148264861248,"c6":-0.720934996017123},"mare":0.00189471175493558,"rmse":0.0012093005967456,"mare_seq":[0.0135714500978941,0.0101047133322768,0.00951331152920653,0.0095133033370386,0.00951330328647806,0.00912831304292707,0.00806509434471254,0.00781262807267944,0.00760802981065364,0.00707206695047194,0.00691856545655709,0.00610756704995136,0.00501154019209521,0.00402503910915826,0.00345237129375874,0.00233770948369413,0.00226190133156772,0.0019203495172753,0.00189473582005031,0.00189472727559241,0.00189472093083503,0.0018947183241217,0.00189471585941421,0.00189471488982846,0.00189471424677085,0.00189471383531031,0.0018947125331377,0.00189471233133426,0.00189471208618991,0.00189471203347916,0.00189471175493558],"convergence":0,"press_dep":false,"press_rng":[1013.25,1013.25]}}
