{"fa_WV_LG04_C_band_9":{"type":"annular","coefficients":{"c1":1,"c2":0.191086767731726,"c3":-0.164644868157889,"c4":0.742771313321608,"c5":-0.779192419392751,"c6":-5.05126994209639},"mare":0.00319644594213987,"rmse":0.00209284083451672,"mare_seq":[0.0138710886128039,0.0138710833372954,0.0138710821465325,0.013871080958629,0.0138710806683401,0.0138710800797458,0.0114206292925467,0.0108147712727784,0.0102106529916901,0.00965776672347374,0.00933242002276392,0.00883813893899587,0.0081479632253298,0.00797873035695481,0.00768311857779188,0.00728613895035933,0.00432221353389979,0.00349462728413041,0.00319995799721183,0.00319729378016944,0.00319650131564871,0.00319648456903159,0.00319647320334709,0.00319645994080627,0.00319645963252886,0.00319645044291492,0.00319645030522383,0.00319644837602499,0.00319644669524319,0.00319644594408914,0.00319644594213987],"convergence":0,"press_dep":false,"press_rng":[1013.25,1013.25]}}
