{"fa_WV_LG06_C_band_7":{"type":"annular","coefficients":{"c1":1,"c2":0.194643557666247,"c3":-0.166017354678714,"c4":0.26270049011681,"c5":-5.20426718437256,"c6":-0.778873565825382},"mare":0.0031561037177424,"rmse":0.00209679680165105,"mare_seq":[0.0141594893715036,0.0141135497527039,0.0141135496248364,0.0141135490264644,0.00999906133981366,0.0097056173513845,0.00941221126165928,0.00936048634866188,0.00886995334095101,0.00864146397490106,0.00780389412276135,0.00727761891350464,0.0062551618754073,0.00532768305766089,0.00347061981897336,0.00327842706048258,0.00324246972664234,0.00320018564118073,0.00315872360371505,0.00315638551200571,0.0031561824881505,0.00315611922141001,0.0031561136179938,0.00315610933998182,0.00315610778206807,0.0031561065019757,0.00315610638818721,0.00315610637552414,0.00315610595553659,0.00315610384682248,0.0031561037177424],"convergence":0,"press_dep":false,"press_rng":[1013.25,1013.25]}}
