{"fa_WV_LG05_C_band_3":{"type":"annular","coefficients":{"c1":1,"c2":0.187324173737402,"c3":-0.1635349284124,"c4":0.25668448554094,"c5":-4.85717852049347,"c6":-0.77563874872734},"mare":0.00321471883666712,"rmse":0.00207562484345682,"mare_seq":[0.0136514289727161,0.0136514276838787,0.0136514173784346,0.0126031818498229,0.0111100654790722,0.0109574430713611,0.010058147281788,0.00966739948273479,0.00940649506102738,0.00926632466965681,0.00883584735360864,0.0078021880203674,0.00768785692361089,0.00582816391153469,0.00403886444339422,0.00321785000707168,0.00321701504023788,0.00321638217504505,0.00321496698434313,0.0032147262080415,0.00321472254905519,0.00321472225018403,0.00321472192012413,0.00321472180319219,0.00321472161422034,0.0032147202683478,0.00321472008969488,0.00321471991297274,0.00321471984487696,0.00321471913074696,0.00321471883666712],"convergence":0,"press_dep":false,"press_rng":[1013.25,1013.25]}}
