{"fa_WV3_C_band_10":{"type":"annular","coefficients":{"c1":1,"c2":0.544387642232202,"c3":-0.876101267132878,"c4":0.340469691060173,"c5":-0.186248733029977,"c6":-5.35421904575882},"mare":0.00272760932017198,"rmse":0.00207719780448005,"mare_seq":[0.0176784705369536,0.0143807770102924,0.0127595489396185,0.0127595244258281,0.0127595229827714,0.012759522669092,0.0127595222876392,0.0127595211453827,0.0100810766233161,0.00901287118106168,0.00802927516861889,0.0077344737412816,0.00725176090451398,0.00721850765865717,0.0056564666076532,0.00363233729233285,0.00341121953901163,0.00315949270548626,0.00312023819709842,0.00274219761379439,0.0027283622598886,0.00272768132923464,0.00272765841826864,0.00272764418556512,0.00272762195936192,0.00272761691447627,0.00272761602401975,0.00272761295660724,0.00272761286855675,0.00272761157407662,0.00272760932017198],"convergence":0,"press_dep":false,"press_rng":[1013.25,1013.25]}}
