{"fa_WV_LG03_C_band_9":{"type":"annular","coefficients":{"c1":1,"c2":0.207900017838672,"c3":-5.07549649183027,"c4":0.758688052879468,"c5":-0.779705488321602,"c6":-0.164519327390005},"mare":0.00318485677400788,"rmse":0.00208939878251421,"mare_seq":[0.0138846125234215,0.0138846074156809,0.013884606401541,0.0138846062917883,0.0138846055036703,0.0138846033059546,0.0136240133418138,0.0121119646059868,0.0105967807608497,0.0104662210786106,0.00870922005735469,0.0083229417291285,0.00806447004141718,0.00680919149641355,0.00618351887715356,0.00540314689676084,0.00322361286204974,0.00318567913995204,0.00318510149643653,0.00318490085650365,0.00318489959980952,0.0031848625219631,0.00318486187208974,0.0031848599868757,0.00318485864505206,0.00318485864227109,0.00318485793438607,0.00318485768185569,0.00318485747611892,0.00318485744494718,0.00318485677400788],"convergence":0,"press_dep":false,"press_rng":[1013.25,1013.25]}}
