{"fa_WV3_C_band_6":{"type":"annular","coefficients":{"c1":1,"c2":0.595055427634951,"c3":-0.778160091686462,"c4":0.479767309255072,"c5":-0.16557430739202,"c6":-5.17928404339787},"mare":0.00316449138122214,"rmse":0.00210113788700918,"mare_seq":[0.014735061453744,0.0140858608054379,0.0140858569366832,0.0140766309019758,0.0139056075495459,0.0126953837670351,0.0118570384308407,0.0103661680005668,0.0097733393283253,0.00899935211828418,0.00875048137888198,0.0078044644639336,0.00736176983165679,0.00728617924414405,0.00570363393040266,0.00560683942988218,0.00512876016242733,0.00489001194989502,0.00322132027846154,0.00316474914983831,0.00316462685163552,0.00316456945260038,0.00316450997483213,0.00316450499584648,0.00316449797750421,0.00316449520728668,0.00316449513637927,0.00316449286520571,0.00316449213878058,0.00316449160993583,0.00316449138122214],"convergence":0,"press_dep":false,"press_rng":[1013.25,1013.25]}}
