{"fa_WV2_U_band_9":{"type":"annular","coefficients":{"c1":1,"c2":0.180010128220554,"c3":-0.176323196534694,"c4":0.737220974289042,"c5":-0.718502099920899,"c6":-3.06301738094118},"mare":0.00189575171877456,"rmse":0.00119861730381161,"mare_seq":[0.00948379139418103,0.00948378964639235,0.00948378917253399,0.00948378901550513,0.00948378864216675,0.00947771205332274,0.0083538938901745,0.00777758534504215,0.00762513366051254,0.00542755799054533,0.0054069320272412,0.00465232171249749,0.00363329241075694,0.00249715761002103,0.00212771618099377,0.0021064416690831,0.00196289307742571,0.00191874874673791,0.00189578663048248,0.00189576904792588,0.00189576601033971,0.00189576396988927,0.00189576391488205,0.00189576158407288,0.00189576052420539,0.00189575593257315,0.00189575423729682,0.00189575310574302,0.00189575304670385,0.0018957523109105,0.00189575171877456],"convergence":0,"press_dep":false,"press_rng":[1013.25,1013.25]}}
