{"fa_WV_LG03_M_band_1":{"type":"annular","coefficients":{"c1":1,"c2":0.314411256870264,"c3":-7.46487091628821,"c4":0.215003635154943,"c5":-0.168020680858508,"c6":-0.888346721651872},"mare":0.00353698292624357,"rmse":0.00284189831773304,"mare_seq":[0.017543219169726,0.0158363320539441,0.0158363060483664,0.0158363044709816,0.0158363043986168,0.0158363039754148,0.0158363028145793,0.0158363022823998,0.0158363019273999,0.015836301589975,0.0156867560019297,0.012816215127472,0.0122692019694658,0.0121128384755839,0.0118160469413562,0.0115131469908363,0.0114633262876678,0.0112761183674424,0.0110097059064066,0.0105434557349941,0.00538650105687725,0.00399914790622035,0.00353711935705715,0.00353705427056468,0.00353698615965481,0.00353698469317588,0.00353698411406915,0.00353698396631215,0.00353698353075367,0.00353698323263273,0.00353698292624357],"convergence":0,"press_dep":false,"press_rng":[1013.25,1013.25]}}
