{"fa_WV_LG04_U_band_9":{"type":"annular","coefficients":{"c1":1,"c2":0.602351836017638,"c3":-0.715761552857778,"c4":0.550914459735627,"c5":-3.02877997606758,"c6":-0.175644488230291},"mare":0.00189436806819835,"rmse":0.00118999451897095,"mare_seq":[0.0103171108480682,0.00948654498961446,0.00948654295055662,0.00948654201773347,0.00948654184379574,0.00942584850651897,0.00910998651057045,0.00895545480152881,0.00743349600446115,0.00627889233592187,0.00456177487273426,0.00382572983102769,0.00348478563746835,0.00318086567785059,0.00240021712281978,0.00191864157271187,0.00191294408132768,0.0018963337926465,0.0018945164366359,0.00189437960326789,0.00189437889130979,0.00189437625796855,0.00189437412709737,0.00189437392728376,0.00189437192846815,0.00189437141917052,0.0018943704855528,0.00189436989738679,0.00189436861765407,0.0018943684488596,0.00189436806819835],"convergence":0,"press_dep":false,"press_rng":[1013.25,1013.25]}}
