{"fa_WV_LG06_U_band_3":{"type":"annular","coefficients":{"c1":1,"c2":0.601091496675547,"c3":-0.719280371074166,"c4":0.559181290662095,"c5":-3.03036557717269,"c6":-0.175297681728414},"mare":0.00188458989855981,"rmse":0.00119849516601069,"mare_seq":[0.00946066490384863,0.00946066293633063,0.00946066228834252,0.00946066172946197,0.00942360344846453,0.00745974606478642,0.0056597826689104,0.00364647687550533,0.0023385488913282,0.00208348909731167,0.00206182720023008,0.00190280340688567,0.00188758533076848,0.00188608533366459,0.00188462014630351,0.0018846101925964,0.00188460196711049,0.00188460044990971,0.00188459890683074,0.00188459844817777,0.00188459842318883,0.00188459526594313,0.00188459522745094,0.00188459336188433,0.00188459171372302,0.0018845916515714,0.0018845912231915,0.00188459059744884,0.00188459029349601,0.00188459024181141,0.00188458989855981],"convergence":0,"press_dep":false,"press_rng":[1013.25,1013.25]}}
