{"fa_WV_LG05_M_band_7":{"type":"annular","coefficients":{"c1":1,"c2":0.322034975621144,"c3":-5.89727713468156,"c4":0.795308084781667,"c5":-0.876680458413911,"c6":-0.1646279841529},"mare":0.00313298544415839,"rmse":0.00245257456526184,"mare_seq":[0.056216282984269,0.0562162792491315,0.015642468978185,0.0143795527142288,0.0143795518275455,0.0143795474060991,0.0143795464182437,0.0143795448164185,0.0143795423679888,0.0143795422510466,0.01437954214711,0.0143795420382937,0.0141974490075108,0.0124585337278573,0.0112799131786373,0.0104948159380586,0.0100127937392938,0.00904742877561692,0.00630787788259769,0.00428354289916864,0.00324367095458665,0.0031351061020467,0.00313303170222701,0.00313299059351758,0.00313298751259179,0.00313298734237317,0.00313298698783432,0.00313298696212275,0.00313298622548124,0.00313298591830773,0.00313298544415839],"convergence":0,"press_dep":false,"press_rng":[1013.25,1013.25]}}
