{"fa_WV_LG06_U_band_7":{"type":"annular","coefficients":{"c1":1,"c2":0.604879573775576,"c3":-0.712847824389936,"c4":0.459905843850711,"c5":-0.176768556644224,"c6":-3.05421226412164},"mare":0.00188639688404122,"rmse":0.00118435028061673,"mare_seq":[0.0113855706760892,0.00949524738745867,0.00949524635710275,0.00947584119176925,0.00930264199673122,0.00816929159899783,0.00761897278701544,0.00680067349977636,0.00492828842917683,0.00257837607169407,0.00249599514571188,0.00243069023790314,0.00197749599910064,0.00188817726294084,0.0018865548475635,0.00188643104775855,0.00188641200968781,0.00188641063729115,0.00188640435730016,0.00188640172031134,0.00188640115785218,0.00188640096088597,0.0018863976403755,0.00188639756754235,0.00188639754265857,0.0018863975373773,0.00188639744360765,0.00188639743063795,0.00188639709987361,0.00188639704593236,0.00188639688404122],"convergence":0,"press_dep":false,"press_rng":[1013.25,1013.25]}}
