{"fa_WV_LG05_M_band_6":{"type":"annular","coefficients":{"c1":1,"c2":0.13938541424942,"c3":-0.164257369610528,"c4":0.375017631326016,"c5":-5.98810330199738,"c6":-0.875075111006769},"mare":0.00318156116748855,"rmse":0.00249467997718747,"mare_seq":[0.0171599332898084,0.0149165052978421,0.0145369125890252,0.0145368997545434,0.0145368876424196,0.0145368870407675,0.0145368862470902,0.0145368861451502,0.0145368857073707,0.0145368857040829,0.0131428140978123,0.0125221307656881,0.0122866607940814,0.0117373595593071,0.0111574677179454,0.00494244808422784,0.00386820598689927,0.0035908818033137,0.00346591363258319,0.00322840185023222,0.00318271019959468,0.00318158753228025,0.00318158470300408,0.0031815823508952,0.00318156557930412,0.00318156500067918,0.00318156475271781,0.00318156244506594,0.00318156174826277,0.00318156158066786,0.00318156116748855],"convergence":0,"press_dep":false,"press_rng":[1013.25,1013.25]}}
