{"fa_WV3_U_band_9":{"type":"annular","coefficients":{"c1":1,"c2":0.198742446426784,"c3":-3.44885086395061,"c4":0.758280354264337,"c5":-0.737085805370454,"c6":-0.190499366359631},"mare":0.00201915531822369,"rmse":0.00128739824271703,"mare_seq":[0.0503167020499547,0.0097270481487573,0.00972704571156959,0.00972687211754099,0.00972664718442394,0.00969659624963555,0.00961739331836016,0.00858347981943319,0.0071697342919334,0.00697621692998096,0.00689900614167809,0.0068212553277704,0.00615088909385728,0.00584684280632613,0.00525987240039758,0.0041353563217084,0.00280414415768823,0.00256131915650932,0.00216252853712637,0.00204924125682948,0.00202996106925071,0.00201917976974103,0.00201917779684041,0.0020191688772896,0.00201916552211758,0.00201916303754448,0.00201916227395054,0.00201915689549837,0.00201915586035334,0.00201915558153894,0.00201915531822369],"convergence":0,"press_dep":false,"press_rng":[1013.25,1013.25]}}
