{"fa_WV_LG02_C_band_8":{"type":"annular","coefficients":{"c1":1,"c2":0.219029036142927,"c3":-5.28845127069108,"c4":0.751768073774085,"c5":-0.782859875757774,"c6":-0.167520696748979},"mare":0.00313829753635616,"rmse":0.00211030976672373,"mare_seq":[0.0142395673610926,0.0142394510131314,0.0142394469073219,0.0142394467517814,0.0142394466805789,0.0142394464333355,0.0142394461618266,0.0139977727392152,0.0127676232327896,0.0126248692754234,0.0109774467232824,0.00996954605234636,0.0098282619789833,0.00942112702152428,0.00842990694864653,0.00806213158057304,0.00562296370065425,0.00492761861364893,0.00402625383032511,0.00353311650096909,0.00342178709292831,0.00318088741258208,0.00313833752935509,0.00313833183622572,0.00313830794079964,0.00313830240554307,0.00313830163777253,0.00313829959873223,0.00313829802329276,0.00313829782113721,0.00313829753635616],"convergence":0,"press_dep":false,"press_rng":[1013.25,1013.25]}}
