{"fa_WV_LG05_M_band_8":{"type":"annular","coefficients":{"c1":1,"c2":0.322681075966546,"c3":-5.6422464131221,"c4":0.799264302400132,"c5":-0.879119666845158,"c6":-0.164496839230675},"mare":0.00302403399097581,"rmse":0.00235651069305703,"mare_seq":[0.0151108787875959,0.0140137114641934,0.0140136876582834,0.0140136845982072,0.014013684027016,0.0140136823724142,0.0140136820141958,0.0140136813822695,0.014013681296767,0.014013680373256,0.0140136798439996,0.0140136797091489,0.0136645665428784,0.0091063359507263,0.00881237858793788,0.00873236523637734,0.00740381182281492,0.0030540837188876,0.00302416094221594,0.00302406899460339,0.00302405045404008,0.00302404317077002,0.00302404165050769,0.00302404007982976,0.00302403888987329,0.00302403533714795,0.003024035236287,0.00302403465676585,0.00302403461199141,0.00302403415282308,0.00302403399097581],"convergence":0,"press_dep":false,"press_rng":[1013.25,1013.25]}}
