{"fa_WV3_C_band_7":{"type":"annular","coefficients":{"c1":1,"c2":0.219409806762031,"c3":-5.27512601096269,"c4":0.247879590543184,"c5":-0.167242211431094,"c6":-0.780993145025288},"mare":0.00313869070592202,"rmse":0.00211018038091193,"mare_seq":[0.0149564725032479,0.014781646277608,0.0142456102469386,0.0142456043381032,0.0142456000474963,0.0142455987695179,0.0142455975757383,0.014245597536624,0.0142455966444655,0.0132114786603489,0.008255522930619,0.00801185890578991,0.00797475334526605,0.00380684094879272,0.0036464904097036,0.00335964177627055,0.00320217918782045,0.00315782361508166,0.00314222545804483,0.00314207827534411,0.00313873641390694,0.00313873366771306,0.00313873119196599,0.00313872961986142,0.00313869648347422,0.00313869507026498,0.00313869330649952,0.00313869142830587,0.00313869132046273,0.00313869092967476,0.00313869070592202],"convergence":0,"press_dep":false,"press_rng":[1013.25,1013.25]}}
