{"fa_WV2_C_band_3":{"type":"annular","coefficients":{"c1":1,"c2":0.2066506397415,"c3":-4.90615680824022,"c4":0.237576418583021,"c5":-0.16396457561936,"c6":-0.778886402109317},"mare":0.00320953667034655,"rmse":0.00207302312382961,"mare_seq":[0.0136673867540226,0.0136673856797713,0.0136673842852848,0.013666670185283,0.0136664137425469,0.0121557222399179,0.0114948957203376,0.0101932850992802,0.00925048050441029,0.00923982588985574,0.00745658794446214,0.00735919816241102,0.00735659449904561,0.00730286418127347,0.00718474271175543,0.00676912764963745,0.00641482168703537,0.00606360606407681,0.00586604475461727,0.00543576358687603,0.00488039324332798,0.00468753672866018,0.00325398315073024,0.00320957780308776,0.00320957444233452,0.00320956002047875,0.00320955642202377,0.00320955503259567,0.00320953912493301,0.00320953853081097,0.00320953667034655],"convergence":0,"press_dep":false,"press_rng":[1013.25,1013.25]}}
