{"fa_WV_LG06_C_band_5":{"type":"annular","coefficients":{"c1":1,"c2":0.208127246209924,"c3":-5.07887521709531,"c4":0.243395763412187,"c5":-0.164753947353069,"c6":-0.777485769787681},"mare":0.00318841509115686,"rmse":0.00209338691272908,"mare_seq":[0.0139310937348074,0.0139268126959963,0.0139268120652055,0.0139268104761548,0.0139268101399409,0.0139268101135802,0.0139268099890255,0.010227764004906,0.00989956991854173,0.00891749129264401,0.00879756295612266,0.00514884728257773,0.00319032911696449,0.00318866487089977,0.00318843869315091,0.00318843797545177,0.00318843376223108,0.00318842892511019,0.0031884218648053,0.00318842152165178,0.0031884209493971,0.00318841997151156,0.00318841935209633,0.00318841886987254,0.00318841849348144,0.00318841705744292,0.00318841648568531,0.00318841600952104,0.00318841600782785,0.00318841595851111,0.00318841509115686],"convergence":0,"press_dep":false,"press_rng":[1013.25,1013.25]}}
