{"fa_WV3_M_band_14":{"type":"annular","coefficients":{"c1":1,"c2":0.322964568717212,"c3":-4.21462348716689,"c4":0.83906602630424,"c5":-0.917589083427352,"c6":-0.185939089577436},"mare":0.00212686531159006,"rmse":0.00163652456672828,"mare_seq":[0.0407227780697837,0.0107222277369237,0.0100615726927436,0.0100615627350758,0.0100615558765742,0.0100615518137145,0.0100615510566883,0.010061550237674,0.0100615500498994,0.0100615493539014,0.0100615490297654,0.00744794303576555,0.00715971833124596,0.00511057040456855,0.00499825869439728,0.00411430474619391,0.00335149103357745,0.00300538580565513,0.00250661475691511,0.00229225668820133,0.00221904647760479,0.00212688793660889,0.00212687649722326,0.00212687170776556,0.00212687000038431,0.00212686970679321,0.00212686968495393,0.00212686856833453,0.00212686611184306,0.00212686598335265,0.00212686531159006],"convergence":0,"press_dep":false,"press_rng":[1013.25,1013.25]}}
