{"fa_WV3_U_band_12":{"type":"annular","coefficients":{"c1":1,"c2":0.218081065164045,"c3":-4.32357993663685,"c4":0.752383931701364,"c5":-0.834052859694769,"c6":-0.221513880033629},"mare":0.00209146080966579,"rmse":0.00143470180231633,"mare_seq":[0.00984398810089894,0.00984398649684909,0.00984398263910467,0.00984398247574679,0.00984398139359388,0.00849613966692132,0.00832861758859894,0.00776597796678793,0.00741929465384335,0.00608689615022873,0.00560175353538301,0.00431163967412924,0.00387160831102071,0.00275780978426076,0.00241182636912688,0.00213822472459172,0.00212296926796205,0.00211453790870053,0.00210279930718487,0.00209232512934935,0.00209168634782251,0.00209168028572756,0.00209155885151723,0.00209149977092291,0.00209149035694935,0.00209146444700886,0.00209146189063794,0.00209146165530054,0.00209146132910916,0.0020914610200959,0.00209146080966579],"convergence":0,"press_dep":false,"press_rng":[1013.25,1013.25]}}
