{"fa_WV_LG01_U_band_6":{"type":"annular","coefficients":{"c1":1,"c2":0.213684916122726,"c3":-3.04741722211354,"c4":0.23027191006762,"c5":-0.176098750998015,"c6":-0.713119778674575},"mare":0.0018991398091571,"rmse":0.0011880214529908,"mare_seq":[0.00949390214766651,0.00949388493305138,0.00949388292726445,0.00949387707712419,0.00949387398124824,0.00949387317977748,0.00949387296978787,0.00903752732552485,0.0073184310245901,0.00720442513755034,0.007142870118263,0.0067721698911244,0.00623931348781581,0.00524815708119176,0.00521858320577153,0.00500437851743725,0.00479809907219465,0.00470777431182424,0.00353701039268049,0.0032865460018556,0.00252002647661582,0.00192943089573774,0.00191548735125622,0.00190705181310708,0.00189979741602379,0.00189917251862762,0.00189916481861388,0.001899147633947,0.00189914048585497,0.00189913986533051,0.0018991398091571],"convergence":0,"press_dep":false,"press_rng":[1013.25,1013.25]}}
