{"fa_WV2_U_band_8":{"type":"annular","coefficients":{"c1":1,"c2":0.20376003369896,"c3":-3.21658894324185,"c4":0.236888276316607,"c5":-0.182770548307662,"c6":-0.725617275071736},"mare":0.00193758431086146,"rmse":0.00122468385801478,"mare_seq":[0.00954580739622723,0.00954579899360945,0.00954579871823338,0.00954579851544985,0.00954579767798639,0.00811267935618625,0.00754905439951459,0.00726708729310418,0.00646188813930707,0.00629361492112841,0.00620078152776893,0.00597573793197142,0.0049157749392844,0.00463048647048618,0.0044122147604047,0.00312937379770066,0.00256587058867451,0.00225517821326896,0.00220200165355161,0.00202920600281128,0.00199626775519756,0.001955796725494,0.00193953301827699,0.00193769357976062,0.00193762299352204,0.00193759090495607,0.00193758947299007,0.00193758926057084,0.00193758649909844,0.00193758492921391,0.00193758431086146],"convergence":0,"press_dep":false,"press_rng":[1013.25,1013.25]}}
