{"fa_WV_LG03_M_band_4":{"type":"annular","coefficients":{"c1":1,"c2":0.320217135563274,"c3":-6.39586436208544,"c4":0.790028164577334,"c5":-0.877539768680484,"c6":-0.165242796196277},"mare":0.00329851581142586,"rmse":0.00260360759191391,"mare_seq":[0.0154599849615086,0.0154370817292457,0.0149906875689818,0.0149906849097812,0.014990684518368,0.0149906838741809,0.0149906834936707,0.0149906832252014,0.0149906817915692,0.0149846888309707,0.0138606859947542,0.0131371932872569,0.0131102394010059,0.0112593097772141,0.00881899102818933,0.00858233818957147,0.00801291534528976,0.00729207245776961,0.00369705873762402,0.00338044521784605,0.00329856516056352,0.00329854448701748,0.00329853051843897,0.00329853031193188,0.00329851907978272,0.00329851817562905,0.00329851730875823,0.00329851698243334,0.00329851664829086,0.00329851608700842,0.00329851581142586],"convergence":0,"press_dep":false,"press_rng":[1013.25,1013.25]}}
