{"fa_WV3_U_band_3":{"type":"annular","coefficients":{"c1":1,"c2":0.224379214337052,"c3":-3.01601833513006,"c4":0.774529314417629,"c5":-0.716657218964601,"c6":-0.17468662407554},"mare":0.00190215852783553,"rmse":0.00119556317085223,"mare_seq":[0.0129248213468474,0.0100092626078074,0.00952625852386612,0.00949329525555237,0.00949329257513725,0.00949329027782421,0.00949329018697732,0.00949329014753537,0.0094412768800914,0.00918601710172559,0.00875466365901933,0.00778217163356546,0.00631431679384064,0.00533068604311334,0.00488714716216402,0.00350329374206726,0.00322417386716784,0.00284755956754823,0.00205147695606534,0.00191323786439449,0.0019039848864261,0.00190232299862591,0.00190221514112784,0.00190217202970022,0.00190216341667432,0.00190216204797232,0.00190216128613658,0.00190215999991842,0.00190215983830242,0.00190215862608243,0.00190215852783553],"convergence":0,"press_dep":false,"press_rng":[1013.25,1013.25]}}
