{"fa_WV_LG06_M_band_9":{"type":"annular","coefficients":{"c1":1,"c2":0.141498278114206,"c3":-0.165089272602659,"c4":0.627207593493565,"c5":-0.878669619960265,"c6":-6.32029208659659},"mare":0.00328076208504308,"rmse":0.00258235323023723,"mare_seq":[0.0166764756047525,0.0148911626766402,0.0148911616516959,0.0148911610157559,0.0148911606963718,0.0148911605472867,0.014891159767227,0.014891154625164,0.01428800613711,0.0133913475327436,0.0120987583239988,0.0115168893465883,0.00970125292663946,0.00959921823171902,0.00873851692011011,0.00838193049980433,0.00831082128623532,0.00450033085996479,0.00363222350035541,0.00332295506861173,0.00329718464034014,0.00329085673832081,0.00328853627622004,0.00328589189085667,0.00328215860581957,0.00328076832660952,0.00328076556140091,0.00328076370539207,0.00328076364710778,0.00328076259838273,0.00328076208504308],"convergence":0,"press_dep":false,"press_rng":[1013.25,1013.25]}}
