{"fa_WV_LG06_M_band_4":{"type":"annular","coefficients":{"c1":1,"c2":0.320405093346139,"c3":-6.38815406690306,"c4":0.79003639036714,"c5":-0.877090223300826,"c6":-0.165006330801025},"mare":0.00329236505543229,"rmse":0.00259713799582427,"mare_seq":[0.0162924624101435,0.0154119050759343,0.0149977177599004,0.0149977035285576,0.0149976995906148,0.0149976945853482,0.0149976943962463,0.0149976942189581,0.014997692940634,0.0149976923842973,0.0149976914398654,0.0149976912376534,0.0127408465045154,0.0114091245379205,0.010553806744473,0.0101051429736731,0.00891156765147129,0.00880398958937526,0.00747536734121064,0.00529469321127049,0.00347035154753006,0.00329240494156981,0.00329238943475297,0.00329237815510567,0.00329237004600714,0.00329236673000417,0.00329236662645076,0.00329236636634142,0.00329236571939442,0.00329236532190953,0.00329236505543229],"convergence":0,"press_dep":false,"press_rng":[1013.25,1013.25]}}
