{"fa_WV_LG05_U_band_4":{"type":"annular","coefficients":{"c1":1,"c2":0.21709177373436,"c3":-3.05461672955093,"c4":0.228136005869789,"c5":-0.175695955647463,"c6":-0.7187993690518},"mare":0.00188894391244982,"rmse":0.0012009549642676,"mare_seq":[0.00948274515136422,0.00948274503708346,0.00948273946889812,0.00948273862710426,0.00948273837786633,0.00948273530379946,0.00948273514912834,0.0086731563346968,0.00840852445885427,0.00839831523843902,0.00812528065256908,0.0022781105147801,0.00220093200343141,0.0020794269275809,0.00195958293257652,0.00192615859676097,0.00188929706690754,0.00188903635767796,0.0018889696503519,0.00188895653755225,0.00188895472943457,0.00188895180684271,0.00188894800092103,0.00188894741831178,0.00188894575197167,0.00188894555220403,0.00188894490725575,0.00188894461510561,0.00188894408306112,0.00188894395929249,0.00188894391244982],"convergence":0,"press_dep":false,"press_rng":[1013.25,1013.25]}}
