{"fa_WV3_U_band_4":{"type":"annular","coefficients":{"c1":1,"c2":0.22030368232626,"c3":-3.01646264075387,"c4":0.773234420375329,"c5":-0.71409629655929,"c6":-0.174800832713761},"mare":0.00188205867463334,"rmse":0.00118412185590595,"mare_seq":[0.00948474071912281,0.00948242849190119,0.00948242668480568,0.0094824250751036,0.00948242501227486,0.0094824237174382,0.00938658471473428,0.00721767114057534,0.00540928794140558,0.00536726062690086,0.00469212407295448,0.00451305997298857,0.0042508125439076,0.00321157213328163,0.00300941447941894,0.00231059817041924,0.00224456991255544,0.00191326273959389,0.0019066695757704,0.00189906110712168,0.00188309190222349,0.00188216533477493,0.00188210312187072,0.0018820637106484,0.00188206158290347,0.00188206110397227,0.00188206014075725,0.00188205915546796,0.00188205904858704,0.00188205878199848,0.00188205867463334],"convergence":0,"press_dep":false,"press_rng":[1013.25,1013.25]}}
