{"fa_WV_LG04_C_band_8":{"type":"annular","coefficients":{"c1":1,"c2":0.587512776095738,"c3":-0.780603101173347,"c4":0.467483223711389,"c5":-0.16706374973918,"c6":-5.29507141087276},"mare":0.00313734710507955,"rmse":0.00211641971528292,"mare_seq":[0.0142672586368958,0.0142672540144056,0.0142672525458032,0.0142672525097803,0.0142672524067527,0.0142672519358552,0.0142672515683538,0.0142672513726555,0.0142672513502013,0.0142672508671276,0.014267250507914,0.0142672500507104,0.0142589579977342,0.0119816867576885,0.00843386370603039,0.00841867697666174,0.00816267401355875,0.00700128879841901,0.00319039200788511,0.0031378292766744,0.00313738787001304,0.00313735946648456,0.00313735100416166,0.00313735055648289,0.00313735040659409,0.00313734999934507,0.00313734942598421,0.00313734918135755,0.00313734812782781,0.00313734779733891,0.00313734710507955],"convergence":0,"press_dep":false,"press_rng":[1013.25,1013.25]}}
