{"fa_WV_LG05_U_band_2":{"type":"annular","coefficients":{"c1":1,"c2":0.174880666568147,"c3":-0.176010050896663,"c4":0.728164861688654,"c5":-0.726779621019845,"c6":-3.07601831672603},"mare":0.00189752159528212,"rmse":0.00121378484178528,"mare_seq":[0.0095161073355278,0.00951610166485605,0.00951609859891251,0.00951609858088047,0.00951609812530864,0.00951609811878012,0.00951609779756242,0.00655431201054905,0.00624324678045354,0.00513683878946056,0.00464723205610498,0.0026073196160558,0.00218741954267352,0.00211106653440779,0.00204369820681059,0.00201334760437716,0.00199418097804205,0.00191790638365631,0.00190247711317347,0.00189794948733276,0.00189755845289353,0.00189753416737258,0.00189752719976529,0.00189752621040075,0.00189752611676755,0.00189752424177402,0.0018975226394924,0.0018975226082635,0.00189752187548242,0.00189752182246212,0.00189752159528212],"convergence":0,"press_dep":false,"press_rng":[1013.25,1013.25]}}
