{"fa_WV_LG06_C_band_8":{"type":"annular","coefficients":{"c1":1,"c2":0.58689869322578,"c3":-0.778274603652661,"c4":0.534600487941166,"c5":-5.24627910278365,"c6":-0.166853406679353},"mare":0.0031348629873917,"rmse":0.00211149044393675,"mare_seq":[0.0154139992027316,0.0142564297699748,0.014256427656982,0.0142564274683751,0.0142564272687792,0.0142564265640969,0.014256426514811,0.00995774310908244,0.0098471156266869,0.00872185180883913,0.00866742602011513,0.00769780576433554,0.00747904873843507,0.00661820723707256,0.00645474613317523,0.00391858507339902,0.00341282807364263,0.00322906875585353,0.00322469702887204,0.00313487204777902,0.003134870771905,0.0031348685455543,0.00313486853796699,0.00313486819504394,0.00313486697262309,0.00313486645190054,0.00313486467113748,0.00313486455055342,0.00313486448101244,0.00313486384240624,0.0031348629873917],"convergence":0,"press_dep":false,"press_rng":[1013.25,1013.25]}}
