{"fa_WV_LG03_M_band_7":{"type":"annular","coefficients":{"c1":1,"c2":0.138373943038439,"c3":-0.164543648439644,"c4":0.374716152012615,"c5":-5.87909075219601,"c6":-0.875280169064266},"mare":0.00312385001190435,"rmse":0.00244330799985604,"mare_seq":[0.0160806646660135,0.0143757535885569,0.0143757472524434,0.0143757469104048,0.0143757430926236,0.014375742010125,0.0143757395082899,0.0143757389975538,0.0143757388375525,0.0129591944672896,0.0122988161296213,0.011970970343044,0.00957141412017098,0.00921707950844105,0.00899693948373625,0.00779578471084898,0.00473673353182051,0.00430483956070377,0.00312387988060559,0.0031238661154427,0.00312386476400533,0.00312386396407011,0.00312386158497991,0.00312386031107556,0.00312385203937701,0.00312385159026911,0.00312385094555748,0.00312385021411055,0.00312385015092636,0.00312385004220072,0.00312385001190435],"convergence":0,"press_dep":false,"press_rng":[1013.25,1013.25]}}
