{"fa_WV_LG03_M_band_2":{"type":"annular","coefficients":{"c1":1,"c2":0.146212990415114,"c3":-0.16673641413311,"c4":0.629504957228197,"c5":-0.883065445473116,"c6":-7.05831921763585},"mare":0.00344784574515623,"rmse":0.00274943316999516,"mare_seq":[0.0172296527527546,0.0158114565728952,0.0155850060292054,0.0155850040350024,0.0155850040158464,0.0155850037271689,0.0155850036850294,0.0155850036671765,0.0155850027372581,0.0155850024496934,0.0155850018245894,0.0155850016085877,0.0155850007442885,0.0155309814121434,0.0138985853423363,0.0119302508656281,0.0118463839438675,0.0114557710149837,0.0112749222617,0.0109051221169342,0.00778485178889333,0.00769401951995177,0.00378920630170907,0.00344798045508541,0.00344786599928604,0.00344785104211404,0.00344785001456915,0.00344784989845684,0.00344784915773053,0.00344784640396792,0.00344784574515623],"convergence":0,"press_dep":false,"press_rng":[1013.25,1013.25]}}
