{"fa_WV_LG05_M_band_1":{"type":"annular","coefficients":{"c1":1,"c2":0.315521749259525,"c3":-7.40495137187583,"c4":0.215096179531573,"c5":-0.167790444062447,"c6":-0.886643162129095},"mare":0.00353594949346126,"rmse":0.00284166657318579,"mare_seq":[0.0160461762837032,0.0158125901486278,0.0158125821095396,0.0158125810760643,0.015812580666495,0.0158125804932355,0.015812578224045,0.0158125777564894,0.0158125772181702,0.015812576852705,0.0158125765155681,0.0158125761527598,0.0153501005350361,0.0150277335592313,0.0120982337151725,0.0118346115080244,0.0116181974827619,0.0103133790735071,0.00982520218658145,0.00908919049031007,0.00447728022003658,0.00438813104234508,0.00375872369230967,0.00353599007796521,0.00353595344273863,0.00353595285606211,0.0035359526636192,0.00353595063800425,0.00353595056420699,0.00353595019274839,0.00353594949346126],"convergence":0,"press_dep":false,"press_rng":[1013.25,1013.25]}}
