{"fa_WV_LG02_U_band_7":{"type":"annular","coefficients":{"c1":1,"c2":0.211860709530179,"c3":-3.06737795416445,"c4":0.23135800247862,"c5":-0.176970865337149,"c6":-0.714353296516397},"mare":0.00190884599515989,"rmse":0.00120261205943611,"mare_seq":[0.00947288017409607,0.00947284587332477,0.00947284167195245,0.0094728215496571,0.0094728207275275,0.00947282003438162,0.00947281943577888,0.00947281861676516,0.00947281848330469,0.009472818348255,0.00947167652489024,0.00746071838000743,0.00587521119905818,0.0041698965270358,0.00412054839541588,0.00247313194647302,0.0021385922845984,0.00198251690179261,0.00190961508722687,0.00190886244361783,0.00190885418982688,0.00190885387940849,0.00190885383199469,0.00190885064599349,0.00190885030747469,0.0019088488427729,0.00190884709605085,0.00190884678392059,0.00190884640326433,0.00190884619117815,0.00190884599515989],"convergence":0,"press_dep":false,"press_rng":[1013.25,1013.25]}}
