{"fa_WV_LG03_U_band_5":{"type":"annular","coefficients":{"c1":1,"c2":0.216167974739276,"c3":-3.03605429628762,"c4":0.771279814359006,"c5":-0.714493139228142,"c6":-0.175431222170328},"mare":0.00188108528996815,"rmse":0.00117948513708062,"mare_seq":[0.00948663745253476,0.00948662673374831,0.00948662293022972,0.00948662193675881,0.00948662160803816,0.00948593275687486,0.0092368492172879,0.00909698967041447,0.0088059937727003,0.00729342726590496,0.00612476943188169,0.00607575341352548,0.00607272515028884,0.00433114728906455,0.00361019353542305,0.00255559802483314,0.00206367349450106,0.00189363033055459,0.00188109931520592,0.00188109818277146,0.0018810950567025,0.00188108964702399,0.00188108939089312,0.00188108868353229,0.00188108801711933,0.0018810876931232,0.00188108744959095,0.00188108666486218,0.00188108664651481,0.00188108610219138,0.00188108528996815],"convergence":0,"press_dep":false,"press_rng":[1013.25,1013.25]}}
