{"fa_WV_LG05_C_band_6":{"type":"annular","coefficients":{"c1":1,"c2":0.194506374042366,"c3":-0.16540084948946,"c4":0.741052760859485,"c5":-0.779382580975873,"c6":-5.18816404100575},"mare":0.00316570278545289,"rmse":0.00209626432351508,"mare_seq":[0.0140646442059408,0.0140646440569653,0.014064643717994,0.0140646437155017,0.0140646425950113,0.0140646425432277,0.0140364933851227,0.0134739028098047,0.0112719924818348,0.00998777492776115,0.00878275458673787,0.0083012337390276,0.00545922723754867,0.00421300450794517,0.00357002253053126,0.00340331690320224,0.00338653552703772,0.00321387926930351,0.00316574198750309,0.00316572899206815,0.00316572176705698,0.00316571327700629,0.00316571025181623,0.00316570963415822,0.00316570856164171,0.00316570852608437,0.00316570667398605,0.00316570643055219,0.00316570614630995,0.00316570356975645,0.00316570278545289],"convergence":0,"press_dep":false,"press_rng":[1013.25,1013.25]}}
