{"fa_WV3_U_band_14":{"type":"annular","coefficients":{"c1":1,"c2":0.186018477039711,"c3":-0.237934364648436,"c4":0.313307451125413,"c5":-4.69742552230134,"c6":-0.907685801500941},"mare":0.00203863302329605,"rmse":0.0014810425806895,"mare_seq":[0.0153214652451537,0.0126013882057338,0.0119999324066129,0.00957374467487026,0.00957374128396688,0.00957373998913416,0.00957373753005606,0.00957373729986839,0.00957373712137491,0.00957373693873998,0.00957373667178182,0.00957373666905176,0.00957373643969898,0.00957373565312704,0.0090660619754383,0.00878501024174134,0.00834837530371393,0.00745128276802003,0.00734584249409658,0.00665360055269384,0.00326116633562669,0.00238206769351086,0.0021704902173501,0.00214975912403956,0.00204687482851542,0.00203989609544462,0.00203863613683649,0.0020386358489275,0.00203863493170221,0.00203863308396167,0.00203863302329605],"convergence":0,"press_dep":false,"press_rng":[1013.25,1013.25]}}
