{"fa_WV_LG04_C_band_2":{"type":"annular","coefficients":{"c1":1,"c2":0.208356248646992,"c3":-4.78913172529237,"c4":0.23335048536103,"c5":-0.163446204162926,"c6":-0.779626191580411},"mare":0.00322598306176491,"rmse":0.00206514126070682,"mare_seq":[0.0134942745683128,0.0134942734195681,0.0134942686530424,0.0134942685291655,0.013494268510349,0.0134942667010103,0.0134942659595606,0.013494265818244,0.0134942657849613,0.0131643200514674,0.0129791488088655,0.00992008040429295,0.00868388839487241,0.00651225927867137,0.00596870058176887,0.00486382148147472,0.00361420137251288,0.00351655729813606,0.00325376851188486,0.00322650909899296,0.00322606447533527,0.00322601713950827,0.00322599313755246,0.00322598838539399,0.00322598805604347,0.00322598741908362,0.00322598740842407,0.00322598705992347,0.00322598699802291,0.00322598518986793,0.00322598306176491],"convergence":0,"press_dep":false,"press_rng":[1013.25,1013.25]}}
