{"fa_WV_LG03_U_band_6":{"type":"annular","coefficients":{"c1":1,"c2":0.215592552410083,"c3":-3.03196512366135,"c4":0.229603728890603,"c5":-0.175566101387297,"c6":-0.710651795081439},"mare":0.001900127794987,"rmse":0.00119455992163256,"mare_seq":[0.0094825440024131,0.00948251407411083,0.00948250911234326,0.00948250882924147,0.00948250854075052,0.00948250843948295,0.00948250823410313,0.00948250821767846,0.00674174693849506,0.00648237224399767,0.00579619948879802,0.00515252498877538,0.00460657281782017,0.00312113211466465,0.00249873133764468,0.00210656850096823,0.00195518162722235,0.00190650474472007,0.00190571872381954,0.001900298306175,0.00190013042643802,0.00190013030209982,0.00190012929887035,0.00190012916163319,0.00190012882634388,0.00190012817597169,0.00190012814456599,0.00190012811952602,0.00190012807709609,0.00190012789044465,0.001900127794987],"convergence":0,"press_dep":false,"press_rng":[1013.25,1013.25]}}
