{"fa_WV3_M_band_2":{"type":"annular","coefficients":{"c1":1,"c2":0.53752000764099,"c3":-0.884360993210013,"c4":0.316890968623901,"c5":-0.166959702701446,"c6":-7.05988621009635},"mare":0.00345231147973955,"rmse":0.00275099828203523,"mare_seq":[0.0177753924175627,0.0167912248825011,0.0155742274573354,0.0155742118037008,0.0155741953417641,0.0155741947668887,0.0155741939211182,0.0155741914600613,0.0155741895182606,0.0155741876889456,0.0155741871578782,0.0155741859124691,0.0155741858888489,0.0155741858077963,0.0155741855302257,0.0155504021339797,0.0123989007253969,0.0123163836930852,0.0108971257764749,0.00902697524469182,0.00448060228531969,0.00429488266092125,0.00348288289842036,0.00345384124034968,0.00345238849681828,0.00345236156264101,0.00345232296245268,0.00345231859958729,0.00345231596429048,0.00345231212752221,0.00345231147973955],"convergence":0,"press_dep":false,"press_rng":[1013.25,1013.25]}}
