{"fa_WV_LG05_U_band_5":{"type":"annular","coefficients":{"c1":1,"c2":0.218264090482403,"c3":-3.01494234488336,"c4":0.227810584070874,"c5":-0.17505805264228,"c6":-0.710851166136462},"mare":0.00188531663259049,"rmse":0.00118471099178286,"mare_seq":[0.00947033022409964,0.00947032784836887,0.00947032700324619,0.00947032674422304,0.00946611980241986,0.00789160495119179,0.00728464981959414,0.00705812752507168,0.00622170544237705,0.00616047774513366,0.00601807501448007,0.00344396180948041,0.00285078669828461,0.00205922984833721,0.00188753924536092,0.00188535324161459,0.0018853442496901,0.00188532787810755,0.00188532572835017,0.00188532255903479,0.00188532196834525,0.00188532193710849,0.00188532005960191,0.00188532002534461,0.00188531978146331,0.00188531810761251,0.00188531797867685,0.00188531789510507,0.00188531719031882,0.00188531671830103,0.00188531663259049],"convergence":0,"press_dep":false,"press_rng":[1013.25,1013.25]}}
