{"L5_TM": {"6": 0.9904561594813298}, "L7_ETM": {"6": 0.9909058218284508}, "L8_TIRS": {"10": 0.9926494385655781, "11": 0.9877384047023862}, "L9_TIRS": {"10": 0.9925715715215025, "11": 0.9876691339772199}, "ISS_ECOSTRESS": {"1": 0.9842761910097635, "2": 0.985675361349763, "3": 0.9869268150502356, "4": 0.991692464012077, "5": 0.9870358426196648}}
