{"L5_TM": {"6": 0.9904561594813298}, "L7_ETM": {"6": 0.9909058218284508}, "L8_TIRS": {"10": 0.9926494385655781, "11": 0.9877384047023862}, "L9_TIRS": {"10": 0.9925715715215025, "11": 0.9876691339772199}, "ISS_ECOSTRESS": {"1": 0.9842761910097635, "2": 0.985675361349763, "3": 0.9869268150502356, "4": 0.991692464012077, "5": 0.9870358426196648}, "JPSS-1_VIIRS_TIR": {"I04": 0.6763916368607893, "I05": 0.9901780856137061, "M12": 0.6075567004078352, "M13": 0.9780625589138188, "M14": 0.9850695586240201, "M15": 0.9922443819849796, "M16": 0.9890853942129793}, "JPSS-2_VIIRS_TIR": {"I04": 0.7098502724232367, "I05": 0.9907282832352415, "M12": 0.5564620157792848, "M13": 0.9777877567158577, "M14": 0.9850447544526846, "M15": 0.9921908397138081, "M16": 0.9885769184171138}, "SUOMI-NPP_VIIRS_TIR": {"I04": 0.6746010659722576, "I05": 0.9901899499382377, "M12": 0.5968016519980982, "M13": 0.9780437868377109, "M14": 0.9850586736453519, "M15": 0.992277154531843, "M16A": 0.9892944265094674, "M16B": 0.9892353700846256, "M16": 0.9892648309396762}}
