{"L5_TM": {"6": 0.9904561594813298}, "L7_ETM": {"6": 0.9909058218284508}, "L8_TIRS": {"10": 0.9926494385655781, "11": 0.9877384047023862}, "L9_TIRS": {"10": 0.9925715715215025, "11": 0.9876691339772199}}