{"fa_generic_R":{"type":"annular","coefficients":{"c1":1,"c2":0.0125895315295737,"c3":-0.157141415484364,"c4":0.845610968102459,"c5":-0.0401644637718839,"c6":-0.26965531703647},"mare":0.00362677011127408,"rmse":0.000993633672889284,"mare_seq":[0.0761676805298354,0.0652067879167839,0.0652067771010046,0.0652067687482027,0.0440633470719987,0.0393143865657467,0.0302032653903531,0.0278463654185533,0.0276181182694962,0.0269935871136283,0.0181460199991296,0.015265151870169,0.014401273022621,0.00935234528895903,0.00908211731155249,0.00864132201983192,0.0077218077972747,0.00681757301008278,0.00673571030883749,0.00670673502775537,0.00636468633869974,0.00569558049863923,0.00540565806977085,0.0053679700852042,0.00488512827849673,0.00449887628442569,0.00424916526068177,0.00412180908444479,0.0041148484112632,0.00386666724819617,0.00362677011127408],"convergence":0,"press_dep":true,"press_rng":[500,1100]}}
