{"fa_generic_R":{"type":"annular","coefficients":{"c1":1,"c2":-0.240703241631394,"c3":-0.0139546174166253,"c4":0.242673314968698,"c5":-0.317582468760355,"c6":-0.0419447299890124},"mare":0.00614167427652287,"rmse":0.00249907313087622,"mare_seq":[0.0709704506959519,0.0709704488705748,0.0524197839363445,0.0411026153619921,0.0285766357053722,0.0217770131197865,0.0214506814617335,0.0212094073332109,0.0176117171306144,0.0164116801874233,0.0159544137471031,0.0157069574894789,0.0143390362913641,0.0142995965477244,0.0137277792711619,0.0131932541448115,0.0127864758251193,0.00921307693305688,0.00914137403496644,0.00787053196515865,0.00696196222241425,0.00692805303297988,0.00682456804607126,0.00682453201554081,0.00682452310738031,0.00682452192200973,0.0068245167952834,0.00682451316571875,0.00682450877962905,0.00682450550657689,0.00614167427652287],"convergence":0,"press_dep":true,"press_rng":[500,1100]}}
