{"fa_EV_MERIS_U_band_8":{"type":"annular","coefficients":{"c1":1,"c2":0.464829178083699,"c3":-0.105764644783479,"c4":0.111794162535368,"c5":-1.65231168526303,"c6":-0.349580390707336},"mare":0.000642179209397707,"rmse":0.000378576726607279,"mare_seq":[0.0187530258503319,0.00706980569193164,0.00704507751111873,0.00690415879843373,0.00681185986572248,0.00673916815370517,0.00670357568125561,0.00670196337840904,0.00661605024545174,0.00653083238940699,0.006528806835523,0.00652556991590182,0.00651052686259324,0.00636996438190785,0.00596274998211024,0.00592031436727418,0.00583808182782889,0.00583548142622771,0.00470644004818795,0.00439168559624313,0.004224137488417,0.00420810138399243,0.00267964811273448,0.00253919765349714,0.00191009814055509,0.00159791780696091,0.0012928823706195,0.00126908014859911,0.000882269020428004,0.000709642570914634,0.000642179209397707],"convergence":0,"press_dep":false,"press_rng":[1013.25,1013.25]}}
