{"fa_EV_MERIS_C_band_15":{"type":"annular","coefficients":{"c1":1,"c2":0.447430245069702,"c3":-0.0827603298456908,"c4":0.142870676563839,"c5":-1.15583232613227,"c6":-0.265274599603543},"mare":0.00129577849787686,"rmse":0.000376594862286488,"mare_seq":[0.00826983694472199,0.00735176158036265,0.00694144357768305,0.0068833170104875,0.00687650943415725,0.0068613512603872,0.00685016820867729,0.0068464664593042,0.00684479523304935,0.00684310616520686,0.00684294431252169,0.00682155215897051,0.00679927094885262,0.0067726568939622,0.00660661674173454,0.00652835855195366,0.00625565700324297,0.00576227490531485,0.0057508258369382,0.00538967807794786,0.00520911183105515,0.00404291500631605,0.00360923790955477,0.00245661275998677,0.0022334219133975,0.00205017232545749,0.00195528905909883,0.00184836274344006,0.00151950141666381,0.00131398980012405,0.00129577849787686],"convergence":0,"press_dep":false,"press_rng":[1013.25,1013.25]}}
