{"fa_EV_MERIS_U_band_14":{"type":"annular","coefficients":{"c1":1,"c2":0.488687639357144,"c3":-0.349720884103451,"c4":0.862337043924095,"c5":-0.108588821858177,"c6":-1.54726924272547},"mare":0.000740363671122848,"rmse":0.000392469350847732,"mare_seq":[0.00661908322421516,0.00656130358556861,0.00651982036128733,0.00650928890107727,0.00650142537744631,0.00649000847267936,0.00648449643618143,0.0064787166994842,0.00644617581608609,0.00620407255421715,0.00618779913441924,0.00607872856936158,0.00599229667635559,0.00593292652235099,0.00558731105494147,0.004852848710342,0.00465611827636094,0.00461789828053753,0.00399904215124122,0.00244620106489692,0.00237584864578508,0.00229339802097658,0.00198520708932007,0.00141338716348756,0.00140073537004234,0.0012521833451702,0.0011492424897539,0.000982704728907751,0.000838347855865246,0.000775677277180007,0.000740363671122848],"convergence":0,"press_dep":false,"press_rng":[1013.25,1013.25]}}
