{"fa_EV_MERIS_U_band_9":{"type":"annular","coefficients":{"c1":1,"c2":0.428358507887714,"c3":-0.101442141337562,"c4":0.125166440697813,"c5":-1.50046394199713,"c6":-0.327241158531043},"mare":0.000707378345317591,"rmse":0.000291625978337797,"mare_seq":[0.0124332126299163,0.00734566822668937,0.00697510179604143,0.00680005373913899,0.00663507890886613,0.00661867478003666,0.00660899077697394,0.00658734081293838,0.00652213882541793,0.00630073036249524,0.00553397181254357,0.00530697544692839,0.00516168111352826,0.00475469302390597,0.00443104927477044,0.00428817397458829,0.00351109758103578,0.0028848025223702,0.00265501152824287,0.00262007284855295,0.00250719608381416,0.00249867778986156,0.0022453412875497,0.00180474717265385,0.00155509406402215,0.001259827808932,0.00111271616050391,0.000991660973194716,0.000977080007097143,0.000754583631191764,0.000707378345317591],"convergence":0,"press_dep":false,"press_rng":[1013.25,1013.25]}}
