{"fa_EV_MERIS_C_band_11":{"type":"annular","coefficients":{"c1":1,"c2":0.526249417855175,"c3":-0.0893214503690846,"c4":0.0992872359612462,"c5":-1.60250948162556,"c6":-0.305902416317657},"mare":0.000803899767286827,"rmse":0.000348604818422533,"mare_seq":[0.00703256472339667,0.00699686059369748,0.00679813124769207,0.00678748623747634,0.0067468796122718,0.00674622392313523,0.00672812551129781,0.00671868183307769,0.0067179454691546,0.0067017077361667,0.006698293262763,0.00668664129036876,0.00647300091039488,0.00646844198159793,0.00641293245142973,0.00623297801048982,0.00622988960447004,0.00588635656086766,0.00538269288128052,0.00521627189755421,0.00508269433302679,0.00491192365204925,0.00413184748273673,0.00411788874132664,0.00263533584531576,0.00248629996648308,0.0022492074919168,0.00224608043011158,0.00122917650266732,0.000858755063050157,0.000803899767286827],"convergence":0,"press_dep":false,"press_rng":[1013.25,1013.25]}}
