{"fa_EV_MERIS_M_band_1":{"type":"annular","coefficients":{"c1":1,"c2":0.352472819712692,"c3":-0.293137935312391,"c4":0.905113942897536,"c5":-0.0748652331216832,"c6":-1.58963414451792},"mare":0.000887139908999191,"rmse":0.000333577183112778,"mare_seq":[0.0129101185961323,0.00969234040047835,0.00935047668655722,0.00910219555646887,0.00908719700011878,0.00886144646413044,0.00874188872756923,0.00864766452071634,0.0085847557478205,0.00858347561288206,0.00857322431527564,0.00855854637463452,0.0085508390673793,0.00854745756856294,0.00853277635483982,0.00825496625609254,0.00820587182898423,0.00803156971007628,0.00785556655897332,0.00740365083889969,0.0073216816771389,0.00689166115892737,0.00580686813028338,0.00540510606389723,0.00537219033184574,0.00346249878318978,0.00274797570791397,0.00221014164540586,0.00112156990854461,0.000989039142637895,0.000887139908999191],"convergence":0,"press_dep":false,"press_rng":[1013.25,1013.25]}}
