{"fa_EV_MERIS_C_band_13":{"type":"annular","coefficients":{"c1":1,"c2":0.465284236826067,"c3":-0.267984888433791,"c4":0.146105600852175,"c5":-1.11745848200995,"c6":-0.083409240556481},"mare":0.00145551812005324,"rmse":0.000389689322719247,"mare_seq":[0.00702654887599077,0.00679043561629441,0.00678720596701855,0.00676390206348746,0.0067586798594599,0.00674928748388217,0.00674581921808336,0.00656582686187634,0.00639284193588451,0.00636363488760997,0.00615145871721067,0.00614013089288356,0.00596636032639419,0.00589602302588352,0.0057929746387584,0.00528999545536114,0.00514201235973389,0.00510868443283943,0.0041386779735019,0.00370982317041419,0.00357436533301071,0.0035168069595121,0.00255773748704179,0.00245704612795121,0.00227248572971467,0.00209717570927723,0.0020101622367045,0.00156555673085268,0.00151486530543582,0.00145963595851878,0.00145551812005324],"convergence":0,"press_dep":false,"press_rng":[1013.25,1013.25]}}
