{"fa_EV_MERIS_M_band_7":{"type":"annular","coefficients":{"c1":1,"c2":0.579357841539193,"c3":-0.0737416265991248,"c4":0.849139755047612,"c5":-0.284918889641017,"c6":-1.4871287904033},"mare":0.000844159192360938,"rmse":0.000281175980786251,"mare_seq":[0.0140766937379545,0.0138199309030803,0.00968905165597114,0.0091672597607372,0.00845217876506731,0.00842850685518019,0.00833237221730269,0.00825821581522864,0.00825583184954495,0.00823232208163776,0.0081649485310137,0.00805893387083966,0.00787293037238361,0.00786892410139576,0.00773299103150375,0.00699449045647252,0.00683996991690482,0.00652018956969505,0.00643895054997915,0.00620519948102433,0.00594394302748284,0.00577586935508889,0.00463114812731925,0.00357492846008454,0.00327648237682122,0.00267437054265484,0.00201988183545703,0.00132913500281799,0.00115189251805158,0.00105724216628658,0.000844159192360938],"convergence":0,"press_dep":false,"press_rng":[1013.25,1013.25]}}
