{"fa_EV_MERIS_U_band_3":{"type":"annular","coefficients":{"c1":1,"c2":0.369794403847352,"c3":-0.0898544446013562,"c4":0.847268893124366,"c5":-0.284552284233483,"c6":-1.21824482596743},"mare":0.00119622473995623,"rmse":0.000390344856145083,"mare_seq":[0.00692699795840788,0.00684695588383658,0.00684216440767687,0.00679427160994838,0.00675758605835689,0.00675483964186234,0.00673187043179017,0.00667969229470082,0.00666097979953905,0.0063943308788696,0.00638460329528802,0.00629785406219635,0.00606073288067825,0.00600627327414553,0.00577691670503078,0.00570254727948189,0.00561332723509779,0.00561231160720595,0.00530012789725419,0.00522178456294818,0.00519503201755004,0.00481489610201348,0.00379567235312895,0.00378832631064722,0.00358852996625478,0.00352536675506137,0.0021670675477748,0.00212719542375057,0.00200635867424147,0.00120985408979795,0.00119622473995623],"convergence":0,"press_dep":false,"press_rng":[1013.25,1013.25]}}
