{"fa_EV_MERIS_M_band_14":{"type":"annular","coefficients":{"c1":1,"c2":0.590112157883719,"c3":-0.0742338220912585,"c4":0.852646606325317,"c5":-0.291965380934889,"c6":-1.51706527583985},"mare":0.000824470102454975,"rmse":0.000321808294375638,"mare_seq":[0.0100757740508242,0.00922173500736517,0.00917992408760841,0.00906124371117981,0.00884864315063524,0.00870007700936238,0.00852650315803876,0.00833230261330879,0.00790815555979831,0.00768854696962566,0.00762625689969259,0.00760805457309969,0.0072563694559151,0.00694953027527117,0.00578242414594167,0.00570426877728917,0.00485216513132859,0.004304008410447,0.00426162818219119,0.00361191634623448,0.00342012791583496,0.00277355968795516,0.00259378532828035,0.00235291677654671,0.00218889244213859,0.00176890157387828,0.00128181317048549,0.00117974427916506,0.00104310715157694,0.000844571157095244,0.000824470102454975],"convergence":0,"press_dep":false,"press_rng":[1013.25,1013.25]}}
