{"fa_EV_MERIS_M_band_6":{"type":"annular","coefficients":{"c1":1,"c2":0.567951992523867,"c3":-0.0726891786553405,"c4":0.152039973771656,"c5":-1.47377323399935,"c6":-0.279242543140655},"mare":0.000908264191075136,"rmse":0.000310034554189858,"mare_seq":[0.0119495156534227,0.00925002399911323,0.00912832019015464,0.00893705001045529,0.00835312227101168,0.00833097029204577,0.00827324059563179,0.00821299413151974,0.00820745322025731,0.00812245193362577,0.00806503004467725,0.00806119820715196,0.00763950308135663,0.00756194443526635,0.00726210892504247,0.0070770542143027,0.00703497332976553,0.00700124501373139,0.00677425893917426,0.00672359872436272,0.00615750350637332,0.00549285991163421,0.00537249614785688,0.00470426918345394,0.00457732346270643,0.00354540410874387,0.00226446890554625,0.00221655052621447,0.00217399764051889,0.00211426793524586,0.000908264191075136],"convergence":0,"press_dep":false,"press_rng":[1013.25,1013.25]}}
