{"fa_EV_MERIS_C_band_10":{"type":"annular","coefficients":{"c1":1,"c2":0.490988589716695,"c3":-0.255020762932097,"c4":0.145925063570806,"c5":-1.1739630827116,"c6":-0.0790259160617046},"mare":0.00108248120142859,"rmse":0.000303010225877188,"mare_seq":[0.00825588593827325,0.00751175022969063,0.0073564738414732,0.00687054618436541,0.00672538171588377,0.0066705788530392,0.00663952741697064,0.00663639610792745,0.00663544156737639,0.00660645572066553,0.00638137917420127,0.00633853550144623,0.00604462869413888,0.00583497918126093,0.00580581699411173,0.00561511132924119,0.0055247105015647,0.00470456992748247,0.00449621748220762,0.00413753234165304,0.00318468903692178,0.00279905570255008,0.00278294416624446,0.00242844469418592,0.00212336818353294,0.00184375112644998,0.00178475305699812,0.00173808559472278,0.0016198629436872,0.00135065852127642,0.00108248120142859],"convergence":0,"press_dep":false,"press_rng":[1013.25,1013.25]}}
