{"fa_EV_MERIS_C_band_2":{"type":"annular","coefficients":{"c1":1,"c2":0.403906751277283,"c3":-0.306012449944062,"c4":0.930109329894619,"c5":-0.0872605206099402,"c6":-1.67599919788611},"mare":0.000704825299135205,"rmse":0.00037430740856048,"mare_seq":[0.00872979480563474,0.00732092345739011,0.00707009528160202,0.00692181776151977,0.00687150147708508,0.00682995959409133,0.00677896483417563,0.00676219659954911,0.00674259874928919,0.00673908157734274,0.00673182878058537,0.00667341702690218,0.00659074694954292,0.00648773219579987,0.00601133731868265,0.00589827855025974,0.00533070435602023,0.00497742086548418,0.00374977578332081,0.00284532838935061,0.00245505062982426,0.00222901206913111,0.00192100099457118,0.00149171919823494,0.00124886037874479,0.000977979756816211,0.000893136880911998,0.000795898490773301,0.000770218669989655,0.000719523133051438,0.000704825299135205],"convergence":0,"press_dep":false,"press_rng":[1013.25,1013.25]}}
