{"fa_EV_MERIS_M_band_9":{"type":"annular","coefficients":{"c1":1,"c2":0.561620457124066,"c3":-0.071896693862788,"c4":0.845842030394839,"c5":-0.273654451439967,"c6":-1.45043330652854},"mare":0.000919306793861665,"rmse":0.000301338397895336,"mare_seq":[0.00884803403089158,0.00870395899337936,0.00865826378613005,0.00848455013233835,0.00836399615409491,0.00833342314095342,0.00833192511408293,0.00829396278713893,0.00824547359631912,0.00812707832819943,0.00775485709228722,0.00743735004086559,0.00733740893061006,0.00717042291794904,0.00668284690232965,0.00665732792553327,0.00620282685235553,0.00570039166741317,0.00557822757785742,0.00519556645851666,0.0050975609990701,0.00506481745364872,0.00497997725375173,0.00486105455175506,0.00462105714622253,0.00453483523528735,0.00444479968484698,0.00322544608942256,0.00167084513433809,0.00095096481613197,0.000919306793861665],"convergence":0,"press_dep":false,"press_rng":[1013.25,1013.25]}}
