{"fa_EV_MERIS_M_band_8":{"type":"annular","coefficients":{"c1":1,"c2":0.614092575250364,"c3":-0.0771152474639008,"c4":0.865520458370146,"c5":-0.316782616110234,"c6":-1.71142733179561},"mare":0.000857163897681666,"rmse":0.000418654807952279,"mare_seq":[0.0116880030625017,0.0102746278898438,0.0100684043045916,0.0100601862245964,0.00876573210564809,0.0086320637015028,0.00830285959766228,0.00828559973961033,0.00827203482577394,0.00826438202812273,0.00825913490334839,0.00790853121156196,0.00777093547540298,0.0077360399701328,0.00622410520329067,0.00564500655117941,0.00539208200834578,0.00507862324715679,0.00487202353643387,0.0039024063067887,0.00313783462050321,0.00294332114215452,0.00274472553350369,0.00228665528098564,0.00212538353213378,0.00212156720726415,0.0019801436512609,0.00170327682550721,0.00125725703619226,0.00095994911203894,0.000857163897681666],"convergence":0,"press_dep":false,"press_rng":[1013.25,1013.25]}}
