{"fa_EV_MERIS_M_band_3":{"type":"annular","coefficients":{"c1":1,"c2":0.0717803126463822,"c3":-1.40835026832055,"c4":0.402274294981596,"c5":-0.26782719159308,"c6":-0.0716732929579171},"mare":0.000985253669792784,"rmse":0.000316188436156383,"mare_seq":[0.0121437281102356,0.0101916920146778,0.00857407108664845,0.00854456770357378,0.00837694883741977,0.00836439394926031,0.00836392450979195,0.0083631484919734,0.00836114898407757,0.00834893300491724,0.00828981904129792,0.00826282365586957,0.0082223321722696,0.00811874896904304,0.00789375852135914,0.00764064009288495,0.0072234575101485,0.00715787226892224,0.00702024006318142,0.006408409152733,0.00433087407090579,0.0040363529558011,0.00317922293457623,0.00297421826030963,0.0023402158704996,0.00209532486561579,0.00209317849006759,0.0019033226884916,0.00178167152187587,0.0010551207405074,0.000985253669792784],"convergence":0,"press_dep":false,"press_rng":[1013.25,1013.25]}}
