{"fa_EV_MERIS_C_band_1":{"type":"annular","coefficients":{"c1":1,"c2":0.422611153579656,"c3":-0.286588227430474,"c4":0.911939904683434,"c5":-0.0840532037544488,"c6":-1.48704587969119},"mare":0.000754679838631608,"rmse":0.000272168879880746,"mare_seq":[0.00884180901220337,0.00743408679332388,0.00689639176551737,0.00688521633845831,0.00684302978017118,0.00684269906872615,0.0068417518778236,0.00682951193209133,0.00668170953917837,0.00656535313759698,0.00649879323870411,0.00645456637037873,0.00643409983999838,0.00630030460846517,0.00570122260614769,0.00505662337442004,0.00501567939933741,0.0048866059506554,0.00426739144571404,0.00377002450811643,0.00364343308129568,0.00272574681712243,0.00248867198493139,0.00243907438134914,0.0021536629290337,0.0019341889403855,0.00158878761268765,0.00113421084397742,0.00108811002023169,0.000963242453021779,0.000754679838631608],"convergence":0,"press_dep":false,"press_rng":[1013.25,1013.25]}}
