{"fa_EV_MERIS_C_band_3":{"type":"annular","coefficients":{"c1":1,"c2":0.528965940785464,"c3":-0.0851332665910845,"c4":0.896791158829202,"c5":-0.289949161329147,"c6":-1.4946704381206},"mare":0.000705636437535193,"rmse":0.000272963576422749,"mare_seq":[0.00712383688293655,0.00700567983128351,0.00699216378966718,0.00675114088955331,0.00661631650876142,0.0066007446786649,0.00655840126990616,0.00652257261754603,0.00651706627218699,0.00640691638907181,0.00563510919960792,0.00550993006135411,0.00542762418783863,0.00421876233700317,0.00419182119335111,0.00417579509398901,0.00405269315489324,0.00401589040977235,0.0036664412765542,0.00285664282133718,0.00248010023522367,0.00211611987274385,0.00209055765328167,0.00169819366026132,0.00168634440863299,0.00130928905009708,0.00123028664317956,0.00104662278556685,0.000844581752521515,0.000825074526410992,0.000705636437535193],"convergence":0,"press_dep":false,"press_rng":[1013.25,1013.25]}}
