{"fa_EV_MERIS_M_band_12":{"type":"annular","coefficients":{"c1":1,"c2":0.343814994379224,"c3":-0.300611113519556,"c4":0.912798863474761,"c5":-0.0753695464586334,"c6":-1.57880973800117},"mare":0.000802994939235312,"rmse":0.000339051263756272,"mare_seq":[0.0359811513273288,0.00908407844364575,0.00895797194908659,0.00865406597429314,0.00842864723775389,0.00828370268031484,0.00822364929556913,0.00820449959792978,0.00816662421376892,0.0081651992903532,0.00816382313900524,0.00794513332069645,0.00772087042271494,0.00764066696324178,0.00755765810265995,0.00700704364323791,0.00630134125594393,0.00506148408538829,0.00410590363838153,0.00357107693171738,0.00354752468391395,0.0032548625721309,0.00320027463933939,0.0030181513005986,0.00275332024772591,0.00175713900243132,0.00166921206385007,0.00151459070193669,0.00134491800137852,0.0012872034666187,0.000802994939235312],"convergence":0,"press_dep":false,"press_rng":[1013.25,1013.25]}}
