{"fa_EV_MERIS_U_band_2":{"type":"annular","coefficients":{"c1":1,"c2":0.502874765387789,"c3":-0.299007312100368,"c4":0.816487114130347,"c5":-0.0947721942744192,"c6":-1.24511768011129},"mare":0.00107816023502508,"rmse":0.000337981777292809,"mare_seq":[0.00901623191972316,0.00797844442355346,0.00789361559460682,0.0076703703840545,0.00720136203536218,0.00711748420448669,0.00679072849504,0.00675883590395508,0.00674775032300831,0.00671922159350816,0.00671613571298029,0.00670411352069395,0.0065472630241614,0.00641770059665004,0.00633574464600892,0.00586084481198048,0.0058265196961271,0.00564087852610553,0.00527719823769831,0.00511400228651879,0.00427188901370811,0.00388322961455429,0.00382052132447163,0.00280657368847726,0.00215059907582749,0.00202461000410363,0.00179721814009943,0.0015554479357329,0.00119309283025243,0.00116917416432895,0.00107816023502508],"convergence":0,"press_dep":false,"press_rng":[1013.25,1013.25]}}
