{"fa_EV_MERIS_U_band_5":{"type":"annular","coefficients":{"c1":1,"c2":0.456911659262594,"c3":-0.327453450779378,"c4":0.847171480240001,"c5":-0.103859630086329,"c6":-1.22642144166094},"mare":0.00168466514353833,"rmse":0.000664477084600111,"mare_seq":[0.00746513933672895,0.00743849213020566,0.00718399992502812,0.00713815081617514,0.00697801538998587,0.00695312065680637,0.00674395776660622,0.00666101981135439,0.00664787353041356,0.0066420058996877,0.00663831846138652,0.00663526707455115,0.00662691667420733,0.00662450065147508,0.00658673046602842,0.00653709264765263,0.00639073549570729,0.00615129120208323,0.00607198094073687,0.00564110338831253,0.00550452063746201,0.00512569738560313,0.00486341208036598,0.00427674579622547,0.00357954745900203,0.00348187560182962,0.00259311338028027,0.00238451777733838,0.00225573498890461,0.00172485116371572,0.00168466514353833],"convergence":0,"press_dep":false,"press_rng":[1013.25,1013.25]}}
