{"fa_EV_MERIS_M_band_4":{"type":"annular","coefficients":{"c1":1,"c2":0.579130699225509,"c3":-0.0741427020003312,"c4":0.156896957924619,"c5":-1.47625704412205,"c6":-0.28602090964667},"mare":0.000961766796702133,"rmse":0.000311932801304866,"mare_seq":[0.0101714121540444,0.00865631313785648,0.00859314592475959,0.00858449618525557,0.00850380969689746,0.00845788010866171,0.0083575165869407,0.00834805606250784,0.00833201394749576,0.00810420044740718,0.00805501490032458,0.00800477683884981,0.00776451937280452,0.00770865229123078,0.00758280793075512,0.00742376996432436,0.00721425761065967,0.00667708456796397,0.00652932431466139,0.00631006425076672,0.00520818749553234,0.00520679594313163,0.00464365698281621,0.00457065590575329,0.00442193865049286,0.00411877713368403,0.00406016234201337,0.00293470690422428,0.00222505504788653,0.0019335045979933,0.000961766796702133],"convergence":0,"press_dep":false,"press_rng":[1013.25,1013.25]}}
