{"fa_EV_MERIS_U_band_13":{"type":"annular","coefficients":{"c1":1,"c2":0.491581844915095,"c3":-0.351133456494364,"c4":0.86961856012705,"c5":-0.108131825620067,"c6":-1.60848296070499},"mare":0.000744068003222533,"rmse":0.000365526019026678,"mare_seq":[0.00893730548396959,0.00788729150091355,0.00752999537723459,0.00658165254462052,0.00656416784724162,0.00653818631380174,0.00650635494688467,0.00650430362915027,0.00637945404459935,0.0060746546371569,0.00593769897131418,0.00580096166864674,0.00519215026569242,0.00518332739365562,0.00517865411135319,0.00517208861040001,0.00463632559609636,0.00449061021782224,0.00444104140389628,0.00440098148501857,0.00432733614335872,0.00409699993776175,0.00305788755983814,0.00277521314641051,0.00224377858556343,0.0020586422588624,0.00181939963213152,0.00177437490218437,0.00139716882467306,0.00115598576649095,0.000744068003222533],"convergence":0,"press_dep":false,"press_rng":[1013.25,1013.25]}}
