{"fa_EV_MERIS_C_band_7":{"type":"annular","coefficients":{"c1":1,"c2":0.43388622649452,"c3":-0.295697252718521,"c4":0.917333045355633,"c5":-0.0866932546015511,"c6":-1.57611256006438},"mare":0.000691017764278391,"rmse":0.000283306483028502,"mare_seq":[0.0084770947391223,0.00714252248008692,0.00696254918429204,0.00668561530459654,0.00664085787614263,0.0066385326689336,0.00663785669102885,0.00663776656830009,0.00644458324274003,0.00634132273795978,0.00565612246817983,0.00513412130318847,0.00497944636909013,0.00477150482913724,0.00433093092518072,0.004308608478741,0.00428141034681405,0.00356388486801303,0.00346166560990401,0.0026668547228291,0.00264996719167908,0.00243052163951768,0.00241613168698307,0.00228400625338968,0.001988405282575,0.00155176640958131,0.00130130952704313,0.00122998356467848,0.000838317130002838,0.000830309980130921,0.000691017764278391],"convergence":0,"press_dep":false,"press_rng":[1013.25,1013.25]}}
