{"fa_EV_MERIS_C_band_6":{"type":"annular","coefficients":{"c1":1,"c2":0.474354684078351,"c3":-0.262104992193615,"c4":0.880383581537316,"c5":-0.0798815746257152,"c6":-1.27794207659253},"mare":0.000878337398358238,"rmse":0.00026365781194358,"mare_seq":[0.0101629116119242,0.00896784874762627,0.00712014136825431,0.00693961606863831,0.00689316362632966,0.00665157241487899,0.00658358610609043,0.00656640292510754,0.00649844498975269,0.00634696778585929,0.0062759598131979,0.00620848929561411,0.00617255615336484,0.0058270463744095,0.00575804302150447,0.00563597612307116,0.00557046831180638,0.00529579322141135,0.00525354243019577,0.00509823188157689,0.00501031305408939,0.00359474101880329,0.003578587446765,0.00254118386732657,0.00194768726370679,0.00193451783586177,0.00184785284663109,0.00174216607089663,0.00141185862055148,0.000901768291010641,0.000878337398358238],"convergence":0,"press_dep":false,"press_rng":[1013.25,1013.25]}}
