{"fa_EV_MERIS_U_band_7":{"type":"annular","coefficients":{"c1":1,"c2":0.0753726896955385,"c3":-1.43739599975924,"c4":0.547875581590346,"c5":-0.318605915979246,"c6":-0.0993073863621228},"mare":0.000696244694311894,"rmse":0.000277976869789963,"mare_seq":[0.00843995931067185,0.0074848906673721,0.00677489709798303,0.00673417062432464,0.00666221998051555,0.00658603538357403,0.00656704806482156,0.00653298583142036,0.00650762748800075,0.00650105396881569,0.00645865594389686,0.00640181462301192,0.00625137730794677,0.00616567744359399,0.00609529182999775,0.00607012492654734,0.00600391785303352,0.00598740643696437,0.00598507272161627,0.00579975507774229,0.00561728886895342,0.00555822918850022,0.00469794827205372,0.00447440252983823,0.00351346662107252,0.00297614487401299,0.00204019439397748,0.00198212109309325,0.00126734831038914,0.00119655185615403,0.000696244694311894],"convergence":0,"press_dep":false,"press_rng":[1013.25,1013.25]}}
