{"fa_EV_MERIS_C_band_14":{"type":"annular","coefficients":{"c1":1,"c2":0.417963905604637,"c3":-0.0788363591336863,"c4":0.865293414562231,"c5":-0.255166396145445,"c6":-1.18372356298457},"mare":0.00116684499128989,"rmse":0.000333048925907943,"mare_seq":[0.0142611609761059,0.00830049306957042,0.00713800187489836,0.00711323933166227,0.00706755122861792,0.00700318153745999,0.00689136508825228,0.00683543572333183,0.00680145609634903,0.00679323554170345,0.00666878471576814,0.00663705109717417,0.00652475230008515,0.00646947122388527,0.0063459729665596,0.00578340218097327,0.00577431127989522,0.00565549699840626,0.00366227315664949,0.00344391713488783,0.00298542527101432,0.00261880735556336,0.00254047733534857,0.00239059136185765,0.00224113448706988,0.0020761242325251,0.00194378369343915,0.00191082656370183,0.00190914829554994,0.00122846615199432,0.00116684499128989],"convergence":0,"press_dep":false,"press_rng":[1013.25,1013.25]}}
