{"fa_EV_MERIS_U_band_6":{"type":"annular","coefficients":{"c1":1,"c2":0.485640076655483,"c3":-0.338708652956899,"c4":0.120476137563293,"c5":-1.62723824034292,"c6":-0.102960886033018},"mare":0.000760039710863232,"rmse":0.00036124555109758,"mare_seq":[0.00809717407282053,0.00675792881843305,0.00673975938002662,0.00667209754357613,0.00666974372932608,0.00662234412847224,0.00656497689125199,0.00655201798917638,0.00653002601736941,0.00613161975132076,0.00557423357734401,0.00528139028547474,0.00514116125171746,0.00477423369039884,0.00462221517357462,0.0046086611443844,0.0044782818367339,0.00441427422584804,0.00425265368471923,0.00394328836704292,0.00387164545860264,0.00320372871356777,0.00313465200062393,0.00247745562199771,0.00229249805409128,0.0022631137995329,0.00195405658511589,0.0018841929251301,0.00184356963960081,0.00115778067108846,0.000760039710863232],"convergence":0,"press_dep":false,"press_rng":[1013.25,1013.25]}}
