{"fa_EV_MERIS_M_band_11":{"type":"annular","coefficients":{"c1":1,"c2":0.326609808454202,"c3":-0.328545412998399,"c4":0.929342859361451,"c5":-0.0779838907949702,"c6":-1.79370189267435},"mare":0.000935243749482286,"rmse":0.000519728329300671,"mare_seq":[0.0203051036187124,0.00972489631800578,0.00938520926838361,0.00915710990763449,0.00912084499392801,0.00876199632341113,0.00821103759290218,0.00814772910835752,0.00814273632800768,0.00811834375496268,0.00811405353952695,0.00786652696617503,0.00775807275816532,0.00755097832230396,0.00682621198478733,0.00628049856083088,0.00603452254114459,0.00574844630020038,0.00571740515573047,0.00557881703881927,0.00509411522343005,0.00490133545667978,0.00409889427629488,0.00248900410312701,0.00175623594824389,0.00171985551489502,0.00170017335364325,0.00169433760649613,0.00121114287412135,0.000948620342661619,0.000935243749482286],"convergence":0,"press_dep":false,"press_rng":[1013.25,1013.25]}}
