{"fa_EV_MERIS_C_band_9":{"type":"annular","coefficients":{"c1":1,"c2":0.465020732865292,"c3":-0.0814016882825073,"c4":0.88606123053628,"c5":-0.267999299533392,"c6":-1.35993497829215},"mare":0.000855991662026782,"rmse":0.000320561839047475,"mare_seq":[0.00679315572185818,0.00669528818596194,0.00669425807138241,0.00667259282150408,0.00665033788020172,0.00663063353403408,0.00659874996342673,0.00653024338612383,0.00650852155717318,0.0064889497767291,0.0061975361797528,0.00615142406143693,0.00593470940073401,0.00570766084827463,0.00522395597409026,0.00491246048878057,0.00469402856082551,0.00458856206693048,0.0034907354893849,0.00340550170869798,0.00331219376231261,0.00232711872074313,0.0022799753993294,0.00219608984262411,0.00214817764336205,0.00209493345947444,0.00208999107766144,0.00195213862807259,0.00187485452533018,0.00147972343480938,0.000855991662026782],"convergence":0,"press_dep":false,"press_rng":[1013.25,1013.25]}}
