{"fa_EV_MERIS_U_band_12":{"type":"annular","coefficients":{"c1":1,"c2":0.379713375447103,"c3":-0.0968177142277152,"c4":0.848592130505314,"c5":-0.302635899915603,"c6":-1.24624567566227},"mare":0.00102536715962189,"rmse":0.000334691528136999,"mare_seq":[0.0280778195698574,0.00685029356064644,0.00673294325812568,0.00662727885139651,0.00652102131806125,0.00650925971565429,0.00649108907178348,0.00647185075711722,0.00637879068443138,0.00632402149984911,0.00629571104367734,0.00618542747143542,0.00585070660004442,0.00524968773284531,0.00522482900270959,0.00510146919321459,0.00416682753030223,0.00414871436153289,0.00351952092272861,0.0033401114456311,0.0028069908433418,0.00279472682239353,0.00237838636662711,0.00211278649100551,0.00207033491036342,0.00187070669988286,0.00179183831466178,0.00161925058492521,0.00150132775446801,0.0014070399977527,0.00102536715962189],"convergence":0,"press_dep":false,"press_rng":[1013.25,1013.25]}}
