{"fa_EV_MERIS_U_band_10":{"type":"annular","coefficients":{"c1":1,"c2":0.342172651749127,"c3":-0.0907562189166525,"c4":0.832981078322065,"c5":-0.280922526813959,"c6":-1.13232542699724},"mare":0.00122715796223252,"rmse":0.000437276610383475,"mare_seq":[0.00817197755665651,0.00749149300663942,0.00659462308897165,0.00652512755935295,0.00650911054417353,0.00650728011827555,0.00643849632740566,0.00641243707609203,0.00638422532186943,0.00638368531209759,0.00632061717588327,0.00628704374318435,0.00625544427275595,0.00598552007089483,0.00597228553707685,0.0052873394305824,0.0046677472011585,0.00454596291207071,0.00423943197301186,0.00414556987798235,0.00410479152093669,0.00362141312902239,0.00240670583697109,0.0022001405319033,0.00219677919280085,0.00197529441129522,0.00195273566560658,0.00185116951314255,0.00182514587267258,0.00164676097632618,0.00122715796223252],"convergence":0,"press_dep":false,"press_rng":[1013.25,1013.25]}}
