{"fa_EV_MERIS_C_band_4":{"type":"annular","coefficients":{"c1":1,"c2":0.389741996575204,"c3":-0.323746658399092,"c4":0.0563188145041118,"c5":-1.95424252820088,"c6":-0.0903434732469825},"mare":0.000770712834338078,"rmse":0.000513351850951478,"mare_seq":[0.00777253140681251,0.00724024615835132,0.0067156727212774,0.00660539006359129,0.00659219187142254,0.00659056921466756,0.00657856082144833,0.00611275432956456,0.00596026073539994,0.00539632689587863,0.00518636491931811,0.00448569844685166,0.0040939799250596,0.00398445297431668,0.00396856343368618,0.00383685163336502,0.0035234760946118,0.00333113213788774,0.002971415263677,0.00234850197924067,0.00198929557101081,0.00188251544714653,0.00160788696881827,0.00124104581277055,0.00115784691147018,0.00105524172519059,0.000971655600614108,0.000858591742163457,0.000787307425922704,0.000779882076647675,0.000770712834338078],"convergence":0,"press_dep":false,"press_rng":[1013.25,1013.25]}}
