{"fa_EV_MERIS_U_band_15":{"type":"annular","coefficients":{"c1":1,"c2":0.497352328600839,"c3":-0.346853511941529,"c4":0.140948401507898,"c5":-1.54970119198356,"c6":-0.107484262243113},"mare":0.00068934510766428,"rmse":0.000332471292727721,"mare_seq":[0.00696396193237759,0.00695273139510159,0.00649021748528359,0.00647436736975019,0.00646476413242441,0.00646103192335922,0.00645670960993294,0.00637937345505808,0.00623319320302593,0.00621251774557226,0.0061299929799351,0.00609708891278466,0.00579739167806623,0.00507286297859421,0.00481138678168242,0.00470870851376565,0.00461050920816349,0.00456085516420554,0.00403999879346139,0.00403788875523788,0.0038549425928419,0.00337606737660439,0.00314399684636461,0.00272139103885555,0.00226518830272353,0.00198441184569759,0.00174893656205854,0.00135143137733352,0.000843841856502942,0.000801933360093313,0.00068934510766428],"convergence":0,"press_dep":false,"press_rng":[1013.25,1013.25]}}
