{"fa_EV_MERIS_C_band_12":{"type":"annular","coefficients":{"c1":1,"c2":0.582064735596316,"c3":-0.228546561725164,"c4":0.809035177111067,"c5":-0.0658775236889142,"c6":-1.20278490974675},"mare":0.00155346624762233,"rmse":0.000787367753999444,"mare_seq":[0.00835650979243422,0.00709430548669349,0.00681775541683188,0.00677513797819123,0.00674406582427169,0.00672814204716077,0.00668895944960591,0.0066818023179287,0.00667409277403469,0.00652876489157914,0.00614567033738765,0.00613927119991299,0.00611966390987886,0.00597872891136813,0.00596322051520816,0.00594764671182254,0.00568622364981206,0.00561554450037902,0.00550573400165682,0.00541726498455311,0.00533071189322671,0.00507249113161299,0.00482657460092684,0.0041923969588597,0.00397489236072027,0.00348358921754523,0.00344562974106116,0.00253964313321975,0.00245498733391116,0.00233592012090338,0.00155346624762233],"convergence":0,"press_dep":false,"press_rng":[1013.25,1013.25]}}
