{"fa_EV_MERIS_C_band_8":{"type":"annular","coefficients":{"c1":1,"c2":0.0471097949158059,"c3":-1.55067424130334,"c4":0.44977561071559,"c5":-0.299239278001865,"c6":-0.087452635832336},"mare":0.000651034732775651,"rmse":0.000292616406982143,"mare_seq":[0.0174675425732252,0.00882094661436603,0.00801503085381649,0.00666486685110153,0.0065386834499635,0.00646224544486119,0.0063665324666091,0.00633315999222953,0.00624186357150731,0.00615804159267795,0.00607514087111547,0.00533700146545615,0.00515577357873229,0.00454713706422111,0.00398892925614924,0.00377694792673109,0.00371009147003844,0.0035395279350259,0.00349536541370541,0.00311107003035016,0.00298208440058661,0.0025062187454484,0.00225776988970169,0.00197955275784857,0.0015021956462912,0.00142944570566818,0.00137237928816057,0.00131859093612506,0.00130216004354472,0.000674448780476291,0.000651034732775651],"convergence":0,"press_dep":false,"press_rng":[1013.25,1013.25]}}
