{"fa_EV_MERIS_C_band_5":{"type":"annular","coefficients":{"c1":1,"c2":0.428789729198041,"c3":-0.292567714141478,"c4":0.919501128980485,"c5":-0.0856867013758631,"c6":-1.56061368120754},"mare":0.000676998642791335,"rmse":0.000266783245815852,"mare_seq":[0.00821540115813556,0.00721243487438015,0.0068319862618523,0.00672253963348232,0.00660585535889112,0.00659771326545183,0.0065917490922349,0.00659044240536503,0.00653988393913867,0.00645438074502233,0.0064262655906973,0.00629277999732103,0.00622488121239555,0.00618874058480484,0.00613887323711864,0.00591508755073717,0.00543679000899607,0.00536473601698446,0.00531165827900395,0.00512424179480974,0.00509634067298062,0.00453251705176148,0.00436707940917028,0.00434684020657016,0.00323686825858502,0.00240429900433626,0.00177143125893653,0.00162655119254367,0.00162374292357051,0.001209583635488,0.000676998642791335],"convergence":0,"press_dep":false,"press_rng":[1013.25,1013.25]}}
