{"fa_EV_MERIS_M_band_15":{"type":"annular","coefficients":{"c1":1,"c2":0.324968971023276,"c3":-0.320796576137354,"c4":0.923329904941213,"c5":-0.0774695947545655,"c6":-1.65911243704916},"mare":0.000827923454798681,"rmse":0.000453711413647254,"mare_seq":[0.00984912850713609,0.00872982606438886,0.00872919022303501,0.00870438999496271,0.00822443634941747,0.008197341129133,0.00817152259785947,0.00817034660896575,0.00808748128543706,0.00781582670092715,0.00779311597654176,0.00776560968221921,0.00768788532271365,0.00744618939193296,0.00696572956408088,0.00612777823089855,0.00605617376556601,0.00598949200458901,0.00521620619022138,0.00511806526675168,0.00497606284571662,0.00491145838410124,0.00406497596873773,0.00355623645560865,0.00313914900295966,0.00278161703694067,0.00240320366555283,0.00231824626214808,0.00223428862228426,0.001734357962177,0.000827923454798681],"convergence":0,"press_dep":false,"press_rng":[1013.25,1013.25]}}
