{"fa_EV_MERIS_M_band_13":{"type":"annular","coefficients":{"c1":1,"c2":0.407085875903019,"c3":-0.235936157709811,"c4":0.853527119390056,"c5":-0.0663149282912998,"c6":-1.17110542710998},"mare":0.001411847355624,"rmse":0.00035359436632309,"mare_seq":[0.0361053913122342,0.00813492437238619,0.00812347530883408,0.00812322909437811,0.00808991788049162,0.00805628469751033,0.00802559967464544,0.00787223189521573,0.00784625498709403,0.00784112361212646,0.00771163464522543,0.00764462665326911,0.0076285512137243,0.00758364981762527,0.00749379337271444,0.00734026210854002,0.00714153891152356,0.00666250438423141,0.00606940135871022,0.00595475837686616,0.00562244067287877,0.00515317630857578,0.00414879113596376,0.00370525379690398,0.00329935641616609,0.00245866037866728,0.00221140186806619,0.00210365371543582,0.00187277940712181,0.00185161441337732,0.001411847355624],"convergence":0,"press_dep":false,"press_rng":[1013.25,1013.25]}}
