{"fa_EV_MERIS_M_band_10":{"type":"annular","coefficients":{"c1":1,"c2":0.637565304773945,"c3":-0.0795298802999681,"c4":0.140623329551455,"c5":-1.6433329443013,"c6":-0.332543202409674},"mare":0.000969505622651084,"rmse":0.000725839965278375,"mare_seq":[0.0332903164278598,0.0162837583796036,0.00850355403916385,0.00817677536920013,0.00807575093529649,0.00805650414182154,0.00804330049416436,0.00802725695668886,0.00780837243795733,0.00777731068576991,0.00746971629932364,0.00726761913780333,0.00715895239312573,0.0070303377424815,0.00690723286006735,0.00620141373356855,0.006031097369752,0.00602455144481486,0.00549150685827811,0.00534567619220748,0.00440396676460627,0.0043858146907848,0.00420454446973252,0.0037463558603304,0.00286779563183329,0.00274754801479084,0.00256012567977987,0.00161441000411127,0.00122890695909505,0.00119891225823741,0.000969505622651084],"convergence":0,"press_dep":false,"press_rng":[1013.25,1013.25]}}
