{"fa_EV_MERIS_M_band_2":{"type":"annular","coefficients":{"c1":1,"c2":0.607450091120113,"c3":-0.076970894130997,"c4":0.856180585401981,"c5":-0.310852061577398,"c6":-1.64738509281196},"mare":0.000938025863784566,"rmse":0.0004100605181436,"mare_seq":[0.00979813894940872,0.00943616126029554,0.00886807666575676,0.00877294111828962,0.00871299431768692,0.00850102758594734,0.00846380932056516,0.00842323964348498,0.00830783075121888,0.00829471227140025,0.00804990632381372,0.00784433010223033,0.00778339560457043,0.00767265972084535,0.00669073944818315,0.00650580147520565,0.00626870376665214,0.00617467083013752,0.00570203114469228,0.00538220148391036,0.00497296496524757,0.00459655350373812,0.0045218174409638,0.00432796035118066,0.00371840350800041,0.00314046769014308,0.00308423014391526,0.00255085158621845,0.00249216243629589,0.00231856615707633,0.000938025863784566],"convergence":0,"press_dep":false,"press_rng":[1013.25,1013.25]}}
