{"fa_EV_MERIS_U_band_4":{"type":"annular","coefficients":{"c1":1,"c2":0.363205690305059,"c3":-0.089546014253176,"c4":0.163257581032139,"c5":-1.15562580427265,"c6":-0.278948547771342},"mare":0.00131390587294206,"rmse":0.000443772275366662,"mare_seq":[0.010592862999479,0.00914591110740015,0.0089723889981955,0.00815650440386663,0.00689432442836098,0.00679972210208413,0.00677839021421503,0.00677022593101192,0.00676658623465639,0.00670488154647705,0.00662471428680777,0.00656525760593879,0.00645195143709315,0.00640590421243242,0.00577231656157006,0.00545734472097483,0.00508749168862831,0.00508509471164356,0.00392484245983631,0.00389177444611126,0.00373682850687917,0.00306389340496247,0.00303601262399481,0.00296304819774686,0.00295263849257109,0.00262493895541516,0.00247296034480736,0.00230774563921272,0.00211967234810186,0.00143527255225434,0.00131390587294206],"convergence":0,"press_dep":false,"press_rng":[1013.25,1013.25]}}
