{"fa_EV_MERIS_U_band_1":{"type":"annular","coefficients":{"c1":1,"c2":0.0743374473895691,"c3":-1.47427637847889,"c4":0.530958665807591,"c5":-0.317911180214226,"c6":-0.0981666421517885},"mare":0.000769201517993919,"rmse":0.000292371862690781,"mare_seq":[0.0112578383249602,0.00850737134258899,0.00795017964397122,0.00770976365762265,0.00767550626880789,0.0071777756840171,0.00701943112469582,0.00689882334228149,0.0068483745512336,0.00680317696153536,0.00676766299054956,0.00664451189416906,0.00652607672670243,0.00633364502123799,0.0063295494862745,0.00586109162343647,0.00558684910805501,0.00554338879878635,0.00551829990632237,0.0053039313425407,0.00528037988692718,0.00487777170978141,0.00436975232072384,0.00264005508308891,0.00247382370720312,0.00246862223620765,0.002323870492796,0.00214924621742193,0.00106863600075616,0.000794623206239685,0.000769201517993919],"convergence":0,"press_dep":false,"press_rng":[1013.25,1013.25]}}
