{"fa_EV_MERIS_M_band_5":{"type":"annular","coefficients":{"c1":1,"c2":0.587144485172157,"c3":-0.0745753713613646,"c4":0.147748335970627,"c5":-1.54023044616126,"c6":-0.291611796639046},"mare":0.000863542211046683,"rmse":0.000320503374726592,"mare_seq":[0.0108896017903931,0.0100264577835604,0.00881689268461765,0.00836885227936479,0.00835899658556744,0.00831582109307472,0.00830440105730047,0.00830374877488422,0.00829961553512851,0.00829788013281674,0.00818730745120379,0.00783120948341432,0.00737053028043596,0.00736853793000843,0.00711398285078513,0.00693523128401698,0.0062791129277937,0.0056470396622274,0.00445903421364195,0.00368461354494643,0.00295653650909391,0.00282257822851912,0.00241249391579744,0.00236475698989635,0.00187128019017017,0.00183172040499029,0.00130320402355867,0.00124755643849713,0.00120597632271973,0.00106132125624192,0.000863542211046683],"convergence":0,"press_dep":false,"press_rng":[1013.25,1013.25]}}
