{"fa_EV_MERIS_U_band_11":{"type":"annular","coefficients":{"c1":1,"c2":0.439291071908366,"c3":-0.104572327577856,"c4":0.880167568103945,"c5":-0.33892073702588,"c6":-1.56086163015193},"mare":0.000719013067064824,"rmse":0.000330359819290975,"mare_seq":[0.00878244083082596,0.00707545665364428,0.00681809127363313,0.00677777384834621,0.00660477864547683,0.00657302353542749,0.00652845954729818,0.00652457978118954,0.00652058209258493,0.00651786766758801,0.00651229634158116,0.00649546509567025,0.00635144994761945,0.00621267146830906,0.00621109538220756,0.00579215091578158,0.00574648532178219,0.00528104421665274,0.00509928344585117,0.00474062198490626,0.00442599050851616,0.00358013399948053,0.00331858665020975,0.00311419861803304,0.00234098664437681,0.00205426089105714,0.00192683556112095,0.00165367978836525,0.000949449306155011,0.000726090441861705,0.000719013067064824],"convergence":0,"press_dep":false,"press_rng":[1013.25,1013.25]}}
