{"fa_HJ2A_CCD2_M_band_4":{"type":"annular","coefficients":{"c1":1,"c2":0.0578473915920855,"c3":-1.57537836740311,"c4":0.630349485303206,"c5":-0.0747430961526662,"c6":-0.297126387453272},"mare":0.000900032038426912,"rmse":0.000349673068643891,"mare_seq":[0.0100448175735369,0.00836828343869637,0.00836826529516291,0.00836825622880422,0.00836824958919428,0.00836824659312057,0.00836316226189084,0.00640276150242113,0.0061762888308952,0.00440134469803028,0.00425740654009295,0.00329018173372901,0.00294563772171521,0.00265582687988978,0.00242658588739381,0.00222536261681894,0.00208504080322481,0.00202654528337002,0.00196819440060457,0.00186374686928465,0.00128412654643797,0.00126251646048656,0.00110944684489117,0.00109855044513079,0.00104521527543093,0.00101693408333932,0.00091587122516187,0.000907210237043862,0.000902321466571065,0.000901831360138803,0.000900032038426912],"convergence":0,"press_dep":false,"press_rng":[1013.25,1013.25]}}
