{"fa_HJ2A_CCD2_U_band_4":{"type":"annular","coefficients":{"c1":1,"c2":0.445373784602726,"c3":-0.107135531332644,"c4":0.884243394583109,"c5":-0.349093813636289,"c6":-1.64385273457718},"mare":0.000803860861343711,"rmse":0.000390806525783278,"mare_seq":[0.0284335433293452,0.00669730949553338,0.00669730658150987,0.00669730192982947,0.00669730086376225,0.00667281770079267,0.00662092388226682,0.0065610037956569,0.00635415193064277,0.00624493021542452,0.0038054359156464,0.00353761520366775,0.00325896578537631,0.00302556825684713,0.00263950331575675,0.0026092635374068,0.00168619749805974,0.00167646661876368,0.00155731764366979,0.00153926527105332,0.00131079392566322,0.00123092549069353,0.00107326006036625,0.00106086150772692,0.00105864066263211,0.000926490357049813,0.000851981605646793,0.0008492584974788,0.00081324687303134,0.000804673877233597,0.000803860861343711],"convergence":0,"press_dep":false,"press_rng":[1013.25,1013.25]}}
