{"fa_HJ2A_CCD2_M_band_2":{"type":"annular","coefficients":{"c1":1,"c2":0.605131199446626,"c3":-0.076485826291253,"c4":0.860682702627835,"c5":-0.308025690571868,"c6":-1.67078922630057},"mare":0.000946965282355762,"rmse":0.000387620553815765,"mare_seq":[0.00857529125871638,0.00857240690857803,0.00836905823031927,0.00834387245439025,0.00824874603764734,0.00790305877206437,0.00659943091940919,0.0064607007749396,0.00561946956593358,0.00526898838255785,0.00320447832540457,0.00310409887296601,0.00299270354015108,0.0029500898377926,0.00293798615712658,0.00263261524348421,0.00262298143003008,0.00245158631600685,0.00215263386251424,0.00200497556527233,0.00189950601951427,0.00171279266606017,0.00157878302037907,0.00149129228413095,0.00127253772905121,0.000988467123341588,0.000982506051205432,0.000949579463723483,0.000947579286903003,0.000946977781291784,0.000946965282355762],"convergence":0,"press_dep":false,"press_rng":[1013.25,1013.25]}}
