{"fa_HJ2B_CCD2_C_band_3":{"type":"annular","coefficients":{"c1":1,"c2":0.531913147476419,"c3":-0.0880810352440036,"c4":0.0960309336222629,"c5":-1.61185886578633,"c6":-0.302289962143432},"mare":0.000705005684391124,"rmse":0.000313173609359809,"mare_seq":[0.00669918381890154,0.00669914711375401,0.00669913283556707,0.00669911569450851,0.00669910972893929,0.0066794396784113,0.00657098255981021,0.00649820051465641,0.00643709532269118,0.00629077374063822,0.0059487721953589,0.00580521940962509,0.00572533145986354,0.00473296587090144,0.00461145090956736,0.0042991712106501,0.00367840402720872,0.00236562828562398,0.0023405747503326,0.00228680418110551,0.0018949140952123,0.00174502018534163,0.00159086727035473,0.00138688802019732,0.00130936846182696,0.00114588807196141,0.000930186070686189,0.000781571246748561,0.000755697819862432,0.000718823802497058,0.000705005684391124],"convergence":0,"press_dep":false,"press_rng":[1013.25,1013.25]}}
