{"fa_HJ2B_CCD3_C_band_3":{"type":"annular","coefficients":{"c1":1,"c2":0.535076444891925,"c3":-0.0883518979048094,"c4":0.904745823313038,"c5":-0.30378509437908,"c6":-1.64318240129923},"mare":0.000702243596270847,"rmse":0.000323507654643534,"mare_seq":[0.00729744170311171,0.00680214567433186,0.00680008190602365,0.0067958111894476,0.00679510419028526,0.00679507977523232,0.00650061650954492,0.00625092276304317,0.00622775481386076,0.00613654604936809,0.00559960868109141,0.00518946565401796,0.00441252213589299,0.00361576981067486,0.00355890516354091,0.00265769660469751,0.00256505201735481,0.00209278459217722,0.00201406665950027,0.00190666823978156,0.0018934916632432,0.00180097175598331,0.00170999722253672,0.00132284348450378,0.00116694451477395,0.00100979339999802,0.000890655603388471,0.000810426341716483,0.000787819983755599,0.00073543278913384,0.000702243596270847],"convergence":0,"press_dep":false,"press_rng":[1013.25,1013.25]}}
