{"fa_HJ2A_CCD4_M_band_5":{"type":"annular","coefficients":{"c1":1,"c2":0.357842463579151,"c3":-0.285359995150496,"c4":0.901297895407003,"c5":-0.0736080225624423,"c6":-1.49471462296331},"mare":0.000911141005960325,"rmse":0.000290853515475221,"mare_seq":[0.00945391214285935,0.00846318931907251,0.00846317600934998,0.00843911083182952,0.00813040582465747,0.00783410235732985,0.00750879889036753,0.0072838457790934,0.00700045905262108,0.00690515456918168,0.00617485381806084,0.00410329187466496,0.0039245413866449,0.00360768279481148,0.00330779746679307,0.00319755297320002,0.00309926989560791,0.00299864026002916,0.00281533412037306,0.00269490378702071,0.00269395874134463,0.00268178685407066,0.00234129168355698,0.00198338874538693,0.00183380537173618,0.00171846527857248,0.00151099092395256,0.00139075900387786,0.00111869265238009,0.000970872859695188,0.000911141005960325],"convergence":0,"press_dep":false,"press_rng":[1013.25,1013.25]}}
