{"fa_HJ2B_CCD1_C_band_4":{"type":"annular","coefficients":{"c1":1,"c2":0.408833243974281,"c3":-0.327640004592794,"c4":0.931276684774019,"c5":-0.0930034923603862,"c6":-1.82661632948531},"mare":0.000831817209936104,"rmse":0.000485189788181248,"mare_seq":[0.00698223991169472,0.00697600783459786,0.00695516489739795,0.00692655335038046,0.00692421131127718,0.00683839320337361,0.00626070220850745,0.00605613500245551,0.00587197506777735,0.00530823451981994,0.00506002643684357,0.0048116509410234,0.00471667636934011,0.00406701648082708,0.00355625482015089,0.00308188879638686,0.00300448102946165,0.00286104427087162,0.00281977677480414,0.00249205430678863,0.00238559720845247,0.00212161064361194,0.00201887609869742,0.00163049946488764,0.00138966858364221,0.00125558649666965,0.00118442439458566,0.0010716928637566,0.000855812278070266,0.000839876547694818,0.000831817209936104],"convergence":0,"press_dep":false,"press_rng":[1013.25,1013.25]}}
