{"fa_HJ2B_CCD4_C_band_4":{"type":"annular","coefficients":{"c1":1,"c2":0.521357282456651,"c3":-0.089620232454002,"c4":0.900261639544713,"c5":-0.307856314276476,"c6":-1.64870202572496},"mare":0.000753607379092382,"rmse":0.000345961835307738,"mare_seq":[0.00811824859382873,0.00694213193439568,0.00693568538772574,0.0069302778542138,0.00692947924854606,0.00690083366299864,0.00683227597634331,0.00620891109581384,0.00569575709466397,0.00563987992126874,0.00526675697894744,0.00525221522099018,0.00288851143260823,0.00259888982889052,0.00255626609230925,0.0024752185758009,0.00229198027704705,0.00213875294246423,0.00170839598930303,0.00165096206968653,0.00141962680691916,0.00138341104596193,0.00114714899998404,0.00113243084608279,0.00109067912063432,0.000999284172425026,0.000950151756520254,0.00079121972882284,0.000754860155566799,0.000754713720039205,0.000753607379092382],"convergence":0,"press_dep":false,"press_rng":[1013.25,1013.25]}}
