{"fa_HJ2B_CCD1_M_band_2":{"type":"annular","coefficients":{"c1":1,"c2":0.608785083990216,"c3":-0.0769993853054113,"c4":0.144300889554318,"c5":-1.61832407982574,"c6":-0.309683667167901},"mare":0.000958723599429702,"rmse":0.000456781432254864,"mare_seq":[0.00864437059534888,0.00863773324209729,0.00863768719430278,0.0086376813240407,0.00863763703294994,0.00863760736364066,0.0086376068248543,0.00848442236245501,0.00731523845550307,0.00710420404387681,0.00631299011091826,0.0055802029675942,0.00545661893808839,0.00538065563899177,0.00527326430887854,0.0049934382897887,0.00399114567602262,0.00357423387516976,0.0031784951277429,0.00311467336503379,0.0023611393922826,0.00219085308046642,0.00205050552720457,0.00196471172808239,0.00181126880420732,0.00175110821953097,0.00147021302825437,0.00126182055576391,0.00110192075404282,0.000985126322811907,0.000958723599429702],"convergence":0,"press_dep":false,"press_rng":[1013.25,1013.25]}}
