{"fa_HJ2B_CCD3_U_band_4":{"type":"annular","coefficients":{"c1":1,"c2":0.440410919058158,"c3":-0.106618953178754,"c4":0.880033448491977,"c5":-0.346509319585997,"c6":-1.58669973058303},"mare":0.000748212034774676,"rmse":0.000333574216574674,"mare_seq":[0.00664339848305654,0.00662321049834741,0.00662298865522902,0.00654393636485087,0.00635356307300354,0.00615231006559401,0.006132713939387,0.00558047524800411,0.0053737301923699,0.00458846192469131,0.00442125054868246,0.00384951818969974,0.00325160682465918,0.00304560865625772,0.00268290800345618,0.00261742019763923,0.00253515297688701,0.00250235127351177,0.00216895720331667,0.00212005589058741,0.00180453900036077,0.00165040692519282,0.00148773311292637,0.00144320071891194,0.00135033569537045,0.00114295649028198,0.00111102723140532,0.00100939376808023,0.000993722169934939,0.000749750589003302,0.000748212034774676],"convergence":0,"press_dep":false,"press_rng":[1013.25,1013.25]}}
