{"fa_HJ2A_CCD3_M_band_4":{"type":"annular","coefficients":{"c1":1,"c2":0.607008058719173,"c3":-0.0759454597244039,"c4":0.862249415985836,"c5":-0.309240721098588,"c6":-1.64300915798955},"mare":0.000899808751456334,"rmse":0.000368062984454012,"mare_seq":[0.00857941051557337,0.00843435581203144,0.00843035465659564,0.00843035253609067,0.00843034983862056,0.00843034925659487,0.00781077294998555,0.00646026253862508,0.00603781898807463,0.00558540366664289,0.0052845201172185,0.00453538099423707,0.00332884743349777,0.0030014464827353,0.00281999322684341,0.00258560142503652,0.00257399088732942,0.00237251055608665,0.00215046263405707,0.00206806990256393,0.00199460692274023,0.00178868734939052,0.00143771885473789,0.00134022012118795,0.00121595149964834,0.00120955522686535,0.00107075297491365,0.00103432880656682,0.000917076987947304,0.000901174230649348,0.000899808751456334],"convergence":0,"press_dep":false,"press_rng":[1013.25,1013.25]}}
