{"fa_HJ2A_CCD3_M_band_1":{"type":"annular","coefficients":{"c1":1,"c2":0.603432338982534,"c3":-0.0765194229465824,"c4":0.141017675672807,"c5":-1.68654118453101,"c6":-0.308798285850889},"mare":0.000966362572196269,"rmse":0.000374739977390796,"mare_seq":[0.0227663401178081,0.00881827087967908,0.00877744393804623,0.00874824881878284,0.00874642989191765,0.00851694283198589,0.0078068196382032,0.00673306555045513,0.0041428781404699,0.00374247194924243,0.00349988930872697,0.00317544233734944,0.00308288324620095,0.00308141346645621,0.00273013561928646,0.00272684679888571,0.00270700232928629,0.00217603842697911,0.00214754283570067,0.0021388203377911,0.00209421855779484,0.00208940783995501,0.00195500190615383,0.00140021015880842,0.00110214235145369,0.00108934758749857,0.00106347033890875,0.00104032752672103,0.00099693128748737,0.000966381997410537,0.000966362572196269],"convergence":0,"press_dep":false,"press_rng":[1013.25,1013.25]}}
