{"fa_HJ2B_CCD4_U_band_2":{"type":"annular","coefficients":{"c1":1,"c2":0.465330937329881,"c3":-0.103697876406429,"c4":0.890000596495997,"c5":-0.344263389963504,"c6":-1.68013066775514},"mare":0.000733712551239642,"rmse":0.000362404425843639,"mare_seq":[0.00683215964089148,0.00683106260618496,0.00683105425016968,0.00683083569389675,0.00678001087359481,0.00668552170196266,0.00667490645522434,0.00631862222597604,0.00530517570842372,0.00523447345430104,0.00513308960226305,0.003283317276064,0.00262066100263989,0.00254050333407703,0.0024966302383596,0.0024273066770342,0.00177989469702601,0.00167619849270249,0.0016079750310939,0.00149032093928473,0.00132816748969239,0.00132140481270843,0.00126583741631916,0.00125779985702334,0.000836672953474047,0.000751047303633629,0.00073785488966685,0.000737572973523582,0.000734023046597719,0.000733726060065209,0.000733712551239642],"convergence":0,"press_dep":false,"press_rng":[1013.25,1013.25]}}
