{"fa_HJ2B_CCD2_C_band_1":{"type":"annular","coefficients":{"c1":1,"c2":0.539470386114577,"c3":-0.0860714046993396,"c4":0.0951698476488404,"c5":-1.6292699079657,"c6":-0.298074451023222},"mare":0.000753392788738203,"rmse":0.000303060268675004,"mare_seq":[0.00688694155618643,0.00681810946787101,0.00681772750590805,0.00680953573970254,0.00671346403918121,0.00638123691650032,0.00638006521257528,0.0063725741617895,0.00629119018408488,0.00577754496789251,0.00551558734555806,0.00525520230672027,0.00461953152650213,0.00402811228424627,0.00401685295339491,0.00341401134100069,0.00266636164965808,0.00254400709424282,0.00235903380766786,0.00199535153301243,0.00195079521815778,0.00154993305800697,0.00139660015844248,0.00118278707757722,0.00113375197440442,0.00102954649700069,0.000921745195873644,0.000799162969585017,0.000753699089000149,0.000753409974161272,0.000753392788738203],"convergence":0,"press_dep":false,"press_rng":[1013.25,1013.25]}}
