{"fa_HJ2A_CCD3_C_band_3":{"type":"annular","coefficients":{"c1":1,"c2":0.42515619301309,"c3":-0.302618850389132,"c4":0.0762891529224928,"c5":-1.65083297883955,"c6":-0.087873934700371},"mare":0.000726514395429914,"rmse":0.000317456546358898,"mare_seq":[0.00684492483154798,0.00677592998418799,0.00677592688244569,0.00677592322244213,0.0067415740025921,0.00665950668974542,0.00647476354086229,0.00630205006136893,0.00608055935034311,0.00576721823877467,0.00567438632502163,0.0053378266644348,0.00521420218775916,0.00463599846634184,0.00425186767495073,0.00378473014780914,0.00305408607793303,0.00277801785541296,0.00266758118425006,0.00253521852708277,0.00214494165745366,0.0020213082181471,0.00199842685363337,0.00120010817382127,0.00119134745620279,0.00108763344819997,0.000889028489856487,0.000840561875076956,0.000785458298847877,0.00075303581277612,0.000726514395429914],"convergence":0,"press_dep":false,"press_rng":[1013.25,1013.25]}}
