{"fa_HJ2A_CCD4_C_band_1":{"type":"annular","coefficients":{"c1":1,"c2":0.536743488286538,"c3":-0.0856898557782964,"c4":0.904870725547549,"c5":-0.296998043392975,"c6":-1.60629161245628},"mare":0.000721238588704915,"rmse":0.000271430403461697,"mare_seq":[0.010574368987448,0.00687280783131197,0.00684789835203437,0.00683299164415696,0.00683210419640247,0.00683194908645003,0.00683186966532323,0.00681123428515656,0.00648247909493626,0.00625703042676862,0.00610262024662726,0.00592915527024716,0.00584258294784938,0.00516949907578965,0.00459023818675121,0.0045338961148808,0.0037544194216569,0.00328641155640266,0.00270700711410716,0.00254939360457535,0.00249191477595168,0.00223244480777368,0.00207886564720422,0.00166237920142903,0.00165167067621637,0.00127871067073507,0.00107846442495704,0.000897128372502671,0.000862529170051903,0.00079244849755758,0.000721238588704915],"convergence":0,"press_dep":false,"press_rng":[1013.25,1013.25]}}
