{"fa_HJ2B_CCD2_M_band_1":{"type":"annular","coefficients":{"c1":1,"c2":0.6046937376818,"c3":-0.076631840084345,"c4":0.139842364219555,"c5":-1.69423531959293,"c6":-0.310204601419839},"mare":0.000959371027402206,"rmse":0.000406362481713682,"mare_seq":[0.00871574226635645,0.00867289299128262,0.0086674974585085,0.00866747509127383,0.00866743334972123,0.00853394669424766,0.00807602517550205,0.00788075861608,0.00756982733452883,0.00738710326203904,0.00657924898363483,0.00622958153678284,0.00492044649998027,0.00443539328305317,0.00406810392984014,0.00366310751637196,0.00317531698337033,0.00304592620771663,0.00274353110683071,0.00236089472303779,0.00191487042948386,0.00190321016268405,0.00172559406161123,0.00148669884726149,0.00146722737833519,0.00120734458616058,0.00117507032096881,0.00115501657946414,0.00109137643265518,0.000959582973500103,0.000959371027402206],"convergence":0,"press_dep":false,"press_rng":[1013.25,1013.25]}}
