{"fa_HJ2B_CCD2_C_band_2":{"type":"annular","coefficients":{"c1":1,"c2":0.525599272385399,"c3":-0.0855898750538807,"c4":0.0920836006961491,"c5":-1.64514999210293,"c6":-0.294457246304456},"mare":0.000749133805810523,"rmse":0.00029611865159564,"mare_seq":[0.00772856514473554,0.00685890646206269,0.00685744019636424,0.00682865700564365,0.00682859546759948,0.00682859087583681,0.00672872336249195,0.00646165186618029,0.00624202168104318,0.00544277894969578,0.00492935931422208,0.0048604001560381,0.00458300576428676,0.00442105767982492,0.00406801265105677,0.00404130765713606,0.00359487246643077,0.00281181834555227,0.00218496389494283,0.00208917896318042,0.00202747877198015,0.00191088059622826,0.0018848695391527,0.00180427478280963,0.00179143408382038,0.00134499338400797,0.00125287524033012,0.00117339822742397,0.000916631787873632,0.000750435127037059,0.000749133805810523],"convergence":0,"press_dep":false,"press_rng":[1013.25,1013.25]}}
