{"fa_HJ2B_CCD3_M_band_5":{"type":"annular","coefficients":{"c1":1,"c2":0.341931628485299,"c3":-0.305504926409269,"c4":0.915445019045351,"c5":-0.075920454295257,"c6":-1.63015679289959},"mare":0.000912604965994107,"rmse":0.000401527842766673,"mare_seq":[0.00979677089741167,0.0087566479808866,0.00844840709350547,0.00843874830495378,0.00843869785183168,0.00843859825305923,0.0083580025690942,0.00812433886091428,0.00801483186571786,0.00768425138515403,0.00662884876939884,0.00655183405417776,0.00638604820244093,0.00586681033064525,0.00565306855393223,0.00412100706540643,0.00370679205315163,0.0032084295502303,0.00288927120836922,0.00265083770498411,0.0023555928015993,0.00205077537389587,0.00203176062604394,0.00200392674842022,0.00179957641549623,0.00154951026043332,0.00143943253566713,0.00100553656789656,0.000964584785876055,0.000931518468954093,0.000912604965994107],"convergence":0,"press_dep":false,"press_rng":[1013.25,1013.25]}}
