{"fa_HJ2B_CCD3_M_band_3":{"type":"annular","coefficients":{"c1":1,"c2":0.607935527118263,"c3":-0.0765826925837616,"c4":0.140293636617333,"c5":-1.63727639822474,"c6":-0.310993751904878},"mare":0.000910346890595869,"rmse":0.000402734296454741,"mare_seq":[0.00866319531621742,0.00845107741880444,0.00836060792033018,0.00836060353386173,0.00836059730575867,0.00836059174612089,0.0083550023588036,0.00835490203169586,0.00817330591641824,0.0081125390560754,0.00524811965720774,0.00515959119463059,0.00435559463821136,0.00413274390861721,0.00311495380334851,0.00306115763594028,0.0030480728759049,0.00298752385977585,0.0028988088324642,0.00274331575202781,0.00267742890449924,0.00252647023835304,0.00214004334301603,0.00196147685721107,0.00160089209312963,0.00145520893492417,0.00135926154218895,0.00102516713244386,0.000949680721927414,0.000917459622837606,0.000910346890595869],"convergence":0,"press_dep":false,"press_rng":[1013.25,1013.25]}}
