{"fa_HJ2A_CCD3_M_band_5":{"type":"annular","coefficients":{"c1":1,"c2":0.339249243065312,"c3":-0.307988435177436,"c4":0.0832646923850079,"c5":-1.63370199454767,"c6":-0.0761675077509712},"mare":0.000840377231825104,"rmse":0.000339781235100399,"mare_seq":[0.00847121985417221,0.00841073868014081,0.00841073215954469,0.00841072737307566,0.00840388455729441,0.008326237738713,0.00775499219698686,0.00514208199774902,0.00513867546971742,0.0046217036587681,0.00423226228079721,0.00219016323555487,0.00217356835994187,0.00210648685476682,0.00202969137791068,0.00198053867314373,0.0018726072428171,0.00154123792347013,0.00151426983029875,0.00148537175440619,0.00137278466879193,0.00129093522957076,0.00128789498537927,0.00125306584081333,0.00114498506546208,0.000919131169453155,0.000907190780571211,0.000904969621368438,0.000862455338632834,0.000840894541258965,0.000840377231825104],"convergence":0,"press_dep":false,"press_rng":[1013.25,1013.25]}}
