{"fa_HJ2A_CCD1_M_band_3":{"type":"annular","coefficients":{"c1":1,"c2":0.603833125357845,"c3":-0.0760586649427978,"c4":0.863084731517031,"c5":-0.307937869614322,"c6":-1.67474585703984},"mare":0.000924649836689934,"rmse":0.000410998382177968,"mare_seq":[0.00855150230832111,0.00853564652058216,0.00845351759513037,0.00830101909643266,0.00748011728830379,0.00697259624316475,0.00662999028671917,0.0065447563119778,0.00511035953015972,0.00497879140334961,0.00374731650996867,0.00374126872805127,0.00357939296871609,0.00313980861269253,0.00304869559739672,0.00294614910823507,0.00285776667559819,0.00277580078838186,0.00262197355152766,0.00257098644465865,0.00233772708597903,0.00187843932908126,0.00186117794179918,0.00177118033406005,0.00155346005938708,0.00125298093810884,0.00120717562022375,0.00118630570019685,0.00115983923394463,0.000971218895966777,0.000924649836689934],"convergence":0,"press_dep":false,"press_rng":[1013.25,1013.25]}}
