{"fa_HJ2B_CCD1_U_band_1":{"type":"annular","coefficients":{"c1":1,"c2":0.46395639455783,"c3":-0.102599952480926,"c4":0.885297786409084,"c5":-0.340273342344469,"c6":-1.65945605742973},"mare":0.000765785540239449,"rmse":0.000356514938627071,"mare_seq":[0.00792732407204192,0.00713064695267413,0.00697171683131544,0.00695283026137777,0.00695074865213965,0.0069507192761751,0.00695071277352918,0.00695069833983374,0.00695068759566319,0.00694788316281844,0.00685947694691057,0.00679474235448196,0.00673857721250004,0.00627050717451576,0.0050402070342355,0.00458474749098356,0.00403237569025009,0.00321813881736481,0.00286285343881204,0.00241571701087577,0.00241449719876216,0.00240299787924848,0.00217094336169952,0.00216509367878067,0.00171383658723108,0.00132701618103126,0.00104819859323113,0.00102379325199469,0.000911436350787268,0.000769107550244085,0.000765785540239449],"convergence":0,"press_dep":false,"press_rng":[1013.25,1013.25]}}
