{"fa_HJ2B_CCD4_C_band_3":{"type":"annular","coefficients":{"c1":1,"c2":0.422244406063279,"c3":-0.30467801393382,"c4":0.0745934204407233,"c5":-1.66659579963688,"c6":-0.0883054461712531},"mare":0.000730821348688364,"rmse":0.000331612144693032,"mare_seq":[0.00760000263492638,0.00694178044726019,0.00684739391960979,0.00684667275891395,0.00684253031274736,0.00683361416319063,0.00683132975845608,0.00683122882818201,0.00683122558945278,0.0068114910670604,0.00676042261686481,0.00597493805396723,0.00566573622560652,0.00347230038221955,0.0034513993722459,0.00309643904585211,0.00307969804546655,0.00263499190947814,0.0025866842818879,0.00244968404963312,0.00214172242858359,0.00201927853008773,0.00113748277457771,0.00103644182883344,0.00102697315876677,0.00095369017043529,0.000884531467885439,0.000804595775613329,0.000784009144273137,0.000766603708690483,0.000730821348688364],"convergence":0,"press_dep":false,"press_rng":[1013.25,1013.25]}}
