{"fa_HJ2B_CCD2_U_band_1":{"type":"annular","coefficients":{"c1":1,"c2":0.476351683634853,"c3":-0.104201929579849,"c4":0.109026176634695,"c5":-1.73542080537217,"c6":-0.348991451512075},"mare":0.000799530404345931,"rmse":0.000425977206613737,"mare_seq":[0.00711522329178582,0.00689271374238587,0.00689267530731862,0.00689263061295925,0.00689262647312584,0.00689262529577355,0.00689262361892501,0.00689262062986447,0.00689261540963397,0.00689260154862072,0.00687477975249796,0.00680101260789528,0.00566519418885785,0.00287290616513378,0.00259174630700757,0.00252864126206369,0.00232327043863834,0.00216469589659811,0.00212412731574762,0.00188646740057411,0.00170062428311483,0.00164941026192844,0.00159793971192814,0.00133780605217168,0.00117421238468638,0.00108637806376785,0.00094731935317844,0.000892556364451914,0.000806881672114713,0.000800895038407356,0.000799530404345931],"convergence":0,"press_dep":false,"press_rng":[1013.25,1013.25]}}
