{"fa_HJ2A_CCD4_M_band_3":{"type":"annular","coefficients":{"c1":1,"c2":0.604039324446688,"c3":-0.076105652409177,"c4":0.139706679360992,"c5":-1.63815610841387,"c6":-0.307754683811668},"mare":0.000952877495994206,"rmse":0.000388197020562161,"mare_seq":[0.00841490282358313,0.00841484119546945,0.00841483338319961,0.00841482178568708,0.00841205401428296,0.00840372552201236,0.00830291392395724,0.0081616539218388,0.00750408996722365,0.00729834010701497,0.00635941830869493,0.00574650430933944,0.00548447914133362,0.00538734863401688,0.00427457879160882,0.00329074723295086,0.0029147129549694,0.0027853797171754,0.00259842300052171,0.00244471679842456,0.00215977187915523,0.00215629468032668,0.00184835692570323,0.00171202049583962,0.00171196849546465,0.00155009689691869,0.00145719753428373,0.00144539169178936,0.00143543114447557,0.000992794915746091,0.000952877495994206],"convergence":0,"press_dep":false,"press_rng":[1013.25,1013.25]}}
