{"fa_HJ2A_CCD4_M_band_2":{"type":"annular","coefficients":{"c1":1,"c2":0.0553493461056549,"c3":-1.66332420277875,"c4":0.361598417838601,"c5":-0.30681113770917,"c6":-0.0762574515415162},"mare":0.00096502689363094,"rmse":0.000384562782493231,"mare_seq":[0.00865914445619862,0.00861775064540394,0.00861390415241815,0.00861389058673699,0.00861207148230241,0.0086079486011215,0.00839016038945091,0.0074961882452299,0.00699758881177148,0.00695288818415703,0.00642275897865377,0.00500867249791291,0.00453003868429959,0.00349343554995749,0.002973321812308,0.00294770541934024,0.0026903755083598,0.00267510635734871,0.00228769642392262,0.00202221737651418,0.00197557830734345,0.00156715584248361,0.00135854474612668,0.00130896059293285,0.00125135636238289,0.00114666936929916,0.00106291469067058,0.000989288940977641,0.000965214257661391,0.000965083712694039,0.00096502689363094],"convergence":0,"press_dep":false,"press_rng":[1013.25,1013.25]}}
