{"fa_HJ2B_CCD1_U_band_3":{"type":"annular","coefficients":{"c1":1,"c2":0.465689818354126,"c3":-0.105583153182101,"c4":0.888962597245635,"c5":-0.348880286709514,"c6":-1.67212240859688},"mare":0.000733687479132711,"rmse":0.000385334963022805,"mare_seq":[0.00715840297999059,0.00669633443637921,0.00669624960344604,0.00669623062961308,0.00666810364985379,0.00666298369959067,0.00664772602344845,0.00617363404412273,0.00575867333078797,0.00550888976949874,0.0050517111414028,0.00502508022325411,0.00253619803827463,0.00251149714775336,0.00246490585850854,0.002343725674561,0.00216614784286093,0.00215782525406999,0.00172267086714698,0.00135482820908425,0.00131963032520464,0.00127681669214026,0.00116655704715831,0.000994135070099827,0.000926299291709024,0.000905465297295105,0.000883881233525188,0.000764194545284755,0.000737200259862606,0.00073429849159436,0.000733687479132711],"convergence":0,"press_dep":false,"press_rng":[1013.25,1013.25]}}
