{"fa_HJ2B_CCD3_M_band_4":{"type":"annular","coefficients":{"c1":1,"c2":0.60162745160015,"c3":-0.0754104360699598,"c4":0.139228327890744,"c5":-1.62651869565375,"c6":-0.303421430721339},"mare":0.000841012694363342,"rmse":0.000380298890765875,"mare_seq":[0.00914476742326619,0.00897858074169361,0.00837170147634861,0.00837168089414619,0.00837165354601501,0.00656436933326073,0.00529900664345852,0.00491326780816085,0.00476852379115405,0.00427932633426386,0.0041567426830663,0.00367743257647615,0.00350135793741631,0.0031294627354941,0.00312226906707183,0.00297508519687437,0.00243019510972246,0.00239593342293361,0.0023661392584998,0.00223782461545952,0.00217086851288826,0.00202039345036962,0.00187810129445788,0.00175046079339239,0.00135703013689608,0.00113598376870607,0.00108120461203157,0.000906976730686196,0.00084282657478887,0.00084248037297752,0.000841012694363342],"convergence":0,"press_dep":false,"press_rng":[1013.25,1013.25]}}
