{"fa_HJ2A_CCD1_U_band_1":{"type":"annular","coefficients":{"c1":1,"c2":0.474255834915144,"c3":-0.104013368414513,"c4":0.888586191400002,"c5":-0.346646370832259,"c6":-1.71201846865821},"mare":0.000817944968652144,"rmse":0.000406654072993855,"mare_seq":[0.00766541147424132,0.00694056475152211,0.00694055857067625,0.0069275075867655,0.00663815783102161,0.00648734733925292,0.00608816637778867,0.00606397359528743,0.00587590558008741,0.00558009790215029,0.00551489358705352,0.0051646386387054,0.00395552361965526,0.00375123883260605,0.003731358587066,0.00319511463009986,0.00255763874543376,0.00203340559574444,0.00201643851789223,0.00176555529426481,0.00171389351916029,0.00165214936061672,0.00144590526518093,0.00117062760733085,0.00109388086331086,0.000917445401880113,0.00084533307991445,0.000838673070031468,0.000838524487277591,0.000822913063644409,0.000817944968652144],"convergence":0,"press_dep":false,"press_rng":[1013.25,1013.25]}}
