{"fa_HJ2A_CCD3_U_band_3":{"type":"annular","coefficients":{"c1":1,"c2":0.458373945387277,"c3":-0.104607885150004,"c4":0.112324409919813,"c5":-1.65148936804321,"c6":-0.344293383210437},"mare":0.000782007663482088,"rmse":0.000380064050966283,"mare_seq":[0.00834421136468366,0.00671624212577115,0.00671582719361687,0.00671582065059124,0.00671396598438852,0.00642386323317204,0.00540189735106029,0.00522708550040536,0.00434121678747818,0.00354840633329756,0.00277337833225873,0.00272777485459312,0.00263109420130969,0.00249401916931858,0.00229946970688922,0.00226889318018537,0.00222541324167699,0.00198170292798737,0.00184294427504446,0.00184014342588132,0.00178420840495161,0.00133024795968235,0.00126814590769877,0.000915817248979476,0.000860424411478308,0.000851711579923376,0.000810042762122585,0.000796512379804013,0.000794850387074159,0.000782278590920652,0.000782007663482088],"convergence":0,"press_dep":false,"press_rng":[1013.25,1013.25]}}
