{"fa_HJ2B_CCD4_U_band_5":{"type":"annular","coefficients":{"c1":1,"c2":0.46384060428918,"c3":-0.10666897889255,"c4":0.8899328337088,"c5":-0.352050351174764,"c6":-1.69900318828146},"mare":0.000818494706273295,"rmse":0.000434685973234433,"mare_seq":[0.00694369653599734,0.00678768249626407,0.0066683132777542,0.00666830815729052,0.00666785792681376,0.00666415324894834,0.00666380229192272,0.00657393296244224,0.00617666137013637,0.00512812455093792,0.00449527041315756,0.00442993941795647,0.00328062322562642,0.00326634898971729,0.00296572709811233,0.00239936737682239,0.00186228671197773,0.0017357988172768,0.00164183015907439,0.00153094208508867,0.00126022716211785,0.00122298105648046,0.0010929881041049,0.00104852265039251,0.00100514825987689,0.000856511255863317,0.000851841193805621,0.000834023665922313,0.000822896141679188,0.000819522405994516,0.000818494706273295],"convergence":0,"press_dep":false,"press_rng":[1013.25,1013.25]}}
