{"fa_HJ2A_CCD4_C_band_2":{"type":"annular","coefficients":{"c1":1,"c2":0.417260767876767,"c3":-0.30189410200495,"c4":0.0725353639761058,"c5":-1.68077423078743,"c6":-0.0873405878985035},"mare":0.000693614178418893,"rmse":0.000339138384185378,"mare_seq":[0.006938935906993,0.00691100427673385,0.00687117479524325,0.00687117384436141,0.0068711646048715,0.00687114379977234,0.00686853711984015,0.00684031196303526,0.00639006379057389,0.00612251834385691,0.00591105477757762,0.00588990839047299,0.00468151830075767,0.00447313863531793,0.00422452911065337,0.00333945341003781,0.00227253188824779,0.00215241822882162,0.00215059545088208,0.00206755794510924,0.00205931755599647,0.00146970595859626,0.00127735320936185,0.00108599611213953,0.000891238166053965,0.000824384978604052,0.000741917979227582,0.000715142452843255,0.00069791876362025,0.0006967300554023,0.000693614178418893],"convergence":0,"press_dep":false,"press_rng":[1013.25,1013.25]}}
