{"fa_HJ2B_CCD1_C_band_5":{"type":"annular","coefficients":{"c1":1,"c2":0.425475144581622,"c3":-0.306269377162175,"c4":0.923856618520002,"c5":-0.0888889888103465,"c6":-1.70014033142984},"mare":0.000677760015997194,"rmse":0.00033131920404977,"mare_seq":[0.00690576310119805,0.00687241145435594,0.00687236304554936,0.00687234623032383,0.00630121356855607,0.00620081549146781,0.00471396672147541,0.00462887791041167,0.00371650186607314,0.00327765753483604,0.00265021559265649,0.00213913534698889,0.00207827509683874,0.0020686724623203,0.00205781038289534,0.00194083212319268,0.00188522590056138,0.00183735151936386,0.00135917490512545,0.00132120581776744,0.00115436268811564,0.00113045559056898,0.00100177218530364,0.000984254662092077,0.00097574312785373,0.000954609399903833,0.000829257998349235,0.000751924851509084,0.000691978729723483,0.000678183912057066,0.000677760015997194],"convergence":0,"press_dep":false,"press_rng":[1013.25,1013.25]}}
