{"fa_HJ2B_CCD4_M_band_4":{"type":"annular","coefficients":{"c1":1,"c2":0.60608686387025,"c3":-0.0759134665053481,"c4":0.138258178270985,"c5":-1.6248596328218,"c6":-0.307416252502524},"mare":0.000873069451012722,"rmse":0.000382815704420719,"mare_seq":[0.00856626438815527,0.0082683323408331,0.00826069183606701,0.00826048189743827,0.00826039934857165,0.0082603786312237,0.00813927133975163,0.00813018498211427,0.00756275619697455,0.00752252440638568,0.0066311267653494,0.00632124006527323,0.0051501991314161,0.00513908703115254,0.00328751166456105,0.00273350944788578,0.00253515086613749,0.0023395579355156,0.00225875087381831,0.00213182385635373,0.00180930580754269,0.00176956489878578,0.00175917659107085,0.0016066688453686,0.00144356473827158,0.00143240369146291,0.0013215820517265,0.00130558187652244,0.00108312364936447,0.000874727180193565,0.000873069451012722],"convergence":0,"press_dep":false,"press_rng":[1013.25,1013.25]}}
