{"fa_HJ2B_CCD1_C_band_2":{"type":"annular","coefficients":{"c1":1,"c2":0.0432990216311302,"c3":-1.63612566242169,"c4":0.563903967902932,"c5":-0.0871776374538538,"c6":-0.301338640098592},"mare":0.000717355427724132,"rmse":0.000311487072677714,"mare_seq":[0.00691048370554989,0.0067935880726407,0.00679332944989057,0.00679332416571184,0.00679217696671947,0.00677649302857376,0.00606532082980833,0.00596096586696121,0.0046969312965636,0.00339662322325389,0.00276809775999251,0.00267921102308906,0.0025632175544479,0.00229496174368355,0.00224574042200074,0.00222491718028668,0.00219196314723386,0.00205492152085764,0.0017761453323582,0.00161739937268478,0.00133913681028558,0.00122501474196568,0.00110572429410039,0.00109237832772405,0.0010080871490027,0.000971834315245194,0.000944169208912707,0.000937429183428615,0.000726370407543827,0.000723075719775267,0.000717355427724132],"convergence":0,"press_dep":false,"press_rng":[1013.25,1013.25]}}
