{"fa_HJ2A_CCD1_U_band_4":{"type":"annular","coefficients":{"c1":1,"c2":0.0604897525471551,"c3":-1.69833409934413,"c4":0.517883212438764,"c5":-0.355488809517401,"c6":-0.108202072650837},"mare":0.000749982825421323,"rmse":0.000384792697402486,"mare_seq":[0.00719423970031819,0.00670249410093202,0.00670249066547722,0.00670248955445926,0.00666317764215085,0.00647118803444991,0.0061806092204631,0.00613564840669427,0.00554408404662519,0.00506298921627599,0.00413547725787064,0.00289304017953928,0.00249264122981075,0.00241257142308798,0.00233661924184521,0.00209511211088867,0.00188249033592459,0.00185786734744148,0.00179152391426092,0.00161982591036425,0.00160064865630397,0.00149561597550009,0.00140192877996716,0.00124578867118303,0.00119699375783333,0.00112137142773878,0.00110069236410659,0.000780418387346051,0.000753042631042039,0.000750676340614,0.000749982825421323],"convergence":0,"press_dep":false,"press_rng":[1013.25,1013.25]}}
