{"fa_HJ2B_CCD1_U_band_2":{"type":"annular","coefficients":{"c1":1,"c2":0.465444382423593,"c3":-0.103727971555806,"c4":0.887605084382248,"c5":-0.3429184289714,"c6":-1.66194635232052},"mare":0.00074049813680581,"rmse":0.000390009886689625,"mare_seq":[0.00680075352648346,0.0067933409076815,0.00679327100167159,0.00602276985982554,0.00511597484136368,0.00486167130224452,0.0044299514524049,0.00384412278609184,0.00375304636439996,0.00300919445043828,0.00281319289115294,0.00256252561504212,0.00255313717649764,0.00244351673808145,0.0022627301515665,0.00203558783998708,0.00186483961003744,0.00159825079619522,0.00156774082794696,0.00155552996505688,0.00135673985298022,0.00131266399197864,0.00119712651873354,0.00119334477942144,0.00115101810306364,0.000835187912563621,0.000813567899377068,0.000806554561502481,0.000787132244948609,0.000740560195446953,0.00074049813680581],"convergence":0,"press_dep":false,"press_rng":[1013.25,1013.25]}}
