{"fa_HJ2A_CCD1_M_band_5":{"type":"annular","coefficients":{"c1":1,"c2":0.608472123682643,"c3":-0.0764870886040992,"c4":0.136919921101678,"c5":-1.66268869899167,"c6":-0.311884768486082},"mare":0.00085984432853753,"rmse":0.000394599399153238,"mare_seq":[0.00860952271530967,0.00835927246273249,0.00835912936092836,0.00835912880684134,0.00835912757194265,0.00835755446296214,0.00835697689764505,0.00834776431184787,0.00826836385640374,0.00800740868243433,0.00786105233605143,0.00782124845954734,0.00761441498283234,0.00609025176675927,0.00569359195120946,0.00455041479321846,0.004422902366787,0.00432482505781976,0.00357100227725014,0.00312789284180662,0.00311227767416979,0.00254327966861539,0.00221619846345542,0.00147338107591001,0.00136131775517846,0.00134148434273061,0.00112267765885899,0.00111855608314274,0.000987290021868473,0.000957503438719392,0.00085984432853753],"convergence":0,"press_dep":false,"press_rng":[1013.25,1013.25]}}
