{"fa_HJ2B_CCD1_M_band_4":{"type":"annular","coefficients":{"c1":1,"c2":0.600046519895407,"c3":-0.0752662894957285,"c4":0.862032350701031,"c5":-0.303459268744824,"c6":-1.64058052152211},"mare":0.000878182840137039,"rmse":0.000362488639294455,"mare_seq":[0.00853895370751708,0.00851138457993965,0.00851018862733844,0.00850759815949175,0.00850673862257657,0.00848897601494082,0.00846800578362543,0.00740744559785997,0.00703752012997059,0.00549973573587487,0.00453235103335076,0.00372335463116548,0.00337984705874603,0.0032951136562367,0.00323646122245056,0.00292591029321129,0.00277571810891385,0.00275029878944239,0.00228008608159936,0.0017735871705591,0.00167238867730994,0.00135544744860771,0.00131453936671938,0.00129401197045535,0.00127669227782304,0.00124767508117543,0.000921725564445279,0.00089996055625695,0.000894296541447602,0.000878607047110475,0.000878182840137039],"convergence":0,"press_dep":false,"press_rng":[1013.25,1013.25]}}
