{"fa_HJ2B_CCD3_C_band_1":{"type":"annular","coefficients":{"c1":1,"c2":0.553710294655989,"c3":-0.0875947434560757,"c4":0.0935132345976407,"c5":-1.68718533770636,"c6":-0.305502208656722},"mare":0.000747152110240393,"rmse":0.000372131935020431,"mare_seq":[0.00686781919301001,0.00686780071080877,0.0068677910475419,0.00686778062199758,0.00686776462366954,0.00686776241843164,0.00686706351429513,0.00667771254997083,0.00651612840980993,0.0062362155314863,0.00595317503701279,0.00558786717610598,0.00521194806161934,0.00441334786200884,0.00284709488945823,0.00270358952495343,0.00253727392283084,0.00235328774367134,0.00200562801284215,0.00191320018478935,0.00175325915723411,0.00149530967379104,0.00129446212443907,0.00118513396162911,0.00106753159622605,0.00105064024359993,0.00103711221251144,0.000930656261070726,0.000766281150755177,0.000757076696236887,0.000747152110240393],"convergence":0,"press_dep":false,"press_rng":[1013.25,1013.25]}}
