{"fa_HJ2A_CCD4_C_band_3":{"type":"annular","coefficients":{"c1":1,"c2":0.413912603248817,"c3":-0.310514468719758,"c4":0.0710031289566047,"c5":-1.70872477714134,"c6":-0.0894896311199118},"mare":0.000795192462420305,"rmse":0.000392483596289655,"mare_seq":[0.00680270252126665,0.00676704452714063,0.00676695317437542,0.00676693019847917,0.00676585154647231,0.00675162104902187,0.00668682118798747,0.00622149458951667,0.00615024216453147,0.00607473698814832,0.00580556019013101,0.00565658302519094,0.00514041898231714,0.00295918469063757,0.00280562690831191,0.00262287844007675,0.00250722598601905,0.00248871343730989,0.00188281367665874,0.00174815786094864,0.00154530917208667,0.00149884342044448,0.00135901210959666,0.00132103776762859,0.00130976973718937,0.00112226215994117,0.00111130750028592,0.000975944504623974,0.000975345228220606,0.000953645911704639,0.000795192462420305],"convergence":0,"press_dep":false,"press_rng":[1013.25,1013.25]}}
