{"fa_HJ2B_CCD3_U_band_1":{"type":"annular","coefficients":{"c1":1,"c2":0.471003096737728,"c3":-0.103404754785093,"c4":0.107442581558967,"c5":-1.75487091114083,"c6":-0.346390366440527},"mare":0.000825060588577843,"rmse":0.000404079496612623,"mare_seq":[0.00810293015294067,0.00728140244982392,0.00700986749711734,0.00700985891299168,0.00700985168141557,0.00700984913630078,0.00700984722261928,0.00674984658820651,0.00673795667762644,0.00672878429724788,0.00645368590045112,0.0062003031493915,0.00615224234104691,0.00504620314282601,0.00472455481895896,0.00405853597230933,0.00358187558829572,0.00348248572913389,0.00269553076861925,0.00255030713834541,0.00220802964710604,0.00220690346327684,0.00220131453828046,0.00213054287452856,0.00195441386924409,0.000928669659370196,0.000904915794667769,0.000875956904194008,0.000867388174343981,0.000860643287890447,0.000825060588577843],"convergence":0,"press_dep":false,"press_rng":[1013.25,1013.25]}}
