{"fa_HJ2B_CCD4_M_band_2":{"type":"annular","coefficients":{"c1":1,"c2":0.605272784989297,"c3":-0.0764528054906406,"c4":0.861245487786524,"c5":-0.308973658691746,"c6":-1.68432692651874},"mare":0.000904434036778151,"rmse":0.000375072252796667,"mare_seq":[0.0402765093474106,0.00859531847310719,0.00859417486880374,0.00859407237170304,0.00859407056692782,0.00859406821606471,0.00856220028465448,0.0084049307081542,0.0081393680492715,0.00738243788996038,0.00681515716876035,0.00667573299332432,0.00633914930586099,0.005675219442144,0.00528804725934559,0.00464303826450925,0.00297497463820526,0.00295724396826244,0.00252483518208889,0.00231363067156156,0.00219417981320517,0.00213198540821503,0.00211647971168503,0.0019643263043414,0.00126337422031896,0.00111415141066991,0.000941792681868493,0.000934242237536538,0.00090572309124657,0.000905567156198819,0.000904434036778151],"convergence":0,"press_dep":false,"press_rng":[1013.25,1013.25]}}
