{"fa_HJ2B_CCD2_M_band_4":{"type":"annular","coefficients":{"c1":1,"c2":0.604357484192561,"c3":-0.0757454998531085,"c4":0.861015722570682,"c5":-0.305698177331544,"c6":-1.62683710250285},"mare":0.000826395474761918,"rmse":0.000355224950257833,"mare_seq":[0.00850130457450234,0.00844124109711526,0.00839164703370522,0.00839157300545124,0.00839156727792473,0.00836664576310163,0.00597455391203479,0.00589333605209975,0.00588192629901618,0.00528613995045645,0.00420262749189947,0.00358416122275922,0.0032619452260456,0.00324550313842866,0.00308123363176226,0.0028996761551625,0.00259890441757652,0.00215739165443407,0.00175184145243626,0.00161743033855904,0.00157694822963609,0.00144164896566664,0.0010940794862598,0.00106384659294324,0.000935057066796998,0.00092715589436883,0.000880380240360743,0.000863639586039347,0.000861029852360842,0.000850650457297352,0.000826395474761918],"convergence":0,"press_dep":false,"press_rng":[1013.25,1013.25]}}
