{"fa_HJ2B_CCD3_C_band_5":{"type":"annular","coefficients":{"c1":1,"c2":0.534131624023507,"c3":-0.0892537623789549,"c4":0.0948444919965854,"c5":-1.67569699791203,"c6":-0.307938793133278},"mare":0.000680356463412822,"rmse":0.00033343688106489,"mare_seq":[0.00818230144344063,0.00709079876489345,0.00691599096720863,0.00684219109456079,0.0068363556911633,0.00683602834432295,0.00683601846070424,0.00683595682962394,0.00683591174006723,0.0068359077793212,0.00683590279367297,0.00683590139245641,0.00683560462820435,0.00683448404267542,0.00679241559056958,0.00676126302149367,0.00597831260700282,0.00541292801793656,0.00279560375409691,0.00238708371495716,0.00223606854986707,0.00207983468389884,0.00195657456077824,0.000982631217561433,0.000747568864618815,0.000732470447220313,0.000709269440952972,0.000699728892709996,0.000693631194683365,0.000680930809002928,0.000680356463412822],"convergence":0,"press_dep":false,"press_rng":[1013.25,1013.25]}}
