{"fa_HJ2A_CCD1_U_band_2":{"type":"annular","coefficients":{"c1":1,"c2":0.469884853742859,"c3":-0.104326838097494,"c4":0.890065811064927,"c5":-0.346949515615068,"c6":-1.6988709343267},"mare":0.000806918329908362,"rmse":0.000409151759646076,"mare_seq":[0.00685115824013015,0.00682653427405671,0.0067456287714259,0.00667205665379365,0.00542084294134717,0.0048026788396593,0.00339794292331711,0.0033393197184181,0.00323082964694311,0.00301414330345686,0.00291772065219975,0.00245751704405637,0.00231421936376878,0.00211133105135688,0.00171871640047588,0.00165976740703068,0.00145449705267681,0.00126561497877919,0.00123525282337009,0.00121389487216262,0.00101382696296496,0.000969360485682675,0.000967781730801894,0.000956128535096814,0.000885368553578648,0.00086528362663855,0.00086076997249317,0.000845818432499983,0.000809458788676064,0.000808332409299918,0.000806918329908362],"convergence":0,"press_dep":false,"press_rng":[1013.25,1013.25]}}
