{"fa_HJ2B_CCD1_U_band_5":{"type":"annular","coefficients":{"c1":1,"c2":0.481945858377363,"c3":-0.347636120354495,"c4":0.883513958206697,"c5":-0.10583757372919,"c6":-1.66593786919371},"mare":0.000730568210037714,"rmse":0.000407837251275772,"mare_seq":[0.00663261949346992,0.00660348981316378,0.00660348914475052,0.00660347834020963,0.00660347632564764,0.006603468517992,0.00660062349691832,0.00660056304674114,0.0065994775146136,0.00659465331677143,0.0065769604136738,0.00652066542397795,0.00643118095495254,0.00641470047509101,0.00631476130537764,0.00606284142366338,0.00421776826046357,0.00285827632415097,0.00283110225528119,0.00231471606398663,0.00214207733715955,0.00188496993283047,0.00175181987139279,0.00164475283383596,0.00154646161942806,0.00142172909455412,0.00124629928480375,0.00108649047130495,0.00103978021212031,0.000957831788117285,0.000730568210037714],"convergence":0,"press_dep":false,"press_rng":[1013.25,1013.25]}}
