{"fa_HJ2A_CCD3_U_band_5":{"type":"annular","coefficients":{"c1":1,"c2":0.479084526469534,"c3":-0.351481675488276,"c4":0.112825467951604,"c5":-1.70489211683372,"c6":-0.10639386501937},"mare":0.000689832785473708,"rmse":0.000386992685722232,"mare_seq":[0.00694942272079346,0.00674910830842739,0.00672508905128695,0.00672303458803967,0.00672297012325995,0.00672295712120246,0.0066975373760694,0.006693386151315,0.00632553909885327,0.00504470422626394,0.00490406019384791,0.0044078609845488,0.003978018873653,0.00382839122937138,0.00329371380344662,0.00288039611106575,0.00268570464263142,0.00209222436591177,0.00177579397013187,0.00177233185480747,0.00167540295776258,0.00166103538095283,0.00137364006306261,0.000967533609845543,0.000908871239887279,0.00086927859097156,0.000742303961110678,0.000697164703404108,0.000691468372039125,0.000689906606514629,0.000689832785473708],"convergence":0,"press_dep":false,"press_rng":[1013.25,1013.25]}}
