{"fa_HJ2B_CCD4_U_band_3":{"type":"annular","coefficients":{"c1":1,"c2":0.463165319100671,"c3":-0.363841735590505,"c4":0.90328876188219,"c5":-0.108123317595694,"c6":-1.83789513427199},"mare":0.000751208400904526,"rmse":0.000488129824885365,"mare_seq":[0.00676599214322729,0.00676598714261255,0.00676597280233012,0.00676597051579326,0.00676597047814304,0.00676597029528516,0.00676596808425638,0.00676596689869469,0.00675055589656714,0.00673481446027346,0.00665708282553845,0.00663432403222938,0.00506756738590545,0.00430095897858335,0.00329258759819407,0.00325751800079185,0.00271574225239719,0.00271009342112813,0.00270972037206551,0.00230561993570997,0.00225550234385639,0.00198252041624568,0.00176159967407638,0.00149010745550408,0.00121167879888825,0.00113464698109771,0.00112519831221391,0.0011021651028735,0.00103525851061441,0.000894280813121155,0.000751208400904526],"convergence":0,"press_dep":false,"press_rng":[1013.25,1013.25]}}
