{"fa_HJ2A_CCD2_U_band_2":{"type":"annular","coefficients":{"c1":1,"c2":0.478550650992286,"c3":-0.341145030778607,"c4":0.884434462389487,"c5":-0.102983850110391,"c6":-1.65853764887679},"mare":0.000769007542002375,"rmse":0.000364837365910595,"mare_seq":[0.00684491400710027,0.00683823538753429,0.00683539510510098,0.0068353773264841,0.00656638702470803,0.00629526917178993,0.00611816889104969,0.0061156706095424,0.00573700018315988,0.00538585461817608,0.00531475846715218,0.0044804567925476,0.00405955419197246,0.00305800823822279,0.0028434115579953,0.00278961550075814,0.00271958994337073,0.00115826131457052,0.00111757882112503,0.000972297822317578,0.00095100081810403,0.000852512944634885,0.000826080911981276,0.000801286036403257,0.000778835363429114,0.000774761583742306,0.000773197977199294,0.000771053626315604,0.000769082938406186,0.000769069297370521,0.000769007542002375],"convergence":0,"press_dep":false,"press_rng":[1013.25,1013.25]}}
