{"fa_HJ2B_CCD2_U_band_4":{"type":"annular","coefficients":{"c1":1,"c2":0.451234209447607,"c3":-0.108093584786843,"c4":0.886193078748698,"c5":-0.353710811335099,"c6":-1.67657447100653},"mare":0.000717294762431033,"rmse":0.000387053377649676,"mare_seq":[0.00868961851706611,0.00724796803409723,0.00667652283484986,0.00667480391509119,0.00667480333080217,0.00667479110223428,0.00667478783475296,0.00649289712821049,0.00616060691887687,0.00450458170130144,0.00429485723677883,0.00375204624408199,0.00297217822458212,0.00253316913071795,0.00225157978335223,0.00221648641374729,0.00219837107905974,0.00212257284325854,0.00184223878353411,0.00157650180780802,0.00149181546848071,0.00129471490232735,0.00126008312910977,0.000997279381365693,0.000905915164594997,0.00074041525392279,0.000726018371891788,0.000721045139754052,0.00071734107717707,0.000717328845104536,0.000717294762431033],"convergence":0,"press_dep":false,"press_rng":[1013.25,1013.25]}}
