{"fa_HJ2A_CCD3_C_band_1":{"type":"annular","coefficients":{"c1":1,"c2":0.0423780274836997,"c3":-1.67223818661178,"c4":0.432458055068833,"c5":-0.300801800911068,"c6":-0.0865158845070959},"mare":0.000718837033181882,"rmse":0.000328024177535463,"mare_seq":[0.0070020182981245,0.00693110284797942,0.00688703988043787,0.00685083835267121,0.00685083526105048,0.00685083314069667,0.00685083217945598,0.00685082876411029,0.00685082693857021,0.00685007841736505,0.00582464626716253,0.00544782545418794,0.00531289078213785,0.00530095036426532,0.00460936659279404,0.00248093951507237,0.00247712346162787,0.00240839569869202,0.00194167455865457,0.00168838582323034,0.00163056420330955,0.00158458145305721,0.00139026639176498,0.00131549632441381,0.00116487147929272,0.00115006705232765,0.00108969607743383,0.00107460522439322,0.000966347231154843,0.000833281640107558,0.000718837033181882],"convergence":0,"press_dep":false,"press_rng":[1013.25,1013.25]}}
