{"fa_HJ2A_CCD1_M_band_2":{"type":"annular","coefficients":{"c1":1,"c2":0.356236411224736,"c3":-0.290648463148525,"c4":0.90549791352211,"c5":-0.074211009213946,"c6":-1.56882047172685},"mare":0.000968622641976927,"rmse":0.000341096243700384,"mare_seq":[0.0100579787002441,0.00925719000897514,0.00853122060243851,0.00852682800430395,0.00852607264929367,0.00852605055511517,0.00852592717789254,0.00852585398009075,0.00851642350561677,0.00848316529292773,0.00810429151085671,0.00718487383520193,0.00715195452596777,0.00570160132394281,0.00508583760016875,0.00471445175819265,0.00412623925183943,0.00308897164258168,0.0024425479872036,0.0024102397190367,0.00233338803900243,0.0023225327417479,0.00199810421119429,0.00197992836304266,0.00160695792286057,0.00142840244841317,0.00137206922104581,0.00117082833291017,0.00107582325342057,0.00104890183310514,0.000968622641976927],"convergence":0,"press_dep":false,"press_rng":[1013.25,1013.25]}}
