{"fa_HJ2A_CCD4_C_band_4":{"type":"annular","coefficients":{"c1":1,"c2":0.5251637118398,"c3":-0.0901330060950715,"c4":0.0980020030657739,"c5":-1.68041653154038,"c6":-0.310947696515904},"mare":0.000729407698780925,"rmse":0.000336947653868964,"mare_seq":[0.0764926796600331,0.00698431537230073,0.00698401173224335,0.00698387767769794,0.00698385931206214,0.00698384291774493,0.00689968878794022,0.00689606056654133,0.00683564141819603,0.00583532311489216,0.00561340038320274,0.00482293114887705,0.00480176450467824,0.00330056760768827,0.00271520684108192,0.00246622951670369,0.00206088887983639,0.00185591888072906,0.001751064641079,0.00171031235727923,0.00167695753574863,0.00140731427841449,0.00112788129214201,0.000959841374046221,0.000916620995963771,0.000860668295306892,0.000814101429460201,0.000739466657348058,0.000735362477506458,0.000730415031396906,0.000729407698780925],"convergence":0,"press_dep":false,"press_rng":[1013.25,1013.25]}}
