{"fa_HJ2A_CCD2_C_band_5":{"type":"annular","coefficients":{"c1":1,"c2":0.0444168381437025,"c3":-1.66653299250997,"c4":0.450558388079762,"c5":-0.303912640228795,"c6":-0.0881736178709328},"mare":0.000731030590652229,"rmse":0.000321642225797057,"mare_seq":[0.00687192207115404,0.00686783516291835,0.00686524737816102,0.00686510260045697,0.0068650993664297,0.00686508505704027,0.00685984659306018,0.00674674081173628,0.00672722242132028,0.00662469581315728,0.00645631481772264,0.00611372171296352,0.00608743155708769,0.00513453544530288,0.00259958940262614,0.00256593046693189,0.00214833549118309,0.00198084781603353,0.00194135089591138,0.00173450659824121,0.00167970355055471,0.00167668511088414,0.00145941823044126,0.00137102990020467,0.00134098320937753,0.00107308695652842,0.000969217034907569,0.000867303434017737,0.000747174181901862,0.000736576660951595,0.000731030590652229],"convergence":0,"press_dep":false,"press_rng":[1013.25,1013.25]}}
