{"fa_HJ2B_CCD2_M_band_2":{"type":"annular","coefficients":{"c1":1,"c2":0.601458764715367,"c3":-0.0761133210056557,"c4":0.142072980740791,"c5":-1.63176488987014,"c6":-0.304449816742215},"mare":0.000888172727755965,"rmse":0.000356233332375423,"mare_seq":[0.00860826041816839,0.00852340200418177,0.00852269847936092,0.00852260207967312,0.00851895477913468,0.00847187449981199,0.0083951267393313,0.00833782163025102,0.00709352281691111,0.00623211027272761,0.00487673193202039,0.00386184730124061,0.00338764184991718,0.00297647342956873,0.00277595460019054,0.00268897124154277,0.00237070785471085,0.00221408715997331,0.00202803183531622,0.00201515142739292,0.00197970633180926,0.00172150505807212,0.0016976421072583,0.0015648319693759,0.0013161177012704,0.00122942878239322,0.00103225367393977,0.00100748831370995,0.000931153957743427,0.000888869857484331,0.000888172727755965],"convergence":0,"press_dep":false,"press_rng":[1013.25,1013.25]}}
