{"fa_HJ2B_CCD2_C_band_5":{"type":"annular","coefficients":{"c1":1,"c2":0.517991143946938,"c3":-0.0874793133287339,"c4":0.898683083270293,"c5":-0.297077116217021,"c6":-1.55027645057657},"mare":0.000782962023183286,"rmse":0.000295341357926818,"mare_seq":[0.00742809003458404,0.00704518967685026,0.00685718202730482,0.00682475029679086,0.00682474412080199,0.00682473442730797,0.0068246997222581,0.00660070271404228,0.00626019086746893,0.00596134766587914,0.00574489656355591,0.00490060556680871,0.00453920288409901,0.00398269976899818,0.00395319602126297,0.00353079946540387,0.00238183971691302,0.00237448152927294,0.00232974315055124,0.00232407341440961,0.00201959128079864,0.0017827534132326,0.0016214713092679,0.00135137244394271,0.00124867172686085,0.00103230531993252,0.000972843526789351,0.00088208884601601,0.000837289645919216,0.000806689818347425,0.000782962023183286],"convergence":0,"press_dep":false,"press_rng":[1013.25,1013.25]}}
