{"fa_HJ2B_CCD3_M_band_1":{"type":"annular","coefficients":{"c1":1,"c2":0.342356091541259,"c3":-0.307504790154605,"c4":0.0849869555822907,"c5":-1.69316042285616,"c6":-0.0763969422640313},"mare":0.000855616093080454,"rmse":0.000368885191505214,"mare_seq":[0.0437943915041111,0.00885388725972322,0.00885384546994563,0.00885383889073884,0.00885383744648981,0.00885342437513579,0.00881723734182328,0.00740783849171984,0.00626840531468285,0.00607007905749568,0.00582829728225849,0.00553955354270474,0.00539318087978017,0.00481707304631032,0.0041915311658403,0.00353668121873107,0.00332716140785771,0.00315940060927443,0.0021654469788668,0.00216416231056166,0.00145762270856805,0.00132348471296013,0.00121223632763467,0.00115189355003006,0.00109389287264904,0.00105735499605302,0.000990649555511981,0.000960200638727511,0.000871304966638422,0.000869891317817198,0.000855616093080454],"convergence":0,"press_dep":false,"press_rng":[1013.25,1013.25]}}
