{"fa_HJ2A_CCD3_C_band_4":{"type":"annular","coefficients":{"c1":1,"c2":0.425801330566577,"c3":-0.311613002068703,"c4":0.0815893399082985,"c5":-1.66304740579131,"c6":-0.0904576682553917},"mare":0.000732526720821504,"rmse":0.00034522752739921,"mare_seq":[0.00746756463689351,0.00694934649062487,0.00694816259700633,0.00694756382894767,0.00686215719018762,0.00659640643110557,0.00523776030022135,0.00419319161245523,0.0040961373154404,0.00356980759066794,0.00353709087175708,0.00344595976098322,0.00290103192686607,0.00272023431083564,0.00249755463004952,0.00235078551322106,0.00209642936514555,0.00206662878708792,0.00204404556492054,0.00168390437005842,0.00150340273769566,0.00126374946440874,0.00125906308879617,0.00115811448951717,0.00114092876447142,0.0011001626307444,0.000855688971475177,0.000772009770304047,0.000744695469102234,0.000732598496084631,0.000732526720821504],"convergence":0,"press_dep":false,"press_rng":[1013.25,1013.25]}}
