{"fa_HJ2A_CCD1_C_band_1":{"type":"annular","coefficients":{"c1":1,"c2":0.539781392426508,"c3":-0.0862090724270942,"c4":0.904103077248306,"c5":-0.297981505630135,"c6":-1.61340566740109},"mare":0.000843631735996736,"rmse":0.000348606170804942,"mare_seq":[0.00681951958746405,0.00681735337736193,0.006253615378933,0.00624311911730754,0.00613011106404587,0.00568283081811654,0.00536465764067257,0.00505523890461228,0.00481610254225462,0.0043506300847332,0.00294171696735222,0.00243401058693015,0.00193146734544531,0.00192372386281576,0.00174913766997192,0.00166818661108593,0.00158102564987919,0.00153621885253821,0.00140590637315287,0.00134228816032968,0.00130679706583335,0.00109250118403182,0.00103943891493322,0.0009501072872027,0.000890591257342685,0.000872203082471252,0.000857852033966783,0.000844119657633996,0.000844056430701697,0.00084393416607858,0.000843631735996736],"convergence":0,"press_dep":false,"press_rng":[1013.25,1013.25]}}
