{"fa_HJ2B_CCD4_U_band_4":{"type":"annular","coefficients":{"c1":1,"c2":0.060084137358615,"c3":-1.71546464149085,"c4":0.481939561699068,"c5":-0.108155462034211,"c6":-0.355581966454589},"mare":0.000720282633983688,"rmse":0.000383614374412756,"mare_seq":[0.00727258620236673,0.00689573925179112,0.0068386826858733,0.00675463202792142,0.00674862034141137,0.00674695979831302,0.00674694548171094,0.0064916169624297,0.00644890046204019,0.00631784915391391,0.00522007089476344,0.00380111740351653,0.00378402385329008,0.00341728192418412,0.00260363675668174,0.00242308495235977,0.00203787194160721,0.00186681963847631,0.00177332976064108,0.00158129484873523,0.00153361805721057,0.00145911599890704,0.00134544077487549,0.0012492355966299,0.0010946703773431,0.00080414501056482,0.000803451131736076,0.000778481532943474,0.000773561859982385,0.000720342155707147,0.000720282633983688],"convergence":0,"press_dep":false,"press_rng":[1013.25,1013.25]}}
