{"fa_HJ2B_CCD1_M_band_1":{"type":"annular","coefficients":{"c1":1,"c2":0.605458715399395,"c3":-0.0767880282515753,"c4":0.860128565238837,"c5":-0.310419626805209,"c6":-1.700683923459},"mare":0.000982290116190972,"rmse":0.000410579270417407,"mare_seq":[0.0086917695764169,0.00869171275201846,0.00869171109560793,0.00869170511180165,0.00869165539930327,0.00869164134616077,0.00868966727400665,0.00831261929739267,0.0072771704161732,0.00705968680499154,0.0067604292384682,0.00636440037467841,0.0059547943395639,0.0055808110963146,0.00535148100733511,0.003717215563727,0.00339571316160319,0.00331156200555271,0.00303784446492476,0.00278638185628476,0.00194468250118569,0.00169843731842491,0.00168361977730529,0.00165455350508856,0.00162203106322087,0.00156987609929934,0.00143716773400625,0.00135109979554885,0.0013506459678912,0.00125326089768989,0.000982290116190972],"convergence":0,"press_dep":false,"press_rng":[1013.25,1013.25]}}
