{"fa_HJ2A_CCD1_M_band_4":{"type":"annular","coefficients":{"c1":1,"c2":0.599470330866152,"c3":-0.0752818005959904,"c4":0.141029167166368,"c5":-1.58266084346831,"c6":-0.301822977548986},"mare":0.000892836773320925,"rmse":0.000351200372392907,"mare_seq":[0.00938009958278668,0.00837972095824366,0.00833515309943298,0.00833507359059611,0.00833506890771518,0.00795003248664059,0.00781295335637413,0.0072999351731952,0.00708388658224967,0.00628040660510611,0.00327742971055633,0.00284355356397751,0.00272503314070345,0.00233519933175649,0.00229124141980572,0.00203770189694693,0.0020080882323734,0.00199266939179568,0.00195140329565546,0.00193428351362792,0.00173773946182358,0.00161445574833678,0.00153310462214152,0.00137405632108266,0.00107490764642725,0.00102530259892251,0.000980312045945898,0.000924496244322668,0.000918231590281615,0.000907920400884012,0.000892836773320925],"convergence":0,"press_dep":false,"press_rng":[1013.25,1013.25]}}
