{"fa_HJ2A_CCD4_U_band_3":{"type":"annular","coefficients":{"c1":1,"c2":0.46467304103337,"c3":-0.105327647569531,"c4":0.109158050656747,"c5":-1.6847993815558,"c6":-0.349291933539801},"mare":0.000687929020503542,"rmse":0.000362991855604864,"mare_seq":[0.00669574501249064,0.00667563362702728,0.00667550386696447,0.00667550371072613,0.00667549933704504,0.00634885879738865,0.00624124804735736,0.0056496759028616,0.0051981671200687,0.00501270211394512,0.00462232795983662,0.00381103845508138,0.00246042414236356,0.00245008990301134,0.00194834205800091,0.00173242776988574,0.00171728597164968,0.0017076386004434,0.00168195418758237,0.00165338880190498,0.0012996264333493,0.00122995348231353,0.00116492956821933,0.000949109417759145,0.000948409952597439,0.00083785272235615,0.000817904186308931,0.000807376239575222,0.00071348061380648,0.000688185446366189,0.000687929020503542],"convergence":0,"press_dep":false,"press_rng":[1013.25,1013.25]}}
