{"fa_HJ2A_CCD1_C_band_5":{"type":"annular","coefficients":{"c1":1,"c2":0.535119307538151,"c3":-0.0893974476336797,"c4":0.0953282036157305,"c5":-1.65958459729793,"c6":-0.307708668525465},"mare":0.000714308123488842,"rmse":0.000354878607688099,"mare_seq":[0.00930807561386654,0.00680275370569576,0.0068027526669734,0.00680275089505169,0.00680274637636196,0.00642205403122036,0.00640808526629061,0.00622778073655299,0.00597325443539548,0.0057217497570456,0.00553410436656195,0.00518877150225573,0.00394733235557704,0.00326174598762397,0.00316781706987209,0.00288820960648431,0.00278767657462849,0.00248723887830671,0.00228116365126433,0.00189118799652577,0.00138562779886202,0.00136984758430313,0.0013043445638509,0.00127790466615406,0.00119843550653318,0.00111927671162007,0.001044762219561,0.000915089121412658,0.000764220603417413,0.000753071876572357,0.000714308123488842],"convergence":0,"press_dep":false,"press_rng":[1013.25,1013.25]}}
