{"fa_HJ2B_CCD3_U_band_2":{"type":"annular","coefficients":{"c1":1,"c2":0.0577701795860527,"c3":-1.69630877224042,"c4":0.496961719341631,"c5":-0.348669118495355,"c6":-0.104837273846209},"mare":0.000799459296922032,"rmse":0.000402857954878958,"mare_seq":[0.00676339868566784,0.00676336522997401,0.00676333408151396,0.00674413648805956,0.00636464310423251,0.00630870874556212,0.00627457770116781,0.00614844676669385,0.00613612830004169,0.00582628080204754,0.00526171099315526,0.00520980931078171,0.00332249997148018,0.00292474695551508,0.00272747300344257,0.00208235410430404,0.00201850098394656,0.00189088857856999,0.00135935347788814,0.00129951525390585,0.00126746580510452,0.00121708476796953,0.00098257006639872,0.000928674126112026,0.000876474816974379,0.000853589691582947,0.000848832609106467,0.000810996606258976,0.000805508506343337,0.000804439451931068,0.000799459296922032],"convergence":0,"press_dep":false,"press_rng":[1013.25,1013.25]}}
