{"fa_HJ2A_CCD2_U_band_1":{"type":"annular","coefficients":{"c1":1,"c2":0.461491600640676,"c3":-0.354413385711025,"c4":0.102155325402828,"c5":-1.76880951690016,"c6":-0.105218383592079},"mare":0.000757633568602897,"rmse":0.000425285649938576,"mare_seq":[0.00755526112976529,0.00692479250114614,0.00687213146612024,0.00687210302610327,0.00687209445283317,0.00687206104932154,0.00687204416517381,0.00675755066640095,0.00660405227333287,0.00640931388071159,0.00617684212942877,0.0061455239933095,0.00436315674100317,0.00308003256965665,0.00302968489389099,0.00269679863347796,0.00260441895133807,0.00203069580557245,0.00177362722367592,0.00169704537717006,0.00150606391988767,0.0011619476363617,0.0011146113733016,0.000893137489775415,0.00084907266615526,0.000828749023368746,0.000806304989612097,0.000767165493656564,0.000761308835246183,0.00075778405525424,0.000757633568602897],"convergence":0,"press_dep":false,"press_rng":[1013.25,1013.25]}}
