{"fa_HJ2A_CCD4_C_band_5":{"type":"annular","coefficients":{"c1":1,"c2":0.533661545968404,"c3":-0.0891489689412455,"c4":0.907461606804558,"c5":-0.308984287515827,"c6":-1.70244167899845},"mare":0.000682917955043127,"rmse":0.000317965132150335,"mare_seq":[0.00900299198590846,0.00760114769762334,0.0074971850613215,0.00720109129406169,0.0068813170360002,0.00684098079496632,0.00684096474867031,0.00684095791251683,0.00678844343313182,0.00612630890162148,0.0060047644396774,0.00594902634768456,0.00508452800401191,0.00446550402398051,0.00416101054586979,0.00374839901001064,0.00296864619481323,0.00275936701809395,0.00244574036770249,0.0019747464439442,0.00186913769609788,0.00184740628620212,0.0015604442970276,0.00143063710728624,0.00123985405784613,0.00103608787097917,0.000960828628436448,0.000701783109864882,0.000690135831302571,0.000683542824314954,0.000682917955043127],"convergence":0,"press_dep":false,"press_rng":[1013.25,1013.25]}}
