{"fa_HJ2A_CCD2_U_band_3":{"type":"annular","coefficients":{"c1":1,"c2":0.462525019525558,"c3":-0.105217461009477,"c4":0.886143202980974,"c5":-0.346154786339053,"c6":-1.62610081556309},"mare":0.00076824397769005,"rmse":0.000372483354933406,"mare_seq":[0.00814606304362787,0.00667653572521899,0.00667531762816709,0.0066564092119403,0.00665463603108942,0.00665455623304748,0.00665452184070151,0.00665452019569939,0.00665451518604171,0.0066341687338174,0.00626659533047612,0.00622190082505577,0.00603372244560461,0.00499579007154652,0.00459139023807496,0.00270250002900801,0.00268532907489284,0.00241842366216769,0.00234045819147222,0.00216631322088062,0.00200757549681059,0.00182118829501809,0.00141443167256919,0.00137597585646525,0.00134825745091388,0.001164798615854,0.00109378697467282,0.00106596039879474,0.00102712143641841,0.000898617995910563,0.00076824397769005],"convergence":0,"press_dep":false,"press_rng":[1013.25,1013.25]}}
