{"fa_HJ2B_CCD1_M_band_5":{"type":"annular","coefficients":{"c1":1,"c2":0.0532978944471848,"c3":-1.6810951322996,"c4":0.644185317442104,"c5":-0.0765774762483878,"c6":-0.312634492489996},"mare":0.000809324568202851,"rmse":0.000404881929177807,"mare_seq":[0.00869965173095685,0.00842112984314103,0.00840754979642176,0.0084075212256952,0.00840750950308893,0.00840749248429554,0.00840749135321254,0.00840747682856574,0.00840747176388536,0.00840747033521563,0.00840723291549162,0.0056073853618098,0.00426907355421124,0.0042125051901829,0.00385064607858967,0.00380383925713662,0.00354313625889036,0.00297725532323746,0.00295584760994183,0.0027872555804692,0.00233342674742988,0.00206793678069483,0.00129074495924742,0.00118573688671786,0.000875705612767904,0.000871221109005577,0.000865482169022257,0.000843726221275792,0.000825292709662779,0.000810475209791292,0.000809324568202851],"convergence":0,"press_dep":false,"press_rng":[1013.25,1013.25]}}
