{"fa_HJ2B_CCD4_M_band_5":{"type":"annular","coefficients":{"c1":1,"c2":0.596750490927365,"c3":-0.0753189178601168,"c4":0.138047108578383,"c5":-1.62909717231465,"c6":-0.302571379858414},"mare":0.000866676424239223,"rmse":0.000357763091771645,"mare_seq":[0.00865160379019848,0.00852592369380103,0.00850562410326459,0.00849171660832841,0.0084917078154791,0.00849170388920464,0.00849169142058806,0.00829314770410321,0.00752397521193579,0.00750719640705982,0.00749334872250839,0.00689764770259997,0.00581881418273891,0.00575515212792716,0.00510442970638343,0.00471499903215392,0.00433268892362648,0.00390384530150508,0.00250878950482043,0.00232988835378534,0.00216736012648904,0.00181543340669981,0.00170612472326377,0.00165038204570989,0.00160831764441955,0.0012732774677131,0.00124494400872854,0.00109931638033836,0.000869295277383747,0.000866806202365084,0.000866676424239223],"convergence":0,"press_dep":false,"press_rng":[1013.25,1013.25]}}
