{"fa_HJ2B_CCD2_C_band_4":{"type":"annular","coefficients":{"c1":1,"c2":0.530422543378008,"c3":-0.0907458341801942,"c4":0.0980641430707747,"c5":-1.66698375247112,"c6":-0.313696785036165},"mare":0.000663058233931436,"rmse":0.000328486340464133,"mare_seq":[0.00804216200960525,0.00790125091662732,0.00777514743006055,0.00696663473143112,0.00691930152745192,0.00687479367268752,0.00687422448023804,0.00687419668098403,0.0068741818442642,0.0063220957814849,0.00600110043104341,0.0050448572648351,0.00411298093899497,0.00401644276119694,0.00368562453930628,0.00302134878357641,0.00283924110536909,0.00278087766978269,0.00255327517828222,0.00252962659517636,0.00236439408793092,0.0021724968724322,0.00190646202162528,0.00150351459833206,0.00109121653591816,0.00103489998090708,0.000976622549798116,0.000876299134820881,0.000723043630648057,0.000690244801931631,0.000663058233931436],"convergence":0,"press_dep":false,"press_rng":[1013.25,1013.25]}}
