{"fa_HJ2B_CCD4_M_band_1":{"type":"annular","coefficients":{"c1":1,"c2":0.586737647883358,"c3":-0.0749134131224481,"c4":0.147852710942089,"c5":-1.57182239833765,"c6":-0.293873550822688},"mare":0.000917414083363024,"rmse":0.000292049882510001,"mare_seq":[0.00871223346208089,0.00871176295140025,0.00871175709991273,0.00871175573994767,0.00869059152676063,0.00864669382967209,0.00856384486011079,0.00726224172168385,0.00719916982562654,0.00518052967077966,0.00425859852904909,0.00362700581267003,0.00321560222548512,0.00316254275926325,0.00292767081176737,0.00290372785716152,0.00262337326251011,0.00258163457989557,0.00257007552417705,0.00228982503336717,0.00220483957466204,0.00208394850061969,0.00188577181298002,0.00186415007229218,0.00130404729117328,0.00129845656032515,0.00114366316426915,0.00112293104398638,0.00107743863617545,0.00103686120079393,0.000917414083363024],"convergence":0,"press_dep":false,"press_rng":[1013.25,1013.25]}}
