{"fa_HJ2A_CCD1_U_band_5":{"type":"annular","coefficients":{"c1":1,"c2":0.477442729959822,"c3":-0.354219541595821,"c4":0.890185037904457,"c5":-0.106807550001511,"c6":-1.73067396209399},"mare":0.000742015419584058,"rmse":0.000415293883182556,"mare_seq":[0.00702205224637909,0.00698484681193722,0.00675364394509466,0.00675310232858262,0.00675301965968845,0.00675287481269086,0.006752866983288,0.00675286625631859,0.00675286548268061,0.00673897064897456,0.00673459362182419,0.00661088244257492,0.00660318153624236,0.00621069869443338,0.00603566939080094,0.00520658124009044,0.00495524273610976,0.0033931395555717,0.00274084357798777,0.0024025027814205,0.00234962514440053,0.00228760555274323,0.00223096916141836,0.00149626068440742,0.00144326448244403,0.000977827986932117,0.000952815782958985,0.000923978916968314,0.000781890415506403,0.000781187661888887,0.000742015419584058],"convergence":0,"press_dep":false,"press_rng":[1013.25,1013.25]}}
