{"fa_HJ2B_CCD2_U_band_2":{"type":"annular","coefficients":{"c1":1,"c2":0.47567907282881,"c3":-0.344077548923569,"c4":0.111535485282952,"c5":-1.6981173671679,"c6":-0.103721379156339},"mare":0.000787367920643146,"rmse":0.000390899010679682,"mare_seq":[0.00733480854485169,0.00686155373381338,0.0068614412328654,0.00686140752511608,0.0068613861965924,0.00686138048850278,0.00686065440906734,0.00685971700474379,0.00682198592254286,0.00652925639087243,0.00652183159431647,0.00624284101139,0.0042062068395251,0.00328157143258669,0.00289334271458594,0.00237932201693633,0.00219981969090979,0.00196805860682871,0.00185729733141605,0.00184162251405771,0.0018122964520403,0.00167795693665875,0.00163223296456476,0.00154190170918442,0.00146595787704046,0.00137067947110427,0.000975648000325149,0.0009568270464832,0.000951417899563576,0.000802095339012015,0.000787367920643146],"convergence":0,"press_dep":false,"press_rng":[1013.25,1013.25]}}
