{"fa_HJ2B_CCD3_C_band_4":{"type":"annular","coefficients":{"c1":1,"c2":0.426126500423639,"c3":-0.311339043601794,"c4":0.918639722997524,"c5":-0.0904801006082519,"c6":-1.67750158112187},"mare":0.000739975226111071,"rmse":0.000349309836842693,"mare_seq":[0.00784886856561844,0.00697634672809581,0.00697600374503289,0.0069000909728959,0.0066696824411018,0.00665620997173153,0.00644196153756125,0.00604462904148487,0.00528895668960546,0.00390570489061805,0.00275359009981263,0.00250761145443711,0.00240209669318526,0.00232454994668506,0.0023198120612818,0.00215242648552039,0.00212437881064556,0.00203993877267927,0.00188056357040824,0.0012569180230569,0.00124371663753433,0.0011478240988552,0.00102001687601062,0.000970145342982624,0.000922453284344809,0.000863776002356371,0.00082740852479141,0.00081474495751521,0.000765248546171586,0.000744797593310359,0.000739975226111071],"convergence":0,"press_dep":false,"press_rng":[1013.25,1013.25]}}
