{"fa_HJ2B_CCD3_U_band_5":{"type":"annular","coefficients":{"c1":1,"c2":0.453377209800221,"c3":-0.105250305833973,"c4":0.88697322935337,"c5":-0.345697544495293,"c6":-1.64429647815722},"mare":0.000777178322067316,"rmse":0.000369566849657564,"mare_seq":[0.00696860669470533,0.00672557790271257,0.00671702344191474,0.00671700983927418,0.00671700835683331,0.00671700088401372,0.00671676313889008,0.00671388558112462,0.00671118540131984,0.00645622710410067,0.00635293228437381,0.00553510879108031,0.00510334996097711,0.00379409724869757,0.00366180570276135,0.00302736035505812,0.00285104683117321,0.00281285125731682,0.00234843345450731,0.0022294084674797,0.00219185429859596,0.00160936261309572,0.00156246369022073,0.00127405182485523,0.00125960600754366,0.0011478232306991,0.00111740189768679,0.000822085714044773,0.000809920577341585,0.000777225508808777,0.000777178322067316],"convergence":0,"press_dep":false,"press_rng":[1013.25,1013.25]}}
