{"fa_HJ2B_CCD3_U_band_3":{"type":"annular","coefficients":{"c1":1,"c2":0.458166689934561,"c3":-0.104643739909342,"c4":0.887985015224419,"c5":-0.344168343665739,"c6":-1.66089253071439},"mare":0.000765267781139997,"rmse":0.000378706999437306,"mare_seq":[0.00837687969229571,0.00710778390654255,0.00678458385358423,0.00678452053488201,0.00678451893052779,0.00678240381687753,0.00678096825587136,0.00670419391269926,0.00622204947574235,0.00613904698022864,0.0042372069393025,0.00346137670429275,0.00334175561517021,0.00283942224737205,0.00267882837157318,0.00255768125952772,0.0021327714228715,0.00205371194465679,0.00199636796514382,0.00189356239090804,0.00173315357072482,0.00155806468285109,0.00133864566473832,0.000970683865901054,0.000939284333755577,0.00081090825892831,0.000806205868951996,0.000766951617519377,0.000765432881179536,0.000765300014454692,0.000765267781139997],"convergence":0,"press_dep":false,"press_rng":[1013.25,1013.25]}}
