{"fa_HJ2B_CCD3_M_band_2":{"type":"annular","coefficients":{"c1":1,"c2":0.338209959169879,"c3":-0.313755317077902,"c4":0.079490144928792,"c5":-1.70979350424067,"c6":-0.0768372277675781},"mare":0.000864556014360954,"rmse":0.000401339411296092,"mare_seq":[0.0102072233700182,0.00856503665748459,0.0085531571847405,0.00855308449088899,0.00852675856166914,0.00713282483949563,0.00674938233610387,0.0066838447643738,0.00666588918996411,0.00595441057154916,0.00587597882504823,0.0047024172629939,0.00447889777870191,0.00342645305751786,0.00314081765799228,0.00298539101509539,0.00294248852581657,0.00294027522997479,0.00273810773827789,0.00268775757420928,0.00254944704055179,0.00196925561934368,0.00158321112625262,0.00152365970898568,0.00142963878610936,0.00122260331104338,0.00115917075481225,0.0010090327456989,0.000874723743427668,0.000869477010002272,0.000864556014360954],"convergence":0,"press_dep":false,"press_rng":[1013.25,1013.25]}}
