{"fa_HJ2A_CCD2_M_band_1":{"type":"annular","coefficients":{"c1":1,"c2":0.591209605189851,"c3":-0.0753182526630961,"c4":0.146296551625481,"c5":-1.60461581224649,"c6":-0.297549895839201},"mare":0.000959543808495719,"rmse":0.000352356357980018,"mare_seq":[0.0120263774933963,0.00874956858080715,0.00874805066842522,0.00874803996964026,0.00874775200145577,0.00861214587037987,0.00847036429279641,0.0084589255839578,0.00828251722155084,0.00737948237590274,0.00708425966072205,0.00349485847320485,0.00333315332137257,0.00308851273036626,0.00306075427798111,0.002841368410989,0.00274047078260412,0.00270419255605356,0.00262535442452078,0.00257204994273436,0.00236556045571067,0.0023373732852436,0.00231760191404999,0.00218371457605639,0.00195589222698806,0.00189387052853589,0.00131622547091079,0.00127033482154844,0.00109193343665793,0.00105923071285498,0.000959543808495719],"convergence":0,"press_dep":false,"press_rng":[1013.25,1013.25]}}
