{"fa_HJ2B_CCD1_C_band_3":{"type":"annular","coefficients":{"c1":1,"c2":0.044698386343541,"c3":-1.62650092921017,"c4":0.443080623816076,"c5":-0.302478839503625,"c6":-0.0880231195982963},"mare":0.000706952168879392,"rmse":0.000321343734594161,"mare_seq":[0.00789335854721555,0.00686967422712167,0.00680577022669149,0.00680463956927087,0.006804532533067,0.00680451882549522,0.00680451503371784,0.0068045122610069,0.00679991660332897,0.00653464166829309,0.00652773648940226,0.00646574384106303,0.00616668244993788,0.00543485175954024,0.00509003157387162,0.00395680832155469,0.00277615051489261,0.00243889191995491,0.00240195641627877,0.00236487078770133,0.00194402336080969,0.00193190407486,0.00187443281868399,0.00172188589546759,0.00169164138903457,0.00118216379629245,0.00102351179250951,0.00100049297816083,0.000850670555137544,0.000728124948308323,0.000706952168879392],"convergence":0,"press_dep":false,"press_rng":[1013.25,1013.25]}}
