{"fa_HJ2B_CCD4_C_band_1":{"type":"annular","coefficients":{"c1":1,"c2":0.538012909459694,"c3":-0.086039968390925,"c4":0.905640980942122,"c5":-0.296967881037155,"c6":-1.6280643614402},"mare":0.000755919693791757,"rmse":0.000321433995590711,"mare_seq":[0.00735512470034983,0.00714072018891428,0.00682279761197845,0.00682275709945674,0.00682274668566168,0.0068227365137583,0.00682273446087603,0.00682246475588331,0.00679307056744758,0.00677782880970539,0.00677120372651929,0.00625439096449204,0.00619275794617791,0.00504381853056795,0.00352107937301211,0.00351339920099529,0.00311256669012628,0.00274748781714456,0.00191417179711889,0.00168689202629849,0.00148929358579661,0.00135548797730369,0.00125575989054883,0.00104814642510794,0.00101258293779735,0.000829830298623197,0.000823146385069382,0.000763788648766211,0.000756894235131386,0.000756094087502654,0.000755919693791757],"convergence":0,"press_dep":false,"press_rng":[1013.25,1013.25]}}
