{"fa_HJ2B_CCD1_C_band_1":{"type":"annular","coefficients":{"c1":1,"c2":0.534811869160428,"c3":-0.0856455989500315,"c4":0.902674342183108,"c5":-0.294554317417782,"c6":-1.58252059187409},"mare":0.000745716460625126,"rmse":0.000323372855217991,"mare_seq":[0.00677238823980969,0.00677231886220902,0.00677226350235626,0.00677225443045677,0.00677225286268478,0.00677014884043353,0.00597320022217749,0.00595714365859995,0.00470297993627698,0.00460209398715582,0.00415669166563432,0.00414408368847423,0.00405845011786083,0.00403904008592475,0.00379319070546943,0.00367884650378008,0.00346919757150852,0.00305185080524105,0.00283568503059219,0.00216880090117817,0.00202273269946177,0.00186707646168538,0.00179248766434512,0.00150545898112128,0.000993195389910697,0.000980712192477173,0.000933449875420031,0.000868538074271219,0.000776326468020013,0.000746068795219531,0.000745716460625126],"convergence":0,"press_dep":false,"press_rng":[1013.25,1013.25]}}
