{"fa_HJ2A_CCD3_M_band_2":{"type":"annular","coefficients":{"c1":1,"c2":0.0689639072149901,"c3":-1.42125854041621,"c4":0.401448456170808,"c5":-0.270556103217951,"c6":-0.0717670727661674},"mare":0.00112598602069055,"rmse":0.000308632558695511,"mare_seq":[0.0102897539901891,0.00932407074019792,0.0088804931715387,0.00861838159808743,0.00861537997528918,0.00861324534514492,0.00860560416385662,0.0083482445793947,0.00833003613515364,0.00707806221650893,0.00690518361960655,0.00687295247859295,0.00583743153342506,0.00549179665585258,0.00460079738649182,0.00360433191599663,0.00340353787337352,0.00338594555083832,0.00292217037272441,0.00269314826193504,0.00229332147701646,0.00221424438973938,0.00213351525620162,0.00184831424588725,0.00178394390683884,0.00154213459076257,0.00153168850412366,0.00148464820684476,0.00141208449180824,0.00125729053286181,0.00112598602069055],"convergence":0,"press_dep":false,"press_rng":[1013.25,1013.25]}}
