{"fa_HJ2B_CCD1_U_band_4":{"type":"annular","coefficients":{"c1":1,"c2":0.428847892963795,"c3":-0.104908548626162,"c4":0.87821739527295,"c5":-0.338717479443227,"c6":-1.56791592943132},"mare":0.000776039766209966,"rmse":0.000322911281910242,"mare_seq":[0.00727541881531961,0.0067293256417489,0.00672911518136442,0.00672901112198907,0.00672342972973131,0.00656297562111247,0.00652712939482458,0.00637111908866286,0.00572581515042919,0.00519722164941255,0.00516207979328563,0.00478564919229169,0.00458946340361091,0.00422496155256015,0.0040562350747483,0.00379900033128775,0.00327640796830436,0.00237003929552926,0.00214585389359887,0.00207001447688497,0.00187584788305451,0.00180028043920783,0.00172547788098844,0.00162609369785124,0.00156267372759502,0.00105401250645298,0.000995190888181903,0.000807987910034867,0.000798401847606606,0.000794381070476622,0.000776039766209966],"convergence":0,"press_dep":false,"press_rng":[1013.25,1013.25]}}
