{"fa_HJ2A_CCD3_C_band_2":{"type":"annular","coefficients":{"c1":1,"c2":0.546328327147776,"c3":-0.0879186045684903,"c4":0.909418510774441,"c5":-0.305950245357452,"c6":-1.6766372569766},"mare":0.000696446064043247,"rmse":0.000338526878460557,"mare_seq":[0.00894343411796423,0.0067750965727074,0.00677507001882586,0.00676777080388969,0.00675835151104206,0.00674751443580948,0.00595463905091406,0.00568985595907442,0.00410354394375731,0.00365165272836511,0.00269706722414747,0.00266562362647752,0.00264830243319559,0.00260644263777056,0.00209801977980205,0.0020742509693222,0.00200908923655311,0.0019926349112494,0.00183171237798667,0.00181869848988188,0.00147679723087451,0.00139302885287766,0.00131175805497892,0.00114755175445907,0.00109002944701893,0.00107736962207055,0.000899063734409578,0.000764110677039225,0.000716485397653181,0.000714268790001007,0.000696446064043247],"convergence":0,"press_dep":false,"press_rng":[1013.25,1013.25]}}
