{"fa_HJ2A_CCD4_M_band_4":{"type":"annular","coefficients":{"c1":1,"c2":0.349812129026226,"c3":-0.292307620584775,"c4":0.0920206026742996,"c5":-1.53936116156131,"c6":-0.0743538114049437},"mare":0.000937391895179606,"rmse":0.000326841464390864,"mare_seq":[0.0128370721976246,0.00940069190129399,0.00850574745768689,0.00838397944247024,0.00837746586924977,0.00837746319230556,0.00837743219611088,0.00837742239138692,0.00837559697758262,0.00836676910821918,0.00805680482747175,0.00768791753763539,0.0076170973525101,0.00460806188553716,0.00436276874154407,0.00345444339370281,0.00340684637163854,0.00265256818007273,0.00231924065516056,0.00221431729418515,0.00171319013700433,0.0016900714560788,0.00158114097159288,0.001443464052537,0.00135273945026269,0.00111719862785857,0.00100706150151441,0.000964368431037959,0.000949876977846957,0.000937554398842324,0.000937391895179606],"convergence":0,"press_dep":false,"press_rng":[1013.25,1013.25]}}
