{"fa_HJ2A_CCD4_M_band_1":{"type":"annular","coefficients":{"c1":1,"c2":0.339104123094606,"c3":-0.310373289855828,"c4":0.0835416022447023,"c5":-1.70393431861354,"c6":-0.0767272581289327},"mare":0.000970194832344074,"rmse":0.000390998081835097,"mare_seq":[0.0088691334526018,0.00878771364129292,0.00878767337502214,0.00878766000372604,0.00878765508512504,0.00878765478752829,0.0087876526269377,0.00878765165140209,0.00878764875360509,0.00773914860215792,0.00727567830844008,0.00725800893884379,0.00634079717631456,0.00578409024880246,0.00410722077732821,0.00356142082412926,0.00341462479977734,0.00314800555834102,0.00311812971328643,0.00309652220144741,0.00300159549842075,0.00297397568471017,0.00257653086007782,0.00231603267305495,0.00207885302280581,0.00108259669715417,0.00108001038191582,0.000971682997492313,0.000971655727588085,0.000971212281996891,0.000970194832344074],"convergence":0,"press_dep":false,"press_rng":[1013.25,1013.25]}}
