{"fa_HJ2B_CCD3_C_band_2":{"type":"annular","coefficients":{"c1":1,"c2":0.0452431923215411,"c3":-1.60784846971505,"c4":0.557149843586659,"c5":-0.0864544650098812,"c6":-0.295566966341303},"mare":0.000742091035061979,"rmse":0.00031756379494002,"mare_seq":[0.00698181892652395,0.00687696691480594,0.00687670446185709,0.00687649343208251,0.00687644882780763,0.00671330053229657,0.0066057685077667,0.00562096405718277,0.00489930320321801,0.00418387342849204,0.00405440935988965,0.00378002360186325,0.00344445027558863,0.00336320690173469,0.00301829439069585,0.00295147672435394,0.00271969054255936,0.00257218828614332,0.00217990429744015,0.0018223993278314,0.00179133693899916,0.00170496505996808,0.00167568081200254,0.0016304221042188,0.00151145539697558,0.00138517070120593,0.00134774982296769,0.00132032627107689,0.00131706798242327,0.000824279779088029,0.000742091035061979],"convergence":0,"press_dep":false,"press_rng":[1013.25,1013.25]}}
