{"fa_HJ2B_CCD4_U_band_1":{"type":"annular","coefficients":{"c1":1,"c2":0.472161572475514,"c3":-0.346262120957521,"c4":0.107899000478548,"c5":-1.74508602376913,"c6":-0.103591705341636},"mare":0.000785908666632291,"rmse":0.000387560347732513,"mare_seq":[0.00700288854413004,0.00700232287356832,0.0070022450361746,0.00700221780054602,0.00700221246039225,0.00700220275507119,0.00691788430530413,0.00685383422488835,0.00651273634475098,0.00640406329368757,0.00605471747674768,0.00601431579412597,0.00563444961908229,0.00486213693102398,0.00441379360274144,0.00343919746944763,0.00304246756491004,0.00302474814494296,0.00227035960611922,0.00207232390131515,0.00160520405936293,0.00134259374948599,0.000981187510051015,0.000889681481220607,0.000838027822237365,0.000830583648339558,0.0008263485366698,0.000811033682617257,0.000809051386188574,0.000797194981171459,0.000785908666632291],"convergence":0,"press_dep":false,"press_rng":[1013.25,1013.25]}}
