{"fa_HJ2B_CCD1_M_band_3":{"type":"annular","coefficients":{"c1":1,"c2":0.604902498236678,"c3":-0.0763508736181903,"c4":0.860396752757125,"c5":-0.308152392899124,"c6":-1.6392325819361},"mare":0.000945968022511255,"rmse":0.000410632375238101,"mare_seq":[0.0104599540618774,0.00979718983552758,0.00839429119335726,0.00839426410075567,0.00839425934129343,0.00839402618995972,0.00822099725606016,0.00783473087987577,0.00739302003399119,0.00586504911624364,0.00569831716990485,0.00519450719397367,0.00411656495768501,0.00367469612465766,0.00363235061076638,0.00357434035972792,0.00353917303898309,0.00311366472056334,0.0026279948647368,0.0025838890634048,0.00228550520731558,0.00214690295294407,0.00200703266718609,0.00181167225077033,0.00149824942001425,0.00135809635434662,0.00121605295301891,0.00118465358221149,0.00109226699645305,0.00102508011455457,0.000945968022511255],"convergence":0,"press_dep":false,"press_rng":[1013.25,1013.25]}}
