{"fa_HJ2A_CCD2_U_band_5":{"type":"annular","coefficients":{"c1":1,"c2":0.456829621937152,"c3":-0.105709648977857,"c4":0.112283590630189,"c5":-1.6629145722356,"c6":-0.347379393183636},"mare":0.00077010135763912,"rmse":0.000392562983895016,"mare_seq":[0.00713073197715826,0.00693215204437338,0.00672017857402016,0.00672013745683386,0.00672010930336091,0.00672010723169587,0.00672010647082961,0.0065735822198947,0.0058183346052573,0.00564568800866384,0.00545616734211836,0.00499069342728439,0.00420073345111162,0.00374604548281816,0.00290432759465258,0.00223455676840209,0.00193423426320509,0.00153674304275169,0.00152277714225515,0.00136415126891579,0.00123270357197233,0.00102253545604865,0.000988398139415417,0.000939195811413043,0.000933055577781843,0.000895186179765747,0.000891505290609148,0.000875202265168457,0.000828724081077843,0.000770133255611235,0.00077010135763912],"convergence":0,"press_dep":false,"press_rng":[1013.25,1013.25]}}
