{"fa_HJ2A_CCD3_U_band_1":{"type":"annular","coefficients":{"c1":1,"c2":0.0591049210791973,"c3":-1.69226240460991,"c4":0.500113437150878,"c5":-0.103480224666101,"c6":-0.344496101202032},"mare":0.000774148384523896,"rmse":0.000407237781840275,"mare_seq":[0.00727118737932399,0.0069785846177513,0.00697854751820789,0.00695274656637631,0.00675942945467237,0.0064738518351886,0.00627757722958559,0.00616127025222359,0.00596060121459789,0.00586478296761096,0.00542180004861382,0.00488221229231474,0.00356684508590302,0.00325737342705747,0.00294004896628299,0.00235444194153261,0.00233403902009157,0.00202242778618976,0.00198107796313225,0.0019456457632397,0.00188234882976886,0.00162053665031717,0.0015535076538756,0.00146109798324703,0.00119210252854632,0.00101704330316134,0.000888843535868203,0.000827000011523272,0.000796770803140258,0.000781310370377617,0.000774148384523896],"convergence":0,"press_dep":false,"press_rng":[1013.25,1013.25]}}
