{"fa_HJ2A_CCD1_C_band_3":{"type":"annular","coefficients":{"c1":1,"c2":0.52605781750645,"c3":-0.0873504745176681,"c4":0.903349088804071,"c5":-0.298748067410124,"c6":-1.60534285466502},"mare":0.000783874470595186,"rmse":0.000317614576115632,"mare_seq":[0.00681101205960751,0.00681010005266612,0.00681005751612929,0.00681005460379409,0.00681004468418782,0.0067852893097488,0.00665749107852716,0.00656317172505912,0.00587336898261918,0.00579152153952316,0.00453907760775351,0.00452866126296755,0.004420349931633,0.00323851851326059,0.00314611392741237,0.00295176254116937,0.00232190103433951,0.00230227272188138,0.00227092558795311,0.00210949210377121,0.00183059965060972,0.0018055555336267,0.00151617429863954,0.00144133175840642,0.00131970820064947,0.0010209285829924,0.00100212784929574,0.000885796554907398,0.000883941472937856,0.000811287873838497,0.000783874470595186],"convergence":0,"press_dep":false,"press_rng":[1013.25,1013.25]}}
