{"fa_HJ2B_CCD2_U_band_5":{"type":"annular","coefficients":{"c1":1,"c2":0.0601216051210891,"c3":-1.67093146394252,"c4":0.515071374944788,"c5":-0.348070599541473,"c6":-0.105569696707909},"mare":0.000736583647138371,"rmse":0.000372262483436692,"mare_seq":[0.0103385134177455,0.00674822343759564,0.0066975882095955,0.00669185086475661,0.00669178290460879,0.00669177614778597,0.00668744093098239,0.00667164341255801,0.00630726982821746,0.00606786287781274,0.00511316960247959,0.00480256059692342,0.00372535249020361,0.00351338826202113,0.00335505132792949,0.00313344819527392,0.00285676901393851,0.00272677452628111,0.00258646011031029,0.00233545023403206,0.00210773910507106,0.00185413747933054,0.0017316688826587,0.00145320306104197,0.00115833625143443,0.00115455282875116,0.00104868245416327,0.00103972941396599,0.000753157113180165,0.000745543655959207,0.000736583647138371],"convergence":0,"press_dep":false,"press_rng":[1013.25,1013.25]}}
