{"fa_HJ2A_CCD2_M_band_5":{"type":"annular","coefficients":{"c1":1,"c2":0.0585233442920419,"c3":-1.57573023807306,"c4":0.631269871265306,"c5":-0.0750951703339718,"c6":-0.298496964423746},"mare":0.000813985147137411,"rmse":0.000340161369147495,"mare_seq":[0.0102593522789979,0.00889063414335191,0.00857065048079126,0.0084716744741715,0.00846235625821372,0.00846234644240562,0.00845952608225936,0.00844755416867807,0.00826293415058608,0.00757471251073717,0.00735968481178705,0.00705443937945514,0.0063328099034767,0.00557014763239437,0.00423419297212653,0.00329400192442705,0.00298199342426186,0.00295745223675344,0.00293936216293332,0.00233909825380948,0.00232162776314623,0.00198225639460398,0.00193869364466494,0.00178719261351914,0.00155883292856669,0.0015424622884932,0.00131257645080602,0.00122228742535076,0.000851994403734343,0.000820464170612472,0.000813985147137411],"convergence":0,"press_dep":false,"press_rng":[1013.25,1013.25]}}
