{"fa_HJ2A_CCD3_M_band_3":{"type":"annular","coefficients":{"c1":1,"c2":0.602829028187279,"c3":-0.0761016163933102,"c4":0.139635222577392,"c5":-1.6436568455822,"c6":-0.306600285607722},"mare":0.000908704124457747,"rmse":0.000392052397945817,"mare_seq":[0.00853678380238608,0.00850098350371721,0.00850075917310267,0.00849398297635894,0.00847700320154928,0.0080403704624809,0.00800585427471435,0.0076454880591843,0.00731452190145062,0.00588724887913038,0.0058863244456618,0.00547167227941659,0.00503461347391876,0.00414603177720374,0.00402410112101752,0.0034068130251457,0.00320547031843873,0.00280176993299639,0.00275563771804301,0.00257571759976545,0.0022757676210489,0.00213620617194633,0.00195122836872774,0.00146683991416918,0.00136741672800834,0.00126051686417598,0.00117088529287328,0.00112911022171768,0.000959587960445232,0.000911792558781614,0.000908704124457747],"convergence":0,"press_dep":false,"press_rng":[1013.25,1013.25]}}
