{"fa_HJ2B_CCD4_C_band_2":{"type":"annular","coefficients":{"c1":1,"c2":0.544222166417755,"c3":-0.0876664930752402,"c4":0.0897088159832254,"c5":-1.69037471728139,"c6":-0.305761893577681},"mare":0.000686222912207135,"rmse":0.000326526605560501,"mare_seq":[0.006790152973243,0.00678834415325603,0.00678815867519158,0.00678811619715341,0.00678810955764899,0.00678807145119329,0.00678781573936688,0.006772856168494,0.0066457657682267,0.0066076987078804,0.006455732152649,0.00622901918537381,0.00614176922639833,0.00564394755927448,0.00336960820925488,0.00281037422255703,0.00255276868446559,0.00243295439200661,0.00205715925497282,0.00186964788741438,0.0014418554542693,0.00125255047127904,0.000924948781201274,0.000913080373685866,0.000768601607698936,0.000752134218529461,0.000743480413658291,0.000723421974722876,0.000710545099107547,0.000697104295485143,0.000686222912207135],"convergence":0,"press_dep":false,"press_rng":[1013.25,1013.25]}}
