{"fa_HJ2B_CCD2_M_band_3":{"type":"annular","coefficients":{"c1":1,"c2":0.591444305658565,"c3":-0.0749675246257052,"c4":0.143327972715579,"c5":-1.5735434049854,"c6":-0.297047141570089},"mare":0.000873956813802017,"rmse":0.000339778649352407,"mare_seq":[0.0104045563314394,0.00864324727860609,0.00862344579289388,0.00852746117774069,0.00841622578578899,0.00841213474768989,0.00841077201122224,0.00841052370787666,0.00841033883575276,0.00841032923380067,0.00841031311228405,0.00840694836447997,0.00839328795243633,0.0082224597437855,0.00811250382840638,0.00797304437897582,0.00793394246209246,0.00789338277242042,0.00648183975164749,0.00533591336861947,0.00438826736099529,0.00306956276864725,0.0025568309307797,0.00231312909743357,0.00172902204557784,0.00151013950675666,0.00116130968459489,0.00112517741529338,0.00100372275595479,0.000955717050875638,0.000873956813802017],"convergence":0,"press_dep":false,"press_rng":[1013.25,1013.25]}}
