{"fa_HJ2A_CCD2_M_band_3":{"type":"annular","coefficients":{"c1":1,"c2":0.587274024843395,"c3":-0.0744372907262476,"c4":0.857340130483436,"c5":-0.294447646137607,"c6":-1.57341175010731},"mare":0.000932699278920879,"rmse":0.000322686930216011,"mare_seq":[0.0102195340951846,0.00867656012411506,0.00858569851966078,0.00855514005582686,0.00855511256384113,0.00855510603111325,0.0083227494497594,0.00806708572933686,0.00790043087242564,0.00716442280604474,0.0064012579495525,0.00571613823938374,0.0037700168382837,0.00364282163157644,0.00304711414618675,0.00303428380310131,0.00295749581211675,0.00281903733775938,0.00268724272822937,0.00258630880129361,0.00258475913627609,0.00246467482463232,0.002293584359237,0.00217545187921975,0.00209877411648635,0.00201075804050721,0.00171126186087537,0.00099555369375162,0.000963113165388432,0.000932733516865471,0.000932699278920879],"convergence":0,"press_dep":false,"press_rng":[1013.25,1013.25]}}
