{"fa_HJ2A_CCD4_U_band_2":{"type":"annular","coefficients":{"c1":1,"c2":0.472136154637955,"c3":-0.104600660555187,"c4":0.890274033692944,"c5":-0.347398616088957,"c6":-1.71037109005582},"mare":0.000805571238372788,"rmse":0.000418724189659731,"mare_seq":[0.00762333383344096,0.00687942565010365,0.00687939851834076,0.00687939732855388,0.00687938731592319,0.0068436059804416,0.0066958937771324,0.00644364291637211,0.0063802730429824,0.00599668450101363,0.00598029672512179,0.00595319492670524,0.00565271148509241,0.00528040704781918,0.00495548024310452,0.00345672818372749,0.00233961256800929,0.00204386507770634,0.00198252430778384,0.00185285852335202,0.00184046466603508,0.00167340472201466,0.00136327798332525,0.00119419187459712,0.00115120097770853,0.00110006228529154,0.000967366331097066,0.000961574790182136,0.000892433866293274,0.00084582098140038,0.000805571238372788],"convergence":0,"press_dep":false,"press_rng":[1013.25,1013.25]}}
