{"fa_HJ2B_CCD4_M_band_3":{"type":"annular","coefficients":{"c1":1,"c2":0.608259614396602,"c3":-0.0765816750853234,"c4":0.138427507334845,"c5":-1.6545172635307,"c6":-0.311349472283367},"mare":0.000887293354343721,"rmse":0.000387831352888667,"mare_seq":[0.0085629532545934,0.00849572917113852,0.00845529481675877,0.00843024410461304,0.00843023835748201,0.0084302137871425,0.00842887831709323,0.00842679119848487,0.00839746064945431,0.00836424973529449,0.00670139842834658,0.00509163617585305,0.00507612715876935,0.0036532883158848,0.00220477949709054,0.00216971826250082,0.00200238627687344,0.00191405767324977,0.00185842089462961,0.0017369107371344,0.00158606747218058,0.00152325871083212,0.00143007129345609,0.00116977479447368,0.00116527859772587,0.00102099842055887,0.000989766140090591,0.000941021938166752,0.000908030566731515,0.000905702128248162,0.000887293354343721],"convergence":0,"press_dep":false,"press_rng":[1013.25,1013.25]}}
