{"fa_HJ2A_CCD3_C_band_5":{"type":"annular","coefficients":{"c1":1,"c2":0.429934655280877,"c3":-0.301526255208614,"c4":0.0809498202777758,"c5":-1.61292194600573,"c6":-0.0880436921526832},"mare":0.000748246917677529,"rmse":0.000306051292637037,"mare_seq":[0.00686163506781491,0.00686162556646033,0.00686161143832376,0.00686161041021949,0.00686160636014671,0.00686160375387772,0.00685929279923696,0.00660968529081377,0.00660867085102736,0.00660375531941241,0.00629704451786858,0.00610126721687444,0.00593283896976018,0.00551144577106859,0.0054282883326379,0.00539339964357388,0.00495662540628162,0.00414791007781076,0.00401593715957784,0.00386133729534403,0.0030665850808564,0.00291946754572849,0.00190728986834544,0.00185267799243759,0.00111007969865825,0.00103024629968349,0.00101640939724095,0.000830211277100499,0.000829235266927944,0.00076343521763376,0.000748246917677529],"convergence":0,"press_dep":false,"press_rng":[1013.25,1013.25]}}
