{"fa_HJ2A_CCD1_U_band_3":{"type":"annular","coefficients":{"c1":1,"c2":0.458573046499032,"c3":-0.10462518597283,"c4":0.886527290170587,"c5":-0.344299169983989,"c6":-1.63255381051022},"mare":0.000716664545812711,"rmse":0.000357392004434051,"mare_seq":[0.00840102828141594,0.00669233061750995,0.00668627748264408,0.00668627680322674,0.00668627602281542,0.00668627559197077,0.00607118148710605,0.00603692830743629,0.00382810811901474,0.00259346722060798,0.00244644228369808,0.00244305316455596,0.00232470367564602,0.00204926166757757,0.00196892051370172,0.00193737021451383,0.00188997011367736,0.00173550775859109,0.0016646516448154,0.00163133628231671,0.00147987659878193,0.0010730497526035,0.00102910208676318,0.00081109057763623,0.000796806656187608,0.000767571580177438,0.000749731588947281,0.000727859340240588,0.000727488880108046,0.000716679117203274,0.000716664545812711],"convergence":0,"press_dep":false,"press_rng":[1013.25,1013.25]}}
