{"fa_HJ2B_CCD4_C_band_5":{"type":"annular","coefficients":{"c1":1,"c2":0.0435696949648254,"c3":-1.6626031901323,"c4":0.440856198041269,"c5":-0.308906453035124,"c6":-0.0892468096873039},"mare":0.000771370569446347,"rmse":0.000357217261304492,"mare_seq":[0.00702318189357833,0.00678153678906964,0.00677642216650752,0.00677641785670729,0.00675950509573219,0.00558603842536127,0.00526278447404023,0.0048383281187142,0.00420673217402403,0.00393572458655625,0.00338294994506084,0.00314003717531456,0.00282362362338151,0.00268035229087178,0.00260406549069381,0.00257352146074187,0.00254532303207832,0.00190408530757037,0.00184750770032702,0.00178741599042921,0.00177777025158676,0.00163224068092638,0.00133089904503642,0.00126039198069197,0.00110950374659647,0.00104808262906233,0.000943164015634925,0.000849514049481994,0.000822294965891929,0.000779070679407357,0.000771370569446347],"convergence":0,"press_dep":false,"press_rng":[1013.25,1013.25]}}
