{"fa_HJ2A_CCD1_C_band_4":{"type":"annular","coefficients":{"c1":1,"c2":0.533263116608288,"c3":-0.0910547908298345,"c4":0.902767005086631,"c5":-0.315099929395018,"c6":-1.70209072231225},"mare":0.000747458024493187,"rmse":0.00036891630146832,"mare_seq":[0.00689580183606348,0.00689576079486938,0.00689549073316429,0.00689514658019154,0.00680418822000021,0.00675108596905143,0.00654635175074765,0.00654570431106682,0.00614951028275602,0.00556189345373609,0.00531917027428379,0.00519742141817132,0.00433080864889027,0.00352428738398459,0.00236701528361283,0.00208935548116839,0.00207860790539741,0.00202875525952497,0.00202176701751127,0.00180979979723325,0.00173007252992434,0.00167410153531334,0.00166629262795298,0.00124339848853902,0.00119106663819526,0.00100419114548401,0.000924741257426248,0.000806624567748558,0.000759775886340245,0.000759416289846303,0.000747458024493187],"convergence":0,"press_dep":false,"press_rng":[1013.25,1013.25]}}
