{"fa_HJ2A_CCD4_U_band_4":{"type":"annular","coefficients":{"c1":1,"c2":0.0587102221062281,"c3":-1.74527597815857,"c4":0.513089264618253,"c5":-0.359119089711523,"c6":-0.108815640337822},"mare":0.000743865972587724,"rmse":0.000409702751679695,"mare_seq":[0.0712037361817031,0.00723071076570783,0.00673651230884366,0.00672130745615538,0.00672130157688329,0.00672127472644179,0.00672126922315802,0.00671984199263201,0.00628105273951323,0.00491863640204089,0.00437220325320793,0.00430236511932427,0.00413645788161705,0.00412601280510196,0.00399051636101725,0.00356911472253661,0.00342501680119833,0.00248684442375439,0.00233845174085812,0.00221036675720653,0.00216827577908251,0.00198327555330388,0.00193759852004369,0.00147526840980918,0.0013155122035257,0.00108401830363936,0.000758600142627127,0.000754853232044645,0.000746631863402699,0.000744044892165085,0.000743865972587724],"convergence":0,"press_dep":false,"press_rng":[1013.25,1013.25]}}
