{"fa_HJ2A_CCD3_U_band_4":{"type":"annular","coefficients":{"c1":1,"c2":0.489020878621816,"c3":-0.351996038291547,"c4":0.876672978948501,"c5":-0.107621997510501,"c6":-1.66177409253922},"mare":0.000701641412301772,"rmse":0.000356715341955756,"mare_seq":[0.00786141962090127,0.00727910447456109,0.00676930645000311,0.00672078978754305,0.0067207850979604,0.00655862402159867,0.00578880412860287,0.0044757211793254,0.0042690835629528,0.0032837926943641,0.00249994259320267,0.00187685755708938,0.00167519559776302,0.00164037687548839,0.0015031419876679,0.00139316779350527,0.00124309350082703,0.00112003957787626,0.00111932583328062,0.00102103722023372,0.00100855268872296,0.000982378954507681,0.00096622191522117,0.00093585404786362,0.000928248351881162,0.000825909107234362,0.000782229774138846,0.000760189682064796,0.000754822780159496,0.000705300420969823,0.000701641412301772],"convergence":0,"press_dep":false,"press_rng":[1013.25,1013.25]}}
