{"fa_HJ2B_CCD2_U_band_3":{"type":"annular","coefficients":{"c1":1,"c2":0.460792447577425,"c3":-0.10495321474114,"c4":0.888787283545421,"c5":-0.345910938047036,"c6":-1.67800361936183},"mare":0.000733964413643464,"rmse":0.000354906695427427,"mare_seq":[0.00707625054369934,0.00680328978782071,0.00680004332088591,0.00680002576781682,0.00680001512456377,0.00679999666263737,0.0067992673616902,0.00679211376788843,0.00677499503645434,0.00676927569077039,0.00676774175230216,0.00655250931929124,0.00620031180506723,0.00574377756636956,0.00555285494283992,0.00502296679089621,0.0048370475830977,0.00334256920329774,0.0029905468277298,0.00294229391045486,0.00288341547815032,0.00267882978216768,0.00246009244852826,0.00186582963099533,0.00162437458334068,0.00138990893627102,0.00123752054132445,0.00114477815754227,0.000790205137789273,0.000734274649387786,0.000733964413643464],"convergence":0,"press_dep":false,"press_rng":[1013.25,1013.25]}}
