{"fa_HJ2A_CCD4_U_band_5":{"type":"annular","coefficients":{"c1":1,"c2":0.449245744669456,"c3":-0.104658633699186,"c4":0.114793421603071,"c5":-1.63412486272052,"c6":-0.342625881495814},"mare":0.00071653566760967,"rmse":0.000345475305340344,"mare_seq":[0.00698262422745437,0.00671492205814605,0.00671353508066157,0.00671271011755025,0.00671268989916639,0.00671265627389083,0.00671265062021719,0.00671056739088769,0.0066317714473472,0.00445997113950802,0.00301057407915487,0.00288592168597028,0.00245897902692289,0.00240183735745299,0.00236809873175703,0.00233327201814076,0.00218681417452513,0.00181234999789177,0.00169823861745881,0.00162068717309091,0.0015358326980655,0.00148352511505116,0.0014621809688929,0.00139144336157578,0.00110785494235067,0.00109946889064843,0.000925246482818519,0.000877374375445878,0.000798328961359291,0.000796416969904526,0.00071653566760967],"convergence":0,"press_dep":false,"press_rng":[1013.25,1013.25]}}
