{"fa_HJ2B_CCD2_M_band_5":{"type":"annular","coefficients":{"c1":1,"c2":0.344361515740858,"c3":-0.302371767612823,"c4":0.913899336439147,"c5":-0.0755525715020989,"c6":-1.6130499098391},"mare":0.000905821208913628,"rmse":0.000357210726306183,"mare_seq":[0.0111029863243276,0.00859971772095761,0.00842833943227173,0.00841906271521186,0.00841889149926826,0.00841886133462534,0.0084188550241434,0.00841775545314814,0.00705768275166849,0.00664417687333399,0.00536594316435821,0.00515841185688403,0.00465260737097192,0.0044234256315643,0.00427787380801572,0.00342285678758514,0.0033063803327208,0.0022384504765477,0.00215886522571757,0.00209207653773761,0.00201766232140804,0.00181877642676993,0.0017360509741319,0.0015848622257985,0.00145340119297561,0.00129177419633639,0.000957126267295801,0.000952198328757971,0.000926543592373885,0.000926236506305186,0.000905821208913628],"convergence":0,"press_dep":false,"press_rng":[1013.25,1013.25]}}
