{"fa_HJ2A_CCD2_C_band_2":{"type":"annular","coefficients":{"c1":1,"c2":0.0429306775834034,"c3":-1.65726435208963,"c4":0.436436111514475,"c5":-0.300897568342174,"c6":-0.0871797416230826},"mare":0.00065972736722948,"rmse":0.000313205216633385,"mare_seq":[0.00748936317345494,0.00682050962046312,0.00681839787134946,0.00681839711029238,0.00681795849172134,0.00679490275635952,0.00592780845724987,0.00560370581855032,0.00552678587726981,0.00458505793722538,0.00429252679335057,0.0042271348025153,0.00406958867203798,0.00378496032351052,0.00309781519338849,0.00283698834527475,0.00282978531602524,0.00266027505714252,0.00243426507766484,0.00234837472355045,0.0020395918481817,0.00157068530801233,0.00123061263637926,0.00120466570906105,0.000979335106061787,0.000845751145230795,0.000731754653931063,0.000727835131639033,0.000660413967030205,0.000660311210261474,0.00065972736722948],"convergence":0,"press_dep":false,"press_rng":[1013.25,1013.25]}}
