{"fa_HJ2A_CCD1_C_band_2":{"type":"annular","coefficients":{"c1":1,"c2":0.542059889621097,"c3":-0.0874800792370785,"c4":0.0936516864013608,"c5":-1.63933970902462,"c6":-0.303071501419239},"mare":0.000706310483877188,"rmse":0.000324071556501934,"mare_seq":[0.00672550825471974,0.00671710553023942,0.00671708648207563,0.00671707815822715,0.00671707471083025,0.00671707053103205,0.00671707025593149,0.00671706192873159,0.0066935813713928,0.00602436434138328,0.0043954337254158,0.00430269185105892,0.00379809327797535,0.00272032431804166,0.00262282241578209,0.00243700581744454,0.00227147063409257,0.00210318581745948,0.00200284692379203,0.00200117766180427,0.00178931611094288,0.00157342411100317,0.00152670625812032,0.00149707221829892,0.00142695657346748,0.0013793070486129,0.0013605261974322,0.000930462595206327,0.000858545810558689,0.000755158981237458,0.000706310483877188],"convergence":0,"press_dep":false,"press_rng":[1013.25,1013.25]}}
