{"fa_HJ2A_CCD2_C_band_1":{"type":"annular","coefficients":{"c1":1,"c2":0.556250698131444,"c3":-0.0879901987351712,"c4":0.0895758900414331,"c5":-1.75590764450963,"c6":-0.309114787965941},"mare":0.000753846463549162,"rmse":0.000393846412717749,"mare_seq":[0.00682438799639322,0.00682428474605721,0.00682414517700508,0.00682406781513278,0.00680854091000402,0.00668195984339859,0.00663155897177934,0.00649424526886406,0.00425531433460432,0.00307407050363337,0.0029745092484292,0.0028438100112945,0.00275146805892679,0.00248679994309479,0.00221246037499429,0.00195023177992931,0.00154323265913015,0.00142998206038187,0.00141542660872424,0.00134907689239947,0.00106438395684435,0.00104669527992808,0.00100112509410612,0.000961434598323007,0.000933286972917144,0.000789231432352738,0.000770627216828856,0.000764184656674396,0.000760745148475246,0.000754237097063778,0.000753846463549162],"convergence":0,"press_dep":false,"press_rng":[1013.25,1013.25]}}
