{"fa_HJ2A_CCD3_U_band_2":{"type":"annular","coefficients":{"c1":1,"c2":0.478300770944195,"c3":-0.105389633239607,"c4":0.105885086400935,"c5":-1.75686845727258,"c6":-0.352593969451243},"mare":0.000761369623223412,"rmse":0.000416011091694387,"mare_seq":[0.00686326326678669,0.00686319131969443,0.00686316400200196,0.00686316202749408,0.00684864980593133,0.00668112488394921,0.00666096265425398,0.00661557596298373,0.00546717827044446,0.00500258876374994,0.00465710408752692,0.003182080783142,0.00259391058110036,0.00236953568134369,0.00233906523935815,0.00199320019047325,0.00195972806727816,0.00190080700553649,0.00169435998785991,0.00154869208944295,0.00153620725670956,0.00136744095751709,0.00132201097455485,0.00130225261662015,0.00107398228831915,0.00102485423649935,0.000994962184107604,0.000940523101785796,0.000797321448041579,0.000767565392998147,0.000761369623223412],"convergence":0,"press_dep":false,"press_rng":[1013.25,1013.25]}}
