{"fa_HJ2A_CCD1_M_band_1":{"type":"annular","coefficients":{"c1":1,"c2":0.339580826192078,"c3":-0.308427319894483,"c4":0.914467374728521,"c5":-0.0766504257342307,"c6":-1.6651618867394},"mare":0.000946867349739258,"rmse":0.000400841459278487,"mare_seq":[0.0167237084382763,0.00859243180179053,0.00859232001152353,0.00859231118293708,0.00859228943983383,0.0085922862483387,0.00857249338103079,0.00844365723891007,0.00568301995785356,0.00560671293060451,0.00501246096368276,0.00490855833065322,0.00333583613505375,0.00322137301981154,0.00309124797180837,0.00296216026611501,0.00234863698685838,0.00224313725418481,0.00199054672809492,0.00178946230784253,0.00172282694978744,0.00169413837298735,0.00150827393300178,0.00135053594810386,0.00134256311737194,0.0011928211646311,0.00112718063422999,0.000951385443473344,0.000947893034753453,0.000946898125856274,0.000946867349739258],"convergence":0,"press_dep":false,"press_rng":[1013.25,1013.25]}}
