{"fa_HJ2A_CCD2_C_band_4":{"type":"annular","coefficients":{"c1":1,"c2":0.0464726433790263,"c3":-1.6824222369622,"c4":0.552495999863917,"c5":-0.0902406487888955,"c6":-0.310959306968901},"mare":0.000781811031505079,"rmse":0.000350255575683466,"mare_seq":[0.00720625793105414,0.00695151340384608,0.00693324995428539,0.00688431590891139,0.00654585893774489,0.00633557788192747,0.00556891517397476,0.00472917965814169,0.00361410640169439,0.00348009956337858,0.00343303788841749,0.00341149695617234,0.00319261398689983,0.00276053369735674,0.0026923725623145,0.00267594591918673,0.0025694631101972,0.00255219574079317,0.0024904101287565,0.00247921935884696,0.00241375713418977,0.00234589156759426,0.002010915251896,0.00196255101674634,0.00165345568675399,0.00161697930560917,0.00160263789919439,0.00142113779760132,0.00112956451401205,0.0010752747790197,0.000781811031505079],"convergence":0,"press_dep":false,"press_rng":[1013.25,1013.25]}}
