{"fa_HJ2A_CCD4_U_band_1":{"type":"annular","coefficients":{"c1":1,"c2":0.468535057644139,"c3":-0.103213197088481,"c4":0.110682525334211,"c5":-1.70430597103503,"c6":-0.343386461581285},"mare":0.000778772745302164,"rmse":0.000388608991631113,"mare_seq":[0.00732892799483045,0.00711517216219925,0.0069961615168334,0.00698816486060252,0.00698436841797107,0.00663191378123389,0.00661716488359243,0.00657883573333038,0.00598833575082521,0.00578054840424932,0.00558741334980488,0.00555283466595066,0.00541774760586772,0.00489955512351021,0.00452245931978408,0.00437892966283869,0.00417016666000669,0.00406652711508423,0.00300507755172997,0.00213705832254733,0.00213486282013378,0.001884299462136,0.00184714722033957,0.00172995393805289,0.00160125442039379,0.00126633928235018,0.00107800491977515,0.000963733168964066,0.000910084644389496,0.000885300140413615,0.000778772745302164],"convergence":0,"press_dep":false,"press_rng":[1013.25,1013.25]}}
