{"fa_HJ2A_CCD2_C_band_3":{"type":"annular","coefficients":{"c1":1,"c2":0.53327682997414,"c3":-0.0882522858836229,"c4":0.906084990359511,"c5":-0.30323069440349,"c6":-1.65834353030458},"mare":0.000732586219330768,"rmse":0.000326731449009064,"mare_seq":[0.0122332967486965,0.006822056225443,0.00682173761420695,0.00682172303742331,0.00682171978615253,0.00682168118456832,0.00671012435883237,0.00670981484902796,0.00659365250376959,0.00654547098813154,0.00652425864170686,0.00619759901450049,0.00574529109700314,0.00523716786878697,0.00453347536179603,0.00324848905893103,0.00284867291023101,0.0024952936032894,0.00248480530251885,0.00233341307211525,0.00228679570043167,0.00220905519635007,0.00220794126656754,0.00217300957357298,0.0017494627350646,0.00154331412055699,0.00145106074665618,0.00110090311145694,0.000734259152743348,0.000733252291094025,0.000732586219330768],"convergence":0,"press_dep":false,"press_rng":[1013.25,1013.25]}}
