{"fa_L8_OLI_U_band_9":{"type":"annular","coefficients":{"c1":1,"c2":0.415303769448707,"c3":-0.121413417285818,"c4":0.135056175204751,"c5":-1.73362001425892,"c6":-0.390590244145831},"mare":0.00073733074317744,"rmse":0.000418482172216013,"mare_seq":[0.00681672676252705,0.00681425849013113,0.00681264655003306,0.00681225909648843,0.00681222845676978,0.00679174191017765,0.00674726440418686,0.00665131920251552,0.00612619916454469,0.00611929565296913,0.00604303371372215,0.00552561719629529,0.00551856195759837,0.00461851307034471,0.00442464290540006,0.00331629345018132,0.00287736250508565,0.00255957681789204,0.0018980484101266,0.00170478454693791,0.00156847568376723,0.0015597225680799,0.00132741898568398,0.0011276609788794,0.000812074817663197,0.000808958410300883,0.000795027479615791,0.000771060497653751,0.000743246700547401,0.000737654159102733,0.00073733074317744],"convergence":0,"press_dep":false,"press_rng":[1013.25,1013.25]}}
