{"fa_L7_ETM_U_band_2":{"type":"annular","coefficients":{"c1":1,"c2":0.479918798720752,"c3":-0.338753127553619,"c4":0.118480969645231,"c5":-1.63924900167795,"c6":-0.102837028267738},"mare":0.00078209564673754,"rmse":0.000364111423592549,"mare_seq":[0.00699373127410313,0.00686187700516182,0.00686185445598832,0.00686184751059012,0.00686184462168893,0.00686183960644919,0.00686116068602138,0.00681325193678296,0.00664428681261634,0.00644510754367703,0.00630622700637985,0.00546929690455872,0.0050471346108693,0.0043958615241233,0.00424623658180562,0.00350737047903644,0.00269839766352815,0.00226193795095641,0.00200113010844307,0.00188968363112817,0.00179717302725246,0.00157465694468225,0.00152824635681916,0.00134010362179126,0.00132340206539619,0.00125245565887828,0.00120162457894134,0.000932787536951635,0.000892408013849901,0.000845946993404281,0.00078209564673754],"convergence":0,"press_dep":false,"press_rng":[1013.25,1013.25]}}
