{"fa_L9_OLI_C_band_1":{"type":"annular","coefficients":{"c1":1,"c2":0.541835201362801,"c3":-0.0859814324177615,"c4":0.096080273123128,"c5":-1.61728803279199,"c6":-0.298048955402052},"mare":0.000804624238486018,"rmse":0.000342824792728225,"mare_seq":[0.0179784255892089,0.00711938579263549,0.00690952253196376,0.00690936972479712,0.00690923214274995,0.00690915856188599,0.00690825686159041,0.00647772606889848,0.00645124819238865,0.00638532973786655,0.00590349217840969,0.00578835904264216,0.00521981934398468,0.00519494717905111,0.00511253754631548,0.00422496368094771,0.00388410777106735,0.0034571379863243,0.0031942836023341,0.00196099240025547,0.0017851454407339,0.001545486867292,0.00151239660950405,0.00127830725599201,0.00116239784815569,0.00111931229445022,0.000991816696289185,0.000884950708764685,0.000843200908411991,0.000804805639730101,0.000804624238486018],"convergence":0,"press_dep":false,"press_rng":[1013.25,1013.25]}}
