{"fa_L5_TM_U_band_5":{"type":"annular","coefficients":{"c1":1,"c2":0.384512746313077,"c3":-0.128189989035113,"c4":0.852227528494367,"c5":-0.406852120877438,"c6":-1.77918165065741},"mare":0.000828353402336915,"rmse":0.000431867736052614,"mare_seq":[0.00885741879023823,0.00699503473426411,0.00699426787799657,0.00699404101081087,0.00699402707335252,0.00699402696534101,0.00699375787010641,0.00699326354640657,0.0069858830496688,0.00638821097688226,0.00604067957035553,0.00588553616988636,0.00571878620115372,0.00536528035671882,0.00518987151387393,0.00476871639108494,0.00462800396384559,0.0036860620180654,0.00303251203295908,0.00284565733770768,0.00268912739117717,0.00260513291468711,0.00249388378788593,0.002456059664914,0.00242997092174807,0.00151475134218811,0.00145165042738189,0.00128952802538778,0.00101162467523362,0.000839532018706613,0.000828353402336915],"convergence":0,"press_dep":false,"press_rng":[1013.25,1013.25]}}
