{"fa_L7_ETM_U_band_5":{"type":"annular","coefficients":{"c1":1,"c2":0.521594541004459,"c3":-0.408575695137826,"c4":0.18520741569743,"c5":-1.78378788537532,"c6":-0.128369282279945},"mare":0.00078745176988036,"rmse":0.000443496558594249,"mare_seq":[0.00737792664164669,0.0070013137061922,0.00700081431004975,0.00700073568066417,0.00700071668321836,0.0069353877073498,0.00687584347218299,0.00628092909514378,0.00594062657001432,0.00576122732748272,0.00574998426967126,0.00564750422098296,0.00542586514858949,0.00338378517703492,0.00295374773645128,0.00288721068273624,0.00277743103413631,0.00186454040642287,0.00169722191053707,0.00158455611555883,0.00156246362180503,0.00152330642711905,0.00118028676080247,0.00102731989381652,0.00100786744410779,0.000959600630982761,0.000956909415982767,0.000852124342376956,0.000796887024346448,0.000793491141323527,0.00078745176988036],"convergence":0,"press_dep":false,"press_rng":[1013.25,1013.25]}}
