{"fa_L9_OLI_M_band_8":{"type":"annular","coefficients":{"c1":1,"c2":0.0567140923315718,"c3":-1.63999608062546,"c4":0.631331164640031,"c5":-0.0755574733747417,"c6":-0.301216107174013},"mare":0.000904993661624619,"rmse":0.00035553249958676,"mare_seq":[0.00879496472757103,0.00864414285903325,0.00864267359520822,0.00862964249692877,0.00862944130716838,0.00860609916892469,0.00822408831693735,0.00799395871463293,0.00751044867595258,0.006907003031892,0.00660406726974023,0.00644957211922213,0.00538921615469397,0.00528823017725634,0.00477957680374819,0.00395566581212243,0.00354282730210188,0.00318559669178742,0.00281195133073869,0.00276404114871922,0.00253885858912884,0.00212222225165499,0.00207162766163169,0.00169246593502731,0.00159300162312127,0.00153352936434438,0.0013756565923569,0.000990443658252326,0.00094642492306932,0.000905475376911183,0.000904993661624619],"convergence":0,"press_dep":false,"press_rng":[1013.25,1013.25]}}
