{"fa_L8_OLI_U_band_4":{"type":"annular","coefficients":{"c1":1,"c2":0.486499046767474,"c3":-0.339787978650775,"c4":0.121181670671226,"c5":-1.63326492726428,"c6":-0.103522774182912},"mare":0.000837236510248663,"rmse":0.000376614550595538,"mare_seq":[0.0105521435501561,0.0101889596326465,0.00719267854932905,0.0068619935013379,0.00678087389516384,0.00677886670453483,0.006733553232147,0.00667916633908313,0.0066568394353562,0.00655265421930362,0.0065432219316612,0.0065119949720433,0.00558093496431208,0.00521698190199315,0.00484299868258035,0.00389944918811688,0.00327663890057609,0.00265170921596815,0.00237070301562673,0.0022880611652785,0.00194263213070351,0.00185960088564562,0.00184514473841287,0.00178844898266822,0.00139752366091193,0.00132083122445229,0.0011015764965228,0.00104658617413151,0.000851366605943417,0.000838880517467299,0.000837236510248663],"convergence":0,"press_dep":false,"press_rng":[1013.25,1013.25]}}
