{"fa_L7_ETM_U_band_4":{"type":"annular","coefficients":{"c1":1,"c2":0.444452713692786,"c3":-0.107452515589424,"c4":0.114952855362958,"c5":-1.64560838799018,"c6":-0.350429699906911},"mare":0.000762038698128918,"rmse":0.000371954767184768,"mare_seq":[0.0152739394154966,0.00736383161693708,0.00696107688246744,0.00680749415699841,0.00664722295846982,0.00664722054556724,0.00664397377675871,0.00664325367998332,0.0064409099171134,0.00640423650543834,0.00585268142731483,0.00497829820765786,0.00481750846209354,0.00420673747838668,0.0041720350415064,0.00398168051391242,0.0030068984699564,0.00264190289913988,0.00181947138959139,0.00170060744128704,0.00168733861407703,0.0016830662788865,0.00162727240175431,0.00149074363222116,0.00142468298289174,0.000780361978482359,0.000778064049820138,0.000773471181345088,0.000768166812433331,0.000762520008566543,0.000762038698128918],"convergence":0,"press_dep":false,"press_rng":[1013.25,1013.25]}}
