{"fa_L7_ETM_U_band_3":{"type":"annular","coefficients":{"c1":1,"c2":0.0616207084548483,"c3":-1.63780574600069,"c4":0.516841322350554,"c5":-0.341512599333556,"c6":-0.103951934659928},"mare":0.000743675388305147,"rmse":0.000333445824970827,"mare_seq":[0.00815207230873677,0.00678869830561408,0.00678734604316721,0.00678719083340187,0.00678708814498302,0.00678590594025326,0.00677086928373104,0.00674424284573848,0.00672987238087746,0.00670044320769139,0.00607052380911341,0.00602840885157158,0.00573525087539763,0.00571909735845701,0.00456301930945781,0.00418719163788261,0.00335352283204075,0.00312222485243705,0.0027273145191722,0.00231834619694271,0.00208371402390778,0.00203881144811996,0.00174053101324083,0.00171280387778773,0.00129443927845191,0.00122226422738573,0.000950736007796675,0.000922205525591244,0.000776642890107585,0.000747102067848217,0.000743675388305147],"convergence":0,"press_dep":false,"press_rng":[1013.25,1013.25]}}
