{"fa_L8_OLI_C_band_9":{"type":"annular","coefficients":{"c1":1,"c2":0.547507808490591,"c3":-0.0969418314345853,"c4":0.10070170545476,"c5":-1.8913026426149,"c6":-0.353397104013639},"mare":0.000863420276979105,"rmse":0.000575050154493125,"mare_seq":[0.00715308666284846,0.00714023395386316,0.00714013792355176,0.00714012117048746,0.00713010449157019,0.00702590672255938,0.00638086064431659,0.00544887153142653,0.00494009725793249,0.00469281918436831,0.00449237115933838,0.00348200646674991,0.00318888917680109,0.00282215147511815,0.00279397903012055,0.0021571441844145,0.00208845672743021,0.00199326963853199,0.00188543823353833,0.00166843978899097,0.00158753309256793,0.00145917722877846,0.00141613048695982,0.00134835894893003,0.000967843227917049,0.000960608246308776,0.000959758095120675,0.000926659676933408,0.000925464488775421,0.000890603532450108,0.000863420276979105],"convergence":0,"press_dep":false,"press_rng":[1013.25,1013.25]}}
