{"fa_L9_OLI_U_band_4":{"type":"annular","coefficients":{"c1":1,"c2":0.0576329784437878,"c3":-1.72081800738915,"c4":0.494507857387056,"c5":-0.105541228946701,"c6":-0.349635414951912},"mare":0.000715667178844215,"rmse":0.00038579070854896,"mare_seq":[0.00828572799110458,0.00690445701253351,0.00680764300305263,0.00680764239826596,0.00680759071655188,0.00679325524547072,0.00650721098915633,0.00622100485044522,0.00597660083754662,0.00565371231865917,0.00525165829306026,0.00520347724952794,0.0050108928370582,0.0050041531358186,0.00448862960890442,0.00388887747205065,0.00318215091658784,0.00301562867777689,0.0025425070891727,0.00241302733819156,0.00232884083518168,0.00227492618995749,0.00206815670413334,0.00172659914402852,0.00162621569203627,0.00133957974554605,0.00114572665129752,0.00100550291495173,0.000853625684562358,0.000745798215390564,0.000715667178844215],"convergence":0,"press_dep":false,"press_rng":[1013.25,1013.25]}}
