{"fa_L8_OLI_C_band_6":{"type":"annular","coefficients":{"c1":1,"c2":0.409038522253718,"c3":-0.332211997256332,"c4":0.902950718642449,"c5":-0.0932119409202839,"c6":-1.61571007009099},"mare":0.000724240239055944,"rmse":0.000432416392822487,"mare_seq":[0.00720602474808245,0.00719788218162895,0.00718735630033609,0.00718425831259253,0.00718396944457566,0.0071835494949128,0.00718351027678677,0.00700953339211283,0.0065976206938508,0.00622763166096593,0.00555046452203791,0.00422583799269458,0.00279313941390425,0.00244469348167132,0.00239080718915925,0.00233879675789095,0.00211248931848012,0.00210336537896977,0.00191150016951913,0.0018230462570471,0.0014989307312967,0.0013302725496091,0.00129144023460886,0.00115015765328584,0.00113146154664926,0.00107292301923993,0.000791349765994204,0.000791031318449322,0.000746946608202188,0.000746789730312358,0.000724240239055944],"convergence":0,"press_dep":false,"press_rng":[1013.25,1013.25]}}
