{"fa_L5_TM_U_band_4":{"type":"annular","coefficients":{"c1":1,"c2":0.489593201454513,"c3":-0.349084606004564,"c4":0.130013897105347,"c5":-1.6081349821498,"c6":-0.10750354388866},"mare":0.000766036028801027,"rmse":0.000373070596049176,"mare_seq":[0.00679516456055076,0.0066090331149264,0.00660672294162772,0.00660564377678538,0.00660472290693817,0.00660464218904249,0.00660464030903423,0.00660463883197945,0.00658738920411314,0.00654995723909741,0.00645051469231801,0.00614040486736589,0.0051204482171779,0.0031072446207883,0.00262081605542143,0.00254210605470595,0.0024353224987467,0.00225119135102739,0.00224150274447433,0.00213135413868242,0.00212301942337818,0.00179858853272521,0.0015077000797451,0.00139396441826945,0.000947204273649962,0.000939659589656759,0.000920545684916586,0.000822440087454579,0.000775397022196908,0.00076662596342405,0.000766036028801027],"convergence":0,"press_dep":false,"press_rng":[1013.25,1013.25]}}
