{"fa_L9_OLI_C_band_7":{"type":"annular","coefficients":{"c1":1,"c2":0.413044160881735,"c3":-0.323367148221381,"c4":0.0861520715021337,"c5":-1.59755405490482,"c6":-0.0913916773293705},"mare":0.000739457855392698,"rmse":0.000380284904729841,"mare_seq":[0.00667069693949097,0.00667068046453752,0.00666092113859768,0.00660565248681436,0.00653689349321027,0.00620461637080408,0.00576118968584614,0.00525466539824661,0.00506836155569368,0.00471867226341862,0.00459188793212724,0.00423209952547667,0.00368662680145908,0.00303167079124562,0.00279349048624693,0.00279164527187813,0.00276402839859521,0.00263191869608463,0.00204495992714719,0.00188675689204173,0.00177241630162656,0.00141872481745456,0.00114978030887926,0.00102070559112939,0.00101699366083187,0.000993827499762292,0.000986698770236429,0.000880070392110272,0.00076522442843894,0.00074219112561977,0.000739457855392698],"convergence":0,"press_dep":false,"press_rng":[1013.25,1013.25]}}
