{"fa_L5_TM_M_band_1":{"type":"annular","coefficients":{"c1":1,"c2":0.610102651892732,"c3":-0.0771591194197881,"c4":0.13408952091583,"c5":-1.76765190791983,"c6":-0.316642112249627},"mare":0.00098721113528991,"rmse":0.000451217201513903,"mare_seq":[0.00897984589864325,0.00878731502055708,0.00875131135649454,0.00874013855856033,0.00874002236468889,0.00871146955476334,0.00839550473113858,0.0080167972293262,0.00779532250857344,0.0065910096129061,0.00557719516694926,0.00524557070028956,0.00516397520804524,0.00482566201360658,0.00403748465581538,0.00287926553855954,0.00186423442264999,0.00160363898102237,0.00160356005348913,0.0015196688935525,0.00144241959535327,0.001436375800893,0.00123254874745787,0.00122222791996573,0.00113452492096642,0.00108219607828006,0.00107759386782115,0.00105418011562693,0.00101155005981193,0.000987857656422962,0.00098721113528991],"convergence":0,"press_dep":false,"press_rng":[1013.25,1013.25]}}
