{"fa_L8_OLI_U_band_3":{"type":"annular","coefficients":{"c1":1,"c2":0.464503851652127,"c3":-0.103665986428684,"c4":0.10990495974281,"c5":-1.69243498341496,"c6":-0.343050995152754},"mare":0.000825441899761085,"rmse":0.000407636647582231,"mare_seq":[0.00681982207337756,0.00681504639644894,0.00681503177595013,0.00681502728664917,0.00681500589566698,0.00673559195989662,0.00613159569831894,0.0059155423007479,0.00513720517912887,0.00495652978113806,0.00468569599697198,0.0042692153909018,0.00393586260267609,0.00389225038820385,0.00378132431430978,0.00287708776821738,0.00257875503443898,0.00252830275445269,0.00225351801342232,0.00195292427283317,0.00193741510692582,0.00192618646840926,0.00150548775243814,0.00147670774956389,0.00127394669054654,0.00105396455358342,0.000982529517423549,0.000925290551113346,0.000905806810384522,0.000829731533295865,0.000825441899761085],"convergence":0,"press_dep":false,"press_rng":[1013.25,1013.25]}}
