{"fa_L9_OLI_U_band_9":{"type":"annular","coefficients":{"c1":1,"c2":0.506780178545192,"c3":-0.388971111321885,"c4":0.842093113346164,"c5":-0.121008048362974,"c6":-1.73238987123636},"mare":0.000759947990078306,"rmse":0.000403889085691384,"mare_seq":[0.00684828563536887,0.0068374625954188,0.00682228456261482,0.00679694585710419,0.0064487377141477,0.00586892905481262,0.00583784833350978,0.00577022977212043,0.0057234004799944,0.00491633980150288,0.00462806109182603,0.00337744905092419,0.00263506115945714,0.00255402211169301,0.00236956566258019,0.00195586768577064,0.00190828996589814,0.00189465905729872,0.00169796948972859,0.0016675493166757,0.00140919518960979,0.00140503449304943,0.0012056692106704,0.00117842234072443,0.00107137560898841,0.00103069870877035,0.000868504772173639,0.000816910063711289,0.000787290458923939,0.000763009280907279,0.000759947990078306],"convergence":0,"press_dep":false,"press_rng":[1013.25,1013.25]}}
