{"fa_L9_OLI_M_band_7":{"type":"annular","coefficients":{"c1":1,"c2":0.384071348384741,"c3":-0.250207477976784,"c4":0.920449475991369,"c5":-0.0714491897499225,"c6":-1.31536392604027},"mare":0.000617001112734177,"rmse":0.000183683875525427,"mare_seq":[0.0128914981612254,0.00808857953839142,0.00682900136840052,0.00671645264422415,0.00670563773301652,0.00670540542250195,0.00670534223897889,0.00670528652424924,0.00670528427947831,0.00670528396783759,0.00670523937408869,0.00652240285026475,0.00638123006139856,0.00579220308514977,0.00575100267039422,0.00557223125001517,0.00527691615477295,0.00451274609087732,0.0036762901152895,0.00235499145556414,0.00228458302788794,0.00176027449695427,0.00169687138024618,0.00128524833148472,0.00114244407586857,0.000923712706471501,0.00082303068565309,0.000802844682072885,0.000675664873085462,0.000672747510056511,0.000617001112734177],"convergence":0,"press_dep":false,"press_rng":[1013.25,1013.25]}}
