{"fa_L8_OLI_M_band_6":{"type":"annular","coefficients":{"c1":1,"c2":0.619276026526757,"c3":-0.073639827361529,"c4":0.871980862407355,"c5":-0.290234100421879,"c6":-1.50593704500972},"mare":0.000732518240420698,"rmse":0.000338717184064654,"mare_seq":[0.0110414291574119,0.00784214889137299,0.00753399111908682,0.00740767739683968,0.00740686811885771,0.00740664644429331,0.00740664071949521,0.00740647064333028,0.00740646223717032,0.00695554922610822,0.00694635347034553,0.00693198255907351,0.00691817867708039,0.00685395772242431,0.00641299756557039,0.00634806104202779,0.00601373785185294,0.00600058671356188,0.00528508107024583,0.00525119943505633,0.00486715350151955,0.00371311297625027,0.00370961408638766,0.00259047499287475,0.00253639741645579,0.00205509759438011,0.00180925087281756,0.00174170856743473,0.00150461022360145,0.00105913142036532,0.000732518240420698],"convergence":0,"press_dep":false,"press_rng":[1013.25,1013.25]}}
