{"fa_L7_ETM_C_band_2":{"type":"annular","coefficients":{"c1":1,"c2":0.0400042385044187,"c3":-1.72878128303347,"c4":0.427984984019046,"c5":-0.308414733564525,"c6":-0.0882843410102051},"mare":0.000792501355368625,"rmse":0.000375966011553535,"mare_seq":[0.0083513952923976,0.00686008769763758,0.00676210242529865,0.00675516929229559,0.00675136934610631,0.00675135210024281,0.00543218465195481,0.00470005618886972,0.00458329588948054,0.0043185307110987,0.00388745630553633,0.00364025720990954,0.00354441834552651,0.00347563991681594,0.00309895548026368,0.00290195710170506,0.00268390504602504,0.00261259550361751,0.00231779746128042,0.00213841076690258,0.00206763610689146,0.00198577733963371,0.00194578084695233,0.00194210205964848,0.00180961705619607,0.0017270785745426,0.00153892493437455,0.00101634862468603,0.000839041993498569,0.000826920179759216,0.000792501355368625],"convergence":0,"press_dep":false,"press_rng":[1013.25,1013.25]}}
