{"fa_L8_OLI_U_band_5":{"type":"annular","coefficients":{"c1":1,"c2":0.0533613129968044,"c3":-1.88314713899503,"c4":0.50769434417732,"c5":-0.371142335930392,"c6":-0.111459500542164},"mare":0.000792634657366752,"rmse":0.000499510803445289,"mare_seq":[0.00692063689843685,0.00674764759828744,0.00673805447781197,0.00673052544492829,0.00672967077580114,0.00672966542573177,0.00660439736567123,0.00652395363239506,0.00619380163391893,0.00612358730479013,0.00559045386093702,0.00554651235548571,0.0051860076898326,0.00515087028210226,0.00498256487131398,0.00427186063417797,0.00379012302873493,0.00358883513016019,0.00276399377956127,0.00255452704803936,0.00247773146093049,0.00220803664490585,0.00204728111223142,0.00198063795236328,0.00184595102739472,0.0012614090661633,0.00116041807265318,0.00115645966723788,0.00105686549860113,0.000808123361191259,0.000792634657366752],"convergence":0,"press_dep":false,"press_rng":[1013.25,1013.25]}}
