{"fa_L8_OLI_M_band_5":{"type":"annular","coefficients":{"c1":1,"c2":0.60171090764148,"c3":-0.0753174749981107,"c4":0.142850642200173,"c5":-1.59101111543406,"c6":-0.30238570951787},"mare":0.000932001239511415,"rmse":0.000367877964808944,"mare_seq":[0.0101501366047988,0.00859763606532762,0.00848341132125919,0.00833365953388423,0.00833103089978074,0.00832981884817073,0.00832790672364573,0.00832790275579173,0.00761521078869916,0.00738715396675214,0.00615254531391565,0.00476145897835266,0.00383430717333483,0.00312060234069941,0.00256727927138985,0.00249951130921056,0.00240816389093463,0.00236752651366094,0.00228431016291428,0.00214504590502303,0.00190973197579553,0.00183331322789711,0.00165894997488197,0.00165398127487811,0.0012603978389435,0.00108158572458757,0.00106358132175542,0.00105522918983927,0.00103711763796879,0.000933220673378462,0.000932001239511415],"convergence":0,"press_dep":false,"press_rng":[1013.25,1013.25]}}
