{"fa_L8_OLI_M_band_8":{"type":"annular","coefficients":{"c1":1,"c2":0.344110343447961,"c3":-0.303508502574528,"c4":0.91352171847255,"c5":-0.0758665607818324,"c6":-1.61818611968072},"mare":0.000895842315385744,"rmse":0.000346800879833669,"mare_seq":[0.009747913924052,0.00852001862969451,0.00851116270185301,0.00850926948813114,0.00850529345556137,0.00850522051239481,0.00850520822842921,0.00850516859465373,0.00850516465218258,0.00850175421766872,0.00748666894029306,0.00712563653012249,0.00687115102351604,0.00678303402528762,0.00617101125737122,0.00599504897213871,0.00549544973752558,0.00425565179694672,0.00362929450116715,0.00330127051903145,0.0021108442501019,0.00210356041979374,0.00201157738842316,0.00196551438128045,0.00191454312494496,0.00174033625921553,0.00106517697597185,0.00102138797690669,0.000941279206413124,0.000896360112457074,0.000895842315385744],"convergence":0,"press_dep":false,"press_rng":[1013.25,1013.25]}}
