{"fa_L7_ETM_C_band_1":{"type":"annular","coefficients":{"c1":1,"c2":0.554540768814663,"c3":-0.0877315720658444,"c4":0.910295635079951,"c5":-0.307365193376886,"c6":-1.73911911140792},"mare":0.000769582705234868,"rmse":0.000382029792874434,"mare_seq":[0.00866222921196674,0.00730086244163003,0.00691784347315992,0.00691768013879497,0.00691766325070091,0.0069176078817116,0.00691760716999005,0.00687569608902242,0.00682818302091631,0.00663018005862242,0.00658327202886612,0.00629643858757893,0.00585077174453334,0.00542779797058148,0.00506521452005411,0.00457035820566344,0.0044655073604213,0.00411214887690006,0.0040459835759664,0.00382728412784135,0.00273035279306365,0.0017263006855861,0.00162947921552658,0.00140409930745743,0.00117162068766871,0.0011399554561375,0.000971744043694367,0.000805283633341419,0.000778073045270611,0.000776753701897315,0.000769582705234868],"convergence":0,"press_dep":false,"press_rng":[1013.25,1013.25]}}
