{"fa_L8_OLI_C_band_7":{"type":"annular","coefficients":{"c1":1,"c2":0.435568432176338,"c3":-0.304909931011745,"c4":0.898868987994548,"c5":-0.0880222511269188,"c6":-1.48305600881001},"mare":0.000633213722270652,"rmse":0.000263614542201373,"mare_seq":[0.00671881230983608,0.00671406556371294,0.00671406142479905,0.00669122618494445,0.00636674307793237,0.00483604987254897,0.00325245269755799,0.00308412454525866,0.00303523513381344,0.00290971214930069,0.00276456543042559,0.00263981397734032,0.00250781116467298,0.00233276758749565,0.0020343857661181,0.00178244000488945,0.00176669615614964,0.00160494988187276,0.00158972106691027,0.00138375132100778,0.00134255638925674,0.00117479335074623,0.000799212015702859,0.000721187693370145,0.000709200378466815,0.000708858573237104,0.000693546453472634,0.000676641109483507,0.000652660509150172,0.000633959101048072,0.000633213722270652],"convergence":0,"press_dep":false,"press_rng":[1013.25,1013.25]}}
