{"fa_L7_ETM_M_band_1":{"type":"annular","coefficients":{"c1":1,"c2":0.0594299260735608,"c3":-1.61116058578311,"c4":0.626270694586348,"c5":-0.0750441679399164,"c6":-0.297066715849512},"mare":0.00103663263813709,"rmse":0.000343727662000434,"mare_seq":[0.0159836386838401,0.00883777210647842,0.0087377371367845,0.0087359940963532,0.00873298532210635,0.00873295561912316,0.00873281269838919,0.00868283307322227,0.00833493158074154,0.00769375329151815,0.00760502467189713,0.00596520231512919,0.00575401708728937,0.00539767599479534,0.00486615451243647,0.00439970409630656,0.00418349228326172,0.00361503107889159,0.00356763535326841,0.00355555315648065,0.00327145948795774,0.00307877867660894,0.00296345652536294,0.00236050512052008,0.00224710519683352,0.00195023378543025,0.00190440242182262,0.00123555718996377,0.00110104210702238,0.00105220575100848,0.00103663263813709],"convergence":0,"press_dep":false,"press_rng":[1013.25,1013.25]}}
