{"fa_L7_ETM_M_band_4":{"type":"annular","coefficients":{"c1":1,"c2":0.0527399188043482,"c3":-1.67477886174676,"c4":0.643445454716388,"c5":-0.0761953345456699,"c6":-0.311609651188718},"mare":0.000862599611131128,"rmse":0.000395122877170378,"mare_seq":[0.00841557364584354,0.0084123288965195,0.0083862709930384,0.0083862206291941,0.00838622041430494,0.00838158913578391,0.00828465567815613,0.00778264292982799,0.00745904630545762,0.00648917812677114,0.00592130227590027,0.00432666153472332,0.00430063374344821,0.0042640508751782,0.00401355609901502,0.00317180552487153,0.0029041790435138,0.00278649825098528,0.00225667493760173,0.00221919469772044,0.00202328439101195,0.00201679173302623,0.00179888096516414,0.00165814135991407,0.00151069809121166,0.00135672210079227,0.00123446895009635,0.00121305075281441,0.00115929586704146,0.000893426961684458,0.000862599611131128],"convergence":0,"press_dep":false,"press_rng":[1013.25,1013.25]}}
