{"fa_L7_ETM_C_band_4":{"type":"annular","coefficients":{"c1":1,"c2":0.532395577941079,"c3":-0.0910945945281416,"c4":0.0960592606443948,"c5":-1.70576409239472,"c6":-0.315439182865541},"mare":0.000748010149054835,"rmse":0.000392968197551428,"mare_seq":[0.00694136039577872,0.00693126192659211,0.00693089151691584,0.00693084952277807,0.00693083257036517,0.00693082280956736,0.00678066552027875,0.00660869222483756,0.00647053255495494,0.00545699627403833,0.00371003581846464,0.00350871349858029,0.00300809333855576,0.00265016106369772,0.00263518697204857,0.00254588836855035,0.00204380786833401,0.00195896452313099,0.00195505084248329,0.00189708724662836,0.00140412778520366,0.00135864886536425,0.00132103218673427,0.00119550636868102,0.00108863085821064,0.000949294374955773,0.000897897081154374,0.000765103521425383,0.000763807114749429,0.000754224427422269,0.000748010149054835],"convergence":0,"press_dep":false,"press_rng":[1013.25,1013.25]}}
