{"fa_L5_TM_C_band_3":{"type":"annular","coefficients":{"c1":1,"c2":0.52425186383929,"c3":-0.0872009803385192,"c4":0.0990708302968885,"c5":-1.56328384250279,"c6":-0.297396558692314},"mare":0.000723914257855517,"rmse":0.000294997332293768,"mare_seq":[0.0131095881022108,0.00676722499131103,0.00676675222893709,0.00676668003148839,0.00676650233356319,0.00666472051040279,0.00653493338457584,0.0063099992199823,0.00629852143420758,0.0060651486872923,0.00593088962256219,0.00575809997814909,0.00548565208824097,0.00489998929412557,0.0047962263117263,0.00421098089360528,0.0041754376530765,0.00318670829682009,0.00290339629813573,0.00239212159328004,0.00232890758987059,0.00217621146605086,0.00195393087171216,0.00187883815850134,0.00186306320466309,0.00103369337154111,0.000906548559503526,0.000897482132221427,0.000844972010989007,0.000749130835588562,0.000723914257855517],"convergence":0,"press_dep":false,"press_rng":[1013.25,1013.25]}}
