{"fa_L9_OLI_U_band_2":{"type":"annular","coefficients":{"c1":1,"c2":0.429027119160265,"c3":-0.0980389454593204,"c4":0.133373140512932,"c5":-1.41956211395701,"c6":-0.315928041955227},"mare":0.000805263620185199,"rmse":0.000265961470031922,"mare_seq":[0.00686170214735266,0.00686001425415615,0.00685943719451871,0.00685533322090471,0.00630989047008312,0.00604108772909299,0.00545369730192538,0.00517788950032194,0.00441048838991311,0.00428752241219161,0.00426362987184113,0.00342161561970537,0.00298063825838898,0.00239731992928432,0.00207417404053331,0.00206401143860393,0.00203205526601405,0.0019633981581987,0.00178134769899293,0.00177310224818337,0.00172275595579401,0.00165239867348775,0.00164957297802168,0.00160094752862536,0.00148615955019797,0.00141621411451954,0.00122018257075648,0.00117843262656466,0.00102401432523491,0.000998128299851873,0.000805263620185199],"convergence":0,"press_dep":false,"press_rng":[1013.25,1013.25]}}
