{"fa_L9_OLI_C_band_9":{"type":"annular","coefficients":{"c1":1,"c2":0.512512247938989,"c3":-0.0931304751757763,"c4":0.879390278536579,"c5":-0.325008422179231,"c6":-1.59477255884383},"mare":0.000743188529582784,"rmse":0.000363579486043911,"mare_seq":[0.0092742134274874,0.00717231841106824,0.00709110452274246,0.00709099433061926,0.00709097772685507,0.00709095074945044,0.00706472416440197,0.00704923304880763,0.00697907026989998,0.00691917811782192,0.00690935066359444,0.00618855476264447,0.00549080935278528,0.00361049116197839,0.00234090013588653,0.00218726777249236,0.00216536947549861,0.00197549371105053,0.0019347517674759,0.00181868812320265,0.00165206286491517,0.00144288307565229,0.00135960988762357,0.00132415562381002,0.00118776136679625,0.00111407359977038,0.00099275547934268,0.000868555727435508,0.000774295137752408,0.000772240197909405,0.000743188529582784],"convergence":0,"press_dep":false,"press_rng":[1013.25,1013.25]}}
