{"fa_L8_OLI_M_band_3":{"type":"annular","coefficients":{"c1":1,"c2":0.0575153103897135,"c3":-1.61026940147563,"c4":0.632029872587589,"c5":-0.0754877952634801,"c6":-0.300321799228385},"mare":0.000939640463081427,"rmse":0.000338309756403821,"mare_seq":[0.00928216197020261,0.00857213991742275,0.00856941715917266,0.00856929822303294,0.00856929438415004,0.00848562976037267,0.00845012566677958,0.00639759312722553,0.00624865815017169,0.00559569169258963,0.0054170092652422,0.00519573436471485,0.00510970672368665,0.00473539909783339,0.0033013094165213,0.00328960809887194,0.00292880046632284,0.00246669900757494,0.00231203248721447,0.00225529733911418,0.00221330414013914,0.00202872373526214,0.00201144651546816,0.00168282180544268,0.00166450003281945,0.00153198039914633,0.00117792552080161,0.00109093944726698,0.00101251947750164,0.000950101541181606,0.000939640463081427],"convergence":0,"press_dep":false,"press_rng":[1013.25,1013.25]}}
