{"fa_L8_OLI_U_band_1":{"type":"annular","coefficients":{"c1":1,"c2":0.472202547138672,"c3":-0.343142795943227,"c4":0.888126220596834,"c5":-0.102810193715991,"c6":-1.70480500583036},"mare":0.000814808760286369,"rmse":0.000383274889439709,"mare_seq":[0.00826328843034228,0.00806176415899281,0.00696962186808032,0.00693483547629835,0.00692166970003393,0.0069022765917591,0.00687949823409485,0.00677612412864521,0.0067754398034112,0.00662016555517977,0.00547222849982818,0.00332909610712371,0.002890423313226,0.00269361959707041,0.00265610754670177,0.00220805968668348,0.00218639792533692,0.00217855189245301,0.00214385312713402,0.00202674320530705,0.00149573456411565,0.00133672146172593,0.00114949549448265,0.000916240568228418,0.000878636409433497,0.00086135231425389,0.000856831595406469,0.000841392485205487,0.00083256325038096,0.000825987199995462,0.000814808760286369],"convergence":0,"press_dep":false,"press_rng":[1013.25,1013.25]}}
