{"fa_L5_TM_M_band_5":{"type":"annular","coefficients":{"c1":1,"c2":0.04704444778534,"c3":-1.53994902651371,"c4":0.341284343016566,"c5":-0.295313718129786,"c6":-0.0744758816848477},"mare":0.000686396346361994,"rmse":0.000372017694319746,"mare_seq":[0.0180083787121131,0.0080884537251417,0.00784737539154292,0.007622848061233,0.00762122834066074,0.00757871349640949,0.00750799788311963,0.00750794916006368,0.00750794863354617,0.00742199181444583,0.00630835543659714,0.00575937660133463,0.00573095176229018,0.00497875120564302,0.00493272697525885,0.0042505492857873,0.00348959131286052,0.00333514202678064,0.00256526119461928,0.00251350064021963,0.00202201106087749,0.00178362477019751,0.00165349616014352,0.00152204365560803,0.00152148186849697,0.00145681120101843,0.00126667810041053,0.00102740233327142,0.000748311493670495,0.000691241641745801,0.000686396346361994],"convergence":0,"press_dep":false,"press_rng":[1013.25,1013.25]}}
