{"fa_L7_ETM_M_band_2":{"type":"annular","coefficients":{"c1":1,"c2":0.596491401829911,"c3":-0.0755498215136055,"c4":0.860321915410042,"c5":-0.302338316533057,"c6":-1.64921628889531},"mare":0.000912878128082875,"rmse":0.000331766140359344,"mare_seq":[0.0107619219936273,0.00992925945002393,0.00912873396933355,0.0087092640010357,0.0087091545440103,0.00867188140189259,0.00866146620395678,0.00851534386934076,0.00830799004220388,0.00760271164533013,0.00732310980406046,0.00708331942757416,0.00496396303366635,0.00475100712051057,0.0042898348359019,0.00326416626077981,0.00291620126146201,0.00263200988256311,0.00246647976323875,0.0023793530474859,0.00206110774745303,0.00195060525075871,0.00189780540531786,0.0018502314695238,0.001836905653875,0.00182948600349163,0.00149090624899624,0.00098372468901717,0.000941819226919295,0.000913539085930328,0.000912878128082875],"convergence":0,"press_dep":false,"press_rng":[1013.25,1013.25]}}
