{"fa_L7_ETM_M_band_5":{"type":"annular","coefficients":{"c1":1,"c2":0.577369758672201,"c3":-0.0697510760680445,"c4":0.143861711434688,"c5":-1.30553407780311,"c6":-0.258261390526689},"mare":0.000750469615942934,"rmse":0.000207302047416704,"mare_seq":[0.00810927840459178,0.00754353830303103,0.00746804758921276,0.00746723248407033,0.00746492709252674,0.00746472675097822,0.00746457007444475,0.00746456538513543,0.00724654526621713,0.00613708144470662,0.00531675990416714,0.00430373381015593,0.00361639834000004,0.00330477988762386,0.00284727481014803,0.00268747836284949,0.00228082047026726,0.00205123346700339,0.00200989167113664,0.00191621747805584,0.0018020551417821,0.00177537840337232,0.00175732522999044,0.00167415435260809,0.00164997605873327,0.00149490422280932,0.000950007594543529,0.000913672257089618,0.000893492205618396,0.000823488019798193,0.000750469615942934],"convergence":0,"press_dep":false,"press_rng":[1013.25,1013.25]}}
