{"fa_L8_OLI_C_band_2":{"type":"annular","coefficients":{"c1":1,"c2":0.431379355846726,"c3":-0.287719033605177,"c4":0.917467327166802,"c5":-0.0840804368927785,"c6":-1.56836553089272},"mare":0.000750156654165369,"rmse":0.000283148338564587,"mare_seq":[0.00853666998885594,0.00789586782533549,0.00719850085265015,0.00705297544339176,0.00694803631939175,0.0069183639618197,0.0068711508509373,0.0068584477986018,0.00685509993898785,0.00685491493936011,0.0068540768888317,0.00672045426389553,0.00664450177896965,0.00618224060219737,0.00600763943307359,0.00579291160758003,0.00391069927385214,0.00292310896310543,0.0024991761588681,0.00199966709954626,0.0019020197927241,0.00167875831867487,0.00157022398961297,0.00154952874311346,0.00152646963426218,0.00136287562001142,0.00130289570894681,0.00122407010001693,0.00109823961779307,0.000763075582997648,0.000750156654165369],"convergence":0,"press_dep":false,"press_rng":[1013.25,1013.25]}}
