{"fa_L8_OLI_C_band_1":{"type":"annular","coefficients":{"c1":1,"c2":0.42757522977554,"c3":-0.28802435504487,"c4":0.0832562513529571,"c5":-1.55857066737474,"c6":-0.0840333973867075},"mare":0.000721536673228114,"rmse":0.000276106733218251,"mare_seq":[0.00774810558356124,0.0070375604190051,0.00703233646321574,0.00700431634642707,0.00693194018861828,0.00693192632290723,0.00692374525530412,0.00669882768454897,0.00666127559102379,0.00595173944476383,0.00563599373451877,0.00438459741838586,0.00381179878650192,0.00375881396082865,0.0033796098626907,0.00326002523718905,0.00301417833446918,0.00280732181300888,0.00275729521595317,0.00265654155165194,0.00252644297318714,0.00240935153130352,0.0023648338758546,0.00184934687416778,0.00175218716294941,0.00166065958905122,0.00157476672317402,0.001072430028588,0.000976763660070493,0.000780427951809039,0.000721536673228114],"convergence":0,"press_dep":false,"press_rng":[1013.25,1013.25]}}
