{"fa_L9_OLI_M_band_9":{"type":"annular","coefficients":{"c1":1,"c2":0.344091788714709,"c3":-0.285593226801729,"c4":0.91425693017947,"c5":-0.0732615894218763,"c6":-1.46273379258225},"mare":0.000797876318874507,"rmse":0.000272409377709986,"mare_seq":[0.00780425305849477,0.00780423231317189,0.00780423101028093,0.0078023890535124,0.00779947358097925,0.00779537280283655,0.00737220245188901,0.00573171414936192,0.00468825144636288,0.00455708236286588,0.00332567388969298,0.00331257019349778,0.00308349574678721,0.00283581748593767,0.00276339758993038,0.00259702942503702,0.00237512193045988,0.00231071656902115,0.00230445918231687,0.0022096431321797,0.00209528669264902,0.00201637440330218,0.00190424339122355,0.00187694913858897,0.00178127023483324,0.00164493118949927,0.00151932336199545,0.00140997990113217,0.0010095740251468,0.000907775726782087,0.000797876318874507],"convergence":0,"press_dep":false,"press_rng":[1013.25,1013.25]}}
