{"fa_L5_TM_U_band_1":{"type":"annular","coefficients":{"c1":1,"c2":0.0575131829283342,"c3":-1.73283426106274,"c4":0.495661491591815,"c5":-0.348254576905452,"c6":-0.1042527557275},"mare":0.000806156291659101,"rmse":0.000415107178597752,"mare_seq":[0.00780240848507827,0.00705688405551169,0.00703794180400088,0.00698210074797169,0.00698053495254357,0.00698053321894458,0.0069804747865494,0.00696159559542569,0.0067818225283385,0.00597473073296056,0.00574314664201303,0.00453864103432785,0.00404354970479572,0.00335115057773452,0.00292266268760006,0.00259597750965403,0.00259047267920548,0.0021988710504083,0.00186583480443789,0.00186229408393075,0.00166852690071581,0.00161678602797941,0.00160582041158921,0.00150332823686446,0.00103856164427125,0.000872906495178888,0.000846743025294147,0.000835698845339397,0.00080780320620955,0.000807702869476201,0.000806156291659101],"convergence":0,"press_dep":false,"press_rng":[1013.25,1013.25]}}
