{"fa_L9_OLI_M_band_4":{"type":"annular","coefficients":{"c1":1,"c2":0.597275236403089,"c3":-0.075437755184405,"c4":0.140524963595635,"c5":-1.60792571849034,"c6":-0.302819120062236},"mare":0.000871714218508609,"rmse":0.000339336732781161,"mare_seq":[0.013642904645639,0.00848161424909903,0.00843609070399249,0.00839721675976189,0.00838866221869645,0.008372132326609,0.00837192019795334,0.00811127563419811,0.00739867859697938,0.00656987486369141,0.00648146603870175,0.00635995872422263,0.00610821585054301,0.00459113071816338,0.00428305607923514,0.0038272894387347,0.00302588515257475,0.00293608175478807,0.00281047753313258,0.00266376659947224,0.00262582258585127,0.00250069449439575,0.00246940917657658,0.00222177607765411,0.00174660492129338,0.00155033859205598,0.00141448969319763,0.000985294401862802,0.000882413163961398,0.000874173094934912,0.000871714218508609],"convergence":0,"press_dep":false,"press_rng":[1013.25,1013.25]}}
