{"fa_L8_OLI_C_band_5":{"type":"annular","coefficients":{"c1":1,"c2":0.430862129801127,"c3":-0.308968525250635,"c4":0.0873489087532893,"c5":-1.60726968120194,"c6":-0.0902884975758996},"mare":0.000738940738225926,"rmse":0.00032765673613624,"mare_seq":[0.00707522743139472,0.00686532943478814,0.00686091214732336,0.00685922522611221,0.00685907350142347,0.00685899233646424,0.00684766775529584,0.00683707229494086,0.00681358569257673,0.00675122029298695,0.00657969004436209,0.0064822793346963,0.00571915041772951,0.00475323143066957,0.00428930282182729,0.00417029580057849,0.00327954429821475,0.00318803970168295,0.00318154118686472,0.00301914021470809,0.00270668893867695,0.00188920633808326,0.00158407384042302,0.00154761534583154,0.00140111356484453,0.00122838141181583,0.00111484893620844,0.000932801657535171,0.000931976893365661,0.000789530244930079,0.000738940738225926],"convergence":0,"press_dep":false,"press_rng":[1013.25,1013.25]}}
