{"fa_L9_OLI_C_band_6":{"type":"annular","coefficients":{"c1":1,"c2":0.0661236204056184,"c3":-1.48934957667152,"c4":0.4717793358088,"c5":-0.306514499475541,"c6":-0.088411958412844},"mare":0.000714494277831903,"rmse":0.000294832216972337,"mare_seq":[0.00724905507112031,0.00724904116584012,0.00722252036261388,0.00663303321607614,0.00651775620519943,0.00491531290379683,0.00457735034391466,0.00443525495159678,0.00330043174917208,0.00317850813535291,0.00314313269963634,0.00267473833333726,0.0026430287823774,0.00248794565718022,0.00235550963821125,0.00228677407693015,0.0022145298349272,0.00166085914155732,0.00160213827941343,0.00159987104443647,0.00158447610708863,0.00146767961753319,0.00145814616641146,0.00130819488965438,0.00123328081597986,0.000985630493156829,0.00085723552363473,0.000774345234841012,0.000733307990415592,0.000733250977789567,0.000714494277831903],"convergence":0,"press_dep":false,"press_rng":[1013.25,1013.25]}}
