{"fa_L8_OLI_U_band_2":{"type":"annular","coefficients":{"c1":1,"c2":0.058605206084589,"c3":-1.69393861879938,"c4":0.499842821984436,"c5":-0.103453517838713,"c6":-0.344742990889728},"mare":0.000759782359072574,"rmse":0.000397009706814366,"mare_seq":[0.00689780366373715,0.00689728536075135,0.00689719263180533,0.00689716013583597,0.00687479739504318,0.00686400323831079,0.00685389437209589,0.0068144365936767,0.00656886156947089,0.00647168050831622,0.00614913851903776,0.00551089337640863,0.00540502923319997,0.00492646680170667,0.00459105849596218,0.00370837531712678,0.00330109729327895,0.00311400301345447,0.00269042370918753,0.00255497703143405,0.0025381767215415,0.00201293949644046,0.00170432565932409,0.00148600818230594,0.00104546111915209,0.00100159445622644,0.000978855516365879,0.000887526229664456,0.0008191913112115,0.000797386317486716,0.000759782359072574],"convergence":0,"press_dep":false,"press_rng":[1013.25,1013.25]}}
