{"fa_L7_ETM_U_band_6":{"type":"annular","coefficients":{"c1":1,"c2":0.531060294888442,"c3":-0.433367984137063,"c4":0.215642076491716,"c5":-1.81169559318694,"c6":-0.139062785949673},"mare":0.000830741068737035,"rmse":0.000446144089559751,"mare_seq":[0.00697478535242177,0.00686550026685693,0.00686549892474801,0.0068654858808931,0.00686547875278267,0.0068624579351618,0.00671221919745424,0.00615783339027275,0.00612813205982587,0.00587198403149656,0.00539377111368439,0.00503164200800003,0.00320100433589204,0.0026838516638973,0.00254384301959809,0.00228643474686341,0.00209916289367333,0.00202980676591477,0.00193472385783467,0.00188737820615535,0.00185183005020513,0.00172303010984198,0.00171392431739538,0.00165180132452917,0.00158374888061256,0.0015125009660016,0.00151047905171822,0.00146200613934897,0.0013853531122508,0.00095769754437203,0.000830741068737035],"convergence":0,"press_dep":false,"press_rng":[1013.25,1013.25]}}
