{"fa_L9_OLI_U_band_7":{"type":"annular","coefficients":{"c1":1,"c2":0.530001782289574,"c3":-0.436221716213743,"c4":0.21156387320829,"c5":-1.84086675727164,"c6":-0.139779259589415},"mare":0.000826551100186157,"rmse":0.000464921453152436,"mare_seq":[0.00718576376617197,0.00691271592683355,0.00684764844886059,0.00683351057422905,0.00683095907015287,0.00682508657380356,0.00682058508705003,0.00659486787476116,0.00612857683441864,0.00583736097672738,0.00504289631888714,0.00412327678388063,0.0036247472405854,0.00332508684499823,0.00295633527575499,0.00283970764553969,0.00253688948004002,0.00251027973223178,0.00241360960559586,0.00185834376906545,0.00181687489274256,0.00143631387668031,0.00134226412781619,0.00133484575972507,0.00116158459498969,0.000907232729973715,0.000902643973085709,0.000842440309365539,0.000837861653641285,0.000827211470699,0.000826551100186157],"convergence":0,"press_dep":false,"press_rng":[1013.25,1013.25]}}
