{"fa_L9_OLI_C_band_3":{"type":"annular","coefficients":{"c1":1,"c2":0.0451381348140864,"c3":-1.59204873964573,"c4":0.444938911047899,"c5":-0.29556846791733,"c6":-0.0862104350729498},"mare":0.000694606201602136,"rmse":0.000276789526286193,"mare_seq":[0.00690220347776165,0.00683429395575498,0.00683285024484127,0.00683282780662788,0.00683281675017195,0.00683281434144589,0.00682949354783545,0.00681054024633913,0.00680819343983665,0.00674199496928402,0.00666166702695232,0.0058530503033029,0.00576781672094832,0.00539347447046367,0.00534753774340391,0.00528847617217338,0.00170338848466448,0.00160859039611649,0.00160267347703179,0.00147474057999747,0.0014004048517572,0.00127371892356972,0.00127279138185974,0.0010840752882456,0.00101877109103788,0.00100138911925913,0.000959019597653212,0.000951801637469079,0.000838707908832793,0.000703547169714184,0.000694606201602136],"convergence":0,"press_dep":false,"press_rng":[1013.25,1013.25]}}
