{"fa_L7_ETM_M_band_7":{"type":"annular","coefficients":{"c1":1,"c2":0.337605319121525,"c3":-0.308562813747487,"c4":0.916324321821522,"c5":-0.0763586076006273,"c6":-1.6239466477494},"mare":0.000925668450650855,"rmse":0.000394061192289856,"mare_seq":[0.0101957958450097,0.00989487244869673,0.00973132011923476,0.00834968560156639,0.00834968378449879,0.00834965414050413,0.00834957313025917,0.00834955174366668,0.00834954979079164,0.00834360069159166,0.00778175591093793,0.00775184379900258,0.00761607876667929,0.00698410186540197,0.00588082866432355,0.00550423807690626,0.00336091367021867,0.00334614604418708,0.00301054309609308,0.00273385755762757,0.0026858461838972,0.0023295310484293,0.0022519732085963,0.00209403737390179,0.00132412144796062,0.00104896591566649,0.000981569276694572,0.000933321301921314,0.000931553561761713,0.000928714492972672,0.000925668450650855],"convergence":0,"press_dep":false,"press_rng":[1013.25,1013.25]}}
