{"fa_L5_TM_M_band_2":{"type":"annular","coefficients":{"c1":1,"c2":0.604369898365792,"c3":-0.0763093523744927,"c4":0.138997412575964,"c5":-1.66870573680685,"c6":-0.308300499568258},"mare":0.000893332672680399,"rmse":0.000371601515135785,"mare_seq":[0.00984187884089766,0.00929399326787536,0.00898055413114031,0.00861939254111807,0.00856906440150446,0.00856903967907809,0.00848078568606345,0.0083194344828211,0.00818356936088281,0.00807726313641505,0.00800452792542633,0.00759434158571956,0.00730828587525263,0.00684155963237896,0.00665556552529854,0.00657044683183011,0.00616734510217057,0.00494018752628662,0.00429530041294009,0.00386436543749302,0.00361577171162604,0.00292117192827508,0.00259529678285936,0.00238215865765344,0.00131623008223138,0.00121860504014626,0.00116524823220008,0.00109989024096055,0.00109829107344919,0.000970154065790411,0.000893332672680399],"convergence":0,"press_dep":false,"press_rng":[1013.25,1013.25]}}
