{"fa_L8_OLI_C_band_4":{"type":"annular","coefficients":{"c1":1,"c2":0.420636351315787,"c3":-0.303902062327811,"c4":0.923819625632368,"c5":-0.0882507024753297,"c6":-1.63549983854111},"mare":0.000697705063545818,"rmse":0.000308894649764253,"mare_seq":[0.0209259953623302,0.00677932731258515,0.00677932393733348,0.00677932077577672,0.00677930818691807,0.00677930724431749,0.00671258213201696,0.00658533047588505,0.00655540855307856,0.00630578606049513,0.00550570270871071,0.00533467771787213,0.00425612493358648,0.00400343707824265,0.00371269240967414,0.00341909168906064,0.00276848786811032,0.00264367883870605,0.00227776061450985,0.00214016015637763,0.00176689466827952,0.00175466950981389,0.00153857029826406,0.00151996512180964,0.00134016071380766,0.00127923737939758,0.000975674950337962,0.000764357020614477,0.000755054405884039,0.000698138741734884,0.000697705063545818],"convergence":0,"press_dep":false,"press_rng":[1013.25,1013.25]}}
