{"fa_L5_TM_C_band_2":{"type":"annular","coefficients":{"c1":1,"c2":0.537503963282481,"c3":-0.0872655948623734,"c4":0.903695119033098,"c5":-0.300145605220319,"c6":-1.58890883331221},"mare":0.000761692256365147,"rmse":0.000321292343564254,"mare_seq":[0.00782192242802269,0.00669144555654447,0.00669142117296155,0.00669132674500915,0.00668583907148073,0.00623671771444318,0.006231662924965,0.00563488086699083,0.00557452148493814,0.00554363614431814,0.00499463995109422,0.00483612349030778,0.00425763819141514,0.00378819476465181,0.00298004779927268,0.00277770576592755,0.00241155606703584,0.00200963107681905,0.0019943727122609,0.00188919632977354,0.00184234472530511,0.00168120569824059,0.00167593674812906,0.00164716181447565,0.00156171916363233,0.00144038635849471,0.00131582524604875,0.000938208512534789,0.000870324015951037,0.000869018975709166,0.000761692256365147],"convergence":0,"press_dep":false,"press_rng":[1013.25,1013.25]}}
