{"fa_L8_OLI_M_band_4":{"type":"annular","coefficients":{"c1":1,"c2":0.601011073663587,"c3":-0.07593439556246,"c4":0.854764013781575,"c5":-0.303248794168533,"c6":-1.5714725894928},"mare":0.000951274227404806,"rmse":0.000380587291556252,"mare_seq":[0.00851337105758892,0.00851311992034281,0.00842548635526037,0.00836626824681797,0.00836145573604885,0.0081513298550244,0.00809689560226597,0.00762718289525462,0.00754551051128,0.00745300855233222,0.00659316557474716,0.00621759219505145,0.00580991213642103,0.00541433967099919,0.00515742615445603,0.00468339996035113,0.00434562721621733,0.00415941214381153,0.00405710578421177,0.0039244150837844,0.00303366973943066,0.00255911401209742,0.00255329346603113,0.00249051000990261,0.00202793580571862,0.00192781361948687,0.00177063343807139,0.00117486621617835,0.00105526739640822,0.000973726632464211,0.000951274227404806],"convergence":0,"press_dep":false,"press_rng":[1013.25,1013.25]}}
