{"fa_L5_TM_C_band_5":{"type":"annular","coefficients":{"c1":1,"c2":0.498474079866715,"c3":-0.0894445174883252,"c4":0.870909883356655,"c5":-0.309597431809721,"c6":-1.48878761387734},"mare":0.000765244395452253,"rmse":0.000293515766994601,"mare_seq":[0.0129698637129438,0.00847580120826965,0.00839333290146595,0.00720772612836026,0.0072007678234081,0.00718799536670806,0.00718795027265916,0.00718794517635022,0.00718792073835876,0.00709619736671489,0.0070017714808759,0.00590915368072362,0.00573697976224844,0.00490441908335526,0.00440065652312673,0.00380554510428004,0.00342267073254551,0.00231680191653438,0.00215086848289539,0.00186822372430703,0.00184408272671852,0.001776199819568,0.00159666041857526,0.00119843591070595,0.00116792647260998,0.00107452341739428,0.000957957920398142,0.000902193841826827,0.000835043315308663,0.000828724753845055,0.000765244395452253],"convergence":0,"press_dep":false,"press_rng":[1013.25,1013.25]}}
