{"fa_L7_ETM_C_band_5":{"type":"annular","coefficients":{"c1":1,"c2":0.514150704874189,"c3":-0.0909725019756356,"c4":0.122221456102705,"c5":-1.58543130723969,"c6":-0.321386928669042},"mare":0.000779118707942315,"rmse":0.000350662840904778,"mare_seq":[0.00734354125025169,0.00726117749811489,0.00726113634977861,0.00726104269880255,0.00726010653769265,0.00725732780349248,0.00709057683926589,0.00689819386220915,0.00676324514405849,0.0065935290225641,0.00594935682597766,0.00534589357116397,0.00446241021252484,0.00421764619567418,0.00396552931741179,0.00349265296555631,0.0028469090314734,0.00234788303210508,0.00227233632825665,0.00216632814534185,0.00210489285523805,0.00165033683537979,0.00136089463284247,0.00129609893960531,0.00120823851918713,0.00120191950159079,0.00118611679693329,0.000898527937592804,0.000858710063559841,0.000801235467694543,0.000779118707942315],"convergence":0,"press_dep":false,"press_rng":[1013.25,1013.25]}}
