{"fa_L7_ETM_C_band_3":{"type":"annular","coefficients":{"c1":1,"c2":0.421117872301496,"c3":-0.304506711240968,"c4":0.924095544780857,"c5":-0.0884581792264914,"c6":-1.64740099884212},"mare":0.000725982236122311,"rmse":0.000344293541676403,"mare_seq":[0.075638395468825,0.00757246392070062,0.00676043367884152,0.00675890589707404,0.00666788431365519,0.00598720843745427,0.00581796994997406,0.00537821706087871,0.00502307911225028,0.00302280138692411,0.0028538576167416,0.00269729813553739,0.00238777957979211,0.00212059687801257,0.00205773671738724,0.00193708863832532,0.00191798485748655,0.00183296022601052,0.00177523398445029,0.00175929524365585,0.00165505476392982,0.0014012976432593,0.00137757312826542,0.00136471999745951,0.00135043528422517,0.0010569542796927,0.00104120296288752,0.000930229826076031,0.00089516339650244,0.000728169595898798,0.000725982236122311],"convergence":0,"press_dep":false,"press_rng":[1013.25,1013.25]}}
