{"fa_L9_OLI_M_band_6":{"type":"annular","coefficients":{"c1":1,"c2":0.0479160059654434,"c3":-1.5374031416601,"c4":0.645675670154285,"c5":-0.0731086354411649,"c6":-0.288402852885895},"mare":0.000731218143144508,"rmse":0.000318048803360204,"mare_seq":[0.00784142718711883,0.00778228700268064,0.0077278415800412,0.00767864451305809,0.00764904869167815,0.00760501119186641,0.00760421337308028,0.00760389236210513,0.00760388045024135,0.00760386969469839,0.00760151690243492,0.00758459510364141,0.00739156948340743,0.00731228412859905,0.00687982580863825,0.00635365990912579,0.00376830592374642,0.00371969570495063,0.0037149364297026,0.00260276900794406,0.00228819077798791,0.00227573669777342,0.00191598614598179,0.00175342054667007,0.00175224334220827,0.00143465268258653,0.000891569683191789,0.000849210860357456,0.000818736988668448,0.000747379553845662,0.000731218143144508],"convergence":0,"press_dep":false,"press_rng":[1013.25,1013.25]}}
