{"fa_L9_OLI_C_band_2":{"type":"annular","coefficients":{"c1":1,"c2":0.382898595125688,"c3":-0.328248931783551,"c4":0.0552457912167732,"c5":-1.93440059982595,"c6":-0.0908157280456073},"mare":0.000824013654892028,"rmse":0.000539677856828824,"mare_seq":[0.0069585051059225,0.0069086086583569,0.0068767865523846,0.00685644392683245,0.00669932818782947,0.00669037303420539,0.00664492685018585,0.00646112562030839,0.00635653121334196,0.00628890856481045,0.00566275973028061,0.00563413216791414,0.00552115540696656,0.00548169956739265,0.00526953089765111,0.00518597109166835,0.00473966308534381,0.00386937148711271,0.00328422224179327,0.00326942864726189,0.00293155386805403,0.00258300100511897,0.00240336178306769,0.00217500627330741,0.00193290837020768,0.00192028137677192,0.00152855829313348,0.00134466876201559,0.000847919148945682,0.000831058868842553,0.000824013654892028],"convergence":0,"press_dep":false,"press_rng":[1013.25,1013.25]}}
