{"fa_L7_ETM_C_band_6":{"type":"annular","coefficients":{"c1":1,"c2":0.532818241226485,"c3":-0.0910619277793267,"c4":0.892959209802372,"c5":-0.323681775302901,"c6":-1.60531323074504},"mare":0.000649208423566618,"rmse":0.000360082487587707,"mare_seq":[0.0067088776412191,0.00666706221818274,0.006666460813851,0.00666632949115771,0.00666617546196785,0.00664217115566718,0.00648889345119426,0.00547373491151753,0.00490030121151013,0.00426403425846475,0.0038628010854177,0.00334293875602665,0.00333649314750749,0.00268036497391762,0.0026606540740349,0.00225392125748891,0.00211984530056786,0.00204343862905131,0.00198505853421247,0.00196808076109049,0.00190303486635258,0.00180049175012865,0.00166108170421526,0.00154031048783639,0.00145951595693963,0.00122164766526031,0.00117136342768645,0.000694738825560235,0.0006621922155779,0.000658733247848804,0.000649208423566618],"convergence":0,"press_dep":false,"press_rng":[1013.25,1013.25]}}
