{"fa_L5_TM_C_band_1":{"type":"annular","coefficients":{"c1":1,"c2":0.0438298760027946,"c3":-1.61778782346743,"c4":0.435122733579562,"c5":-0.29841305142228,"c6":-0.086252192244176},"mare":0.000716417060334346,"rmse":0.000302821929038112,"mare_seq":[0.0200817931001592,0.00887794666042731,0.00709199889037505,0.00690237653344462,0.00688608767634847,0.00687345257531721,0.00681694994332721,0.0068116375620532,0.00680553776951571,0.00667517601352554,0.00665149279217692,0.00572725610808153,0.00382323186767032,0.00326336884109545,0.00317332101025956,0.00227063721914516,0.00222607626071729,0.00218263859062743,0.00211829736887016,0.00169866844307888,0.00154952258427102,0.00151463927982227,0.00120540140790298,0.00120392109015347,0.00118507104145258,0.0011587534015842,0.00115864068886062,0.00109568088288424,0.000720633580546963,0.000719291862676184,0.000716417060334346],"convergence":0,"press_dep":false,"press_rng":[1013.25,1013.25]}}
