{"fa_L8_OLI_M_band_1":{"type":"annular","coefficients":{"c1":1,"c2":0.567369517964213,"c3":-0.0729994850246105,"c4":0.842748103269405,"c5":-0.277733172454077,"c6":-1.45821036444586},"mare":0.00109111171092211,"rmse":0.00030402252817876,"mare_seq":[0.00933615754692566,0.00877740285797682,0.00877050580836562,0.00877047439968658,0.00877042470642074,0.0087704174298602,0.00876212746895013,0.00875857161359477,0.00824252506051669,0.0071936507198856,0.00716913990562312,0.00628839482853119,0.00444008529326999,0.00390878648570943,0.00288465934822008,0.00259390989528388,0.00259151168557722,0.00257998965785157,0.00240570885600115,0.0023816945488481,0.00223785112432644,0.00205074751860365,0.00203791025411667,0.00191294797930797,0.00165221335386507,0.00155166358863754,0.00152037294006887,0.00138560008942862,0.001374620761114,0.00109128313458983,0.00109111171092211],"convergence":0,"press_dep":false,"press_rng":[1013.25,1013.25]}}
