{"fa_L7_ETM_U_band_1":{"type":"annular","coefficients":{"c1":1,"c2":0.478777372113429,"c3":-0.334671404415163,"c4":0.123909058871708,"c5":-1.59637563520014,"c6":-0.101579496155733},"mare":0.000804257543322297,"rmse":0.000346545592612498,"mare_seq":[0.00711626187661458,0.00697890759841735,0.00693653343985498,0.0069349907270625,0.00690368876688044,0.00686770566581591,0.00684191928400966,0.00681437208352055,0.00681008037480662,0.00572385966853199,0.00549317009736204,0.0054199493280647,0.0053774528482789,0.00383913663099165,0.0038217407103049,0.00350491271753066,0.00238267657424535,0.0023439809263443,0.00228650776510148,0.00190679546284399,0.00179797215913543,0.00156385639266327,0.00150031019672824,0.00130255253972532,0.00115185595513161,0.00103714396142196,0.000941928702848037,0.000895607247001963,0.000819102368095793,0.000816553620147717,0.000804257543322297],"convergence":0,"press_dep":false,"press_rng":[1013.25,1013.25]}}
