{"fa_L8_OLI_M_band_2":{"type":"annular","coefficients":{"c1":1,"c2":0.593986234231588,"c3":-0.0755935571399618,"c4":0.857149987695262,"c5":-0.301253157768656,"c6":-1.62528326912518},"mare":0.000959773663024906,"rmse":0.000364786801022787,"mare_seq":[0.00947587595360598,0.00929355585775629,0.00869573468851117,0.00869561286187113,0.00869559091768694,0.00869382464561929,0.00861775496906585,0.00825728980660396,0.00781871087468085,0.00762982236095611,0.00744073893298437,0.00737478490236255,0.00720020648404971,0.00688563921675912,0.00680891417889115,0.00636515091656674,0.00596604893197877,0.00591746236074256,0.0048045004841091,0.00374397726609475,0.00345383889917822,0.00319196757574403,0.00306087479206625,0.00282838244848142,0.0027962459921766,0.00263081116274126,0.00162477066114608,0.00137435764185297,0.00118704901706063,0.00112602212841383,0.000959773663024906],"convergence":0,"press_dep":false,"press_rng":[1013.25,1013.25]}}
