{"fa_L8_OLI_U_band_7":{"type":"annular","coefficients":{"c1":1,"c2":0.510825874925262,"c3":-0.471589416574859,"c4":0.165743031920621,"c5":-2.08361744435896,"c6":-0.146797971525309},"mare":0.000893386482251934,"rmse":0.000673049931849139,"mare_seq":[0.00756437199712831,0.0068677970572883,0.00686753405482961,0.00686747756426166,0.00686747295916291,0.00686743752941109,0.00686740724216544,0.00686571867076807,0.00649892758530605,0.00632309709685584,0.00554507887080498,0.00545350238082668,0.00539138669594071,0.00398055680866921,0.0034466987490308,0.00313958551427573,0.00284746601296728,0.00276361543311978,0.002757102380705,0.0026565196666517,0.00261117008769457,0.00228480440062132,0.00224740266255361,0.00214198026879539,0.00165851540498013,0.00157147791216862,0.00153696433477534,0.00108750883929411,0.00100658593526135,0.000945769325771578,0.000893386482251934],"convergence":0,"press_dep":false,"press_rng":[1013.25,1013.25]}}
