{"fa_L5_TM_M_band_6":{"type":"annular","coefficients":{"c1":1,"c2":0.350440849618436,"c3":-0.277877942857684,"c4":0.939908817955799,"c5":-0.0753976477031658,"c6":-1.55303036555127},"mare":0.000553999651912929,"rmse":0.000270886793388279,"mare_seq":[0.00679300075803567,0.00677630348293677,0.00651116971939614,0.00612583876891129,0.00546727270122446,0.00527312446198242,0.00513479823530233,0.00488754486049789,0.00466426477473747,0.00423651643290269,0.00385916314427041,0.00346907298139973,0.00329812332796604,0.00322401294508549,0.0031893083486966,0.00229949054464118,0.00207364555352685,0.00206252028282693,0.00198807809747898,0.0019529661274678,0.00185448374596792,0.00167020353811654,0.00161913402203533,0.00134144905664,0.0013231516592312,0.00125032872852898,0.00101504303483542,0.000813203194280652,0.000763614602832528,0.000578644734208867,0.000553999651912929],"convergence":0,"press_dep":false,"press_rng":[1013.25,1013.25]}}
