{"fa_L5_TM_U_band_2":{"type":"annular","coefficients":{"c1":1,"c2":0.465730596477486,"c3":-0.103955147247207,"c4":0.889749457034055,"c5":-0.344849758436282,"c6":-1.69305783672456},"mare":0.000733983433182361,"rmse":0.000372264237785293,"mare_seq":[0.00748228894008882,0.00686736796332301,0.00686124102452665,0.00684435248544001,0.00684423250895558,0.0068433972500298,0.0068391646850169,0.00570444883039741,0.00535082155641873,0.00455836260130875,0.00438274583188046,0.00265234376158135,0.00241137686481471,0.0022529133765799,0.00212484192868304,0.00196378142346572,0.00175464041962457,0.00170454411834665,0.00163958251473304,0.0014863432232932,0.0012398396961783,0.00120904196347712,0.00107541895143184,0.000902715232863653,0.000815428580692861,0.000786824649778393,0.000767909508939742,0.00075400228319265,0.00075191908183678,0.000736893411133919,0.000733983433182361],"convergence":0,"press_dep":false,"press_rng":[1013.25,1013.25]}}
