{"fa_L8_OLI_U_band_6":{"type":"annular","coefficients":{"c1":1,"c2":0.0791803611584534,"c3":-1.90364834886776,"c4":0.552959024868584,"c5":-0.42211443785572,"c6":-0.130787509268985},"mare":0.000851690832968704,"rmse":0.000546315503770299,"mare_seq":[0.00821569477667413,0.0069642752732864,0.00695326753746143,0.00694420247893252,0.00694363390417466,0.0069435469881457,0.00694351934093889,0.0069216741692973,0.00690805894821178,0.00686629423495623,0.00555973141523446,0.00549623438662115,0.0048443801044814,0.00457098943377832,0.00391202205975974,0.00389366544970619,0.00362883256131402,0.00300826831464259,0.00276236515815946,0.00267638690400102,0.00239061471044366,0.0018121383419029,0.00179872009101647,0.00177582677936523,0.00174637661390785,0.00150057884302038,0.00140171174761217,0.00131104151729751,0.00125222250751882,0.00121817131430203,0.000851690832968704],"convergence":0,"press_dep":false,"press_rng":[1013.25,1013.25]}}
