{"fa_L5_TM_C_band_4":{"type":"annular","coefficients":{"c1":1,"c2":0.455810477559223,"c3":-0.288637065926915,"c4":0.895062447189526,"c5":-0.086092892591503,"c6":-1.45704761254007},"mare":0.00081482110007412,"rmse":0.000253016291638407,"mare_seq":[0.00779005720920172,0.00699030377294245,0.00698894565368695,0.00698873881934847,0.00698870067701359,0.00698869809580235,0.00698869605646658,0.00696374820275811,0.00695989703614141,0.00618270501082645,0.00532579912039775,0.00524743169712657,0.00458423160093302,0.00321166800475733,0.00314927281386693,0.00254328689289354,0.0021938073817468,0.00214256479362289,0.0020997816006528,0.00158877988507227,0.0015855250614107,0.00138605406217305,0.00133374107507501,0.00103321297953399,0.000951779883462658,0.000919210163357383,0.000890750019323787,0.000837066143760241,0.000822803594041329,0.000815894078265631,0.00081482110007412],"convergence":0,"press_dep":false,"press_rng":[1013.25,1013.25]}}
