{"fa_L7_ETM_M_band_3":{"type":"annular","coefficients":{"c1":1,"c2":0.0611478876381672,"c3":-1.48872447759129,"c4":0.63976753810913,"c5":-0.0760687612773988,"c6":-0.300400547866372},"mare":0.00103580943622839,"rmse":0.000447117520392209,"mare_seq":[0.0111678315724913,0.00891285575488952,0.008611290559387,0.00850719134310608,0.00850677821982336,0.00836132162089821,0.00830656702449798,0.00705431019978581,0.00680672372681343,0.00660564877054716,0.00649303316497507,0.00503213154455885,0.00399093004573386,0.00306641825297764,0.00305759150556214,0.0029011333702936,0.00245400136529732,0.00240969169170157,0.00217350081056554,0.00208621895169677,0.00202680730069587,0.00182274949001383,0.00179059803567675,0.00159431676150454,0.0015017813208719,0.00147910146676468,0.00136937125055903,0.00135571506337703,0.00130951365783523,0.00104833347143327,0.00103580943622839],"convergence":0,"press_dep":false,"press_rng":[1013.25,1013.25]}}
