{"fa_L8_OLI_C_band_3":{"type":"annular","coefficients":{"c1":1,"c2":0.0510039178409105,"c3":-1.44826489073234,"c4":0.466483358797791,"c5":-0.282418961941576,"c6":-0.0836786767340318},"mare":0.000736500304109373,"rmse":0.000214457968957089,"mare_seq":[0.00681941702481248,0.00681924773883037,0.00681924521900032,0.0068192241000969,0.00681922283732194,0.00680826046321049,0.00677126626085781,0.00675323125111175,0.00664216790046454,0.00644870744246494,0.00633036602658726,0.0062497754416394,0.00540595881312657,0.00500865411768425,0.00477191444063968,0.00228972925192978,0.00215110539711888,0.00195505590273987,0.00160301806795889,0.00152639463697052,0.00141499867844922,0.00137577711063662,0.00123943639619384,0.00118552975507282,0.00111057197727289,0.00105068852513558,0.00102286954476408,0.00100890255516632,0.000923722335207488,0.000782034421756472,0.000736500304109373],"convergence":0,"press_dep":false,"press_rng":[1013.25,1013.25]}}
