{"fa_L9_OLI_U_band_6":{"type":"annular","coefficients":{"c1":1,"c2":0.402405258716593,"c3":-0.129086894007433,"c4":0.140185695304534,"c5":-1.8259059819425,"c6":-0.414470299738061},"mare":0.000795070675278404,"rmse":0.000475936946050178,"mare_seq":[0.00699764266207238,0.00699754380809249,0.0069975229207306,0.00699750947973607,0.00699597954602814,0.00641581434311909,0.00619706093504219,0.0060216600622977,0.00594324002780195,0.00590653810376019,0.00473533864470999,0.00440734489805684,0.00352454592126728,0.0035113333450824,0.00342150379133819,0.00306324945268615,0.00248034544934205,0.00233279971431952,0.00203393394735322,0.00197475036184223,0.00146971111693038,0.0013665066884334,0.0013619558636768,0.00132288356419897,0.00127050218335566,0.00100028186640094,0.000928377651004089,0.000862690027610883,0.000845391685923839,0.000822215180007682,0.000795070675278404],"convergence":0,"press_dep":false,"press_rng":[1013.25,1013.25]}}
