{"fa_L7_ETM_M_band_6":{"type":"annular","coefficients":{"c1":1,"c2":0.607344324412393,"c3":-0.0750267371618028,"c4":0.104901248440617,"c5":-1.46385017425618,"c6":-0.275711607379726},"mare":0.000569402294537723,"rmse":0.00026178858426559,"mare_seq":[0.00676267970830707,0.00662234228391561,0.00660534703759715,0.00660385422349235,0.00659970002720212,0.00659594895476088,0.00659592607042469,0.00659580603640371,0.00659580391625712,0.00657392349503877,0.00637223044071881,0.00629984251271155,0.00607989991367219,0.00572793941691808,0.00572019406076515,0.00261947262601556,0.00218677530255253,0.00194717457287151,0.00193069345946455,0.0018898076601419,0.00173325794075352,0.00130980654593191,0.00119591190304682,0.00119217480535354,0.00113851762251279,0.000669410312299192,0.00064525584109574,0.000643362427061167,0.000620257682009296,0.000585577717786764,0.000569402294537723],"convergence":0,"press_dep":false,"press_rng":[1013.25,1013.25]}}
