{"fa_L9_OLI_C_band_4":{"type":"annular","coefficients":{"c1":1,"c2":0.0436997440124094,"c3":-1.63643247012631,"c4":0.43627057289529,"c5":-0.306624686292173,"c6":-0.088671340130798},"mare":0.000751719999488668,"rmse":0.000340623956885823,"mare_seq":[0.007825828505349,0.00778617689279174,0.00669753013429332,0.00669750662356207,0.0066189259551878,0.00635053466302547,0.00616487286890301,0.0060763680999259,0.00533030555558175,0.00475751153586326,0.00451093445809188,0.00351982718292236,0.00344225781920914,0.00322808955597565,0.00319368383133577,0.00305484103598791,0.00302621656698342,0.00292171217443868,0.00278098108366271,0.00260136694937244,0.00233877634149665,0.00232934843155237,0.00229085868262469,0.00217788663592264,0.00204798965244809,0.00183441948993583,0.00144338840053954,0.00131516703509974,0.00129124844211595,0.00116082735884912,0.000751719999488668],"convergence":0,"press_dep":false,"press_rng":[1013.25,1013.25]}}
