{"fa_L9_OLI_U_band_8":{"type":"annular","coefficients":{"c1":1,"c2":0.464075569333361,"c3":-0.104104445953,"c4":0.113444641062151,"c5":-1.64535572312673,"c6":-0.343581152067439},"mare":0.000682898314892234,"rmse":0.000351700725011571,"mare_seq":[0.00716756210261636,0.00705730922272138,0.00678505582093074,0.00678318124045905,0.00678177509068691,0.00678177385015608,0.0067817720023775,0.00678177086686418,0.00678175920107601,0.00678173548673017,0.0067817234495916,0.00678172169719895,0.00678085671691476,0.00674637798409003,0.00570051099774584,0.00447269468396512,0.0044436599323911,0.00274623164024632,0.00266122246514366,0.0021450804199154,0.00213650578585543,0.00205282172880744,0.00204410247708668,0.00170751153077923,0.00165487141093286,0.00131768745902255,0.00116141880611159,0.000843326270853762,0.00073205309152022,0.00068311989520336,0.000682898314892234],"convergence":0,"press_dep":false,"press_rng":[1013.25,1013.25]}}
