{"fa_L9_OLI_M_band_2":{"type":"annular","coefficients":{"c1":1,"c2":0.336542805093039,"c3":-0.315978349532147,"c4":0.920123309893007,"c5":-0.0771901922500108,"c6":-1.75741289933582},"mare":0.000988510002391262,"rmse":0.000449472027892232,"mare_seq":[0.00872467876688208,0.00870186788038879,0.00870178870467676,0.00870139064036245,0.00870137554977684,0.00870136464090812,0.00870132714928161,0.00870130454387154,0.00870117726822734,0.00869472204571082,0.00868996258342664,0.00722719964864191,0.00719085179186208,0.00680327515462315,0.00679990147210376,0.006402613305836,0.0054225751652756,0.00310654655890583,0.00298641793606587,0.00255237961853249,0.00219327329852159,0.00195595928845848,0.00177507594876926,0.00174680874639802,0.0017252672158757,0.0016927108907082,0.00154021370239935,0.00147516500502894,0.0011548829103833,0.000992129630806564,0.000988510002391262],"convergence":0,"press_dep":false,"press_rng":[1013.25,1013.25]}}
