{"fa_L5_TM_U_band_6":{"type":"annular","coefficients":{"c1":1,"c2":0.52758432817906,"c3":-0.443260945995522,"c4":0.199806928946438,"c5":-1.90072622838074,"c6":-0.141109813000443},"mare":0.000874821146396576,"rmse":0.000517655601997799,"mare_seq":[0.00764387048054101,0.00711072142408337,0.00688231630404409,0.00688107790952857,0.0068810008073157,0.00688099815802226,0.00687292914865449,0.00684589030252788,0.00684207787803702,0.00656076826808906,0.00521793185131895,0.0046407115993673,0.00411543628268057,0.00379102144252566,0.00292937345174719,0.00282789637371843,0.00251229736211382,0.00246010306489952,0.00218599778579311,0.00193628853226747,0.00188702058408945,0.00165771355131883,0.00145120545560347,0.00115972307126653,0.000924550520227992,0.000901483152915137,0.000899191831665443,0.000881793486726768,0.000874846352185305,0.000874826829575033,0.000874821146396576],"convergence":0,"press_dep":false,"press_rng":[1013.25,1013.25]}}
