{"fa_L8_OLI_C_band_8":{"type":"annular","coefficients":{"c1":1,"c2":0.516167772214011,"c3":-0.0852293484387829,"c4":0.901485404666532,"c5":-0.289190658258405,"c6":-1.56319166081506},"mare":0.000724880840658436,"rmse":0.000284521186906721,"mare_seq":[0.00732305894675735,0.00677365465130393,0.00677098874959859,0.00677094470429209,0.00674577249533229,0.0067213242305175,0.00661289980855592,0.00639034369203117,0.00631869603223818,0.00587185008432663,0.00565460894484675,0.00497970604331707,0.00473856525485031,0.00420089528023035,0.00335503981221125,0.0030222068671669,0.00277564484808684,0.00245890084328203,0.00220685334164664,0.00180895718224439,0.001807361172636,0.0017261518314063,0.00156153913501368,0.00155147391810555,0.0015339390476109,0.00121337730419367,0.00110281831175194,0.00100367674115222,0.000970920521999992,0.000936996990094992,0.000724880840658436],"convergence":0,"press_dep":false,"press_rng":[1013.25,1013.25]}}
