{"fa_L5_TM_M_band_4":{"type":"annular","coefficients":{"c1":1,"c2":0.621969920246861,"c3":-0.0773656995097599,"c4":0.125177902926359,"c5":-1.81124631245908,"c6":-0.325259894905635},"mare":0.000955457393526444,"rmse":0.000493781348693181,"mare_seq":[0.0202992429573006,0.00846044442667892,0.00839104869296528,0.00838661757282804,0.00838650975955306,0.00838552904271959,0.00832927920708113,0.00809199386249253,0.00806759464694673,0.0079955232566731,0.00732589947270237,0.007181819240222,0.00621394070594477,0.00573684232451113,0.00334037115156065,0.00316901828143755,0.0031371457920022,0.00240105117538012,0.00227294129462322,0.00223426501074464,0.00216188968236022,0.00215691257668549,0.00201413389881059,0.00195670931828655,0.00174987901462008,0.00172213558094345,0.00157532694629961,0.00137526317731295,0.00137033281102599,0.00101455712895932,0.000955457393526444],"convergence":0,"press_dep":false,"press_rng":[1013.25,1013.25]}}
