{"fa_L8_OLI_M_band_9":{"type":"annular","coefficients":{"c1":1,"c2":0.58573347883123,"c3":-0.0720263193816943,"c4":0.14358598289636,"c5":-1.41307582656378,"c6":-0.274446168999553},"mare":0.000803338701158241,"rmse":0.000249878694739188,"mare_seq":[0.0081822616438102,0.00789016335812082,0.00788821450255827,0.00788818784489144,0.00785781505279788,0.00776777252449154,0.00755083576630498,0.00753777772677482,0.00720053154758837,0.00705132834319164,0.00646739419803435,0.00590245468121782,0.00501038766463899,0.00387612529455656,0.00293411651040813,0.00227521188856808,0.00224188191250393,0.00187846132769744,0.00185115557409628,0.00126279178506908,0.00123988737922337,0.00123670204396641,0.00122783622548711,0.00098935177557594,0.000985557365166537,0.000906696767528509,0.000895124999810705,0.000890295775495112,0.000829732553152363,0.000808277698044861,0.000803338701158241],"convergence":0,"press_dep":false,"press_rng":[1013.25,1013.25]}}
