{"fa_L7_ETM_U_band_7":{"type":"annular","coefficients":{"c1":1,"c2":0.455580002932794,"c3":-0.105464464395275,"c4":0.112469630133318,"c5":-1.66094156440708,"c6":-0.347675728890808},"mare":0.000680582206235882,"rmse":0.00033908529388381,"mare_seq":[0.00682098497997949,0.00676089398734551,0.0067031463176717,0.00669407549918546,0.00669381040720278,0.00664662396488221,0.00662164469870663,0.00660482333012701,0.00612049699689427,0.00605696117847736,0.00600300206387755,0.00534456999728552,0.0052234749799287,0.00452545843241331,0.00284064056479771,0.00272954637185436,0.00263295258234217,0.00242727366673703,0.00163777104788528,0.00131372363338324,0.00130823840712054,0.00128532112111558,0.00102887484553949,0.000889347797262387,0.000848652782325069,0.000819182134354853,0.000787830156353611,0.000785024071321027,0.00075810921782373,0.000695264329523269,0.000680582206235882],"convergence":0,"press_dep":false,"press_rng":[1013.25,1013.25]}}
