{"fa_L9_OLI_M_band_5":{"type":"annular","coefficients":{"c1":1,"c2":0.347107796583047,"c3":-0.297025262325761,"c4":0.0895341043971769,"c5":-1.55466708377322,"c6":-0.0746248393211292},"mare":0.000763280209021601,"rmse":0.000297776469052707,"mare_seq":[0.0084413099156878,0.00842001574566468,0.00838203759333853,0.00837847386700528,0.00837844125795433,0.00837843584457499,0.00834601375759224,0.00831548178120249,0.00812405874193924,0.00791265114081522,0.00759440439227936,0.00639690279582882,0.00639616167339613,0.00529424962049859,0.00514728042632794,0.00485231808585495,0.00371630612654632,0.00356789092816433,0.00329589596001935,0.00322712356959392,0.00314748246139804,0.00311108159657393,0.00223019845966133,0.00217893100153529,0.00193606762824931,0.00189458900024445,0.00139739179527322,0.000997377138199974,0.000814630096726828,0.000775336845835206,0.000763280209021601],"convergence":0,"press_dep":false,"press_rng":[1013.25,1013.25]}}
