{"fa_L9_OLI_C_band_5":{"type":"annular","coefficients":{"c1":1,"c2":0.516488592178923,"c3":-0.0898642016112437,"c4":0.101208683827271,"c5":-1.64709731477426,"c6":-0.307797650344657},"mare":0.000755756618622888,"rmse":0.000327191342677595,"mare_seq":[0.00823742081203996,0.0071201295239311,0.00700718279095729,0.00700717358084242,0.0070071616800573,0.00700693078363324,0.00698984909628377,0.00688386542583993,0.00632228678507248,0.00631357650253459,0.00623552842456889,0.00609679253212673,0.00429686131563848,0.00402341153179364,0.0032818605763024,0.00306349853780716,0.00280715863624077,0.00268242643257029,0.00236006186354066,0.00214937225497756,0.00210362728976909,0.00208126954462904,0.00193678624192556,0.00104561958648757,0.00104096261425826,0.000952379800702936,0.000917154618973937,0.000793217927382134,0.000759117750380506,0.000755851868461277,0.000755756618622888],"convergence":0,"press_dep":false,"press_rng":[1013.25,1013.25]}}
