{"fa_L9_OLI_U_band_5":{"type":"annular","coefficients":{"c1":1,"c2":0.492477297638439,"c3":-0.353540159479944,"c4":0.873043182189033,"c5":-0.108179948581564,"c6":-1.6503641417213},"mare":0.000744124799922276,"rmse":0.000360193603800619,"mare_seq":[0.00664627718722685,0.00664626903013755,0.00664626375133645,0.00664626341394328,0.00644351545570985,0.00634260503442732,0.00629613460708556,0.0062647476641531,0.00607978114990869,0.00509050676460367,0.00436920636409069,0.00353486973303726,0.00295514106411481,0.00263610167213401,0.0026253139325791,0.00261223928273527,0.00253163423378835,0.00207312935353508,0.00204868338109713,0.00200026740519315,0.00165684856188619,0.00163820889547313,0.00163709677112346,0.00157416486001868,0.00133207212035126,0.00109812239489038,0.000845021822074734,0.000834821336299163,0.000820289306160456,0.000754724850489309,0.000744124799922276],"convergence":0,"press_dep":false,"press_rng":[1013.25,1013.25]}}
