{"fa_L9_OLI_M_band_3":{"type":"annular","coefficients":{"c1":1,"c2":0.562893945230163,"c3":-0.0723052756055008,"c4":0.160107880462907,"c5":-1.39093820623397,"c6":-0.272720642858091},"mare":0.00108795088239131,"rmse":0.000278914955646457,"mare_seq":[0.00856770660261349,0.00855472099339342,0.00850837416253908,0.00849562348195195,0.00849552532015254,0.0084944890672113,0.00849426414302117,0.00849425802249991,0.00849363357187296,0.00848702802186118,0.00844326388626534,0.00838595416566326,0.00830921231297832,0.00814484233075962,0.0073552764112486,0.00644106642889197,0.00598399884226907,0.00537817192789491,0.00532908453354093,0.00409823876102559,0.00394472960385444,0.00386407971339326,0.00337157969544807,0.00319300428293983,0.00310925186634012,0.00296887819076462,0.00266387815898565,0.00227754764179943,0.00201410767568227,0.00197119892924773,0.00108795088239131],"convergence":0,"press_dep":false,"press_rng":[1013.25,1013.25]}}
