{"fa_L9_OLI_C_band_8":{"type":"annular","coefficients":{"c1":1,"c2":0.426214195119814,"c3":-0.296964683983353,"c4":0.921356714872623,"c5":-0.0865143471195999,"c6":-1.58497599249527},"mare":0.000754513156187176,"rmse":0.000317391918485279,"mare_seq":[0.00669553618078369,0.0066935119718625,0.00669334737488834,0.00669330844031004,0.00647030111502911,0.0064129601899295,0.00635699415646031,0.00625370554946802,0.00624882920782334,0.00575122014372298,0.00559870214371051,0.00489807326698434,0.00433890974580602,0.00423013021009657,0.00381450447476979,0.00282573976170495,0.00242752874709717,0.00241345014409443,0.00238674836588325,0.00219592376547618,0.00199567841208974,0.00166351301776694,0.00163900370358128,0.00159979171877064,0.0011399133344541,0.000974294197455309,0.000801518907914088,0.000779586126489413,0.000763501921028782,0.000757043741410307,0.000754513156187176],"convergence":0,"press_dep":false,"press_rng":[1013.25,1013.25]}}
