{"fa_L8_OLI_M_band_7":{"type":"annular","coefficients":{"c1":1,"c2":0.601121328642859,"c3":-0.0745198350530746,"c4":0.104438991079359,"c5":-1.48976334277995,"c6":-0.270763627252327},"mare":0.000615725214457413,"rmse":0.0002823989110836,"mare_seq":[0.00869383023973975,0.00694736092286482,0.0068526443122831,0.00685258271108493,0.0068525772302994,0.00684691607923652,0.00684208450962228,0.00679126279679308,0.00674073977544911,0.00667850929963959,0.00648990490226388,0.0061923968379273,0.00489709708721438,0.00468682454564969,0.00415303867234052,0.00411027301185871,0.00410765014535216,0.00407453132532233,0.00373061250014843,0.00350824787636394,0.00266878954770784,0.00244512461559475,0.002108049534959,0.00156331013369498,0.00154083388683586,0.00153252756481899,0.00126914042530227,0.0010026854189966,0.000984538242796282,0.000675904978086969,0.000615725214457413],"convergence":0,"press_dep":false,"press_rng":[1013.25,1013.25]}}
