{"fa_L9_OLI_U_band_3":{"type":"annular","coefficients":{"c1":1,"c2":0.45708304065908,"c3":-0.102641767138549,"c4":0.886808488147905,"c5":-0.338884143704515,"c6":-1.64296928420088},"mare":0.000664036184512438,"rmse":0.000319551144795409,"mare_seq":[0.0068536187576698,0.00684508345981387,0.00684454651112489,0.00684415537432375,0.00684410841023441,0.00676699853662607,0.00641933346484923,0.0063696160982891,0.00594687096534727,0.00536022110677937,0.00498982859630311,0.00411783496071292,0.00332656150490483,0.00270554361281418,0.00269768802844396,0.00267674984188585,0.00231056431731051,0.00197134774238171,0.00181432421062897,0.00153285225606098,0.00145408313024904,0.00121667869411271,0.00118848924532914,0.00102382068448393,0.000989029559564107,0.000817699948835343,0.000749569645248462,0.000685507377334274,0.000665925471552877,0.000664112175283596,0.000664036184512438],"convergence":0,"press_dep":false,"press_rng":[1013.25,1013.25]}}
