{"fa_L5_TM_C_band_6":{"type":"annular","coefficients":{"c1":1,"c2":0.534382351247833,"c3":-0.0909651891591143,"c4":0.108541725152034,"c5":-1.61557361565682,"c6":-0.321465046444958},"mare":0.000805432805069972,"rmse":0.000372622171976896,"mare_seq":[0.00693666990682767,0.00685348766182713,0.00684803884854534,0.00684746886465161,0.00684710747744399,0.00657270765595859,0.00559466218283204,0.00474522951156225,0.00424079960203455,0.00353184157604964,0.00328758509687143,0.00326435381670163,0.00290959333949543,0.00275149176740716,0.00257322189951382,0.00239328573940591,0.00219318353368495,0.00216736608915834,0.0020963659689791,0.00182883130821565,0.00166529650495214,0.00161665627986737,0.0014292868995266,0.00135977379728721,0.00110372324472885,0.00102972771150726,0.000967727664509509,0.000889634012217017,0.000851996814378745,0.000807914881483196,0.000805432805069972],"convergence":0,"press_dep":false,"press_rng":[1013.25,1013.25]}}
