{"fa_L5_TM_U_band_3":{"type":"annular","coefficients":{"c1":1,"c2":0.452460815932196,"c3":-0.103815153931478,"c4":0.113819830665583,"c5":-1.62903268653576,"c6":-0.340562639521864},"mare":0.000761359331966723,"rmse":0.000363579757842101,"mare_seq":[0.00675128546490493,0.00674630680928954,0.0067462963930349,0.00674629157244546,0.0067460831065146,0.00674568305886153,0.00674540932661897,0.00651049529950196,0.006091423463426,0.00574889644083073,0.00568557910771388,0.00441722503320156,0.00409677921997945,0.00256722234790678,0.00237079614663462,0.00236426393246662,0.00235798718078294,0.00194214523741027,0.00167247443701777,0.00153306767125696,0.00145688736010696,0.00141996415330367,0.00125467455081552,0.0012011812761466,0.00119280096444316,0.00106390890471736,0.000902698397231078,0.000889973015716643,0.000822526559136302,0.000773222335684115,0.000761359331966723],"convergence":0,"press_dep":false,"press_rng":[1013.25,1013.25]}}
