{"fa_L5_TM_M_band_3":{"type":"annular","coefficients":{"c1":1,"c2":0.621427790085074,"c3":-0.0779573992570907,"c4":0.131234028884553,"c5":-1.75580413519163,"c6":-0.324569904542556},"mare":0.000857880925677266,"rmse":0.000484469490632754,"mare_seq":[0.0322035356529623,0.00843884557238898,0.00843883901502559,0.00843802519510768,0.00843550186379898,0.0084338957833323,0.00838458319534111,0.0081066243934645,0.00797259438505735,0.00634885692595583,0.00595308733697851,0.00549091334119249,0.00517851715449455,0.00425033189650187,0.00407801866322772,0.0032431200993509,0.00319712253709392,0.00302492105919978,0.00267127905566264,0.0026204830329412,0.0024358058606409,0.00175818886730636,0.00154291880891575,0.00141532875137334,0.00140435482954953,0.00132549570593544,0.00119042213743216,0.000945615791588565,0.000936066108753292,0.000888684639931006,0.000857880925677266],"convergence":0,"press_dep":false,"press_rng":[1013.25,1013.25]}}
