{"fa_L8_OLI_U_band_8":{"type":"annular","coefficients":{"c1":1,"c2":0.474223968578483,"c3":-0.346265271450527,"c4":0.888403807920178,"c5":-0.10452343694981,"c6":-1.68442797979699},"mare":0.000747172409391718,"rmse":0.00036995324991636,"mare_seq":[0.00967935606164231,0.00701879627180605,0.00683794015874425,0.00683238511724678,0.00683234064201791,0.0068323351994108,0.00681252748663791,0.00671552166330167,0.0064215454261876,0.00439169568985576,0.00418089537127602,0.00260220337774527,0.002413252653763,0.00220771079813087,0.00214283336627963,0.00211088539764393,0.00210664996628004,0.00175461460699325,0.00175237808741195,0.00172727889749001,0.00161866092130995,0.00151973557751338,0.00137084884106695,0.00126931543986564,0.00108684728475821,0.000896933667377728,0.000780772235602902,0.00077710021477292,0.000748735122714134,0.000748722601568656,0.000747172409391718],"convergence":0,"press_dep":false,"press_rng":[1013.25,1013.25]}}
