{"fa_L9_OLI_M_band_1":{"type":"annular","coefficients":{"c1":1,"c2":0.605146251560865,"c3":-0.0767788224528736,"c4":0.860826182695677,"c5":-0.310183716877308,"c6":-1.71511296670291},"mare":0.00093490078639755,"rmse":0.000406915308737905,"mare_seq":[0.0103649682534131,0.00889692138728359,0.0087808525643539,0.00878060609332067,0.00877849824606877,0.00869663159088517,0.00866668724065687,0.0078188702237268,0.006559868113731,0.00606921986011154,0.00583587176115084,0.00532871335994004,0.00426809540358292,0.00274887870595186,0.00243391364042074,0.00231537394397381,0.00222231760465781,0.00219847424831204,0.00205881930096022,0.00200410927881148,0.00176203299175922,0.00174542786315381,0.0015655523387962,0.00154619146616753,0.00140030942721639,0.00126311022286042,0.00105196227492256,0.000982318562106045,0.000935414743616898,0.000934984596053761,0.00093490078639755],"convergence":0,"press_dep":false,"press_rng":[1013.25,1013.25]}}
