{"fa_L7_ETM_C_band_7":{"type":"annular","coefficients":{"c1":1,"c2":0.529357558947956,"c3":-0.088528597887065,"c4":0.0974562696571717,"c5":-1.62546432697502,"c6":-0.304777723247249},"mare":0.000702760373356921,"rmse":0.000314563521967093,"mare_seq":[0.0158018851904934,0.00686273385056233,0.00680718218135546,0.00659896517020632,0.00651928458176583,0.0064730387738583,0.00617696731531534,0.00614282783084194,0.00574962222747923,0.00425112935721076,0.00412965795392205,0.00356457778390857,0.00316254290714013,0.00275807965983761,0.00232824231732192,0.0022569682691568,0.00220842230905829,0.00211602269579486,0.00209263953095904,0.00191011833845128,0.00148064677046934,0.00138707223672676,0.00134620789875578,0.00129595808179314,0.00122529786304657,0.00107355745308125,0.000936576910431312,0.000821666217083458,0.000788041553987111,0.000724902579454947,0.000702760373356921],"convergence":0,"press_dep":false,"press_rng":[1013.25,1013.25]}}
