{"fa_L9_OLI_U_band_1":{"type":"annular","coefficients":{"c1":1,"c2":0.483967466338383,"c3":-0.104848442980906,"c4":0.10505304309061,"c5":-1.81528075982351,"c6":-0.354511535987096},"mare":0.000762519875236512,"rmse":0.00042230023935917,"mare_seq":[0.00816891576260623,0.00701580522720499,0.00701568795787948,0.0070156661403403,0.00701565966383063,0.00662540818401014,0.00654778854307707,0.00610981858567156,0.00563930027883041,0.00517402342895584,0.00496734424763016,0.00388479755046448,0.00286766487217588,0.00262086340635635,0.00242242681010304,0.00219578454340068,0.00216724180998735,0.00207942378912661,0.00194310956888846,0.00193204204004775,0.00191629917306133,0.00178748350459759,0.00178675319402321,0.00173511430090555,0.00173304918653965,0.00166068094474365,0.00150596856268518,0.0014696737479631,0.000827382309754797,0.000817122121927255,0.000762519875236512],"convergence":0,"press_dep":false,"press_rng":[1013.25,1013.25]}}
