{"fa_Pld_PHRB_U_band_2":{"type":"annular","coefficients":{"c1":1,"c2":0.465142938282019,"c3":-0.103677255260395,"c4":0.889580491729623,"c5":-0.343565191577947,"c6":-1.68566007117457},"mare":0.000818078460151915,"rmse":0.000407718614982736,"mare_seq":[0.00683521164551768,0.00683520439579285,0.00683520191233322,0.00683520165596774,0.00683520144336443,0.0068352011123906,0.0068351930453948,0.00683248164981702,0.00676259603311763,0.00634648050048053,0.00502647039458242,0.00368883157753316,0.00368875870102393,0.00342623341338313,0.00316396300469427,0.00308974094824068,0.00201281923741,0.00194089842397075,0.00146798901768583,0.00114543211987725,0.00107097516425401,0.00106270061726645,0.00105105847502823,0.00102324116517733,0.00102105791943548,0.00094405742975554,0.000859513474109438,0.000819104373927164,0.000818098311653686,0.000818078713432715,0.000818078460151915],"convergence":0,"press_dep":false,"press_rng":[1013.25,1013.25]}}
