{"fa_Pld_PHRA_C_band_5":{"type":"annular","coefficients":{"c1":1,"c2":0.430973842068341,"c3":-0.298729526994265,"c4":0.0798256124736062,"c5":-1.62952668967492,"c6":-0.0869276088698969},"mare":0.000761161820623583,"rmse":0.000300130496109786,"mare_seq":[0.00697468797919844,0.00692455841299324,0.00692454219637831,0.00692454038078092,0.00692453871275513,0.00692403155258982,0.00691641019605289,0.00647158651325256,0.0052072670785546,0.00439790033314186,0.00389376997571391,0.0036686872339232,0.00325682579130137,0.00324438634656772,0.00274401436365243,0.00218590063116115,0.00214284356237516,0.00208660773807151,0.00208253707272379,0.00161205921936454,0.00159145753705618,0.00120776844382939,0.00115929653417956,0.00111907599181263,0.000972627772414836,0.0009445924191298,0.000796324539224636,0.000761491970656103,0.000761227079577037,0.000761162313748015,0.000761161820623583],"convergence":0,"press_dep":false,"press_rng":[1013.25,1013.25]}}
