{"fa_PS_0C0D_C_band_2":{"type":"annular","coefficients":{"c1":1,"c2":0.0432676492326778,"c3":-1.66731818725018,"c4":0.444920373113704,"c5":-0.296515888561994,"c6":-0.0860357854819468},"mare":0.000682635493437686,"rmse":0.000310652172496126,"mare_seq":[0.00688039984275594,0.00686858868829832,0.00686857531962943,0.00686857060237359,0.00686857042858529,0.00686856825362705,0.00686854700462651,0.00683039783947333,0.00645627719149281,0.00608447396447846,0.00574537785944233,0.00544048966214324,0.00544003753811948,0.00457360369865177,0.00393564054046284,0.00376344995141662,0.00357291200137931,0.00307700607146524,0.00257375620091694,0.00232694871863648,0.0021195664982954,0.00210011774171689,0.00156949991502462,0.00142584374615531,0.0012953347635472,0.0012241404287639,0.000843977932376047,0.000820020280116632,0.000808181759837248,0.000752180350044142,0.000682635493437686],"convergence":0,"press_dep":false,"press_rng":[1013.25,1013.25]}}
