{"fa_PS_0E_C_band_3":{"type":"annular","coefficients":{"c1":1,"c2":0.422395862363573,"c3":-0.301566365546776,"c4":0.923282133489863,"c5":-0.0876474472166336,"c6":-1.62759617038756},"mare":0.000741275798715701,"rmse":0.000323382115401164,"mare_seq":[0.00682474787715674,0.00681543847936967,0.00681543041900578,0.00681542975815576,0.00681542767856757,0.0064924672895474,0.00519302664389099,0.00422413878897806,0.00328275911522817,0.0030790375663791,0.00226968849004154,0.00209701463994717,0.00149362555464511,0.00144766951800696,0.00136232119291398,0.00134265417919225,0.00128326944467346,0.00118017236450354,0.00089486673632657,0.000841402179224189,0.000814470978986545,0.000785970152379374,0.000761600344904158,0.000755480805654903,0.000755130029465053,0.000752603518390984,0.000748937732820833,0.000745544641238661,0.000741314861915143,0.000741297123038459,0.000741275798715701],"convergence":0,"press_dep":false,"press_rng":[1013.25,1013.25]}}
