{"fa_Pld_PHRA_C_band_2":{"type":"annular","coefficients":{"c1":1,"c2":0.550340226695848,"c3":-0.0884399064350786,"c4":0.0943994688594142,"c5":-1.62114054550941,"c6":-0.307140365694048},"mare":0.000742254691929613,"rmse":0.000351313979799392,"mare_seq":[0.00696259829841742,0.00683288132965313,0.00683287696593916,0.00683286221101756,0.00680869463544599,0.0066903577638341,0.00638011128300745,0.00602103425696275,0.00593509723371135,0.00544743699889445,0.00486149218623655,0.00443921275960646,0.0038338060750477,0.00380283878949929,0.00359970880466014,0.00336222568979098,0.00316343136088321,0.00303038305896806,0.00264740718627452,0.00228012373120142,0.00203960648132601,0.00184485359053267,0.00155525240628596,0.00116657050653475,0.00110214215607223,0.00108018397389086,0.00097354457307077,0.000876497329853308,0.000784412170296505,0.000754477080192268,0.000742254691929613],"convergence":0,"press_dep":false,"press_rng":[1013.25,1013.25]}}
