{"fa_PS_0E_C_band_1":{"type":"annular","coefficients":{"c1":1,"c2":0.415700221197508,"c3":-0.300329083939919,"c4":0.0738111648193283,"c5":-1.64065387970811,"c6":-0.0867646907942664},"mare":0.000710543779299718,"rmse":0.000299620773007592,"mare_seq":[0.00707933120689141,0.00695363605817851,0.00689046373563677,0.00689046371881047,0.00689045377731962,0.00689045343958262,0.00689045151624322,0.00689045147962152,0.00689045146817671,0.00688902499013788,0.00682176272633325,0.00659639655610127,0.00384864698431548,0.00374712446046751,0.00361938457062401,0.0033288469152886,0.00280448807165184,0.00262508231956772,0.00243472096785845,0.00204111553658031,0.00201126670449044,0.00171864130832287,0.00116835683087474,0.00116637954525981,0.000885782267242414,0.000831766840803051,0.000814451660626377,0.000771276853948261,0.000760654535980736,0.000758716788906923,0.000710543779299718],"convergence":0,"press_dep":false,"press_rng":[1013.25,1013.25]}}
