{"fa_Pld_PHRB_M_band_1":{"type":"annular","coefficients":{"c1":1,"c2":0.608311090494385,"c3":-0.0768928100797751,"c4":0.138553445162861,"c5":-1.71596179974981,"c6":-0.312477975051839},"mare":0.000925900192843133,"rmse":0.000401757082128494,"mare_seq":[0.00879564044002878,0.00879133437574078,0.00879133152693736,0.00879133092868433,0.00879025695536198,0.0084066685639044,0.00839512167114844,0.00809317494534861,0.00734959994683904,0.00720008000920337,0.00716911409597992,0.0066470522825774,0.0057391401091764,0.00479159336198097,0.00465208375315126,0.0039521700063501,0.00353690105079604,0.00346018344942864,0.00339294055586153,0.00286085690349798,0.00267169522490067,0.00242783754060817,0.00213441607400864,0.00213201979177798,0.00185523475099351,0.0012475654941615,0.00117680080535744,0.00117660515503692,0.000997549305124232,0.000925912279888781,0.000925900192843133],"convergence":0,"press_dep":false,"press_rng":[1013.25,1013.25]}}
