{"fa_PS_0C0D_M_band_2":{"type":"annular","coefficients":{"c1":1,"c2":0.596822314126756,"c3":-0.0757136449717513,"c4":0.857081305005299,"c5":-0.30159849365386,"c6":-1.62904095217275},"mare":0.00090882166949944,"rmse":0.00035804373402203,"mare_seq":[0.00868048623752717,0.00865344917754291,0.00865343033183097,0.00865343026722215,0.00865342996372579,0.00865336410044598,0.00865085168541529,0.00813018976759718,0.00773787765689166,0.00741206617829922,0.00690244810681382,0.00461918126177279,0.00399926060700152,0.00362783988734644,0.00306604865947668,0.00294380312045441,0.00275555212690876,0.00254155882874833,0.00244867722495371,0.00218895210598257,0.00199372710665202,0.00112167945830097,0.000983931493477019,0.000979301975625276,0.00097734072694141,0.000972367062313813,0.00092187614462591,0.000908894128895089,0.000908852485933334,0.000908851859010098,0.00090882166949944],"convergence":0,"press_dep":false,"press_rng":[1013.25,1013.25]}}
