{"fa_PS_0F10_C_band_2":{"type":"annular","coefficients":{"c1":1,"c2":0.0450926069200414,"c3":-1.58735496236993,"c4":0.445026631705518,"c5":-0.295046267675726,"c6":-0.0859081634005757},"mare":0.00072571774678692,"rmse":0.000301757040290983,"mare_seq":[0.00974730211217724,0.00702222734860581,0.00701767999214558,0.0068283195414281,0.00682831661482605,0.0068199729260322,0.00640992049106543,0.0062053968802904,0.00610351492586483,0.0054942647478656,0.00514057668585922,0.00481167126503427,0.00343114669520366,0.0023208852133787,0.00221188852727233,0.00218316188654871,0.00216389089039934,0.00211982798613115,0.00168073310563776,0.00163904031406913,0.00151889465111336,0.00100764404323118,0.000905121119124659,0.000884394844352049,0.000875463432224707,0.000863188071540584,0.000854398290813649,0.000747053672707529,0.000727810325816883,0.000725746551662805,0.00072571774678692],"convergence":0,"press_dep":false,"press_rng":[1013.25,1013.25]}}
