{"fa_PS_0C0D_U_band_3":{"type":"annular","coefficients":{"c1":1,"c2":0.460619497759097,"c3":-0.104151665535047,"c4":0.888234553926776,"c5":-0.343985930111478,"c6":-1.66228301727377},"mare":0.000759550709695094,"rmse":0.000367051427730111,"mare_seq":[0.00685513846600831,0.00678181845363323,0.00678177460629608,0.0067817703569343,0.00678176858470241,0.00678176679722042,0.00678159687853291,0.0067809058310394,0.00677740416435758,0.00653730039302277,0.00628400688417246,0.00600825185546947,0.00585733513312855,0.00562418311103968,0.00548338433089796,0.0051244703456576,0.00335344600282703,0.00301249859994073,0.00275859347725744,0.00258095813411817,0.00171885575956195,0.00154319389495673,0.00148287636207533,0.00147862507936071,0.000982614756397672,0.000829326087953649,0.000806168686140255,0.000796854716190056,0.000795502916991099,0.000793663585388696,0.000759550709695094],"convergence":0,"press_dep":false,"press_rng":[1013.25,1013.25]}}
