{"fa_PS_0E_M_band_4":{"type":"annular","coefficients":{"c1":1,"c2":0.0550590120246731,"c3":-1.61801851086261,"c4":0.355188204413388,"c5":-0.309000177861546,"c6":-0.0762976739882327},"mare":0.000929341852236512,"rmse":0.000395576768321025,"mare_seq":[0.00836805381052913,0.00827626579927438,0.00827296966268024,0.0082729680952731,0.00827296721339937,0.00827296474295749,0.00827115020486924,0.00775723698298299,0.0072667443986528,0.00683070038324661,0.00671490912094562,0.0055873835587013,0.00550376927185553,0.00527188317008564,0.00350136688750983,0.00327908734558851,0.00323896768772308,0.00309835707430436,0.00299914216722555,0.0028451266459837,0.00279774817405921,0.00189764983645759,0.00161011370618806,0.0011528175130852,0.00109259310298941,0.000982975476883255,0.00097354920498988,0.000947284618667936,0.000933982525986178,0.000931296062321531,0.000929341852236512],"convergence":0,"press_dep":false,"press_rng":[1013.25,1013.25]}}
