{"fa_Pld_PHRB_M_band_4":{"type":"annular","coefficients":{"c1":1,"c2":0.343062549982524,"c3":-0.304088366596947,"c4":0.91633297395479,"c5":-0.0754207484850703,"c6":-1.61748882957435},"mare":0.000834449604681148,"rmse":0.000335459993623281,"mare_seq":[0.0179076517188339,0.00976423465931523,0.00841432904957494,0.00841123788517758,0.00841017215448713,0.00841015981106214,0.00841015909851484,0.00841015667723913,0.00841015503944918,0.00602945146196101,0.00579724702375289,0.00562011757394846,0.00551473711029978,0.00547157016445737,0.00438092990311965,0.0036747926370576,0.00346885292966384,0.00334527569176249,0.0029184800326556,0.00280194457814771,0.00210968696228854,0.00197532390507642,0.00174132913823169,0.00148052925760306,0.00121321711219252,0.00086289794881801,0.0008464907215987,0.000835511303120762,0.00083468061576421,0.000834472792780248,0.000834449604681148],"convergence":0,"press_dep":false,"press_rng":[1013.25,1013.25]}}
