{"fa_Pld_PHRA_M_band_2":{"type":"annular","coefficients":{"c1":1,"c2":0.599302540931154,"c3":-0.0758215408285609,"c4":0.142433313451234,"c5":-1.63457979224498,"c6":-0.302890922742202},"mare":0.000915905745376543,"rmse":0.000375296598364109,"mare_seq":[0.00881530412178067,0.00868903535715443,0.00861974321232499,0.00861461961136058,0.00859437952563048,0.00859333722252776,0.00858136786668709,0.0085144048947032,0.0078445218456395,0.00782125890507099,0.00679678285298576,0.00385694028258766,0.00331932295038165,0.00331422953343253,0.00315885065299942,0.00299911333041888,0.00296681434837212,0.00231878510664026,0.00225828881543564,0.00205152094648492,0.00188746277407668,0.00180082184962427,0.00145132922033266,0.00105121319517803,0.000993665077843806,0.000922257603559016,0.000917368562374306,0.000917234961871075,0.000915915534539634,0.000915908568358801,0.000915905745376543],"convergence":0,"press_dep":false,"press_rng":[1013.25,1013.25]}}
