{"fa_Pld_PHRA_M_band_3":{"type":"annular","coefficients":{"c1":1,"c2":0.598949522888091,"c3":-0.0756720326885471,"c4":0.142007451559823,"c5":-1.62390505895648,"c6":-0.303122901833327},"mare":0.000888333138562838,"rmse":0.000341513472918146,"mare_seq":[0.0094479046395891,0.00860856639745394,0.00851357056441544,0.0085135251806695,0.00851352435076368,0.00851352321329754,0.00851352274743931,0.00851352112836834,0.00851352090476543,0.00851352039811967,0.00851351958926492,0.0084969619630256,0.00847116499615515,0.00791389683892589,0.00464030761592404,0.00446299720286101,0.00408248616060461,0.00386223704297437,0.00385501180119462,0.00357246047400821,0.00273656929234286,0.00234163498922191,0.0019026731475208,0.00185405212703255,0.00167330040892404,0.00141982692641266,0.00108061598960409,0.00106869637532164,0.00105113131146858,0.000954607462264232,0.000888333138562838],"convergence":0,"press_dep":false,"press_rng":[1013.25,1013.25]}}
