{"fa_PS_0F10_U_band_1":{"type":"annular","coefficients":{"c1":1,"c2":0.467459953483009,"c3":-0.103311666121116,"c4":0.110184801956816,"c5":-1.70934856356282,"c6":-0.344323967960191},"mare":0.000768879382840061,"rmse":0.000379535708361074,"mare_seq":[0.00735534989070598,0.00698536566747259,0.00698525475936352,0.00698525201429327,0.00698525164874498,0.00698525105064858,0.00698524936363073,0.00698524912427335,0.00698524854364447,0.00698524803689131,0.00597575180945044,0.00567773252192749,0.00456437733549026,0.00255648927684212,0.00250698813467149,0.00241524035667869,0.00239497669347653,0.00231839257295856,0.00228366058104735,0.00201136662263322,0.00153592335802259,0.00130111115446408,0.000951772770186901,0.000860922159434419,0.00078252695921782,0.000770332315338414,0.000768979201802789,0.000768958760665336,0.000768941772771327,0.00076890485968783,0.000768879382840061],"convergence":0,"press_dep":false,"press_rng":[1013.25,1013.25]}}
