{"fa_PS_0F10_M_band_4":{"type":"annular","coefficients":{"c1":1,"c2":0.33515549055979,"c3":-0.314479377529492,"c4":0.921707251515861,"c5":-0.0765792222278251,"c6":-1.68904697729063},"mare":0.000932713677181673,"rmse":0.000417980203607287,"mare_seq":[0.010394875584326,0.0085339992717683,0.00839444198170975,0.00839442412734246,0.00839442274356221,0.0083944218656436,0.00839442096350391,0.00756340505114208,0.00693542635496058,0.0069273869959516,0.00567071969288736,0.00544922486651396,0.00532509857304801,0.00420196757364396,0.0039503846359311,0.00369333693179135,0.00356937949585509,0.00346419818757832,0.00237853391679802,0.00213280162879701,0.00208487702915811,0.00198111861280817,0.00198111731930847,0.00164827168185868,0.0016043417647957,0.00156773558299477,0.00138319476641473,0.00137004468143299,0.00126451078701209,0.00111336370358569,0.000932713677181673],"convergence":0,"press_dep":false,"press_rng":[1013.25,1013.25]}}
