{"fa_PS_0C0D_U_band_2":{"type":"annular","coefficients":{"c1":1,"c2":0.0574164831820527,"c3":-1.70177321927547,"c4":0.499069435417712,"c5":-0.104100419359631,"c6":-0.346891389491984},"mare":0.000741521083337064,"rmse":0.000357292817361926,"mare_seq":[0.00824166435427026,0.00688788596259614,0.00687729493871952,0.00687429204115737,0.00687429116307523,0.00687429039316975,0.00685033733097679,0.00541670774430831,0.00316845747178334,0.0029845125726179,0.00264558152173962,0.00262759613218242,0.00238039402195578,0.00216995310415246,0.00205072787079335,0.00201354943301143,0.00190294525550667,0.0015741721463283,0.00157052687922272,0.00150688159706207,0.00144025678551798,0.00127827307022598,0.0010163429557668,0.000944885003796972,0.000934017968407115,0.000828984746907242,0.000770727115582417,0.000744713930924445,0.000741543785929297,0.000741532918213376,0.000741521083337064],"convergence":0,"press_dep":false,"press_rng":[1013.25,1013.25]}}
