{"fa_PS_0F10_U_band_3":{"type":"annular","coefficients":{"c1":1,"c2":0.473380563714869,"c3":-0.350041479237199,"c4":0.108647436580591,"c5":-1.71278198238674,"c6":-0.105354341593796},"mare":0.000774874102804873,"rmse":0.000406570492191113,"mare_seq":[0.00719349243935877,0.00673623819779008,0.00673623221126206,0.00673623180942299,0.00673618187247141,0.0061717932770503,0.00538713396849496,0.00326990957397443,0.00293693189456621,0.00289122276960094,0.0028293107351093,0.00253346230126268,0.00229219203240446,0.00185711602633971,0.00183573354811645,0.00159580340107193,0.00156535738292905,0.00155756370430567,0.00124445630009529,0.00109462459631708,0.00107318270550184,0.000996008013440806,0.000972165048070931,0.000963445597655522,0.000918245368941214,0.000885444258864365,0.000885301409570367,0.000805738458814109,0.000784274721199254,0.000774874429226655,0.000774874102804873],"convergence":0,"press_dep":false,"press_rng":[1013.25,1013.25]}}
