{"fa_PS_0E_U_band_2":{"type":"annular","coefficients":{"c1":1,"c2":0.467237133663197,"c3":-0.350857622002474,"c4":0.10546211365099,"c5":-1.73706811541181,"c6":-0.10506315845715},"mare":0.000790126312399863,"rmse":0.000431485175863551,"mare_seq":[0.00685496656637776,0.00685494649669639,0.00685494160659496,0.00685493884518351,0.00676095969533967,0.00659365542648448,0.0064750780182524,0.006091425514294,0.00574810122758479,0.00508484469451591,0.00382119172275018,0.00370953272401314,0.00320049486454859,0.00308046090881778,0.00274292700101742,0.00263304057538511,0.00250001634686034,0.00241789219343229,0.00229506207688737,0.00229396606955098,0.00216020443077488,0.00198706750456053,0.00178427569675272,0.00131563908285393,0.00123611123460599,0.00116828410599961,0.00116109230315914,0.000881060723987512,0.000792976135898386,0.000791330514911738,0.000790126312399863],"convergence":0,"press_dep":false,"press_rng":[1013.25,1013.25]}}
