{"fa_PS_0C0D_U_band_4":{"type":"annular","coefficients":{"c1":1,"c2":0.446750075575923,"c3":-0.106924985313869,"c4":0.886483846985769,"c5":-0.349673716784677,"c6":-1.65992008075869},"mare":0.00078407592336898,"rmse":0.000397043841088344,"mare_seq":[0.00668446041684207,0.00667489263263528,0.0066748920443892,0.0066748899231864,0.0066748898423757,0.00667488410867314,0.00667486750414087,0.0066518398141085,0.00649538692536817,0.00485486268959604,0.00388718109297361,0.00334516095843209,0.00245041371483009,0.00235760666073932,0.00192196866133262,0.00163914303429488,0.00162690712674974,0.00156239614231882,0.00138764307954265,0.00124379609128691,0.00109975055187038,0.00105412118039209,0.000995009712430142,0.000863524494101355,0.000827793935857177,0.000798854200777179,0.00078410440997469,0.000784083262852962,0.000784076862565349,0.000784076201508329,0.00078407592336898],"convergence":0,"press_dep":false,"press_rng":[1013.25,1013.25]}}
