{"fa_Pld_PHRB_C_band_4":{"type":"annular","coefficients":{"c1":1,"c2":0.525985096241652,"c3":-0.090566266858484,"c4":0.100615310750484,"c5":-1.65613204477853,"c6":-0.311713555542495},"mare":0.000762872519630577,"rmse":0.000346018076490416,"mare_seq":[0.00705461316760901,0.00695614982811933,0.00694593512530753,0.00694589633607059,0.00623569029812999,0.00618722280961886,0.00605696264596779,0.00545972288370004,0.00539788408646514,0.005313153013715,0.00311068898874602,0.00280796220051444,0.00262756135361368,0.00243499861582695,0.00240014109679788,0.00231520254462365,0.0022065756990762,0.00217952160262517,0.00187012847215843,0.00165308187050071,0.00161496009450119,0.00144544435919299,0.00142433654596121,0.00138860077732431,0.00126224046492479,0.00122242267965175,0.000919152210491416,0.000897129391913597,0.000836662882407424,0.000764630486668702,0.000762872519630577],"convergence":0,"press_dep":false,"press_rng":[1013.25,1013.25]}}
