{"fa_PS_0E_C_band_4":{"type":"annular","coefficients":{"c1":1,"c2":0.52864256097761,"c3":-0.0902888461937193,"c4":0.901457582567278,"c5":-0.311645418882643,"c6":-1.65369584334762},"mare":0.000799589004221454,"rmse":0.000370453724884913,"mare_seq":[0.00684513227003309,0.00684508874102908,0.00684508475792563,0.00684507767690294,0.00684507604643459,0.00684507528233541,0.00684507487543945,0.00683577889914603,0.00680714572597361,0.00609678431064332,0.00484420653359427,0.00469846925322159,0.0043086299028553,0.00414199021199372,0.00403913154345582,0.00374781555234915,0.00282354410316519,0.00257686916857535,0.00233197814907062,0.00199995137608923,0.00196194741591513,0.00195510135194645,0.00168421806399856,0.00160157700625497,0.0015819006155753,0.00156219389377736,0.001405784540105,0.00138469243755051,0.00104793972311287,0.000805008060899287,0.000799589004221454],"convergence":0,"press_dep":false,"press_rng":[1013.25,1013.25]}}
