{"fa_Pld_PHRB_U_band_5":{"type":"annular","coefficients":{"c1":1,"c2":0.460031414575898,"c3":-0.104835049976665,"c4":0.111249096865209,"c5":-1.65770240198984,"c6":-0.345951991270297},"mare":0.000772425697850925,"rmse":0.000377123911405824,"mare_seq":[0.00669010006154378,0.00669009847603207,0.0066900935273822,0.00669009258120265,0.00669009243472781,0.00669009160831386,0.00668867039460576,0.00668573493501127,0.00662026484651529,0.00626965335128512,0.00610248537306876,0.00581366692030559,0.00537855377498885,0.00524353256258282,0.00436255443061458,0.00435626128244499,0.00246027415634474,0.00232644101157541,0.0021759594841763,0.0016869048041813,0.00153824765396312,0.00135288241623999,0.00130405728663258,0.00102896853003738,0.000948942110667448,0.00093779384658607,0.000789882609802815,0.000776206669749162,0.000773484296984972,0.000772556409385468,0.000772425697850925],"convergence":0,"press_dep":false,"press_rng":[1013.25,1013.25]}}
