{"fa_Pld_PHRB_U_band_3":{"type":"annular","coefficients":{"c1":1,"c2":0.477024134882687,"c3":-0.34858758574544,"c4":0.111984683641355,"c5":-1.71529410521306,"c6":-0.105470275431329},"mare":0.000807841819974041,"rmse":0.000419267546377731,"mare_seq":[0.00845122980043711,0.00740670874151874,0.00689812903404991,0.00684870648234385,0.00684861128752705,0.00684859839603911,0.00670331732427406,0.00641830411442956,0.00511918319760196,0.00498588201489385,0.00421152959705945,0.00288797286240918,0.0023562431210907,0.00225403287808743,0.00205424370241672,0.00197395275881434,0.00181697442065881,0.00170400581350026,0.00147571757684321,0.00132488890196814,0.00121756275438827,0.00114759383887539,0.00109765355559798,0.0010685171374875,0.00102917910464598,0.000837685540962835,0.000813662621239749,0.000811732419943225,0.000807876515614439,0.000807842591909185,0.000807841819974041],"convergence":0,"press_dep":false,"press_rng":[1013.25,1013.25]}}
