{"fa_PS_0E_U_band_1":{"type":"annular","coefficients":{"c1":1,"c2":0.466159371273443,"c3":-0.10329547958576,"c4":0.110563158879758,"c5":-1.71610666277629,"c6":-0.343273726620405},"mare":0.000795109852480317,"rmse":0.000384690914348646,"mare_seq":[0.0199109156482651,0.00751471293067096,0.00703787711556993,0.00703412585429496,0.00703400823058748,0.00703400670148678,0.00703400487608002,0.00703400204350559,0.00701186665581339,0.00698930889749824,0.00655235591592882,0.0050870612648769,0.00499619765048767,0.00466052624063239,0.00324804011736573,0.00266538160199006,0.00231508031229364,0.00218307695440744,0.00201204297490659,0.00160358058863431,0.00136470300579839,0.00130692765469203,0.000994528291434666,0.000959684265959368,0.000930755417859093,0.000919196287007009,0.000870344127815139,0.000867673878808681,0.000867194330493054,0.000795112041367856,0.000795109852480317],"convergence":0,"press_dep":false,"press_rng":[1013.25,1013.25]}}
