{"fa_Pld_PHRA_U_band_2":{"type":"annular","coefficients":{"c1":1,"c2":0.46539422905814,"c3":-0.103802287406202,"c4":0.890480643705956,"c5":-0.34436217145551,"c6":-1.69134703807296},"mare":0.000745105860466942,"rmse":0.000354726823950203,"mare_seq":[0.0073703357650264,0.00689325680842581,0.00689307277323751,0.00662648332719102,0.00641391959039381,0.00530226634082897,0.00508420721674184,0.00454451996238143,0.00365928803169929,0.00345815055199208,0.00331653470277275,0.00281428882115182,0.00263152721775126,0.0025581488912908,0.00255504793806293,0.00228495459430663,0.00223910540781362,0.00182565806059419,0.00155969672335286,0.00152808139816539,0.00135677501875108,0.00115937834261745,0.00112340977782563,0.00110158081336247,0.000787686446641186,0.000753713867872518,0.000748293843319535,0.000745413341144426,0.00074511422538491,0.000745113636591481,0.000745105860466942],"convergence":0,"press_dep":false,"press_rng":[1013.25,1013.25]}}
