{"fa_PS_0E_C_band_2":{"type":"annular","coefficients":{"c1":1,"c2":0.540580761531552,"c3":-0.0872128058692445,"c4":0.0918778426547446,"c5":-1.68228729327103,"c6":-0.302034909867038},"mare":0.000750147904602719,"rmse":0.000336982480275102,"mare_seq":[0.00692019654841665,0.00687495853956255,0.00687452578031477,0.00687371625677808,0.00687324289908488,0.00609081366840799,0.00590731020509331,0.00588781311433562,0.00543211082543703,0.00479083716341945,0.00437333072853365,0.00353748824355774,0.00335395558890753,0.00309952902507763,0.00301817389056817,0.00279103618003441,0.00276695686171404,0.0020931265592769,0.00189806598882035,0.00158886787768851,0.00140667650449007,0.00134462654091161,0.00130684038821391,0.00115067631646907,0.00110603035172833,0.00103707827191988,0.000955557598242518,0.000901383042413361,0.00082430751646627,0.000758629908065003,0.000750147904602719],"convergence":0,"press_dep":false,"press_rng":[1013.25,1013.25]}}
