{"fa_PS_0E_U_band_4":{"type":"annular","coefficients":{"c1":1,"c2":0.0615866554177317,"c3":-1.69491453383785,"c4":0.519340369045568,"c5":-0.353012676018478,"c6":-0.107578654805307},"mare":0.000751880995048544,"rmse":0.000388662648256775,"mare_seq":[0.00678353642665096,0.00674884286761911,0.00673916546769644,0.00673775350058798,0.00673772721291366,0.00672958576468972,0.00664358260850661,0.00656132921470698,0.00516645445769544,0.00501522684593595,0.00437274714933332,0.00355290906406225,0.00316316209621559,0.00279450527823497,0.00261193994166929,0.00255087875146366,0.00251840860613487,0.00236183890665253,0.00173144692325175,0.00167915519034363,0.00132897377251013,0.00118845749124135,0.00114384997542517,0.0010611125237128,0.00102123785077852,0.00098455466665396,0.000773928147821388,0.000763705965043012,0.000757124555627526,0.00075189719558914,0.000751880995048544],"convergence":0,"press_dep":false,"press_rng":[1013.25,1013.25]}}
