{"fa_Pld_PHRA_M_band_4":{"type":"annular","coefficients":{"c1":1,"c2":0.599912274350736,"c3":-0.0752762881641388,"c4":0.858400166023068,"c5":-0.301696085164531,"c6":-1.58410348613493},"mare":0.000848247190579508,"rmse":0.000356288598156829,"mare_seq":[0.00839261601250753,0.00832973288354921,0.00832971380949428,0.00832971367574566,0.008329713552024,0.0083297127699262,0.00832971051531737,0.00832971028130693,0.00832965184295888,0.00832504942623615,0.00810693294835961,0.00804895898070824,0.0076892893692117,0.00749848850202419,0.00665463491429396,0.00648461070447289,0.00443134131233731,0.00279842987103392,0.00273077894152164,0.00164490400658511,0.00157989093533962,0.00138298570318464,0.00136503415659864,0.00127190073831771,0.00121579023952555,0.00111584610375464,0.00110781599786647,0.000972600151099598,0.0008482837045592,0.000848248398805391,0.000848247190579508],"convergence":0,"press_dep":false,"press_rng":[1013.25,1013.25]}}
