{"fa_PS_0F10_M_band_1":{"type":"annular","coefficients":{"c1":1,"c2":0.0538571670064324,"c3":-1.71908783393291,"c4":0.353162311181904,"c5":-0.315442596827915,"c6":-0.0773184611564796},"mare":0.000965613354174662,"rmse":0.000422340396676329,"mare_seq":[0.00881422876447029,0.00864874912816089,0.00864870819716505,0.00864870765478989,0.00864870651850722,0.00864870347774948,0.00864786030536957,0.00856255462530459,0.0075926836916243,0.00675627397375209,0.00613062371034482,0.00610371636221882,0.0045961681867776,0.00422708051681446,0.00415446217766856,0.00401398194310304,0.00350254789605887,0.00290866556842562,0.00289488357412552,0.00279927724866732,0.00264731794683867,0.0025108239318122,0.00243631396377066,0.00199435449324471,0.00191961608847879,0.00190000342901195,0.00167534756923874,0.00151601021315808,0.00125058209941783,0.000988110610523846,0.000965613354174662],"convergence":0,"press_dep":false,"press_rng":[1013.25,1013.25]}}
