{"fa_PS_0C0D_C_band_3":{"type":"annular","coefficients":{"c1":1,"c2":0.537211809919009,"c3":-0.0878495992554067,"c4":0.0922188692266063,"c5":-1.66849585367874,"c6":-0.304053070987732},"mare":0.000777201574981934,"rmse":0.000341041419487129,"mare_seq":[0.00840459218193142,0.00781690508187638,0.00689122113126561,0.0068912123461935,0.00689121215598213,0.00682732671690708,0.00654229145498526,0.0063046294586682,0.00625701171228947,0.00620262572622912,0.00607702497412427,0.00597541927357857,0.00570496386322908,0.00551626150501154,0.00546430923297952,0.00382826744119845,0.00300292557358302,0.00296687328607283,0.00249210866379318,0.00239634919246093,0.00218260138899221,0.00211957973996377,0.00203022751975264,0.00155438672073636,0.000995759633573884,0.000964873408378951,0.000923051720158682,0.000874546499549374,0.000845539769623712,0.000788737230803171,0.000777201574981934],"convergence":0,"press_dep":false,"press_rng":[1013.25,1013.25]}}
