{"fa_PS_22_U_band_4":{"type":"annular","coefficients":{"c1":1,"c2":0.452671189293283,"c3":-0.109448539591288,"c4":0.111544637481073,"c5":-1.7049389467996,"c6":-0.35994648583394},"mare":0.000758588785837195,"rmse":0.000404771015749119,"mare_seq":[0.00664591966744263,0.00664590079485631,0.00664589879497842,0.00664589808784605,0.00661978974100242,0.00607768240689482,0.00553269771654391,0.00533515441008164,0.00490388914351189,0.00302159458473256,0.00287704093323928,0.00277587249132993,0.00219160993260961,0.00215713169509489,0.00207550829557406,0.00196352016471576,0.00192749227299869,0.00177757414966999,0.00167072480523265,0.00162692749171558,0.0016125408926286,0.00148322076703507,0.00140181553358929,0.00135528888351004,0.00133113930717898,0.00114034736604876,0.000860194562487749,0.000813077944782773,0.000803459172939104,0.00075916394084316,0.000758588785837195],"convergence":0,"press_dep":false,"press_rng":[1013.25,1013.25]}}
