{"fa_Pld_PHRB_C_band_2":{"type":"annular","coefficients":{"c1":1,"c2":0.418028427628065,"c3":-0.301296233306764,"c4":0.0738488024673086,"c5":-1.65218447196633,"c6":-0.0871627586060739},"mare":0.000827471394362945,"rmse":0.000346539690105626,"mare_seq":[0.00682493243739696,0.0068224971146318,0.00682226157912449,0.00682225261031731,0.0068222498450199,0.00682036498028627,0.00681945450267342,0.00645961839137366,0.00583177033891136,0.00582368015722264,0.00467669710408303,0.00436690938223419,0.00351412307650812,0.00349116953727751,0.00259971468221288,0.00223574870310177,0.002233153122921,0.00215564087444584,0.00196924512045578,0.0018867516190465,0.00175980048539231,0.00160073116396616,0.00152682694629001,0.00150512163660025,0.00147321270196859,0.00118585288986271,0.00107639638238695,0.00107506183925606,0.000890302664874977,0.000886856697682809,0.000827471394362945],"convergence":0,"press_dep":false,"press_rng":[1013.25,1013.25]}}
