{"fa_PS_22_M_band_4":{"type":"annular","coefficients":{"c1":1,"c2":0.0581497814954173,"c3":-1.56013579510002,"c4":0.368516566488547,"c5":-0.296634638279051,"c6":-0.0747307560496145},"mare":0.000996709126781713,"rmse":0.000378715123626621,"mare_seq":[0.00835124253048143,0.00832127143829955,0.00832127130283652,0.00832126760271961,0.00832126758208629,0.00832126551390721,0.00832126519885841,0.00832126233743245,0.00830798050840704,0.00820342974062736,0.00777164586918517,0.00771054891068991,0.00733255678525873,0.00609338951475624,0.00584501829135438,0.00552862507033684,0.00549951082783237,0.00435125170659204,0.00315449521593971,0.0026541444214453,0.00259319548994092,0.00248460816588417,0.00240260273047241,0.00226724639287366,0.00171686276877603,0.00152802849969905,0.00116728301059949,0.00105912104214088,0.00102317740261061,0.00100472824442561,0.000996709126781713],"convergence":0,"press_dep":false,"press_rng":[1013.25,1013.25]}}
