{"fa_PS_22_C_band_4":{"type":"annular","coefficients":{"c1":1,"c2":0.52526926144386,"c3":-0.0909160800749166,"c4":0.101651620084289,"c5":-1.64503536330606,"c6":-0.312694898454351},"mare":0.000706745295833886,"rmse":0.000332963131585542,"mare_seq":[0.00692472832760577,0.00692472669481273,0.00682401134714335,0.00658385327750098,0.00607344005711965,0.00576050000498353,0.00575493117089301,0.00497202254576703,0.00485041614056675,0.0048061844821206,0.0047088951251118,0.00438688261932115,0.0030229445166485,0.00276160455369682,0.00257369549140259,0.00246513761384407,0.00241440038740581,0.00226473893385314,0.00206240137316922,0.0019191691282609,0.00185016890619864,0.00161819304256201,0.00150212030084455,0.00148212973865358,0.00139911785819849,0.00137911142593083,0.00129412011151652,0.00124916893654335,0.000712010468608753,0.000707065935775522,0.000706745295833886],"convergence":0,"press_dep":false,"press_rng":[1013.25,1013.25]}}
