{"fa_PS_0E_M_band_3":{"type":"annular","coefficients":{"c1":1,"c2":0.356162808771608,"c3":-0.288131205968068,"c4":0.90334321831486,"c5":-0.0741383778170269,"c6":-1.53642362905022},"mare":0.000932539178048786,"rmse":0.000321262127332758,"mare_seq":[0.00882354876414788,0.00862511846564563,0.00860497951114386,0.00859990495797497,0.00859941499076531,0.00859941241813367,0.00859940916999006,0.00859897400220801,0.00822591109330287,0.00739505430893382,0.00723632884626571,0.00694514229485312,0.00648199444279643,0.00631265283199666,0.00438240981791039,0.00260916906228401,0.00257858235699277,0.00248128937495294,0.00234244377624783,0.00230368301166701,0.00222930017262062,0.00221045531958991,0.0019458975837243,0.00194068218841218,0.00189057710369082,0.00154516911906,0.0011557272975777,0.00110140016572584,0.000956709138485745,0.000943382948361547,0.000932539178048786],"convergence":0,"press_dep":false,"press_rng":[1013.25,1013.25]}}
