{"fa_Pld_PHRB_M_band_5":{"type":"annular","coefficients":{"c1":1,"c2":0.607597470239506,"c3":-0.0764865663252751,"c4":0.860141110078666,"c5":-0.309628042384852,"c6":-1.65322799803626},"mare":0.000874647359802695,"rmse":0.000399067328237126,"mare_seq":[0.0121981456204312,0.00840996795881348,0.00840996426532393,0.00830929216400996,0.0079642815314119,0.00774185045624607,0.00543355778054264,0.00308625194316913,0.00254511316281921,0.0025310025719497,0.00248404489144936,0.0024217293899827,0.00240927724184554,0.00228505683121893,0.00226464516559081,0.00205212842700183,0.00203341629203772,0.0016770470686719,0.00167219382148709,0.00136170457525644,0.00128009135113597,0.00108403973623274,0.00102620762994452,0.000976657157471976,0.00093383348787346,0.000931819450852202,0.000904662778675545,0.000889580641804314,0.000878534162053175,0.000875052681675797,0.000874647359802695],"convergence":0,"press_dep":false,"press_rng":[1013.25,1013.25]}}
