{"fa_PS_0F10_C_band_4":{"type":"annular","coefficients":{"c1":1,"c2":0.529798088269214,"c3":-0.0904618978144326,"c4":0.902906334264947,"c5":-0.312153244173884,"c6":-1.69305271521036},"mare":0.000770809943453069,"rmse":0.000361248959026623,"mare_seq":[0.00699486569253386,0.00699478539792407,0.00699457806054638,0.00699457708554133,0.00699457503204207,0.00699457454610937,0.00699427237713792,0.00681555355770287,0.00663745995009082,0.00611452842424184,0.00539933266825017,0.0047738045649268,0.00305854947032306,0.002946725930587,0.00256304328310128,0.00210029126035323,0.00183893531237921,0.00178348678598629,0.00169419881123001,0.00166894961056501,0.00155856372322467,0.00129865961973679,0.00104429355818687,0.00099899689981076,0.000978971356138113,0.00097176259759346,0.00079176101325508,0.000773689726047755,0.000770822132460406,0.000770812871620203,0.000770809943453069],"convergence":0,"press_dep":false,"press_rng":[1013.25,1013.25]}}
