{"fa_PS_22_C_band_1":{"type":"annular","coefficients":{"c1":1,"c2":0.548886801460582,"c3":-0.087207251045299,"c4":0.907031576901569,"c5":-0.303533887850652,"c6":-1.67860246751081},"mare":0.000777235955657545,"rmse":0.000341768197821325,"mare_seq":[0.00960315549230573,0.00745304504576128,0.00688053299518081,0.00687722571092124,0.00687722143239668,0.00687711650109173,0.00628363449098248,0.00593190682376104,0.00557708521609763,0.00556931454312336,0.00534830251062961,0.00429369250719281,0.00426293916022864,0.00323897658274579,0.00291599169940388,0.00197443358015803,0.00177085661391083,0.00171937750247277,0.00155390634142248,0.00143220737958946,0.00139468339922322,0.001229332516682,0.00119310280754958,0.00116817493202343,0.00109598780666123,0.00106562515497727,0.000937318631122962,0.000915090241349438,0.000889500300246634,0.000779879081890959,0.000777235955657545],"convergence":0,"press_dep":false,"press_rng":[1013.25,1013.25]}}
