{"fa_PS_22_M_band_2":{"type":"annular","coefficients":{"c1":1,"c2":0.340467883799049,"c3":-0.310640243195198,"c4":0.91867349365826,"c5":-0.0764874898091142,"c6":-1.70048107330687},"mare":0.000910499222070197,"rmse":0.00039668553931571,"mare_seq":[0.0121216337280481,0.010662383294427,0.00961561122745175,0.00875745537628794,0.00864772993230373,0.00864770083919476,0.00864768196982995,0.00864403986163878,0.00794023843505975,0.00681800267658605,0.0062898193770556,0.00567723510363038,0.00455836851871334,0.00451997727469793,0.00403579372858149,0.00333936693564626,0.00310151427319837,0.00307796839978671,0.0029991765974905,0.00285081125215435,0.00226123985732809,0.00217690833818259,0.00194164823012911,0.00168365835466032,0.00166879426226246,0.00159027367488337,0.00132567585301963,0.00117492253467794,0.00100559362973435,0.000910571045768478,0.000910499222070197],"convergence":0,"press_dep":false,"press_rng":[1013.25,1013.25]}}
