{"fa_PS_0F10_C_band_1":{"type":"annular","coefficients":{"c1":1,"c2":0.407813808839268,"c3":-0.307195699895546,"c4":0.931792616937379,"c5":-0.0877375452022235,"c6":-1.71012535323041},"mare":0.000690571810037063,"rmse":0.000348510645971953,"mare_seq":[0.00675716343607037,0.00675605834032388,0.00675605091853512,0.0067560285970022,0.00675482849494125,0.00673811202657729,0.00660882828765942,0.0065517909262603,0.00653489071913287,0.00649100257852266,0.00593153716602082,0.00560480821784233,0.00533529666660129,0.0048062881743167,0.00448652341943911,0.00366179285658874,0.00248706850460405,0.00165087552737976,0.00155943808253322,0.0013996630921356,0.00127451966826909,0.00120878272305551,0.000897286550952976,0.000823269536310554,0.00078511624900527,0.000714413557353299,0.000696685531307953,0.000690601548697729,0.000690598846790516,0.000690590955276081,0.000690571810037063],"convergence":0,"press_dep":false,"press_rng":[1013.25,1013.25]}}
