{"fa_Pld_PHRB_C_band_3":{"type":"annular","coefficients":{"c1":1,"c2":0.429225618798807,"c3":-0.29662395278044,"c4":0.917442933464176,"c5":-0.0871001038843622,"c6":-1.56160047386579},"mare":0.000775992843500641,"rmse":0.000308628858474891,"mare_seq":[0.00675654024960219,0.00675637035433818,0.00675636764314332,0.00640797805276976,0.00596236741204561,0.0059315587465154,0.00559630766511637,0.00392641385421565,0.00344928473790957,0.00305761603931587,0.00244644483428962,0.00244339334015348,0.00240948508516847,0.00231751807591562,0.00227210983935297,0.00222662437864258,0.00202059085316578,0.00194901120335001,0.00180976762489311,0.00162296414690265,0.00156765142574297,0.00127926223876599,0.00110900491803852,0.000980460808260806,0.000960894292293386,0.000918602663438682,0.00085842784780551,0.000828612713948952,0.000801802357332988,0.000791841559521625,0.000775992843500641],"convergence":0,"press_dep":false,"press_rng":[1013.25,1013.25]}}
