{"fa_Pld_PHRB_C_band_1":{"type":"annular","coefficients":{"c1":1,"c2":0.543374297303072,"c3":-0.0867982829617325,"c4":0.905439228723483,"c5":-0.300896230397559,"c6":-1.65107076443025},"mare":0.000716374754467707,"rmse":0.000318387546173745,"mare_seq":[0.00714306712366626,0.00687922582253765,0.00686779932721474,0.0068677991367219,0.00686779540874399,0.00296296740507813,0.00285053110177726,0.0027896486384511,0.00254465819447249,0.00217143458319241,0.00212024588975425,0.00207198126570646,0.00196969653913543,0.0019628427372829,0.00188974206067379,0.00186310614637839,0.00149900592828464,0.00130210052301375,0.00122155514239174,0.00106732590669313,0.000964884781306647,0.000961259334471793,0.000890215782492707,0.000857507855538456,0.000784390560761121,0.000765345019378366,0.000726470827815339,0.000725076110370524,0.000718151434571948,0.000716389133364241,0.000716374754467707],"convergence":0,"press_dep":false,"press_rng":[1013.25,1013.25]}}
