{"fa_Pld_PHRA_C_band_4":{"type":"annular","coefficients":{"c1":1,"c2":0.0460058308986749,"c3":-1.68142174891346,"c4":0.445367065308754,"c5":-0.313332116620084,"c6":-0.0907485622275742},"mare":0.000741901575395883,"rmse":0.000359688314967165,"mare_seq":[0.00782993821404272,0.00690335090101039,0.00690335018364839,0.00690334968707876,0.00690334923150314,0.006903347680825,0.00690334701141888,0.00690334593142673,0.00690334579648832,0.00690163124750823,0.00660610862837633,0.00374700475864801,0.00319937148399922,0.00294526368754091,0.00289866019322834,0.002540951728463,0.00237976327804512,0.00212069296184745,0.00212059384772475,0.00162806105451363,0.00141913983150512,0.00135162612005855,0.00103059367098852,0.00101467647343236,0.000978422816133875,0.000871123389563217,0.000854812444848047,0.00083750252623789,0.000802968494825412,0.000758373628396205,0.000741901575395883],"convergence":0,"press_dep":false,"press_rng":[1013.25,1013.25]}}
