{"fa_Pld_PHRA_M_band_5":{"type":"annular","coefficients":{"c1":1,"c2":0.337528415298582,"c3":-0.310010813547116,"c4":0.083039840833696,"c5":-1.64077227135208,"c6":-0.076503476065305},"mare":0.000945684919229739,"rmse":0.000411395261868937,"mare_seq":[0.00842602857675921,0.00838573621465775,0.0083595741865587,0.00835956825654355,0.00835956791880196,0.00813255009376818,0.00755617598901203,0.00605665621803337,0.00434781258293015,0.00384084707462752,0.00324805294654991,0.00293551745285323,0.00285976499683872,0.00259202210383312,0.00231191642189645,0.00226615461742137,0.00222886973109896,0.00211823535443938,0.00205675341460651,0.00191366246878246,0.00178752394995385,0.00158819022043784,0.00134639861700459,0.0013241330031718,0.00120808342835225,0.00117302310817021,0.00107396923552582,0.00102894802798853,0.00101162049680185,0.000947002680098681,0.000945684919229739],"convergence":0,"press_dep":false,"press_rng":[1013.25,1013.25]}}
