{"fa_Pld_PHRA_M_band_1":{"type":"annular","coefficients":{"c1":1,"c2":0.605585151863848,"c3":-0.0766715211344047,"c4":0.862456348634245,"c5":-0.311852248835499,"c6":-1.70191933326804},"mare":0.00101320862626561,"rmse":0.000401880487237206,"mare_seq":[0.00869241107968583,0.00868968622204291,0.00868968608962387,0.00868967710749079,0.0086896754067138,0.00868967464915748,0.00833823562740532,0.00785873348828789,0.00757427432555294,0.00581731506595715,0.00575193577632061,0.00452327087087843,0.00426443724610034,0.00412718370993305,0.00383315033348611,0.0038302678789359,0.00304677904830658,0.003027618061091,0.00292304699464027,0.00235571625795262,0.00214705706828425,0.00147618279712718,0.00136243189535734,0.00126501145787395,0.00113634290759025,0.0011184047324531,0.00107246432681494,0.00101329857676153,0.00101325873633521,0.00101321147495232,0.00101320862626561],"convergence":0,"press_dep":false,"press_rng":[1013.25,1013.25]}}
