{"fa_Pld_PHRB_C_band_5":{"type":"annular","coefficients":{"c1":1,"c2":0.408301526921548,"c3":-0.31522452414233,"c4":0.932149978719248,"c5":-0.0901144653798669,"c6":-1.74981402966016},"mare":0.000760558980214244,"rmse":0.00039373206097335,"mare_seq":[0.00688177443820119,0.00672043557419287,0.00671959992805345,0.00671937639915554,0.00671936918148034,0.0067193680367214,0.00671936705974913,0.00671936705409638,0.00671936600133422,0.00634901600978737,0.00628588421263544,0.00620895673362179,0.00532504351220407,0.00389658159138753,0.00360169701445168,0.00286161828365335,0.00279025273952426,0.00226321144216064,0.0021337295979499,0.00204337753666235,0.00202876903294766,0.00195555477531968,0.00179078769753366,0.00177158790759515,0.00176787421331656,0.00110185130193869,0.000922687875051554,0.000919866110999964,0.000856023836359839,0.000760598620969292,0.000760558980214244],"convergence":0,"press_dep":false,"press_rng":[1013.25,1013.25]}}
