{"fa_PS_0F10_U_band_4":{"type":"annular","coefficients":{"c1":1,"c2":0.0648858125307185,"c3":-1.63416120853293,"c4":0.473261343784376,"c5":-0.106365332859251,"c6":-0.346329598441818},"mare":0.000750288690424421,"rmse":0.000370219120772182,"mare_seq":[0.00671064947513167,0.00671044362060412,0.00671043729597528,0.00671043284652527,0.00671043190252805,0.00671043039096042,0.00671042939647166,0.00621062964780576,0.00555208289787159,0.00516675444532693,0.00406156391785225,0.00368922028076899,0.00226377444116765,0.00221643580749923,0.00215722365584307,0.00210620523992044,0.00200866202234062,0.00197324181600751,0.0018993293456029,0.00183209729815349,0.00176104523795833,0.00116845231591403,0.000961322274675643,0.000916675332881059,0.00088635079178752,0.000819194042940346,0.000811629825619461,0.000752335804226287,0.000751518939106929,0.000750823707798353,0.000750288690424421],"convergence":0,"press_dep":false,"press_rng":[1013.25,1013.25]}}
