{"fa_PS_0F10_M_band_3":{"type":"annular","coefficients":{"c1":1,"c2":0.0575306647967404,"c3":-1.61406071883773,"c4":0.370092266498098,"c5":-0.299585011728222,"c6":-0.0752408567138999},"mare":0.000906193046053049,"rmse":0.000340574838755508,"mare_seq":[0.00852081196611856,0.00851091936222881,0.00851088287948631,0.00851087833000787,0.00851087317573691,0.00851087291699784,0.00851087145775754,0.00851086991546078,0.00850649715257773,0.00825393384845225,0.0080491711134435,0.00764979695255765,0.00755493172059102,0.00753924947212662,0.00724902412730287,0.00655996660696871,0.00509489420380269,0.00488820000327415,0.00460840298585664,0.00424380726712392,0.00327101637036064,0.00272059967660674,0.00256803312289276,0.00232470186302157,0.00214782156340635,0.00190691682905779,0.00174410057584298,0.00128366158786821,0.00108845772531073,0.00092206780683251,0.000906193046053049],"convergence":0,"press_dep":false,"press_rng":[1013.25,1013.25]}}
