{"fa_Pld_PHRA_U_band_5":{"type":"annular","coefficients":{"c1":1,"c2":0.448320204529747,"c3":-0.103201312437524,"c4":0.116240585606662,"c5":-1.61647605972915,"c6":-0.337931120731616},"mare":0.00083219137305457,"rmse":0.000369962266542753,"mare_seq":[0.00685669819736803,0.00685669621739698,0.00685669617531415,0.00685669537481012,0.00685669442020227,0.00682807316788995,0.00671395696945524,0.00627148854326614,0.00612747981849257,0.00528759753586149,0.00450771384821247,0.00437498200005368,0.00360115261598129,0.0035039262181302,0.00296821096006368,0.00289351042080501,0.00224446876434758,0.00197347664861356,0.00193799946531279,0.00179793730320267,0.00172362881816345,0.00166542127514325,0.00164389962434161,0.00163108723831243,0.00153905044229833,0.00147531270375417,0.00119067342835563,0.000995685588203772,0.000889874291670582,0.000888462432454629,0.00083219137305457],"convergence":0,"press_dep":false,"press_rng":[1013.25,1013.25]}}
