{"fa_Pld_PHRA_U_band_1":{"type":"annular","coefficients":{"c1":1,"c2":0.474563910746334,"c3":-0.342897910211532,"c4":0.887964869437186,"c5":-0.103233749550639,"c6":-1.6997611124437},"mare":0.000758072736542677,"rmse":0.000363011871918116,"mare_seq":[0.00698919671656146,0.00698919026196104,0.00698918808481435,0.00698918723883858,0.00698918697979261,0.00578621236875091,0.00504028351703531,0.00502241286700777,0.0042462210234923,0.00390245911358174,0.00378202630858344,0.00323185277457404,0.00310806301921472,0.00310007161387802,0.00300536804551036,0.00233196387519537,0.00220249875924811,0.00190428853079518,0.00170825168666134,0.00162762185814722,0.00149240640932609,0.0013808932603646,0.00119389777626286,0.000850683010486133,0.000815714321756154,0.000809046051559648,0.000805074504330716,0.00076729403054603,0.000758503916019928,0.000758109851460433,0.000758072736542677],"convergence":0,"press_dep":false,"press_rng":[1013.25,1013.25]}}
