{"fa_Pld_PHRA_C_band_1":{"type":"annular","coefficients":{"c1":1,"c2":0.540903970277785,"c3":-0.0864979990313474,"c4":0.906351005883848,"c5":-0.299409621310989,"c6":-1.66406816291799},"mare":0.0006904640673673,"rmse":0.00031631479336481,"mare_seq":[0.00693528129785486,0.00693098318396606,0.00693096987559231,0.00693096917192086,0.00693080776601456,0.00690441681578914,0.0068179161276607,0.00656595287586826,0.00530996724919416,0.00474582044360844,0.00459690549365695,0.0043396518133588,0.00377712429180187,0.00295407142714352,0.00273272349172332,0.00271609133486987,0.00254371085252791,0.00252249956450128,0.00221943118417891,0.00199039712973821,0.00193943612616057,0.00192666005189289,0.00188397058981343,0.00172526065778462,0.00165539256118294,0.00149779250199269,0.00141155080872783,0.00112075737397306,0.00087439578255267,0.000711290364280623,0.0006904640673673],"convergence":0,"press_dep":false,"press_rng":[1013.25,1013.25]}}
