{"fa_PS_22_U_band_1":{"type":"annular","coefficients":{"c1":1,"c2":0.478781982156559,"c3":-0.104626595257008,"c4":0.106261774339081,"c5":-1.7500253918103,"c6":-0.351492294942353},"mare":0.000795701518390522,"rmse":0.000422863339542582,"mare_seq":[0.00739498403095133,0.00692639552887829,0.00690163724931632,0.00690151687643758,0.00690151172871835,0.00690151149579198,0.00649926188639119,0.00639414136607501,0.00621152201470855,0.00615011219704248,0.00567742516117975,0.00556139044370061,0.00526004392954225,0.00414836156982003,0.00301449791133541,0.00261330770380103,0.00248389666482434,0.00238721628445666,0.00229736838356654,0.0022638542299848,0.00223531770459506,0.00214826696423164,0.00212353992999295,0.00191841986945965,0.000912821303841123,0.000866153577836358,0.000858968050552675,0.000818886639388388,0.000818390262455295,0.00080653652152464,0.000795701518390522],"convergence":0,"press_dep":false,"press_rng":[1013.25,1013.25]}}
