{"fa_PS_0E_M_band_1":{"type":"annular","coefficients":{"c1":1,"c2":0.335086272461472,"c3":-0.312934735141291,"c4":0.0830737330884235,"c5":-1.68425990171037,"c6":-0.0770535263172142},"mare":0.00104428850926493,"rmse":0.000429929274478732,"mare_seq":[0.00862838045651749,0.00862837423765142,0.00862837381509993,0.00862836796072013,0.00862836754298679,0.00862836340917034,0.00862835924404284,0.00849519912566647,0.00836014226443735,0.00752739457082871,0.00752446809231405,0.00737847206688399,0.00595243715522885,0.0043646149243046,0.00416960507028103,0.00410046806267688,0.00366278572445398,0.0029561132690373,0.00271470277463133,0.00257942329475308,0.00239570229848363,0.00212226366017483,0.00191104879997295,0.00175278072275251,0.00140834490919974,0.00134240140973794,0.0011315423499744,0.00111612973265145,0.00105600289075199,0.00105549933934213,0.00104428850926493],"convergence":0,"press_dep":false,"press_rng":[1013.25,1013.25]}}
