{"fa_PS_22_M_band_3":{"type":"annular","coefficients":{"c1":1,"c2":0.60903452427174,"c3":-0.0765846975174189,"c4":0.137925679463923,"c5":-1.66450430745792,"c6":-0.311366789120436},"mare":0.000927062382360764,"rmse":0.000418404008604581,"mare_seq":[0.0123564003494464,0.00846487289620152,0.00844508131526519,0.00844506451166688,0.00844506424994982,0.00844506403765812,0.00843118642131572,0.00841898451737861,0.00683280157988684,0.00671885632205991,0.00645669614057784,0.00642903868112599,0.0058488245032785,0.00542096488491232,0.0037478806706861,0.00320822937487004,0.00319898337820733,0.00277536920261443,0.0025744183259215,0.00247215850314372,0.00218767651579804,0.00202621338734459,0.00195997898052029,0.00130936373309872,0.00113500504571959,0.00103414209249976,0.000933409889498485,0.000930772029747378,0.000928087507812842,0.000927169926867253,0.000927062382360764],"convergence":0,"press_dep":false,"press_rng":[1013.25,1013.25]}}
