{"fa_Pld_PHRB_M_band_2":{"type":"annular","coefficients":{"c1":1,"c2":0.612973479949862,"c3":-0.077233708629415,"c4":0.133495256000473,"c5":-1.73934187362026,"c6":-0.317283657045188},"mare":0.000969665489330556,"rmse":0.000428985860215984,"mare_seq":[0.00859028728830575,0.00857845002303671,0.00857836630806408,0.0085783557428292,0.00857835207843985,0.00857835087827268,0.00856158289776118,0.00761008728978519,0.00754709173871389,0.00702941850645576,0.00681400096424955,0.00390755673893946,0.00376389485796408,0.00334378863532008,0.00329676008953327,0.00320808504471013,0.00296129033006193,0.00290874044379146,0.00252489399526351,0.00245704626936283,0.00211297553498458,0.00203508254971191,0.00188514801230329,0.00178531278149734,0.00176138930547746,0.0017091812700467,0.00111431956035755,0.00108219045368246,0.000997682471562601,0.00098162817046346,0.000969665489330556],"convergence":0,"press_dep":false,"press_rng":[1013.25,1013.25]}}
