{"fa_PS_0C0D_C_band_4":{"type":"annular","coefficients":{"c1":1,"c2":0.51828722168402,"c3":-0.0892377339109521,"c4":0.898445094012041,"c5":-0.304420026738049,"c6":-1.61923926806793},"mare":0.000811793683449301,"rmse":0.000331267864173507,"mare_seq":[0.00696384508176218,0.00695876812789064,0.00695872592733393,0.00695871187932475,0.0069587100655011,0.00695573669959186,0.00658708934714345,0.00647536167368949,0.00617176470742149,0.00604071755366696,0.00583720268904402,0.00578675886659527,0.00553458626506817,0.00479285227440997,0.00409820955596279,0.00394481935021312,0.00374649849525947,0.00302547213669624,0.00258155254671849,0.00178591692283504,0.00171809176038381,0.00171305789160106,0.00169709895559069,0.00169571652687617,0.00153298114949236,0.00136201194406968,0.00123319678101477,0.00113372529286543,0.000814576380913574,0.000811800556885865,0.000811793683449301],"convergence":0,"press_dep":false,"press_rng":[1013.25,1013.25]}}
