{"fa_Pld_PHRB_U_band_1":{"type":"annular","coefficients":{"c1":1,"c2":0.469480357227653,"c3":-0.103634772561542,"c4":0.889939999899592,"c5":-0.344905202582125,"c6":-1.70979508973272},"mare":0.000824254487314941,"rmse":0.000396476182902303,"mare_seq":[0.00728994439445054,0.00693911478173901,0.00693909678950012,0.00693890871371663,0.0069350310763645,0.00693397133574399,0.00691514318153339,0.00685854842069192,0.00675271495655907,0.00556650779662978,0.00509433415047441,0.0048479913516145,0.00426866358110057,0.00417768551620448,0.00395562786053283,0.00382487600300142,0.00367297452553046,0.00232249546477356,0.00211620434845775,0.00175864536989788,0.00134840349039624,0.00134300701093737,0.00120941107521231,0.00120224927073663,0.00118968726847906,0.00100934869848813,0.000957734916916811,0.000838186432504614,0.00082893160804539,0.000826763522280281,0.000824254487314941],"convergence":0,"press_dep":false,"press_rng":[1013.25,1013.25]}}
