{"fa_Pld_PHRA_U_band_3":{"type":"annular","coefficients":{"c1":1,"c2":0.475318227511038,"c3":-0.348352860292322,"c4":0.886862554149403,"c5":-0.105280120465041,"c6":-1.67990437136533},"mare":0.000732154746507704,"rmse":0.000382534639984874,"mare_seq":[0.00672686810889396,0.00672674696566197,0.00672674534133622,0.00672674380604017,0.00671733519106233,0.00669004251107327,0.00667997571268554,0.00614715370579355,0.00507537083239637,0.00342226794127179,0.00294344269731748,0.00273633440423849,0.00233759554975084,0.00198970194994587,0.00189200837171312,0.00165727202580074,0.00141262239061244,0.00138727811207928,0.00131406532264119,0.00127989794244083,0.00105187670579824,0.00101756458338902,0.000811366427102141,0.000786178075179222,0.000751526670842926,0.00074514985463417,0.000732168302092927,0.000732163236400474,0.000732163079370877,0.000732156120152131,0.000732154746507704],"convergence":0,"press_dep":false,"press_rng":[1013.25,1013.25]}}
