{"fa_PS_0C0D_M_band_3":{"type":"annular","coefficients":{"c1":1,"c2":0.345100229340918,"c3":-0.304506889967881,"c4":0.0846756190771082,"c5":-1.65840617318947,"c6":-0.0758190163526436},"mare":0.000900358924631642,"rmse":0.000378778277666407,"mare_seq":[0.00854472347692248,0.00854470987976929,0.00854470438684227,0.00854469455083099,0.00853760455065273,0.00853182212668238,0.0084643264302892,0.00835794628557389,0.0074564735817864,0.0073319397741819,0.00574241367243078,0.00360817059269242,0.0032729740252314,0.00307647472221799,0.00302052294281188,0.00296184751484791,0.00220438210240323,0.00208355712362375,0.00192797506037098,0.00151637976938592,0.00148534526258778,0.00141224613421134,0.00117626682747687,0.00109768480486292,0.000916451585879784,0.00091475206572563,0.000901012274172597,0.000900554734110224,0.000900394606232977,0.000900374973168759,0.000900358924631642],"convergence":0,"press_dep":false,"press_rng":[1013.25,1013.25]}}
