{"fa_PS_0E_U_band_3":{"type":"annular","coefficients":{"c1":1,"c2":0.460181403538704,"c3":-0.104322059339926,"c4":0.887406170043597,"c5":-0.343643879594082,"c6":-1.65426727113863},"mare":0.000726906264205756,"rmse":0.000371537661425185,"mare_seq":[0.00689219446763532,0.00682129808252577,0.00621914651710148,0.00534377580827354,0.00511410560736731,0.00444504183569007,0.00425883875892861,0.00324543003084843,0.00272148454763007,0.00271871331617386,0.00249411245992586,0.00220537300970654,0.00215798013264044,0.00211350735467725,0.00211051899913663,0.00183174992709167,0.00165740072160922,0.00135198308194937,0.00125657251090983,0.00121071127430953,0.00104881211371694,0.000826420652717771,0.00075822712257688,0.000748058354308401,0.000728439760529698,0.000726923742619151,0.000726922739034146,0.000726914051789674,0.000726910405013455,0.000726907648906674,0.000726906264205756],"convergence":0,"press_dep":false,"press_rng":[1013.25,1013.25]}}
