{"fa_PS_0E_M_band_2":{"type":"annular","coefficients":{"c1":1,"c2":0.0551843390052424,"c3":-1.68548674550007,"c4":0.363049580241034,"c5":-0.307115753193951,"c6":-0.0762215490363841},"mare":0.00097240355790945,"rmse":0.000403030870855598,"mare_seq":[0.00867385809884905,0.00867385656227177,0.00867385645778759,0.00867385486403433,0.00867385459160748,0.00867199847292848,0.00862504754994397,0.00857701023735596,0.00647522971342059,0.00646850914765364,0.00637315438225704,0.00606908232034273,0.00578791111837494,0.00463329338842683,0.00458151533055593,0.00441767083261784,0.00420027223935315,0.00392516541807274,0.003200099233999,0.00309287527590856,0.00278489779510641,0.00233013493656967,0.00207217308894877,0.00172845399986164,0.00165866392900637,0.00160086458461033,0.00130699539528797,0.00107742689060728,0.00101364433471141,0.00099237671785634,0.00097240355790945],"convergence":0,"press_dep":false,"press_rng":[1013.25,1013.25]}}
