{"fa_PS_0C0D_M_band_1":{"type":"annular","coefficients":{"c1":1,"c2":0.599185444406563,"c3":-0.0760336405882728,"c4":0.86086530664721,"c5":-0.305524573179554,"c6":-1.68222118511539},"mare":0.0010026332559744,"rmse":0.000378610481955934,"mare_seq":[0.0287240067533849,0.00936324528744106,0.0087556752410437,0.00875420308630134,0.00874863616136688,0.00874772002413626,0.00874763151958218,0.00874762250833471,0.0086428017862209,0.00563714151505647,0.00453042412011925,0.00447073632949454,0.00260727340168333,0.0020213540978518,0.00181222437616187,0.00149622530437851,0.00145442103202032,0.00137204172131983,0.00136982900172848,0.00129149099707021,0.00128967894483528,0.00119839691970459,0.00116977789465079,0.0011244449564994,0.00108195650210977,0.00105811042649661,0.0010047361702203,0.00100341086174129,0.00100283905452654,0.00100272494303979,0.0010026332559744],"convergence":0,"press_dep":false,"press_rng":[1013.25,1013.25]}}
