{"fa_PS_22_C_band_2":{"type":"annular","coefficients":{"c1":1,"c2":0.552006880371693,"c3":-0.0887355054266352,"c4":0.910654415910269,"c5":-0.310077127631505,"c6":-1.73417788625283},"mare":0.000726531961007767,"rmse":0.000379968471498887,"mare_seq":[0.00679556036968369,0.00679331973237986,0.00678850363526971,0.00668802564408833,0.00664238216721919,0.00633987231044956,0.00570856683324112,0.00425858583226339,0.00397424499456362,0.00389678113916717,0.00338067373913633,0.00291877727778217,0.00281273848717216,0.00271942958845849,0.00262045720568837,0.00175067023861803,0.00154412167687006,0.00140637108014315,0.00131461383017016,0.00130959394325335,0.00116320733291234,0.00105598827279657,0.00101428023989737,0.000937943440423903,0.000873287650195431,0.000762115653583229,0.000756675974672701,0.000749157789785476,0.000738569240199719,0.000726810746310988,0.000726531961007767],"convergence":0,"press_dep":false,"press_rng":[1013.25,1013.25]}}
