{"fa_PS_0F10_U_band_2":{"type":"annular","coefficients":{"c1":1,"c2":0.470806193226953,"c3":-0.10423704103433,"c4":0.109025548712508,"c5":-1.70932060452432,"c6":-0.347162816477665},"mare":0.000758001381548749,"rmse":0.000385934622467104,"mare_seq":[0.00686305596892846,0.00686203271151203,0.00686192055726285,0.00686190594718383,0.00686190258148197,0.00506215268859102,0.00504490915627733,0.00404956216221807,0.00395327627629944,0.00354425303097972,0.00227078060240327,0.00219941530433022,0.00173191296153003,0.00163094038895679,0.00161088638928192,0.00150254687374052,0.00145746984278789,0.00142480068644721,0.00128581028827594,0.00115567942448165,0.00110321099340536,0.00108127230299286,0.000841025019697851,0.000784063682311468,0.000769845820950425,0.000764984182574643,0.000762237652901577,0.000759022686282572,0.00075806721162661,0.000758063950502913,0.000758001381548749],"convergence":0,"press_dep":false,"press_rng":[1013.25,1013.25]}}
