{"fa_PS_0C0D_C_band_1":{"type":"annular","coefficients":{"c1":1,"c2":0.539061361624367,"c3":-0.0861977963655433,"c4":0.903435291215868,"c5":-0.297511120217518,"c6":-1.62738926178775},"mare":0.000787826839139873,"rmse":0.00032809966443867,"mare_seq":[0.00692240646198634,0.00692007475917626,0.0069200544700627,0.00692005339707472,0.00692005194838867,0.00692005139820796,0.00692005050209079,0.0069200495011171,0.00692004926409954,0.0069200484764906,0.00692004816838968,0.00692004742068431,0.00692004397182546,0.00689006323511147,0.00670666025726074,0.00666310084541626,0.00636827387519675,0.00515160989469794,0.00492941824436899,0.00387679662820111,0.0037721117276922,0.00271225788749339,0.00235529984806875,0.00233934769450152,0.00232161561743486,0.00202699011888521,0.0017594588107144,0.00119981096125274,0.00118431297212298,0.00117552477641597,0.000787826839139873],"convergence":0,"press_dep":false,"press_rng":[1013.25,1013.25]}}
