{"fa_PS_22_M_band_1":{"type":"annular","coefficients":{"c1":1,"c2":0.607024273320211,"c3":-0.0768226488824998,"c4":0.139540005454841,"c5":-1.68848329275165,"c6":-0.312304791180052},"mare":0.00105920150100726,"rmse":0.00043181302423284,"mare_seq":[0.00862995559691022,0.00862994778276241,0.00862994361299928,0.00862993908144291,0.00862933604036702,0.00857178699719634,0.00806004327336936,0.00730354891251544,0.00729767680969385,0.00636639360000678,0.00438859463227325,0.00393986418599263,0.00368520393532501,0.00335196990635546,0.00331117055632002,0.00327847275303431,0.00305519339821197,0.00296991232434525,0.00256410926031972,0.00251241627525338,0.0024929194902572,0.00199285055240275,0.00159075232285279,0.00155010149378631,0.00143830283761614,0.00119822306033759,0.00110040870041048,0.00106205579752768,0.00105928540271348,0.00105920682288723,0.00105920150100726],"convergence":0,"press_dep":false,"press_rng":[1013.25,1013.25]}}
