{"fa_PS_0F10_C_band_3":{"type":"annular","coefficients":{"c1":1,"c2":0.546122985432902,"c3":-0.088983782965127,"c4":0.909521764317056,"c5":-0.309554814589086,"c6":-1.71042588754282},"mare":0.000729376352375078,"rmse":0.000354173437366419,"mare_seq":[0.00680257485900052,0.00680254143975253,0.00680250107531414,0.00680249563626602,0.00680249261704109,0.00679976100732184,0.00678495743896775,0.00629132059443495,0.00506152727094649,0.00415534780509893,0.00398564012542077,0.00378252205703748,0.00352222683208791,0.00242824648162064,0.00237054584531416,0.00230815788064389,0.00201068177855214,0.00192690591269214,0.00155031609297698,0.00149051831550839,0.00145490953563784,0.00137827552662925,0.00118871744792201,0.0011554223889162,0.00113186764438245,0.000924278934793324,0.000921710968062671,0.000919805795189773,0.000859542820200976,0.000730074702024718,0.000729376352375078],"convergence":0,"press_dep":false,"press_rng":[1013.25,1013.25]}}
