{"fa_Pld_PHRB_M_band_3":{"type":"annular","coefficients":{"c1":1,"c2":0.0545021216074389,"c3":-1.66592069642453,"c4":0.639577845280729,"c5":-0.076290011322774,"c6":-0.308571671932666},"mare":0.000873227796859965,"rmse":0.000378630860535404,"mare_seq":[0.0133797425716368,0.00852460894354983,0.00850791195108738,0.0085078666569318,0.00850495877279875,0.00846725964727043,0.00681935187422178,0.00678404891895928,0.00638197068554113,0.00588188925903631,0.00489568256525916,0.00351789775409654,0.00326434438119792,0.00317600470613055,0.00297101487068325,0.00260828944661315,0.0026025720263009,0.00260216208671744,0.00204929835165014,0.00198891972283212,0.00185624397619391,0.00126267522405031,0.00119331247774732,0.0011866391896842,0.000958294965903437,0.000916167301508805,0.000904425973773933,0.000891890715579527,0.000877450410652443,0.000873302030735393,0.000873227796859965],"convergence":0,"press_dep":false,"press_rng":[1013.25,1013.25]}}
