{"fa_PS_22_U_band_2":{"type":"annular","coefficients":{"c1":1,"c2":0.472011962237233,"c3":-0.104734834140662,"c4":0.892706232502072,"c5":-0.348997952621676,"c6":-1.73536440798925},"mare":0.000762116300785279,"rmse":0.000414271308857319,"mare_seq":[0.00684290634840277,0.00682984437775578,0.00682955198732725,0.00682955022618578,0.00682954412715863,0.00682954217419336,0.00682954202688991,0.00682952412154183,0.00634893158826843,0.0051868069050319,0.00517236429266788,0.00453610527981618,0.00281860911381039,0.00243823035473744,0.0024074888478341,0.00235524795007665,0.00226970571773931,0.00213630618010208,0.00206694712786546,0.00152374082368838,0.00126303200275229,0.00119932199492132,0.000980256785570238,0.000917336930111814,0.000821522785759982,0.000818808109868034,0.00079027400754505,0.000771733040115602,0.000765970762054099,0.000762354719792406,0.000762116300785279],"convergence":0,"press_dep":false,"press_rng":[1013.25,1013.25]}}
