{"fa_Pld_PHRA_C_band_3":{"type":"annular","coefficients":{"c1":1,"c2":0.045077974226076,"c3":-1.61194318845206,"c4":0.444343552581375,"c5":-0.301143572674032,"c6":-0.0877287982347041},"mare":0.000728092333522765,"rmse":0.000314361211615867,"mare_seq":[0.00681156814834996,0.0068083145523931,0.00680830885330284,0.00680830225264851,0.006808299717516,0.00662294874539632,0.00640561173939597,0.00629453590621169,0.00608496328691495,0.00556375780821037,0.00555874054097687,0.00523500358128448,0.00479712409549365,0.00478267569406827,0.00402795907518191,0.00316289275603748,0.00261007302238396,0.0021140379646102,0.00189109878763197,0.00158799747970372,0.00153292196830924,0.00130571211510539,0.00103278120186039,0.000920470893239016,0.000805052948881018,0.000803172497331273,0.000799884750946025,0.000786854816361064,0.000762648233043477,0.000737715164191134,0.000728092333522765],"convergence":0,"press_dep":false,"press_rng":[1013.25,1013.25]}}
