{"fa_PS_0C0D_M_band_4":{"type":"annular","coefficients":{"c1":1,"c2":0.340760841793384,"c3":-0.30645542372081,"c4":0.916916268724714,"c5":-0.0757909436416832,"c6":-1.64184608740996},"mare":0.000892856253541171,"rmse":0.000381717427127947,"mare_seq":[0.00842152010336094,0.00842063234076453,0.00842060464518326,0.00842060347672835,0.00842060101490909,0.00842029902707173,0.0084187312165059,0.00790048928174778,0.00443031928671917,0.00436063618229618,0.00428911717191,0.00358169781600584,0.00320427307618786,0.00271822507410066,0.00245210388112774,0.00235336050011428,0.00233981588033137,0.00225390604632347,0.00221574289346769,0.00204510160318546,0.0019158115704576,0.00130717057781466,0.00123188244877917,0.000923382307698628,0.000916650490124784,0.000895588443430601,0.000894009617549095,0.000893047911990174,0.000893034880541052,0.000892861139956704,0.000892856253541171],"convergence":0,"press_dep":false,"press_rng":[1013.25,1013.25]}}
