{"fa_Pld_PHRB_U_band_4":{"type":"annular","coefficients":{"c1":1,"c2":0.0656526560693549,"c3":-1.62682698704954,"c4":0.471412650404862,"c5":-0.107167011225447,"c6":-0.348250937961504},"mare":0.000740873243596727,"rmse":0.000379327255680062,"mare_seq":[0.00692991759820741,0.00667604414000399,0.00667603757070132,0.00667603752351008,0.00667603519124404,0.00667603467240674,0.00667603216716348,0.00667603175045858,0.00667526134468091,0.00665390299938215,0.00651529281331564,0.00644941412990784,0.0064445972001762,0.00622387087323088,0.00455041083726904,0.00185313044791062,0.00157202115604056,0.0014707454178633,0.00115188522021723,0.00109567961696719,0.00108422789514257,0.00104008488832393,0.000975213728849407,0.000951084997078846,0.000820411285211224,0.000743077674776585,0.000741288337306064,0.000741049487140915,0.000740960644904036,0.000740924821623762,0.000740873243596727],"convergence":0,"press_dep":false,"press_rng":[1013.25,1013.25]}}
