{"fa_Pld_PHRA_U_band_4":{"type":"annular","coefficients":{"c1":1,"c2":0.0660125226348029,"c3":-1.62727046402035,"c4":0.529892135405951,"c5":-0.34639133155569,"c6":-0.106567414790222},"mare":0.000758017410791445,"rmse":0.000357398320914743,"mare_seq":[0.0150447944211449,0.00676839119160526,0.00676837703011282,0.00676837288626578,0.00676746396538323,0.00665354155867178,0.00644333665037956,0.00624793149123371,0.00567458986937175,0.00547196803099259,0.0049155170292408,0.00479890983961442,0.00425337299037576,0.00398510080157576,0.00383555102767917,0.00316468214115956,0.0027033213571238,0.00201385330324507,0.00193421002026937,0.00192060422470529,0.00188065724558416,0.00187555924343346,0.00183886165292916,0.00146502796322013,0.00119959220114485,0.00107849899378923,0.000925675041179639,0.000880951509708196,0.000776037492965975,0.000758018264571718,0.000758017410791445],"convergence":0,"press_dep":false,"press_rng":[1013.25,1013.25]}}
