{"fa_PS_0F10_M_band_2":{"type":"annular","coefficients":{"c1":1,"c2":0.604198116041696,"c3":-0.0764076061211402,"c4":0.861358455332829,"c5":-0.30839553482198,"c6":-1.67468997573974},"mare":0.000935506707648118,"rmse":0.000383834616991097,"mare_seq":[0.0099273488439432,0.00893435721010472,0.00861656141567402,0.00861654537730239,0.00861654519698962,0.00861654139545712,0.00852821273739166,0.00833322543578895,0.00815743620850337,0.0072753473375071,0.00684520081576429,0.0064744829833928,0.00601085864100239,0.00586101938930263,0.00416511186719245,0.003806817907196,0.00358978071291765,0.00323106913237776,0.00221959314170631,0.00187227008913129,0.00167100236244046,0.00129293092249399,0.00118023219490608,0.00114795930429583,0.00101739509934637,0.000952308583176472,0.000940815023320922,0.000935519056671572,0.000935516031968089,0.000935507458505551,0.000935506707648118],"convergence":0,"press_dep":false,"press_rng":[1013.25,1013.25]}}
