{"fa_PS_22_U_band_3":{"type":"annular","coefficients":{"c1":1,"c2":0.471346455548069,"c3":-0.106526626129526,"c4":0.891900048391186,"c5":-0.353914346888799,"c6":-1.71859630673566},"mare":0.000800688733360241,"rmse":0.000443127747588936,"mare_seq":[0.00666873642519549,0.0066687297482836,0.00666872572659212,0.00666872568933867,0.00666872349124974,0.00666872299272727,0.00666872150002967,0.00666872088970078,0.0066539203907865,0.00658195775165912,0.00650309414407731,0.00548160040348797,0.00492412087933024,0.00456679847921276,0.0040419248019415,0.00347411709740544,0.00338665276489794,0.00301739687404259,0.00293005180831216,0.00261269028341521,0.0025612411374845,0.00215208093762697,0.00149403042782473,0.00121292972789477,0.0011523377590038,0.00109325065849715,0.00108520634163542,0.00104176455737602,0.000899509097648849,0.000878247181018458,0.000800688733360241],"convergence":0,"press_dep":false,"press_rng":[1013.25,1013.25]}}
