{"fa_PS_0C0D_U_band_1":{"type":"annular","coefficients":{"c1":1,"c2":0.461791203940675,"c3":-0.102535322898999,"c4":0.113639264128313,"c5":-1.67628991215003,"c6":-0.339048254503825},"mare":0.000737809219383155,"rmse":0.00035808785602179,"mare_seq":[0.00701848263066678,0.00701848165411405,0.00701848093755533,0.00701847937524169,0.00696608288734573,0.00660443268135475,0.00640961831852077,0.00640954670228399,0.00540237040768545,0.00438650636407959,0.00287875825440052,0.00260535307735213,0.00245532185773921,0.0024378989570214,0.00197079523777429,0.00182645012426707,0.00175259695739185,0.00169359690553247,0.00160001711796814,0.00150073865994626,0.00146556818476592,0.00142340661039349,0.00138155301474581,0.0013177264796352,0.000982303499325894,0.000738644617655009,0.000738617947046129,0.000737931145118117,0.000737918261799897,0.000737845054920885,0.000737809219383155],"convergence":0,"press_dep":false,"press_rng":[1013.25,1013.25]}}
