{"fa_PS_22_C_band_3":{"type":"annular","coefficients":{"c1":1,"c2":0.541605010028147,"c3":-0.0891517575672104,"c4":0.0931674956917432,"c5":-1.66649117790196,"c6":-0.30923515963851},"mare":0.000705109189964171,"rmse":0.000337651976621692,"mare_seq":[0.00673377589285478,0.00673377586737352,0.00673377520870021,0.0067337750259511,0.00673377347283174,0.00673377332826192,0.00673377240956884,0.00662627816850277,0.00651425224648253,0.00608528190411447,0.00511000330550134,0.00495045843816761,0.00414448502622038,0.00383091923419523,0.00302083498887638,0.00297285539097907,0.00220653795198633,0.00217597012543366,0.0015292366523856,0.0013968779983962,0.00134157673406965,0.00121610510100772,0.00114027509691821,0.000724587310013249,0.000718688324386751,0.00070855132179379,0.000705970176898075,0.000705662105978254,0.000705313009353417,0.000705193958299314,0.000705109189964171],"convergence":0,"press_dep":false,"press_rng":[1013.25,1013.25]}}
