{"fa_S3A_OLCI_C_band_11":{"type":"annular","coefficients":{"c1":1,"c2":0.0593606276085664,"c3":-1.3743513204486,"c4":0.49283344206935,"c5":-0.0811056621388829,"c6":-0.268782507017891},"mare":0.000860586292405442,"rmse":0.000333915302271048,"mare_seq":[0.00865129642260557,0.00861373383397916,0.00785747807050763,0.00722718083426947,0.00716737505047483,0.00678727214031723,0.00672467013406704,0.00661654186665038,0.00657830617192601,0.00653717122352494,0.0065361732442258,0.00635069741631969,0.0061124373204277,0.00579135340668943,0.00569935789078404,0.00561250103017684,0.00558333870723448,0.00508003901553997,0.00447142724879001,0.00429485471079985,0.00388881407122209,0.00387857580818994,0.0036491079472582,0.00311893223363716,0.00302751275407384,0.00300373781490489,0.00293318738861777,0.00257315307476571,0.00237216492616091,0.00201475366574423,0.000860586292405442],"convergence":0,"press_dep":false,"press_rng":[1013.25,1013.25]}}
