{"fa_S3B_OLCI_C_band_8":{"type":"annular","coefficients":{"c1":1,"c2":0.419103879479014,"c3":-0.304754346877227,"c4":0.922898753363886,"c5":-0.088658883756906,"c6":-1.59488634342928},"mare":0.00070231974624002,"rmse":0.000341446286095371,"mare_seq":[0.00718261526929168,0.00709020880125156,0.00697255443436737,0.00668617162267309,0.00668545864096335,0.00656157561064853,0.00654970904002197,0.00654636858279058,0.00654472063432254,0.0065196003275219,0.0064592809761704,0.00641837682684421,0.00635920234096455,0.00628712413279763,0.00626247419660817,0.00617343681962111,0.00602887745496747,0.00543937965610418,0.00532768066484699,0.0050109166429222,0.00465993581177954,0.0043600270359515,0.00358029480965485,0.0033424289975793,0.00331754978722826,0.00314201325464842,0.00203581709302226,0.00153610972033532,0.000924205129874819,0.00078428650675399,0.00070231974624002],"convergence":0,"press_dep":false,"press_rng":[1013.25,1013.25]}}
