{"fa_S2A_MSI_C_band_9":{"type":"annular","coefficients":{"c1":1,"c2":0.534091733748568,"c3":-0.0918956000978936,"c4":0.0976643408752807,"c5":-1.72078163666917,"c6":-0.31897579209262},"mare":0.000728172833480311,"rmse":0.000363543908882386,"mare_seq":[0.00700108696862728,0.00700106089391321,0.00700105948191512,0.0070010527069247,0.00692679949112105,0.00607703615853324,0.00458941707525398,0.00373551538036883,0.00362003431263722,0.00283038121607808,0.00279971827204544,0.00267048162564529,0.00254519113395757,0.00235019114328865,0.00233799124909567,0.00220881455508002,0.00195823944400971,0.00186916031438463,0.00177676058513446,0.00140358662430309,0.00109138283419988,0.0010892635052938,0.000818578951595021,0.000783660298256491,0.000772114318498819,0.000769615293438221,0.000765014387245631,0.000749398879438659,0.000730014291046517,0.00072826780037553,0.000728172833480311],"convergence":0,"press_dep":false,"press_rng":[1013.25,1013.25]}}
