{"fa_S2C_MSI_M_band_10":{"type":"annular","coefficients":{"c1":1,"c2":0.599276683039174,"c3":-0.0749545300551912,"c4":0.860616215939944,"c5":-0.299511306459986,"c6":-1.58980545873104},"mare":0.000834786263198907,"rmse":0.000347750805927307,"mare_seq":[0.00847644438072541,0.00827815471162938,0.00827812829134764,0.0082780954874731,0.0082749083918199,0.00821813381295762,0.00795331031840209,0.00765587507862783,0.0075770555690955,0.00600813276137368,0.00502107908031461,0.00340928628959441,0.00313762019899232,0.00300518199801096,0.00271191011901417,0.00269820023310272,0.00249114438533323,0.00235824898013637,0.00226769629275343,0.00225849872616478,0.00181275689984487,0.00161445834061034,0.00148225065229119,0.00139408544422414,0.00109944428647542,0.00107948577801868,0.00105965821508225,0.000972034294973971,0.000937622083787698,0.000923400239099516,0.000834786263198907],"convergence":0,"press_dep":false,"press_rng":[1013.25,1013.25]}}
