{"fa_SD_00_U_band_2":{"type":"annular","coefficients":{"c1":1,"c2":0.473577205887422,"c3":-0.341417634578206,"c4":0.115355904545463,"c5":-1.6624471156217,"c6":-0.102926297016158},"mare":0.000812273060261968,"rmse":0.000369734697085149,"mare_seq":[0.00728561321443129,0.00696118558415498,0.00696118542911564,0.00696118425265997,0.00696118138209211,0.00693807492114096,0.0065907030425182,0.0051655619859515,0.0048713196030162,0.00373958475013367,0.0030996169508326,0.00303380758723102,0.00261881251062486,0.00251198269690254,0.0020021485042633,0.00190430202586307,0.001868008544877,0.00183240599710636,0.00168517925252122,0.00125631338837484,0.00123128462758153,0.00121733240842208,0.00105503300497786,0.00101452759032812,0.000925307214701697,0.000835124828323449,0.000812771516787759,0.000812326691215183,0.000812300094148131,0.00081228169335788,0.000812273060261968],"convergence":0,"press_dep":false,"press_rng":[1013.25,1013.25]}}
