{"fa_S2A_MSI_C_band_3":{"type":"annular","coefficients":{"c1":1,"c2":0.531540622039098,"c3":-0.0864757823467419,"c4":0.0956089810373387,"c5":-1.60895460287009,"c6":-0.296781333343949},"mare":0.000743365058428673,"rmse":0.000332774727605912,"mare_seq":[0.00945218371802425,0.00660385884004398,0.00652222327486336,0.0055309934693187,0.0053786152722111,0.00522189131411549,0.00516109323026759,0.00377779798330325,0.00320740403022122,0.00305178604048572,0.00255315150065311,0.00248014985016356,0.00231953452351119,0.00208324308612351,0.00188838516375797,0.00176766287443002,0.00118531483553586,0.00117732037750023,0.00116125262969345,0.00111069573779347,0.00109031759823774,0.000970627798942128,0.000907747844135935,0.000796438045686591,0.00076216547836968,0.000755291794099805,0.00075227530500737,0.000748293688031557,0.000744501064240032,0.000744343688110241,0.000743365058428673],"convergence":0,"press_dep":false,"press_rng":[1013.25,1013.25]}}
