{"fa_S2C_MSI_U_band_3":{"type":"annular","coefficients":{"c1":1,"c2":0.462763949008627,"c3":-0.103373906694794,"c4":0.11384683082893,"c5":-1.6326891539786,"c6":-0.341448074634222},"mare":0.000732823023388848,"rmse":0.000344912433954259,"mare_seq":[0.0210704053654519,0.00676638475824327,0.00676636734727557,0.00676636719480975,0.00661172000118872,0.00645371136386144,0.00561804769978943,0.00524685580936559,0.00439685426456369,0.00332082767551313,0.00232959548184262,0.00229664381552414,0.00216816404713835,0.00216491947386302,0.00212580664259033,0.00203809052156757,0.00189175499616243,0.00184225956152499,0.00168142936724477,0.00123990702362137,0.00120678887815714,0.00117302330872595,0.00116467680712068,0.000991076952485387,0.00095970415167903,0.000935157987328228,0.000916637406085009,0.000857679877350801,0.000735830241949857,0.000733390900779404,0.000732823023388848],"convergence":0,"press_dep":false,"press_rng":[1013.25,1013.25]}}
