{"fa_S3A_OLCI_C_band_6":{"type":"annular","coefficients":{"c1":1,"c2":0.577939586222612,"c3":-0.0914397565123357,"c4":0.923338120240858,"c5":-0.330098979860318,"c6":-2.04040385754955},"mare":0.000774322044032362,"rmse":0.000532991828582346,"mare_seq":[0.0073563088558061,0.00676760887536305,0.00670890714015605,0.00664397486852988,0.0066208877155828,0.00661641001200507,0.0065893193496045,0.00655655163737532,0.00640560411148262,0.00635883710288282,0.00632735241002113,0.00632117867515111,0.00600522044094644,0.00592309895383073,0.0052197754561895,0.00487859034222483,0.00459285732238915,0.00454033475887381,0.00387623185669035,0.00332647547223979,0.00309005195183836,0.00249247569686913,0.00241954969738855,0.0019127922856856,0.00188195489706875,0.00183478241492422,0.00171845620877775,0.00160077902866898,0.00119747203905768,0.00102840416299645,0.000774322044032362],"convergence":0,"press_dep":false,"press_rng":[1013.25,1013.25]}}
