{"fa_S2C_MSI_C_band_8":{"type":"annular","coefficients":{"c1":1,"c2":0.0434098323347878,"c3":-1.76258813833109,"c4":0.564375734797062,"c5":-0.0919506291536551,"c6":-0.320505288657288},"mare":0.000778323280301857,"rmse":0.000419177418839409,"mare_seq":[0.00786509724381652,0.00761500473851461,0.00698132462439659,0.0069813141006649,0.00698130989617133,0.00698130875398945,0.00697425981406252,0.00678376721848153,0.00610186078221268,0.00533015930670307,0.00476906745281402,0.00467016334958526,0.00384232865350952,0.00234169005735882,0.00227758581208356,0.00218678703447877,0.00205876713493676,0.00180987297125331,0.00154182752442211,0.00140183039513688,0.00129475286088717,0.00122229662027615,0.00120568887343592,0.00103524525087058,0.00101834217380022,0.000939644800015829,0.000906849180176984,0.000869079511353891,0.000841642631368531,0.000827890260177284,0.000778323280301857],"convergence":0,"press_dep":false,"press_rng":[1013.25,1013.25]}}
