{"fa_S3B_OLCI_C_band_6":{"type":"annular","coefficients":{"c1":1,"c2":0.489783879126439,"c3":-0.0821174746760632,"c4":0.884585022202963,"c5":-0.271061840596317,"c6":-1.285271297406},"mare":0.000894486470784061,"rmse":0.000236939182294989,"mare_seq":[0.018424144877796,0.0119442687457249,0.00974697596877105,0.00772659372713328,0.00695249928657624,0.00676250438914325,0.00666500464306485,0.00659374680174633,0.00658933604781183,0.00658636391284969,0.00657651026373917,0.00657594207650022,0.00657530761765026,0.00628967867782849,0.00601170398314932,0.00601027729526313,0.00594328928389443,0.00583804072905636,0.00581213542516097,0.00581007047291308,0.00537000357670401,0.00527996301295912,0.00437554893251099,0.00426905675047363,0.00406708945319591,0.00404395431208663,0.00303378669800357,0.00257778097792066,0.0013815146856393,0.00101452676102943,0.000894486470784061],"convergence":0,"press_dep":false,"press_rng":[1013.25,1013.25]}}
