{"fa_S3B_OLCI_U_band_18":{"type":"annular","coefficients":{"c1":1,"c2":0.511625982380612,"c3":-0.331363966346589,"c4":0.838930615742215,"c5":-0.103949824331149,"c6":-1.45015506877714},"mare":0.000775081429002418,"rmse":0.000314359622034719,"mare_seq":[0.00690363739588392,0.00659248402457763,0.00648709197039861,0.00648151074215167,0.00646903074866874,0.0064608425870205,0.00645829493190333,0.00644672358319601,0.00639825696255563,0.00631834595025337,0.00629469038182059,0.00615794125292414,0.0058835983636592,0.0058009283110846,0.00575777044524916,0.00495683980582375,0.00469161058722495,0.00396409453163467,0.00389951096559829,0.00376625227114601,0.0037243058447554,0.00355774454489529,0.00260009830981114,0.0025231607411942,0.00217686405025513,0.0021376026678594,0.00211100202748934,0.00167837146205586,0.000825262892579855,0.000781463332156889,0.000775081429002418],"convergence":0,"press_dep":false,"press_rng":[1013.25,1013.25]}}
