{"fa_S3A_OLCI_M_band_10":{"type":"annular","coefficients":{"c1":1,"c2":0.369304977661164,"c3":-0.271980020813818,"c4":0.890051772984875,"c5":-0.0719689281540588,"c6":-1.40106120234386},"mare":0.00102986390685023,"rmse":0.000303557846927799,"mare_seq":[0.0189339601753015,0.0134472219943953,0.00934707814895073,0.00886752249805289,0.00846029977983803,0.00836165677607546,0.00830167598141794,0.00826480776878249,0.00821666412351554,0.00821322671791067,0.00812432901253297,0.00767677788910045,0.00766689852643785,0.00765548887553696,0.00754266798404382,0.00682121567924107,0.00655700440364981,0.00574027714202786,0.00528102549160276,0.0052319584640584,0.00424227845819768,0.00389594837600966,0.00367645669007692,0.00354409555583569,0.00246679354218194,0.00235746966391381,0.00188370377022128,0.00182091891952845,0.00154058863931599,0.00137597887037892,0.00102986390685023],"convergence":0,"press_dep":false,"press_rng":[1013.25,1013.25]}}
