{"fa_S2C_MSI_C_band_13":{"type":"annular","coefficients":{"c1":1,"c2":0.426040192341161,"c3":-0.313146449259728,"c4":0.904374865544805,"c5":-0.0897859506435291,"c6":-1.5240427476633},"mare":0.000641385536711954,"rmse":0.000323411456741284,"mare_seq":[0.0124255663743725,0.00670723592427174,0.00670585608973351,0.00670584751692611,0.00670584446834889,0.0067058436483856,0.00553611049692203,0.00539456562940672,0.00465875434253919,0.00337580249446933,0.00307605851718947,0.00263821569182498,0.00220365751516633,0.00191444793165087,0.00185513145669454,0.00172816253793101,0.00171588015452124,0.00150556901474489,0.00148286593766391,0.00142470920540981,0.0014227584657586,0.00136465557998273,0.00101261019565874,0.00096375558798367,0.000754756068158792,0.000754384764762063,0.000738193059094382,0.000654641672074597,0.000645592631076857,0.000641857704244426,0.000641385536711954],"convergence":0,"press_dep":false,"press_rng":[1013.25,1013.25]}}
