{"fa_SD_00_M_band_7":{"type":"annular","coefficients":{"c1":1,"c2":0.605341119833639,"c3":-0.0762347993787529,"c4":0.138746793999675,"c5":-1.64359414909722,"c6":-0.308977814271693},"mare":0.000898380593701092,"rmse":0.000394557600515305,"mare_seq":[0.00841744686047285,0.00841743507520713,0.00841743440341379,0.00841742567846509,0.00841742558628959,0.0084174237884947,0.00841742124484218,0.00836770314681068,0.00629605865233759,0.00456075872145841,0.00426404086719108,0.00360901921963279,0.00326891876586948,0.00315306174525983,0.00306630292551216,0.00300913293361032,0.00242292261548448,0.00235875421391069,0.00206686663321884,0.00203592386595447,0.00176989737581341,0.00171746103943019,0.00161958991768546,0.00159058712668567,0.00156634686962951,0.00136997341035615,0.00134186388437464,0.00126654004260635,0.00122035212357433,0.00108277639757204,0.000898380593701092],"convergence":0,"press_dep":false,"press_rng":[1013.25,1013.25]}}
