{"fa_S3B_OLCI_M_band_11":{"type":"annular","coefficients":{"c1":1,"c2":0.0662772858236145,"c3":-1.44872906445288,"c4":0.384984234680684,"c5":-0.281749103865232,"c6":-0.0730151036056111},"mare":0.000963990012776228,"rmse":0.000319873693661606,"mare_seq":[0.0100035879302296,0.0098354571435066,0.00958784098165596,0.00878505672133054,0.00869361906675261,0.00840931917279352,0.00837387552998127,0.00830951088393181,0.0083093085389422,0.00828982729982344,0.00828970557820265,0.00827319098842995,0.00826418003176157,0.00825883926095691,0.0076076738958874,0.00753159917855439,0.00729667505177429,0.00729479407825531,0.00704299296885322,0.00694076059020215,0.00654387204299292,0.00646714297031285,0.00576519410487043,0.00547915244372978,0.00510579266446118,0.00502666872173955,0.00344541577413195,0.00186069665227288,0.00176919651112513,0.0010751837294932,0.000963990012776228],"convergence":0,"press_dep":false,"press_rng":[1013.25,1013.25]}}
