{"fa_S3A_OLCI_C_band_5":{"type":"annular","coefficients":{"c1":1,"c2":0.482528252607111,"c3":-0.252922824616858,"c4":0.124031329726988,"c5":-1.28378325178799,"c6":-0.0772316696095285},"mare":0.000991103840688543,"rmse":0.000365885102090261,"mare_seq":[0.00670074793743684,0.00662637887439857,0.00660392852284682,0.00658728025570455,0.00658444273101131,0.00656231952783662,0.00654300611972745,0.00654201902243537,0.00654100999948639,0.00630007214422606,0.0062906213258374,0.00611406055371483,0.00601688547826095,0.00571183060587064,0.00568933137159455,0.0056535397194785,0.00551129056536998,0.00528280453171693,0.00514421287686747,0.00480144971497906,0.0045164813675415,0.00399727214218906,0.00375513061887232,0.00286446772155467,0.00239878311585751,0.00227960949397414,0.00221591258846312,0.00200355380017542,0.00186491344822691,0.00159059255859995,0.000991103840688543],"convergence":0,"press_dep":false,"press_rng":[1013.25,1013.25]}}
