{"fa_S3B_OLCI_C_band_18":{"type":"annular","coefficients":{"c1":1,"c2":0.435064496802901,"c3":-0.306502348419257,"c4":0.909547460126789,"c5":-0.089802029208395,"c6":-1.57420580978683},"mare":0.000754155403023696,"rmse":0.000338543177954025,"mare_seq":[0.0155801540612052,0.00913091896687316,0.00761164672793611,0.0071081647702107,0.00689688218147647,0.00687344484558255,0.00683841970960421,0.00679773229690584,0.00679702777103949,0.0067329545988026,0.00670334216377838,0.0066981706061334,0.00651492563894109,0.00637638207741326,0.00631862015469245,0.00621745623088993,0.00596135741245427,0.00578492233135722,0.00528197876806313,0.00496989456162672,0.00448684830947936,0.00420951648289699,0.00328825227571563,0.00243260769748327,0.00236987342726577,0.0022543359583061,0.00142282235753703,0.00139986168620386,0.0010199056003946,0.000755254760682605,0.000754155403023696],"convergence":0,"press_dep":false,"press_rng":[1013.25,1013.25]}}
