{"fa_S2B_MSI_C_band_4":{"type":"annular","coefficients":{"c1":1,"c2":0.534639942410385,"c3":-0.0883570874361246,"c4":0.905606496869793,"c5":-0.304550506939503,"c6":-1.66129869875569},"mare":0.000706560154337256,"rmse":0.000313855792835369,"mare_seq":[0.00684544198692136,0.00684357922025997,0.00683944201810643,0.00683931827747254,0.00683930764079325,0.00683929305367675,0.00683928924661721,0.00683928675191398,0.00683927276509111,0.00683926999843654,0.00683790969548707,0.00683614401266651,0.0067927723678693,0.00649081147309126,0.00599367479942512,0.00292483978605015,0.00270453813882394,0.00262179512298865,0.00238394049007491,0.00235859793263219,0.00229327328832497,0.00219522148870624,0.00189776164896866,0.00181654918332331,0.00178267401322959,0.00136933169056959,0.0010339311775612,0.000806892534747829,0.000779090336800493,0.000722014937946273,0.000706560154337256],"convergence":0,"press_dep":false,"press_rng":[1013.25,1013.25]}}
