{"fa_S2B_MSI_C_band_7":{"type":"annular","coefficients":{"c1":1,"c2":0.0446922165817916,"c3":-1.68880108562916,"c4":0.444867713911828,"c5":-0.310804317837876,"c6":-0.0899249442909643},"mare":0.000691598283850277,"rmse":0.000334946036883557,"mare_seq":[0.00750341765356321,0.00712947623772974,0.00687677073594458,0.00686006877709811,0.00685225160922261,0.00685085799029318,0.00684894747471242,0.00678017055850971,0.00674016611723255,0.00620451122377806,0.00600081061079251,0.00551703008461281,0.00545662358234577,0.00500580720890289,0.00397796608056549,0.00364487960427922,0.00283952655482493,0.00233552592388052,0.00211490121526185,0.00182801581280594,0.00145294654940166,0.00134710183691353,0.00133131362729078,0.00110814899586822,0.00090241440637867,0.00081365961113369,0.000800170477154348,0.00073787331203378,0.00070249187099309,0.000692311189262192,0.000691598283850277],"convergence":0,"press_dep":false,"press_rng":[1013.25,1013.25]}}
