{"fa_S3B_OLCI_U_band_14":{"type":"annular","coefficients":{"c1":1,"c2":0.0684985166943498,"c3":-1.5735419554287,"c4":0.550146386458195,"c5":-0.329010776581117,"c6":-0.101553843775468},"mare":0.000823970841208577,"rmse":0.000430401410260327,"mare_seq":[0.00863068626069552,0.00714633022350041,0.00691792849425034,0.00651145088866462,0.00645804080618799,0.00645157376256217,0.00644878830011501,0.0064411720786917,0.00642766718757129,0.00628552603493406,0.00601261227186547,0.00585877651748336,0.00560344371178171,0.00525166624214649,0.00484128676980256,0.0042425240683247,0.00363590768844458,0.00347003508237615,0.00343557819136562,0.00313979873685375,0.00305185575131328,0.00299839564320927,0.0029442639366031,0.00288662871475682,0.00217244897221242,0.00201046323133042,0.00134848958252868,0.00103032897004033,0.000988823765618935,0.000885014068876235,0.000823970841208577],"convergence":0,"press_dep":false,"press_rng":[1013.25,1013.25]}}
