{"fa_SD_00_U_band_1":{"type":"annular","coefficients":{"c1":1,"c2":0.470182690652362,"c3":-0.103048705648618,"c4":0.112598849533876,"c5":-1.69907168773941,"c6":-0.344031396608133},"mare":0.000835738504855514,"rmse":0.000398523597477578,"mare_seq":[0.00704188158270718,0.00704136291417501,0.00704130481074686,0.00704130453829817,0.00704130396550285,0.00704130340038256,0.00704130258504959,0.00698816117036415,0.00698710639987235,0.00695013769521403,0.00688292520266567,0.0068084645301205,0.00644322491741932,0.0057060207545301,0.00477853928424366,0.0033329771230016,0.00331739541467045,0.00272869439066971,0.00185962280144957,0.00175583967602644,0.00138516505238362,0.00128708710474764,0.00118956121571034,0.00110561961317223,0.00110509525306624,0.000878102866221215,0.000851732842243105,0.00084264131637204,0.000836077891077154,0.000835931928107128,0.000835738504855514],"convergence":0,"press_dep":false,"press_rng":[1013.25,1013.25]}}
