{"fa_S3A_OLCI_U_band_17":{"type":"annular","coefficients":{"c1":1,"c2":0.524992840051938,"c3":-0.317572703536806,"c4":0.18121992452053,"c5":-1.38447770763859,"c6":-0.100480332386047},"mare":0.000840407847333953,"rmse":0.000349368029489314,"mare_seq":[0.00668691286436896,0.00667691358150823,0.00662676770213337,0.00655773225975913,0.00652634326798595,0.0064766511682025,0.00647565426053307,0.0064296351140529,0.00636913822289478,0.00636460713610032,0.00635980857696091,0.00619576024405013,0.00617986177245681,0.00587522825558903,0.00587281615065533,0.00576290444810916,0.0056952595937069,0.00503965673292202,0.00502783471260638,0.00488256572341631,0.00454753917406421,0.00453293079052316,0.00423414508532273,0.00404432807810085,0.00386333595952069,0.00380439180927882,0.00303831559594865,0.00287574361480744,0.00187839422605658,0.00155422017639299,0.000840407847333953],"convergence":0,"press_dep":false,"press_rng":[1013.25,1013.25]}}
