{"fa_S3B_OLCI_M_band_9":{"type":"annular","coefficients":{"c1":1,"c2":0.608277440551623,"c3":-0.0765100503802247,"c4":0.136461156271276,"c5":-1.64973639040586,"c6":-0.311913082918086},"mare":0.000883562933820881,"rmse":0.000431464770902485,"mare_seq":[0.0159246679956904,0.0104368809690595,0.00928044574680633,0.00866162590157246,0.0086181632309046,0.00824691419790453,0.00819668740682558,0.00817678203893119,0.00816608708284638,0.00816598339194531,0.00811262629443634,0.00798228696588019,0.00738716829085993,0.00738499887251201,0.00731442563917826,0.00715438603272663,0.00634915022484843,0.00609357534744453,0.00562168979466533,0.00531733358251618,0.00471152303096438,0.00418581125583324,0.00412160040936043,0.00399139003505674,0.00385515654951474,0.0026485587766267,0.00235540801597398,0.00163835002406842,0.00137126296496994,0.000923091194688291,0.000883562933820881],"convergence":0,"press_dep":false,"press_rng":[1013.25,1013.25]}}
