{"fa_S2B_MSI_M_band_4":{"type":"annular","coefficients":{"c1":1,"c2":0.0545646449912927,"c3":-1.64798882525148,"c4":0.642606458179225,"c5":-0.0765475491475871,"c6":-0.309943593622606},"mare":0.000881019962102611,"rmse":0.000407774815159812,"mare_seq":[0.00851039710209617,0.00850267105092864,0.0084383621494725,0.0084320380739639,0.00843155017985467,0.00842184555791147,0.00822166986615806,0.00796703740949555,0.00729463704109402,0.00713621442737348,0.00632125365803749,0.00505279226664919,0.00481731198284443,0.00391241972631493,0.0026127296446039,0.00249456824511055,0.00233707376101978,0.00213582379052449,0.00179602655197371,0.00175588674476125,0.00170160312601214,0.00169308903739498,0.00143969087150687,0.00143222499369855,0.00128212670787456,0.00125088496391054,0.00122694378526189,0.00109730008946729,0.000950573904345786,0.000882597266182614,0.000881019962102611],"convergence":0,"press_dep":false,"press_rng":[1013.25,1013.25]}}
