{"fa_S3B_OLCI_C_band_12":{"type":"annular","coefficients":{"c1":1,"c2":0.466103340772307,"c3":-0.273906464270169,"c4":0.885215829398525,"c5":-0.0831783534883724,"c6":-1.36634866629106},"mare":0.000784664574571232,"rmse":0.000288350955319487,"mare_seq":[0.0108211925892259,0.0101863344065387,0.00831245119140389,0.00819635729506281,0.00681599881322374,0.00676341205872909,0.00674697158956292,0.00673674411830306,0.00671299693772963,0.00670369817552542,0.00670016828999844,0.00669290404704143,0.00659478355996816,0.00646187883232471,0.00633521195769911,0.00599458615303408,0.00582929976334141,0.00579891877054504,0.00525925751967931,0.00456953916473289,0.00455734797200714,0.00454800980845702,0.00407102595563955,0.00295896810516718,0.00289461723181817,0.00235201074645589,0.00202635802722914,0.001688381513009,0.00157757800065319,0.00155269397697184,0.000784664574571232],"convergence":0,"press_dep":false,"press_rng":[1013.25,1013.25]}}
