{"fa_SeaHawk1_HawkEye_C_band_5":{"type":"annular","coefficients":{"c1":1,"c2":0.0522575807404443,"c3":-1.42486025172462,"c4":0.46923147534296,"c5":-0.279531119396608,"c6":-0.083385196015651},"mare":0.000867316697651804,"rmse":0.000259592273742915,"mare_seq":[0.00772690068832473,0.00771956235718061,0.0072466383703393,0.00699302278856627,0.00690526616790819,0.00685482701095,0.00684359841497363,0.00678057358386184,0.00677554995585539,0.00676832648248916,0.00676783205370234,0.00667091507233825,0.00605597564134716,0.00565393978511166,0.00561483113117802,0.00558147245989331,0.00548080380008186,0.00495829434114033,0.00412063487649049,0.00279078542961095,0.0021905633398626,0.00204358094084316,0.00200288850445246,0.00197003022861609,0.00175728051529207,0.00172883842224771,0.00139976704673143,0.0013535695731943,0.00134398199386189,0.00113192745807272,0.000867316697651804],"convergence":0,"press_dep":false,"press_rng":[1013.25,1013.25]}}
