{"fa_S3B_OLCI_U_band_9":{"type":"annular","coefficients":{"c1":1,"c2":0.481757472392126,"c3":-0.342319282589888,"c4":0.878526932821586,"c5":-0.104482878269538,"c6":-1.60315611885985},"mare":0.000684002411546587,"rmse":0.000349089801689662,"mare_seq":[0.0104117226737292,0.00717061960087667,0.00701412765181014,0.00697374497533797,0.00682762591391853,0.00671972668278792,0.00670363585557796,0.00662946799645103,0.00661006963129932,0.00657930232869099,0.00655411534200105,0.00653315493959846,0.00578738642384147,0.00572659319928937,0.00552173202163156,0.00493169635754148,0.00421819479176166,0.00371709098315043,0.00368137302868699,0.00366349456040476,0.0036513137535467,0.00349282838347556,0.00326677151090611,0.00239208222096449,0.00219174800160819,0.00207206719940067,0.00161509576814152,0.000991783892670127,0.000888924277986512,0.000705756585203909,0.000684002411546587],"convergence":0,"press_dep":false,"press_rng":[1013.25,1013.25]}}
