{"fa_S2B_MSI_U_band_9":{"type":"annular","coefficients":{"c1":1,"c2":0.451311695258338,"c3":-0.109510712799319,"c4":0.886424198076582,"c5":-0.358449484148119,"c6":-1.68302604954283},"mare":0.000801961826346174,"rmse":0.000423840182087271,"mare_seq":[0.00671353407980946,0.00668591920548341,0.00668347800310495,0.00637806973551732,0.00636359627655605,0.00617163761431662,0.00602391554189643,0.00556314075225329,0.00492015190549337,0.00344776550925192,0.00340381561428281,0.00334743039365001,0.00313796517321328,0.00302144033981303,0.00294063077417313,0.00274898505354855,0.00206716755431458,0.001653253301093,0.00156579226122121,0.00127030976309273,0.00120569096847902,0.00114277061688453,0.0010983585935213,0.00104172532039801,0.00100772594055007,0.000853769364441153,0.000821841712540227,0.000810726557112281,0.000806040197776025,0.000802315353107614,0.000801961826346174],"convergence":0,"press_dep":false,"press_rng":[1013.25,1013.25]}}
