{"fa_S3B_OLCI_C_band_14":{"type":"annular","coefficients":{"c1":1,"c2":0.546927551663078,"c3":-0.0917455248749854,"c4":0.907079854392359,"c5":-0.319636622871587,"c6":-1.71690959764589},"mare":0.000726313365362178,"rmse":0.000436227448771751,"mare_seq":[0.0120661613084536,0.00706772125299159,0.006928500403926,0.00687251191071115,0.0067725628764297,0.00675567028801494,0.00670635399430195,0.00670017226960135,0.00669739284979777,0.00667786782119286,0.00666602643659724,0.00665716688848902,0.00664121052577491,0.00650840360737119,0.00632772158451617,0.00623503668464664,0.00621968418662135,0.0061922306590907,0.00597051822321829,0.00595024486023853,0.00592307123083044,0.00552245895303484,0.00538694355335263,0.00453449496768042,0.00396538943571344,0.00366680952720002,0.00220315132873731,0.00114604304992305,0.000967357111620412,0.000805101365572392,0.000726313365362178],"convergence":0,"press_dep":false,"press_rng":[1013.25,1013.25]}}
