{"fa_S2C_MSI_C_band_6":{"type":"annular","coefficients":{"c1":1,"c2":0.521107048990677,"c3":-0.0882262713657248,"c4":0.901697525821429,"c5":-0.301636078447845,"c6":-1.61270901034317},"mare":0.00074653967865627,"rmse":0.000310517436605748,"mare_seq":[0.00768628985908014,0.00767086141641261,0.00703069842939162,0.00695066883898556,0.00695058660856743,0.00695056992965967,0.00692062600260205,0.00691929788648822,0.00690269105482171,0.00686462951589535,0.00620327644658162,0.00608364171216481,0.00580988860556552,0.00350141036186116,0.00225151518767015,0.00219133625879586,0.00193142683308522,0.00181117518838272,0.00180724398304423,0.0016453669702923,0.00155216068220931,0.00153428756692725,0.00151278953680855,0.0011302728257379,0.00108354768802708,0.000989506410619116,0.000927435851267361,0.000749034162583217,0.000746545208154679,0.000746542408991413,0.00074653967865627],"convergence":0,"press_dep":false,"press_rng":[1013.25,1013.25]}}
