{"fa_SeaHawk1_HawkEye_U_band_7":{"type":"annular","coefficients":{"c1":1,"c2":0.508940207799731,"c3":-0.328629162122024,"c4":0.143186481221697,"c5":-1.53164148296817,"c6":-0.101474170704032},"mare":0.00072066205144484,"rmse":0.000292199533283573,"mare_seq":[0.00867841688733818,0.00717725089379028,0.00674513565455572,0.00670196282109695,0.00669610329397443,0.00669425762757438,0.00669374923165107,0.00656000803952125,0.0063799943574066,0.00622191627164538,0.00592257920525266,0.00577986840167945,0.00573160362538835,0.00570871451076173,0.00550418270133547,0.00328686329779616,0.00326894001744265,0.00217616484016341,0.00217274594504647,0.00207728098052787,0.00205920872332071,0.00202265702691188,0.00199020003488068,0.00171028566596873,0.00149878140232795,0.00149840289079531,0.0012297474459325,0.00108554310988974,0.000981146767321738,0.000728160319526829,0.00072066205144484],"convergence":0,"press_dep":false,"press_rng":[1013.25,1013.25]}}
