{"fa_S3A_OLCI_C_band_21":{"type":"annular","coefficients":{"c1":1,"c2":0.559966631449439,"c3":-0.236740241978372,"c4":0.203640180336631,"c5":-1.17867758161375,"c6":-0.0708354728795122},"mare":0.0014077486607994,"rmse":0.000581180829720251,"mare_seq":[0.00786488379441536,0.00728984769666175,0.00713296194223964,0.00686756818143915,0.0068554328963387,0.00685287666955522,0.00680756212651662,0.00673613307078604,0.00673281282762104,0.00672513485157714,0.00649594347007106,0.00631265119846175,0.00623017193595765,0.00595687837447862,0.00586095006566976,0.0056491371042408,0.00564022148640044,0.00522966700291408,0.00522411671959437,0.00498504167301421,0.00488579109720746,0.00463290125878373,0.00342938720728288,0.0033063901101503,0.00289458627765388,0.00206920072220226,0.002064144850981,0.00189685056669332,0.00173893044129033,0.00142333765068347,0.0014077486607994],"convergence":0,"press_dep":false,"press_rng":[1013.25,1013.25]}}
