{"fa_S2A_MSI_M_band_2":{"type":"annular","coefficients":{"c1":1,"c2":0.342177063168176,"c3":-0.3037743744124,"c4":0.910811293131385,"c5":-0.0760993345570438,"c6":-1.61323548860492},"mare":0.000898642589517505,"rmse":0.000335495524583618,"mare_seq":[0.00923628545359386,0.0086869106101454,0.00868128050478176,0.00868117149819561,0.00868115275154429,0.00868113929203559,0.00868050412975649,0.00863692388097188,0.00787881971426617,0.00781036101034673,0.00759691587630443,0.00729871653255099,0.00716095061093302,0.00707224427112873,0.00667738271677521,0.00611453896132621,0.00595627482711724,0.00556609155821248,0.00520458934399327,0.00418653127439085,0.00323060045625827,0.00318116767073368,0.00280561096768426,0.00272796295794561,0.0024131825545797,0.00199181633105561,0.00168727206017195,0.0012790326247442,0.00104449266922378,0.000907998681378537,0.000898642589517505],"convergence":0,"press_dep":false,"press_rng":[1013.25,1013.25]}}
