{"fa_S3A_OLCI_M_band_20":{"type":"annular","coefficients":{"c1":1,"c2":0.549947252190925,"c3":-0.0701646918353669,"c4":0.157841749738334,"c5":-1.36724862455405,"c6":-0.26185725245377},"mare":0.00102491951550284,"rmse":0.000341313694031629,"mare_seq":[0.00870710772508436,0.0086513351097595,0.00833826323326873,0.00833189925347933,0.00819157404956892,0.00815459656189265,0.00813148746599089,0.0081303096628251,0.00811230170004515,0.00811221188402694,0.00811103329716467,0.00808599216836216,0.00806277872553739,0.0076778086011907,0.00733631677428072,0.00715351144644998,0.00709578153824419,0.00704383057277529,0.00690863359757764,0.00672283520465828,0.00649135325974949,0.00599196309222625,0.0054054124710084,0.00510569637413832,0.00309059082074232,0.00275734378646611,0.00274378921781818,0.00250585034541881,0.00235152498146979,0.00180374667139686,0.00102491951550284],"convergence":0,"press_dep":false,"press_rng":[1013.25,1013.25]}}
