{"fa_SeaHawk1_HawkEye_C_band_7":{"type":"annular","coefficients":{"c1":1,"c2":0.536898576523418,"c3":-0.090214686137275,"c4":0.0923123933525603,"c5":-1.7433272472119,"c6":-0.313064598606944},"mare":0.000773662417554241,"rmse":0.000370385691452802,"mare_seq":[0.00786928574541085,0.00757140479605934,0.00741816114357989,0.00692965230161411,0.00683740984829348,0.00683352681128299,0.00683296889654138,0.00681888112903209,0.00661938259501716,0.00614479665146166,0.00582247552529563,0.00545244151549627,0.00327767649736139,0.00287988868232862,0.00262037491572392,0.00255409802525411,0.00244487014058154,0.00223418898707501,0.00217520258768331,0.00207096058780131,0.00199329509293965,0.0018110751541349,0.00158416734805814,0.00150721930635747,0.0014502779375775,0.00129990350500363,0.00128389445890784,0.000975704497284427,0.00087251114893241,0.000776584524410394,0.000773662417554241],"convergence":0,"press_dep":false,"press_rng":[1013.25,1013.25]}}
