{"fa_S3A_OLCI_M_band_19":{"type":"annular","coefficients":{"c1":1,"c2":0.543511735985498,"c3":-0.0699355319000601,"c4":0.816059994883276,"c5":-0.252690022412664,"c6":-1.12507931649886},"mare":0.0018049370400034,"rmse":0.000436912617543042,"mare_seq":[0.0108695503402426,0.00843894991713795,0.0083170069909716,0.00821592026194725,0.00814911911548632,0.00813301364728108,0.00812930239494551,0.00812791834368034,0.00812718958065365,0.00809102508755355,0.00806762202485871,0.00800838681244293,0.007908682578512,0.00782466203709903,0.00758225143302014,0.00752530132180594,0.00732253893030631,0.00711638321952085,0.00565851159107675,0.00545196979830508,0.00506303047301208,0.00504608396094685,0.00461857863868448,0.00396541184981781,0.00359309015631989,0.00339806873609089,0.00323527672804424,0.00312935185862049,0.00284924790257686,0.00258027867886705,0.0018049370400034],"convergence":0,"press_dep":false,"press_rng":[1013.25,1013.25]}}
