{"fa_S3A_OLCI_M_band_1":{"type":"annular","coefficients":{"c1":1,"c2":0.0558961689733382,"c3":-1.65170458120313,"c4":0.639220035887765,"c5":-0.0763476813833903,"c6":-0.30873132072809},"mare":0.000886838684347261,"rmse":0.000346725555722542,"mare_seq":[0.0163729929692189,0.0142526274857203,0.00922500625019657,0.00913374149328697,0.00861280871240352,0.00848343251119172,0.00847688354238938,0.00847375773239797,0.00847248499427262,0.00826194049024214,0.00820483979983739,0.00817135468129483,0.00753975548749624,0.00742310869648841,0.00709194878890518,0.00694317525817583,0.00684676292310616,0.00635803573100128,0.0058887068682378,0.00572828666022917,0.00512327051492475,0.00494911479398384,0.00491988609373691,0.00461213733804025,0.00428689472932232,0.00300519152188866,0.00283624482437325,0.00180307345723543,0.00153567775753711,0.000957333283473233,0.000886838684347261],"convergence":0,"press_dep":false,"press_rng":[1013.25,1013.25]}}
