{"fa_SeaHawk1_HawkEye_C_band_4":{"type":"annular","coefficients":{"c1":1,"c2":0.425124900528081,"c3":-0.29756249558679,"c4":0.927916100094881,"c5":-0.0857127790513118,"c6":-1.71897646334196},"mare":0.000756226843027671,"rmse":0.000349319480257439,"mare_seq":[0.0121143456734974,0.00733803562223007,0.00730377053050253,0.00696010954394265,0.00684838529111878,0.00678098058221632,0.00677905590993453,0.00677136100256282,0.00677100793555224,0.00676746602589831,0.00668497901646989,0.00667921792922087,0.00638000576780289,0.00631169690225681,0.00627097607119309,0.00611854643554041,0.00610818023686058,0.00608010289990149,0.0056234445174556,0.00408189958610489,0.00384100969389205,0.00360236890047616,0.00354514238233134,0.00331365430653129,0.00259695502846123,0.0021600139629262,0.001858656409335,0.00131639872062963,0.00112550911717243,0.000776283051320991,0.000756226843027671],"convergence":0,"press_dep":false,"press_rng":[1013.25,1013.25]}}
