{"fa_S3B_OLCI_C_band_21":{"type":"annular","coefficients":{"c1":1,"c2":0.0716174206907163,"c3":-1.34151506381233,"c4":0.473461252282302,"c5":-0.0824165547856667,"c6":-0.271209620578858},"mare":0.00089357217408866,"rmse":0.0003547975847017,"mare_seq":[0.00842161035352956,0.00751075108258665,0.00714110119550187,0.00695409730472234,0.00692500177916274,0.00691821015319859,0.00690527034315137,0.00689710879361768,0.00689450977785752,0.00689443525974685,0.00689173676229463,0.00688912931465505,0.00688384791946246,0.00677653107374704,0.0067359182922249,0.00633950204024087,0.00629385648115949,0.00597854277921653,0.00503387563996754,0.00467102534681939,0.00466649778028413,0.00425853751204599,0.00404771918771714,0.00289945523744507,0.00281446062921544,0.0027799890950289,0.00243212340207398,0.00224144125908711,0.00153048347379304,0.000924152240400567,0.00089357217408866],"convergence":0,"press_dep":false,"press_rng":[1013.25,1013.25]}}
