{"fa_S2A_MSI_C_band_5":{"type":"annular","coefficients":{"c1":1,"c2":0.540992821429557,"c3":-0.0896642402515321,"c4":0.0924121775650168,"c5":-1.69094255966782,"c6":-0.31069725607462},"mare":0.00078565241410113,"rmse":0.000369660870905214,"mare_seq":[0.0067752353858772,0.00677479999856799,0.00677479935270556,0.00677479725861238,0.00677479718644882,0.0067746241858213,0.00673018579547743,0.0064480350878834,0.00608631096814626,0.00600995607985315,0.00583904873228223,0.00516362135260461,0.00481537345923139,0.00477239075393803,0.00415804026791666,0.0040332934529055,0.00259737939136437,0.00217765866250946,0.0017945358598594,0.00176723088749197,0.00171672571888515,0.00158251512787847,0.00138516590605211,0.00134616405127483,0.00116332398550388,0.00115357238236092,0.00112486031583266,0.000945633632290859,0.00080520190354493,0.000785907924434839,0.00078565241410113],"convergence":0,"press_dep":false,"press_rng":[1013.25,1013.25]}}
