{"fa_SD_00_M_band_4":{"type":"annular","coefficients":{"c1":1,"c2":0.0555919548942505,"c3":-1.662375900934,"c4":0.635113396998978,"c5":-0.0758263681858428,"c6":-0.303774369835816},"mare":0.000934908469444597,"rmse":0.000381283928820052,"mare_seq":[0.0952579289669962,0.00865484357233637,0.00865471872718541,0.0086546635838782,0.0086546611217945,0.00865465604985431,0.00865465472483134,0.00863586444558634,0.00782940464184956,0.00680800945015148,0.00634895617228833,0.00458643288652437,0.00313766818318675,0.00302116429430704,0.00301277957613831,0.00277367586276932,0.00265249848300262,0.00265105442693993,0.00244020380074871,0.00241333007509921,0.00241324890821621,0.00140509071676317,0.00136489216974773,0.00134562714766503,0.00123572687081146,0.00120163694581617,0.00114736027919114,0.00110989626873354,0.00107712108341204,0.00105731185018222,0.000934908469444597],"convergence":0,"press_dep":false,"press_rng":[1013.25,1013.25]}}
