{"fa_SD_00_U_band_5":{"type":"annular","coefficients":{"c1":1,"c2":0.466025958891351,"c3":-0.104667044065555,"c4":0.893252439898083,"c5":-0.347598611109781,"c6":-1.73879168969021},"mare":0.000785887156783318,"rmse":0.000394019099228664,"mare_seq":[0.00808380158855635,0.00686018750788567,0.00686017735627449,0.00686017231141959,0.00686016777555715,0.00685903141172681,0.00670490671879493,0.00638124736590699,0.00594361316061366,0.00453559735857666,0.00446542880170237,0.0036199005469029,0.00336988045205532,0.0027915161513412,0.00257106905246114,0.0023186956436987,0.00186672446322873,0.00175096957954052,0.00147797578416063,0.00135145331690371,0.00133790213712811,0.00116509545203259,0.000968624843527466,0.00090381883975222,0.000857852226212312,0.000848813997508917,0.000841348278434641,0.000785985817616775,0.000785913118457806,0.000785894501857449,0.000785887156783318],"convergence":0,"press_dep":false,"press_rng":[1013.25,1013.25]}}
