{"fa_S2B_MSI_C_band_8":{"type":"annular","coefficients":{"c1":1,"c2":0.441880211963531,"c3":-0.299887395799361,"c4":0.0914911374506712,"c5":-1.58529667610058,"c6":-0.0881749441239889},"mare":0.000780017247796492,"rmse":0.000296711511760287,"mare_seq":[0.00797567633789346,0.00705413079510362,0.00705181675675659,0.00705172326348079,0.00705169267785918,0.00704713850467295,0.00704310074563582,0.00686029234832748,0.00680666023726878,0.00675739587282455,0.00673854637060405,0.00671567479714942,0.00623434222836239,0.00606416675660405,0.00601759487001321,0.00554126701161141,0.0041056211660502,0.00403361328968961,0.00398400912025976,0.00391157227156184,0.00258736885826153,0.00252518122670423,0.00182878862071481,0.00153531466204947,0.00143445829492409,0.0013665734808188,0.00135126360541574,0.00113011591433801,0.000958013098178144,0.000923222439661374,0.000780017247796492],"convergence":0,"press_dep":false,"press_rng":[1013.25,1013.25]}}
