{"fa_SeaHawk1_HawkEye_C_band_1":{"type":"annular","coefficients":{"c1":1,"c2":0.577574558313571,"c3":-0.0896828707728921,"c4":0.0931801587621796,"c5":-1.73343956983787,"c6":-0.318628053799678},"mare":0.000882985880560027,"rmse":0.0005406766634962,"mare_seq":[0.00751242381190158,0.00740171072923922,0.00705990180697214,0.00697056766729671,0.00695495317659135,0.00695282850179221,0.00695280917073327,0.00684001483009833,0.00604044804308246,0.00592677215840397,0.00591250184687455,0.00535782840570241,0.00479492779241352,0.00451316679962592,0.00441900288417217,0.00426847611926273,0.00410536448490647,0.00400576816860896,0.00322834707725275,0.0030280769053124,0.00225691858235867,0.00219472990088401,0.00216339957114467,0.0017567786520861,0.00139065256150266,0.00133995737513921,0.00129482405986379,0.00103472548088409,0.000942533749610537,0.000924032901026065,0.000882985880560027],"convergence":0,"press_dep":false,"press_rng":[1013.25,1013.25]}}
