{"fa_S3B_OLCI_M_band_12":{"type":"annular","coefficients":{"c1":1,"c2":0.550425064831797,"c3":-0.0706878978687234,"c4":0.838802068121256,"c5":-0.263540183626035,"c6":-1.35948521069155},"mare":0.000974250843820822,"rmse":0.000304962664346444,"mare_seq":[0.0129687598671144,0.0093272449999357,0.00895480141044639,0.00893910185233261,0.00836574584408468,0.00817805373044005,0.00815666128140888,0.0081085321550203,0.00810235780380505,0.00808832512835231,0.00801357164114382,0.00795818533045294,0.00790139948970861,0.00772529800425576,0.00743812831949625,0.00722611958296213,0.0071644045391954,0.00698867847982848,0.00683258533264375,0.00676875082624777,0.00676601872453981,0.00524039738490656,0.00502852641565338,0.00423437244195949,0.00373068392941965,0.00245132160451162,0.00239656125535906,0.00217779068446392,0.00149104646215481,0.0011021071115391,0.000974250843820822],"convergence":0,"press_dep":false,"press_rng":[1013.25,1013.25]}}
