{"fa_S3A_OLCI_M_band_18":{"type":"annular","coefficients":{"c1":1,"c2":0.636387797795726,"c3":-0.0787732679140279,"c4":0.878533952071542,"c5":-0.338789847344784,"c6":-1.89884842388566},"mare":0.000932564480515893,"rmse":0.000608695812989377,"mare_seq":[0.00956286673672094,0.00874359182237496,0.00832803402583617,0.00828837132139841,0.00817569967195215,0.00808727092952879,0.00805087003160404,0.00783054320184866,0.00751853598032498,0.00724315903126707,0.00674475557362007,0.00664879705992884,0.00647639980342668,0.00646908023456981,0.00513391260245596,0.00447319952220707,0.0040643843682318,0.00404249110336251,0.00395956359203861,0.00382308312890103,0.00379743690616981,0.00362741275049496,0.00321698437242394,0.00206626990756675,0.00200915986981018,0.00200281643889666,0.0016369192787107,0.00141626237259687,0.00128292601673387,0.00106681897014264,0.000932564480515893],"convergence":0,"press_dep":false,"press_rng":[1013.25,1013.25]}}
