{"fa_S3B_OLCI_M_band_6":{"type":"annular","coefficients":{"c1":1,"c2":0.366854719625082,"c3":-0.276029530859858,"c4":0.104744794729258,"c5":-1.46285492341843,"c6":-0.0726211509052251},"mare":0.000907459458225561,"rmse":0.000318534889194411,"mare_seq":[0.0210074784810997,0.0105685976911814,0.0101442837636001,0.00973001977004576,0.00875539621030601,0.00848599726453259,0.00845120280598825,0.00840082395963614,0.00839995052358531,0.00835763442757544,0.00829452162454907,0.00828848516176392,0.00827872616015715,0.00826831935855471,0.00826661795221164,0.00826586283383305,0.00802225725458413,0.00794895620942991,0.00766919451092558,0.0066208930907539,0.00625757655835203,0.00327295990567984,0.00284447938058279,0.0025698624430107,0.00241790668108423,0.0024129993151944,0.00207805636065687,0.00185742553711061,0.00163934132389967,0.00149330103988834,0.000907459458225561],"convergence":0,"press_dep":false,"press_rng":[1013.25,1013.25]}}
