{"fa_S3A_OLCI_C_band_15":{"type":"annular","coefficients":{"c1":1,"c2":0.439264822512216,"c3":-0.287733607839984,"c4":0.894717394689046,"c5":-0.0869719272639805,"c6":-1.33156158887099},"mare":0.000945089868407636,"rmse":0.000314095613115786,"mare_seq":[0.0106666451677987,0.0078069367166408,0.00666078120438731,0.00658210925373724,0.00651458469018076,0.00632238618063455,0.00620553368452774,0.00591689536703005,0.00571931353314331,0.00566262173918715,0.00558766688551984,0.00549789998038078,0.0054316451557298,0.00516244196705874,0.00516157072413309,0.0047191632387566,0.00402848381302265,0.00394693446609649,0.00388356122429319,0.00379491195907335,0.0034549349126775,0.00343403584040662,0.00342250325573737,0.00341832523331581,0.00272909582048189,0.00249697001065554,0.00243098685646289,0.00211794932587072,0.00178708839904429,0.00140523614469894,0.000945089868407636],"convergence":0,"press_dep":false,"press_rng":[1013.25,1013.25]}}
