{"fa_S3A_OLCI_C_band_9":{"type":"annular","coefficients":{"c1":1,"c2":0.0489836443764568,"c3":-1.52158050417438,"c4":0.545933085910951,"c5":-0.0869689957579795,"c6":-0.294470028632931},"mare":0.000673318398064936,"rmse":0.000272487312340824,"mare_seq":[0.00803943048876597,0.00785461298470884,0.00685745238635813,0.00673069796949202,0.00659844401488382,0.0065924973142389,0.00658026026374327,0.00657161675351154,0.00649391563441943,0.00648766519037886,0.0064481443857124,0.00637206077666812,0.00594767944068795,0.00591140320323212,0.00558289264034196,0.00482228618493653,0.0042219428581669,0.00418733389023008,0.00405963867980091,0.0038305886766632,0.00366799756541954,0.0026158752340268,0.00240478160528,0.002231645283727,0.00214797032059508,0.00205579606233092,0.00179403937028864,0.00118488780499246,0.000693730835610931,0.000687601929278004,0.000673318398064936],"convergence":0,"press_dep":false,"press_rng":[1013.25,1013.25]}}
