{"fa_SeaHawk1_HawkEye_U_band_3":{"type":"annular","coefficients":{"c1":1,"c2":0.503611997448684,"c3":-0.310422063768874,"c4":0.15784146804881,"c5":-1.40382813110002,"c6":-0.0966614704218176},"mare":0.000949000204483681,"rmse":0.00031686120617854,"mare_seq":[0.00715001824178394,0.00690604610573021,0.00689067071781061,0.00688977466436243,0.00688427172570822,0.00687854914430636,0.00687793340607589,0.00687339643733759,0.00656525130361184,0.0065345118324119,0.00612266223226438,0.00535739199735662,0.00466884609850117,0.00464058476128532,0.0045329275621358,0.0044990628969388,0.00435059500812293,0.00382442397968713,0.00381502369737756,0.00371649227365652,0.00325290714640516,0.00320568668377626,0.00274406068387488,0.00241605524583621,0.00230518678250206,0.00202003986384643,0.00201461508047301,0.00193117381478498,0.0018114782383496,0.00132436792599066,0.000949000204483681],"convergence":0,"press_dep":false,"press_rng":[1013.25,1013.25]}}
