{"fa_S2A_MSI_C_band_7":{"type":"annular","coefficients":{"c1":1,"c2":0.428875396815552,"c3":-0.308393167589437,"c4":0.919828682084126,"c5":-0.089372623019643,"c6":-1.65938758631571},"mare":0.000786697102586429,"rmse":0.000325878300165704,"mare_seq":[0.00731338914919294,0.0069952741156864,0.00694554115288722,0.00690352834572786,0.00690351764777927,0.00690345984884342,0.006599329922853,0.00651560484006019,0.00616536698391868,0.00609871267285473,0.00600866054657096,0.004460373035977,0.00418318010088573,0.00386414338823719,0.00360693257055767,0.00327654984064127,0.00261340766364234,0.0025832372075603,0.00254902141636321,0.00250038646807597,0.00244839849987178,0.00221675668656606,0.00208724897773423,0.00193510791744637,0.00146316747602796,0.00144135852598696,0.00128683475844628,0.00121903940489797,0.00097028262055937,0.000808615068374778,0.000786697102586429],"convergence":0,"press_dep":false,"press_rng":[1013.25,1013.25]}}
