{"fa_S3A_OLCI_C_band_20":{"type":"annular","coefficients":{"c1":1,"c2":0.59318502381794,"c3":-0.0996238530621719,"c4":0.919658261962629,"c5":-0.369086899828537,"c6":-2.17643764573111},"mare":0.000961316093951495,"rmse":0.000911663146934811,"mare_seq":[0.009165683508269,0.00827426546608014,0.00715291125047462,0.00712175771925124,0.00691073545431333,0.00683846189648493,0.00681216585317757,0.00679775200666208,0.0067975704676753,0.00677057648657161,0.00666553203062036,0.00664377292025403,0.00621941886372306,0.00618488677754943,0.00609498294976319,0.00597831880984309,0.00589824639895585,0.00586786193390395,0.00517097827740645,0.00506519105265371,0.00480809807903671,0.00473336891625664,0.00296712843652917,0.00266880942125275,0.00239946361500933,0.00235336711623148,0.00185759707376004,0.00178929339919238,0.00156688182268387,0.00118570414519682,0.000961316093951495],"convergence":0,"press_dep":false,"press_rng":[1013.25,1013.25]}}
