{"fa_S2C_MSI_U_band_5":{"type":"annular","coefficients":{"c1":1,"c2":0.465223077229996,"c3":-0.106385301433075,"c4":0.890421985585733,"c5":-0.352131788999338,"c6":-1.69056873014055},"mare":0.00076384641997296,"rmse":0.000386716257197827,"mare_seq":[0.00668357848631964,0.00668085067617676,0.00664027754383837,0.00663590086662665,0.00658875998213399,0.00636888587842891,0.00635792877602714,0.0063423148946919,0.005990848390579,0.00492085392715231,0.00410255054137583,0.00354980705033681,0.0035402883212927,0.00320936790936909,0.00273488198931066,0.00271569157010159,0.00219308453071359,0.00171254588165689,0.00167454521118006,0.00166965120381019,0.00162889969382793,0.00152797783289905,0.00149503798521491,0.00148272112852465,0.00129095679547176,0.000891840137213749,0.000833706107429825,0.000764100827934527,0.000763863058457446,0.000763846444794254,0.00076384641997296],"convergence":0,"press_dep":false,"press_rng":[1013.25,1013.25]}}
