{"fa_S2C_MSI_C_band_4":{"type":"annular","coefficients":{"c1":1,"c2":0.417621551500407,"c3":-0.307143317977035,"c4":0.925749750910211,"c5":-0.0889432281532446,"c6":-1.65103221281149},"mare":0.000778822616100942,"rmse":0.000349337180471845,"mare_seq":[0.0107433187470668,0.006743630761881,0.00673734039691768,0.00673733508699334,0.00673733139448367,0.00673732398258386,0.0065995488833467,0.00624064415872753,0.00613630692868141,0.0061147645416926,0.00609228814083483,0.00608625590633621,0.00597788266800283,0.0035739333886971,0.00329018812416941,0.00261771913456156,0.00259757188345487,0.00253142664128121,0.0024044289988949,0.0022262110382231,0.00217191506623334,0.00209712907632425,0.00189370757075194,0.00172325360137316,0.00170040879353251,0.00132369617657727,0.00131423861125778,0.0012389873543034,0.00103423458609838,0.000812003923637826,0.000778822616100942],"convergence":0,"press_dep":false,"press_rng":[1013.25,1013.25]}}
