{"fa_S3B_OLCI_C_band_2":{"type":"annular","coefficients":{"c1":1,"c2":0.404657204948238,"c3":-0.305422594753139,"c4":0.929845468376236,"c5":-0.0868614164645132,"c6":-1.69596328682472},"mare":0.000726186759014948,"rmse":0.000358315602356604,"mare_seq":[0.00753101139663835,0.00721711633091521,0.00713794988962167,0.00707400180153368,0.00692343825790377,0.00689558514406044,0.00688397779291151,0.00686898664219297,0.00685853108093015,0.00683782868453856,0.00679905528787791,0.00660018544832756,0.00653506503601182,0.00614118120157605,0.0060766620218189,0.00584212870271961,0.00581105274806775,0.00569021485010997,0.00510266911442859,0.00423495368907486,0.00357026084996148,0.00352535448101127,0.0028374807267887,0.00190650748793317,0.00177899099630364,0.00161010432894872,0.00157242752803958,0.00156582454858512,0.00136616796119923,0.000833968401235219,0.000726186759014948],"convergence":0,"press_dep":false,"press_rng":[1013.25,1013.25]}}
