{"fa_S2B_MSI_M_band_10":{"type":"annular","coefficients":{"c1":1,"c2":0.0516563173367466,"c3":-1.68712104843038,"c4":0.644882032084032,"c5":-0.0761010954814801,"c6":-0.311442331074775},"mare":0.000868099105848266,"rmse":0.00040429680063809,"mare_seq":[0.00836120518986279,0.00835978545093887,0.0083597487426365,0.0083597415749756,0.00835971967163556,0.00835971746238035,0.00835971435447256,0.00835970818056209,0.00835970721894854,0.00835970507416106,0.00834498624828219,0.00834247008582862,0.0069145536740888,0.00691030854509846,0.00657631782689227,0.00534268161998471,0.00529819350139622,0.0024425561535656,0.00232556281069409,0.00199974134598451,0.00162304080793472,0.00161493861945091,0.00138019868564798,0.00126087147128083,0.00121396623527236,0.00115863595596762,0.000976452117748737,0.000967241118611117,0.000917696708349845,0.000880726869201332,0.000868099105848266],"convergence":0,"press_dep":false,"press_rng":[1013.25,1013.25]}}
