{"fa_S3A_OLCI_U_band_1":{"type":"annular","coefficients":{"c1":1,"c2":0.461601143687518,"c3":-0.352842878379037,"c4":0.897530844532157,"c5":-0.104463958786749,"c6":-1.7899108585175},"mare":0.000765416680693476,"rmse":0.000438022713669067,"mare_seq":[0.00902019023150163,0.00871137525774591,0.00742101834438319,0.00735908130132683,0.00719588970366917,0.00705451398934989,0.00684471999616391,0.00684099575826483,0.00679110193675797,0.0067291913820088,0.00636781581872437,0.00619434931196051,0.00576627807910562,0.00502318994524449,0.00452378678973298,0.00444367589326205,0.00439746710856349,0.00414383359702796,0.00409610572928584,0.00390802670648386,0.00357708742182234,0.00333863851864584,0.00252455554472708,0.00241638657991602,0.00240363157250365,0.00225339285281927,0.002222273222483,0.0021900900121484,0.00209722593107801,0.00138945678306792,0.000765416680693476],"convergence":0,"press_dep":false,"press_rng":[1013.25,1013.25]}}
