{"fa_S2C_MSI_C_band_11":{"type":"annular","coefficients":{"c1":1,"c2":0.438745917289572,"c3":-0.315221084895633,"c4":0.88791896432326,"c5":-0.0913717682662734,"c6":-1.54602874538744},"mare":0.000799362897510072,"rmse":0.000319719308400167,"mare_seq":[0.00788636087861625,0.00726680422791305,0.00726299600729214,0.00643432767603743,0.00492063824864695,0.0045544620962848,0.00390812868296448,0.00364961323689853,0.0035685715548749,0.00345695876195177,0.00297191035455861,0.00288806705334728,0.00282627656723733,0.00282349253422915,0.00274407420968096,0.00263255265077808,0.00257316718876785,0.00241529200970125,0.00211201180019118,0.00187787802748843,0.00173435711658046,0.00140338747460132,0.0011560240340429,0.000999850469947515,0.000998508239631929,0.000962689434637154,0.000960486538694776,0.000957785666082617,0.000936341780759485,0.000802755226314623,0.000799362897510072],"convergence":0,"press_dep":false,"press_rng":[1013.25,1013.25]}}
