{"fa_SD_00_M_band_2":{"type":"annular","coefficients":{"c1":1,"c2":0.604596255461372,"c3":-0.0765443841554389,"c4":0.138315386754395,"c5":-1.7184614012163,"c6":-0.310657081818798},"mare":0.000947008949491603,"rmse":0.000396827861376414,"mare_seq":[0.0278065811857165,0.0138329982854243,0.00881562598658536,0.00881060655610677,0.00881057193044635,0.00881056331489911,0.00881055918009138,0.0088105586267662,0.00881055131786778,0.00881054909620554,0.00770566867975418,0.00716591764126491,0.00590157189389618,0.00542943363700734,0.00498497880265148,0.00423111687162665,0.00398941855970366,0.00327554605057819,0.00324616440095216,0.00262010852700832,0.002574172251053,0.00183465101517621,0.0015225038693699,0.00109209931437647,0.00104044025423096,0.000982897899723909,0.000950018548738781,0.000949219697300974,0.000947420860182717,0.000947043554724607,0.000947008949491603],"convergence":0,"press_dep":false,"press_rng":[1013.25,1013.25]}}
