{"fa_S2A_MSI_U_band_1":{"type":"annular","coefficients":{"c1":1,"c2":0.471638954780744,"c3":-0.342549730084634,"c4":0.886433483385769,"c5":-0.102859786713439,"c6":-1.68430178802898},"mare":0.000785616467396507,"rmse":0.000387592404940782,"mare_seq":[0.00815242637466927,0.00695971150509858,0.00695971096693833,0.00695970506708261,0.00695970387647138,0.00695970159348279,0.00695928063234706,0.00695462952490942,0.0069430748152284,0.00691756051241673,0.00680555578762091,0.0063180599508998,0.006051119256035,0.00568852664081871,0.00487516853705483,0.00332459674115863,0.00315148965549894,0.00306952422238668,0.00238394758382462,0.00225405306812039,0.00175484903303278,0.0011640417418395,0.00102385803853258,0.00101740159019936,0.000930767216693033,0.000890747110477438,0.000797000422563429,0.00079462537852782,0.000787296984457044,0.000785643470728475,0.000785616467396507],"convergence":0,"press_dep":false,"press_rng":[1013.25,1013.25]}}
