{"fa_SeaHawk1_HawkEye_M_band_8":{"type":"annular","coefficients":{"c1":1,"c2":0.614183704815823,"c3":-0.0765676814586303,"c4":0.13672801689215,"c5":-1.68056681125891,"c6":-0.314067554230393},"mare":0.000922669386336065,"rmse":0.000428134719925005,"mare_seq":[0.0118513730392506,0.00837388168825787,0.0082521609453991,0.00824180889280108,0.00822407952384878,0.008217553683069,0.00821606421050829,0.00820723688259084,0.00820037455784396,0.00819311794507371,0.00817486268677812,0.007971624895049,0.0076107054992328,0.00753349793733487,0.00738028180318197,0.00712479094287943,0.00694662345057126,0.00646712073785806,0.0063811079278455,0.00585833839908408,0.00575015997626042,0.00574053114616368,0.00517408780129092,0.00443309171770709,0.00272999982612009,0.00255062902609197,0.00220592900017345,0.00195606217046747,0.00187532809658157,0.00108972910859347,0.000922669386336065],"convergence":0,"press_dep":false,"press_rng":[1013.25,1013.25]}}
