{"fa_S3B_OLCI_C_band_13":{"type":"annular","coefficients":{"c1":1,"c2":0.0706004921947969,"c3":-1.20920594489818,"c4":0.477957020674955,"c5":-0.0801937110780467,"c6":-0.259968811434501},"mare":0.00103029499838905,"rmse":0.00027243763580875,"mare_seq":[0.00703175871221975,0.00688274072296761,0.00681331055785224,0.00670606803626403,0.00667287514883642,0.00665409529430807,0.00664626914122264,0.00659910043426921,0.00653680823885429,0.00651058258155641,0.00648796492548999,0.00642122622730348,0.00630752737876678,0.00614089418402203,0.00612657445690755,0.00591035118139914,0.00589841736040494,0.00587591860047401,0.00556259036937025,0.00530536718464183,0.0045672293385959,0.00423514774805158,0.00265829889230504,0.00262385345237388,0.00254317095423907,0.00240843181843328,0.00240460730010048,0.00233704052640144,0.00201079425252725,0.00169417096475085,0.00103029499838905],"convergence":0,"press_dep":false,"press_rng":[1013.25,1013.25]}}
