{"fa_S3B_OLCI_U_band_17":{"type":"annular","coefficients":{"c1":1,"c2":0.0665557541290103,"c3":-1.5976900761588,"c4":0.527229844010622,"c5":-0.351000951727931,"c6":-0.107930404826029},"mare":0.000667443480793803,"rmse":0.000329798155856585,"mare_seq":[0.00716158486268361,0.00695324439709605,0.00653500926475321,0.00652394979820947,0.00651362398161355,0.0065083384009699,0.00642801056728456,0.00640789671692278,0.00639111817154708,0.00638826402831239,0.0063785641876281,0.00620231863069755,0.00609758980089321,0.00601534529595009,0.00542910010786654,0.00512892441323214,0.00508494803793532,0.00473161891004831,0.00416318019846703,0.00243073047652409,0.00230120824833925,0.0019198218771974,0.0017998986071523,0.00177217195583558,0.00155720728755581,0.0014464711139063,0.00141360044638419,0.00134848642254373,0.000858921637869856,0.00071520998013971,0.000667443480793803],"convergence":0,"press_dep":false,"press_rng":[1013.25,1013.25]}}
