{"fa_S3B_OLCI_M_band_5":{"type":"annular","coefficients":{"c1":1,"c2":0.351460439573785,"c3":-0.280785897736711,"c4":0.110428413604224,"c5":-1.34694249348838,"c6":-0.0741266286198969},"mare":0.00127835311147217,"rmse":0.000376247549559136,"mare_seq":[0.00973862746905456,0.00892497210458945,0.00878103581510948,0.00862377593985792,0.00860121219418007,0.00846665900546896,0.00846115103820187,0.00845989510256233,0.00844148501305189,0.00838106346121202,0.00830983451851125,0.00807132024362507,0.00803903675424224,0.00759897784820021,0.00759566631388147,0.00758005394500425,0.00732234124981382,0.00727378559123516,0.00570005330257776,0.0051310762541427,0.00463751918236571,0.00432538220915097,0.00259228032411821,0.0025828713781788,0.00246329130716673,0.00241615714127253,0.00170118955299629,0.00169080698838829,0.00161087632284123,0.00145960255066697,0.00127835311147217],"convergence":0,"press_dep":false,"press_rng":[1013.25,1013.25]}}
