{"fa_SeaHawk1_HawkEye_U_band_4":{"type":"annular","coefficients":{"c1":1,"c2":0.45083966879462,"c3":-0.101172425617443,"c4":0.880219375716615,"c5":-0.331585618095074,"c6":-1.56960158729882},"mare":0.000833631488143281,"rmse":0.000332994605431767,"mare_seq":[0.00686313144813354,0.00686145692575601,0.00686032591542533,0.00685984228214994,0.00675536821712315,0.00660008352180701,0.00659065420441112,0.00618227390409545,0.00598165245963997,0.00584343650265866,0.00583446661058085,0.00552303354301015,0.00488953942528786,0.00444533312291194,0.00413111035264384,0.00356592097072446,0.00286937622103024,0.00272218616703465,0.00267284234925046,0.00247821196038614,0.00247203581124434,0.00244401122049419,0.00187021805162857,0.00184596764939345,0.00178651114982328,0.00162218550693595,0.00145044281116686,0.00133765153368534,0.0013251425226154,0.00121370375045021,0.000833631488143281],"convergence":0,"press_dep":false,"press_rng":[1013.25,1013.25]}}
