{"fa_S2B_MSI_C_band_9":{"type":"annular","coefficients":{"c1":1,"c2":0.440481403092164,"c3":-0.299790465330498,"c4":0.904144829402143,"c5":-0.0887371839427171,"c6":-1.52791671681976},"mare":0.000849475455104602,"rmse":0.000314062671488463,"mare_seq":[0.00691417766118251,0.00691386014943882,0.00691379249675219,0.00691377350396203,0.00691377328387188,0.00680389061397764,0.00659470201264461,0.00650122973856647,0.00625724865699281,0.00551961023738238,0.00528330923552795,0.00456151725934086,0.00441217845714767,0.00412663736809889,0.004106957377875,0.00328856432316464,0.00289111425227699,0.00243259775672875,0.00229142727166998,0.00228829344721498,0.00227383153772762,0.00170437684404511,0.00170062076205225,0.00168787830338185,0.00160451574023691,0.00156777907563522,0.00155862329099899,0.00147749581105607,0.00110195486716978,0.000981421522301164,0.000849475455104602],"convergence":0,"press_dep":false,"press_rng":[1013.25,1013.25]}}
