{"fa_S2C_MSI_U_band_7":{"type":"annular","coefficients":{"c1":1,"c2":0.481873962482144,"c3":-0.355826564119586,"c4":0.885716009749738,"c5":-0.107878822354114,"c6":-1.70606042435176},"mare":0.000718142068688714,"rmse":0.000390164417511893,"mare_seq":[0.0287004565077313,0.00667667851211384,0.00667475574472894,0.00666108717046844,0.00647515417806367,0.00483008570740548,0.0047742356634825,0.00310175444915517,0.00302097314020414,0.00269283157332939,0.00254824344456937,0.00248960636218046,0.00242801471427125,0.00227257399884656,0.00226316915335558,0.00225999111341041,0.00218933405784075,0.00215922183395906,0.0020908374942432,0.00200705971955388,0.00200654487576284,0.00189779164173191,0.00188934899436717,0.00151984430426984,0.00136410489701055,0.00128158543896207,0.00121266238753707,0.000875381846153094,0.000840235204303635,0.000823838677457899,0.000718142068688714],"convergence":0,"press_dep":false,"press_rng":[1013.25,1013.25]}}
