{"fa_S3A_OLCI_C_band_7":{"type":"annular","coefficients":{"c1":1,"c2":0.505768947071931,"c3":-0.0847323028850191,"c4":0.884589762857788,"c5":-0.280949577943745,"c6":-1.30958915728806},"mare":0.000881558564799443,"rmse":0.000259816953128206,"mare_seq":[0.109533661734958,0.0338612936723372,0.00793599506436826,0.00777550296805985,0.00703638915256614,0.0068880741862881,0.00661034813864052,0.00653761467036496,0.00649419958947581,0.00615168691572659,0.00607884260935239,0.00586668797430562,0.00580481399489875,0.00561080795415696,0.00549541010436791,0.00525704713364663,0.00496111454594267,0.00477719236118166,0.00455802472063301,0.0041312682009788,0.00348218861800312,0.00325705482801808,0.00320656771594019,0.00302462362428312,0.00299997516245573,0.00230506293925425,0.00185438105709284,0.0012522727830054,0.00103856194798872,0.00089649246755754,0.000881558564799443],"convergence":0,"press_dep":false,"press_rng":[1013.25,1013.25]}}
