{"fa_S3B_OLCI_U_band_11":{"type":"annular","coefficients":{"c1":1,"c2":0.0816596774401894,"c3":-1.38434516650502,"c4":0.440763796923102,"c5":-0.0983692577264426,"c6":-0.312136968737009},"mare":0.000831684959276317,"rmse":0.000355795675123241,"mare_seq":[0.00709492774373721,0.00701242894627857,0.00685786641711647,0.00677542589697852,0.00669197887795888,0.00659774796467496,0.00655672231133671,0.00652443521582502,0.00644873182591258,0.00644680731739464,0.0057952164936668,0.00522030706274555,0.00504613014426527,0.00484896370787529,0.00466949273036496,0.0044376732869194,0.00367322008084975,0.00344386017532603,0.00327650946090007,0.00299525248242914,0.00257250485280941,0.00234909384097051,0.00216248509133229,0.00209914002819942,0.00190151986643921,0.00181547792713521,0.00161433100753318,0.00160518003486199,0.00131574984333386,0.00117873808068441,0.000831684959276317],"convergence":0,"press_dep":false,"press_rng":[1013.25,1013.25]}}
