{"fa_S3B_OLCI_M_band_10":{"type":"annular","coefficients":{"c1":1,"c2":0.589496372518092,"c3":-0.0746987044897978,"c4":0.147270753097615,"c5":-1.51968915895679,"c6":-0.293738197156267},"mare":0.000857793052459975,"rmse":0.000320793930728118,"mare_seq":[0.0118397674696784,0.00872925677741533,0.00868924745287211,0.00868296725068816,0.00817534868938821,0.00816035379613438,0.00814925401492024,0.00812341944674621,0.00781368027607757,0.0077879556567258,0.00751239571742045,0.00704080388074929,0.00688805655487711,0.00671221470205892,0.00653722275346289,0.00647715838466295,0.00636554667700292,0.00579992601726561,0.00579720324200329,0.00521367728720511,0.00488502530694053,0.00479418673144852,0.00376990330924263,0.00256138719783787,0.00256076887807501,0.00218292919344957,0.00208109723215371,0.00129709114689455,0.00106106784781333,0.000881167862229375,0.000857793052459975],"convergence":0,"press_dep":false,"press_rng":[1013.25,1013.25]}}
