{"fa_S2C_MSI_U_band_8":{"type":"annular","coefficients":{"c1":1,"c2":0.487796195924074,"c3":-0.35325367584713,"c4":0.122672371284241,"c5":-1.66027365332443,"c6":-0.108112471160797},"mare":0.00075370878337218,"rmse":0.000379323445968657,"mare_seq":[0.0176261249138509,0.0066961564866099,0.00666667212480239,0.00666643396911893,0.00666640710705408,0.00666640246063117,0.00666640001086245,0.00666119742246888,0.00663259418049988,0.0060527388501042,0.00535427922993326,0.00290769438365129,0.00259839942338442,0.00259725676191442,0.00246827971429371,0.00224087875542622,0.00208027680355457,0.00194732524855527,0.00184154385432147,0.00175474961374806,0.00146208775496239,0.00135813975948689,0.00119445119979255,0.000936913130538217,0.00086143486420615,0.00081349599808959,0.000791411004177655,0.000779499184577284,0.000756346132247392,0.000756222801151058,0.00075370878337218],"convergence":0,"press_dep":false,"press_rng":[1013.25,1013.25]}}
