{"fa_S2B_MSI_C_band_5":{"type":"annular","coefficients":{"c1":1,"c2":0.528092270488481,"c3":-0.088156981869045,"c4":0.0940188941499421,"c5":-1.65520434971019,"c6":-0.303608302261252},"mare":0.000697957688334771,"rmse":0.00030470497481653,"mare_seq":[0.00690246194565803,0.00690234866964673,0.00690230261527475,0.00690228968522582,0.00690227335380861,0.00690227307722682,0.00690227052138959,0.006902269164827,0.00690217336156715,0.0066890248217753,0.00651094073979903,0.00643547088237729,0.00586953910530032,0.00572080940542339,0.00466157049126163,0.00437984415243855,0.00433440437640138,0.00294793493954022,0.00261222067326112,0.00236318884055962,0.00184676637473496,0.00169360019763175,0.00156107834929894,0.00126785231191155,0.00109193137025963,0.000855886140247329,0.00077614267119077,0.000768007081971599,0.000702809450010538,0.000698066707981212,0.000697957688334771],"convergence":0,"press_dep":false,"press_rng":[1013.25,1013.25]}}
