{"fa_S2A_MSI_U_band_12":{"type":"annular","coefficients":{"c1":1,"c2":0.391895991937145,"c3":-0.127286409306974,"c4":0.854827533786275,"c5":-0.40566820527413,"c6":-1.777637119849},"mare":0.000861145361409583,"rmse":0.000444218426435758,"mare_seq":[0.00649796576542129,0.00625363905833772,0.00624530797115971,0.00415326220922574,0.00340702690634994,0.00322751269696984,0.00260499159230565,0.00259943669919601,0.00259262019081572,0.00206142326855836,0.00204234346958702,0.00175084835195791,0.00172899487885212,0.00140227731381053,0.00129187388368711,0.00127783862262687,0.00126630047419423,0.00105967003314431,0.00102079618456131,0.00100939792700602,0.000888383100470934,0.000883196428152517,0.000869698057053957,0.000867034800135749,0.000866680838969404,0.000863923992914738,0.000861916379033154,0.000861217957467025,0.000861217029202475,0.000861196153889107,0.000861145361409583],"convergence":0,"press_dep":false,"press_rng":[1013.25,1013.25]}}
