{"fa_S2C_MSI_U_band_11":{"type":"annular","coefficients":{"c1":1,"c2":0.414644647644091,"c3":-0.120746886637529,"c4":0.129274329518222,"c5":-1.7747516796971,"c6":-0.390297879440512},"mare":0.000782495001901057,"rmse":0.000431879357536249,"mare_seq":[0.006923310010494,0.00692211644497684,0.00692210763421844,0.00692209425252696,0.00691635726689297,0.0066159600805394,0.00641042982818317,0.00627870234015732,0.00622644620004549,0.00602714623489017,0.00577378438415824,0.00521168679268462,0.00472892893604334,0.00345276594699527,0.00276325796881535,0.00271197415859665,0.00236252723315565,0.00224072788853576,0.00218628524516913,0.00218539373913582,0.001910800497491,0.00156777229000444,0.000978772373302418,0.000891962826366699,0.000805037786613386,0.000793359491249915,0.000783116634150464,0.000783064967556923,0.000782915702375251,0.000782666130448862,0.000782495001901057],"convergence":0,"press_dep":false,"press_rng":[1013.25,1013.25]}}
