{"fa_S2C_MSI_M_band_9":{"type":"annular","coefficients":{"c1":1,"c2":0.33936966489381,"c3":-0.307714291481981,"c4":0.0823136349659842,"c5":-1.64897355760778,"c6":-0.0758699356802293},"mare":0.000844463574379034,"rmse":0.000386564771751825,"mare_seq":[0.0126564561737665,0.00998017274038595,0.00839515125950106,0.00837895898806129,0.00837894632260626,0.00837894000695844,0.00837891527374295,0.00827788875716162,0.00718500980187075,0.0069455004822949,0.00672366874376764,0.00566449429899751,0.00555142349126288,0.00532856197486121,0.00412953440864138,0.00363925638051915,0.0034550167002475,0.00289019496567063,0.00266738517913701,0.00222846759463847,0.00217753905135771,0.00202660296199518,0.00169201709397436,0.00150454267749438,0.00144626108554327,0.0013661588653987,0.000917420305164313,0.000856001441861289,0.000855389326829513,0.000849001395947841,0.000844463574379034],"convergence":0,"press_dep":false,"press_rng":[1013.25,1013.25]}}
