{"fa_S3B_OLCI_U_band_16":{"type":"annular","coefficients":{"c1":1,"c2":0.581637598059849,"c3":-0.270478423564158,"c4":0.729882500822497,"c5":-0.0850336598052662,"c6":-1.13491039945901},"mare":0.00137725860509285,"rmse":0.000500870293150749,"mare_seq":[0.0280100514360595,0.00685026019983934,0.00668270682564762,0.00665338986787122,0.00659499100603733,0.00655969476025123,0.00650862387464431,0.00650513621381306,0.00648847861992732,0.00642560929945159,0.00602511043953191,0.00595185000661926,0.00560794542208321,0.00525083875159239,0.00405333622337114,0.00376762265604075,0.00362872673772443,0.00361560876556734,0.00339466315833522,0.00335790420877425,0.00323772495082911,0.00290764234905912,0.00263656384966716,0.00250707977043896,0.00210527746973521,0.00210203620448987,0.00202138893179962,0.00185655657448034,0.00182406868231439,0.00181513238002498,0.00137725860509285],"convergence":0,"press_dep":false,"press_rng":[1013.25,1013.25]}}
