{"fa_S2A_MSI_C_band_1":{"type":"annular","coefficients":{"c1":1,"c2":0.54946870224948,"c3":-0.086694042022288,"c4":0.907411739670547,"c5":-0.304065193302621,"c6":-1.70121058627228},"mare":0.00080315157262773,"rmse":0.000347489537337342,"mare_seq":[0.00709117505638916,0.0069243291333072,0.00687100162557323,0.00676275945609292,0.00638586652342215,0.0059517810068184,0.00571503851641368,0.00508420493975943,0.00443214450621391,0.00377364230519418,0.00373933481359365,0.00345413888810745,0.00312170699729366,0.00301397085016663,0.00294369217186639,0.00274260309043104,0.00244017070616748,0.00235456749316681,0.00233405064122899,0.00209307543719109,0.00159498097300288,0.00158908150652899,0.0013870301076041,0.000898479180980936,0.000852467958655644,0.000836219449925612,0.00081914192910173,0.00080650558688792,0.000805574967022538,0.000804613882638716,0.00080315157262773],"convergence":0,"press_dep":false,"press_rng":[1013.25,1013.25]}}
