{"fa_SeaHawk1_HawkEye_U_band_2":{"type":"annular","coefficients":{"c1":1,"c2":0.0609327597009948,"c3":-1.68330715673582,"c4":0.494660477904583,"c5":-0.102364215530157,"c6":-0.339879760705164},"mare":0.000683623987270779,"rmse":0.000343941718821705,"mare_seq":[0.008320715848437,0.00713181668002904,0.00706052383480184,0.00702320312365996,0.00697592644152187,0.00697561893749875,0.00697433659255457,0.00697399968654917,0.00685646757695459,0.00670689413870093,0.00590666464457186,0.00581074468416986,0.00510653147966982,0.00433193772380305,0.00390833873437896,0.0037409098483643,0.00301732091730047,0.0027323799460298,0.00227717674382752,0.00226509039732061,0.00207247545177121,0.00201873655756625,0.002000697041364,0.00181441083503255,0.00168123181235201,0.000870328890850019,0.00079625318496093,0.000767018080637644,0.000708056962647036,0.000699254125979747,0.000683623987270779],"convergence":0,"press_dep":false,"press_rng":[1013.25,1013.25]}}
