{"fa_SD_00_C_band_6":{"type":"annular","coefficients":{"c1":1,"c2":0.537382486064986,"c3":-0.0886322237500899,"c4":0.0924008145658647,"c5":-1.6789536515845,"c6":-0.306536174310126},"mare":0.000754196223825257,"rmse":0.000347807601470535,"mare_seq":[0.00719046275494552,0.00685084643387391,0.00684893005976746,0.00684892061127017,0.00684892005145895,0.00684891985465323,0.00684891897844161,0.00684891824899984,0.00684891649741784,0.00684891628098582,0.00684861811788944,0.00666780483042256,0.00643715446306377,0.00632009130263016,0.00522355192939316,0.00487021928077352,0.00316679286820673,0.00289002166373054,0.00273228832166065,0.00243808638683838,0.00239374223164023,0.00155897023602898,0.000997399511426842,0.000952466216377874,0.000883290597541015,0.000865522195358252,0.00083292462394797,0.000754720309816843,0.000754596074662034,0.000754199861338377,0.000754196223825257],"convergence":0,"press_dep":false,"press_rng":[1013.25,1013.25]}}
