{"fa_S3B_OLCI_C_band_10":{"type":"annular","coefficients":{"c1":1,"c2":0.567063605180312,"c3":-0.0921538965185541,"c4":0.0762417104084234,"c5":-2.07589994470221,"c6":-0.330662928091956},"mare":0.00079444271757319,"rmse":0.000566447721870505,"mare_seq":[0.00968127942346273,0.00753257628296908,0.00689981070962048,0.00666645798432559,0.00666550955077559,0.00665712197341713,0.0066396072517905,0.00652107752534479,0.00650187260372993,0.00634126219171023,0.00630175245557838,0.00628106483557181,0.00625450084336815,0.00591284032557448,0.00580692756621408,0.00506711579264189,0.00471522379151148,0.00456504045048266,0.00425856333449251,0.00423374471057895,0.00422468095409237,0.00390892613030689,0.00319044218606367,0.00283870297380053,0.00173938624615033,0.00165004698677281,0.00154976236522191,0.00142670820813896,0.0010884234336903,0.00102841186816903,0.00079444271757319],"convergence":0,"press_dep":false,"press_rng":[1013.25,1013.25]}}
