{"fa_SD_00_C_band_8":{"type":"annular","coefficients":{"c1":1,"c2":0.0545579863278431,"c3":-1.53617653707847,"c4":0.515637636866818,"c5":-0.0864984669936412,"c6":-0.291972548646122},"mare":0.000720928855706774,"rmse":0.000266333835998625,"mare_seq":[0.0070788146411847,0.00703873895371899,0.00703873676827444,0.00703873303815879,0.00703245228796999,0.00668371918848241,0.00651589300184756,0.0055701317079128,0.00491223915470365,0.00478163352935039,0.00462085526398556,0.00303677790670836,0.00292509906387006,0.00252795513263404,0.00226582539347607,0.00225596293020962,0.00220130535408639,0.0019567952735816,0.0018814507370696,0.00182383577462752,0.00178548120141891,0.0015766221783478,0.00147093946874424,0.00126042998454843,0.00105443567736635,0.00103201000321676,0.000870653516295644,0.000870253840874347,0.000825933685648961,0.000800780803930974,0.000720928855706774],"convergence":0,"press_dep":false,"press_rng":[1013.25,1013.25]}}
