{"fa_S3A_OLCI_M_band_17":{"type":"annular","coefficients":{"c1":1,"c2":0.302949312770447,"c3":-0.350147795150422,"c4":0.934408139906634,"c5":-0.0804502101569664,"c6":-1.76822597889875},"mare":0.0010768415584416,"rmse":0.000798435667875087,"mare_seq":[0.0106886887411821,0.00974954825138999,0.00840215793693757,0.00828100443558879,0.00824961372715545,0.00815386564020272,0.00814777334184828,0.00813227026452628,0.0081187251179466,0.00811834813561311,0.00811585145782833,0.00811512622990957,0.00789536219485,0.00788645204719154,0.00774141349365189,0.00736942326902382,0.00731169820985904,0.00720729060918067,0.00720478686013363,0.0071287733959752,0.00703984270045868,0.00697224021825722,0.00653810450198142,0.00324968292092498,0.00291860354713418,0.00226958170657679,0.00213201315570384,0.00208987657501894,0.00162784566292224,0.00133193067736826,0.0010768415584416],"convergence":0,"press_dep":false,"press_rng":[1013.25,1013.25]}}
