{"fa_S2C_MSI_C_band_5":{"type":"annular","coefficients":{"c1":1,"c2":0.524481674955098,"c3":-0.0878285050002676,"c4":0.901658626476302,"c5":-0.300797263205121,"c6":-1.58720517814329},"mare":0.000703616408442358,"rmse":0.000283295362047301,"mare_seq":[0.00859883294320157,0.00729735709413241,0.00683956313010191,0.00681018933020849,0.00680685440337185,0.00680685266259121,0.0068068405730744,0.00674572874907034,0.00530626274895735,0.00472182760110612,0.00437289959938001,0.0033413237190157,0.00323339954757343,0.00311894667738123,0.00245987140906805,0.00241962260850939,0.00232629288406829,0.0022782421584828,0.00211899066761454,0.00185036870143129,0.00183432190367639,0.00149352674971629,0.00137402820492319,0.00123952810175427,0.00101049036110302,0.000799807519694938,0.000780778495574031,0.000773716814295811,0.000721715968186135,0.000703939317222176,0.000703616408442358],"convergence":0,"press_dep":false,"press_rng":[1013.25,1013.25]}}
