{"fa_S3A_OLCI_M_band_3":{"type":"annular","coefficients":{"c1":1,"c2":0.315635583577354,"c3":-0.335201737210987,"c4":0.925829609024871,"c5":-0.0798024392878761,"c6":-1.73839891900251},"mare":0.00095985603872959,"rmse":0.000651654252067974,"mare_seq":[0.0107810267146892,0.0105088827384662,0.0100161886242893,0.00915756633412579,0.00843642101836103,0.00843170556021832,0.00842101687056335,0.00841028997262598,0.00840931318420077,0.00840755143281143,0.00840502147940826,0.00804069980336741,0.00794769983228681,0.00771806948503371,0.00712890775869667,0.00678754532447489,0.00607761487610875,0.00547552060328274,0.00458801629127506,0.00398358969801006,0.00367018732706757,0.00338370723934612,0.00297017117528586,0.00280703335778179,0.00269685008079429,0.00249043944299142,0.00234466538134823,0.00181474384066353,0.00172240242790131,0.00119805084143709,0.00095985603872959],"convergence":0,"press_dep":false,"press_rng":[1013.25,1013.25]}}
