{"fa_S2B_MSI_M_band_8":{"type":"annular","coefficients":{"c1":1,"c2":0.0535765351092239,"c3":-1.64672629042802,"c4":0.355483246793272,"c5":-0.310532890792218,"c6":-0.0762896907195232},"mare":0.000950036505592415,"rmse":0.000416568975915488,"mare_seq":[0.00833743839950413,0.00832403905993092,0.0083230070770279,0.00831357994078026,0.00794595574117523,0.00785528357457392,0.0074258638051241,0.00716370805867955,0.00626297201316534,0.00620813026794588,0.00466439990337227,0.00401950107593709,0.00380818211962034,0.0033428336971078,0.00330492319456547,0.00310070250901768,0.00306844372698019,0.0029228204471912,0.00273153781513392,0.00238019878691603,0.00208780400584984,0.00195824379617561,0.00155252375176864,0.00125526974514567,0.0012342674319737,0.00109670499145118,0.00105752809283708,0.000958784224100281,0.000950707825860703,0.000950547236136333,0.000950036505592415],"convergence":0,"press_dep":false,"press_rng":[1013.25,1013.25]}}
