{"fa_S3A_OLCI_U_band_8":{"type":"annular","coefficients":{"c1":1,"c2":0.456386960083792,"c3":-0.104489770646592,"c4":0.11563056847815,"c5":-1.60355093327925,"c6":-0.342406594893859},"mare":0.000704914668947044,"rmse":0.000348770484839458,"mare_seq":[0.00778376328973337,0.00745318362091939,0.00686980635897441,0.00656707523596439,0.00656466099256725,0.00654188402246209,0.00650296279539761,0.00643975986452752,0.00639917694825059,0.0060950986702964,0.00602352407669449,0.00602078584588619,0.00585635867391438,0.00535432411022998,0.00515543035785056,0.00455476285314665,0.00448873460702896,0.00432098040483323,0.00369890243799149,0.00350169854343638,0.00326379577855713,0.00322129256640576,0.00321617015669715,0.00295384288150696,0.0025491858064532,0.00219530979811393,0.00193722005056351,0.00179787543248261,0.00111053287073906,0.000893807237541539,0.000704914668947044],"convergence":0,"press_dep":false,"press_rng":[1013.25,1013.25]}}
