{"fa_S3A_OLCI_C_band_18":{"type":"annular","coefficients":{"c1":1,"c2":0.429171836562794,"c3":-0.311930701121074,"c4":0.914664435208542,"c5":-0.0907284443959889,"c6":-1.61855031500078},"mare":0.000793889592879979,"rmse":0.000343827305027626,"mare_seq":[0.00712935239209953,0.00700442202731814,0.00692684332833408,0.00688387918717709,0.00687885989128346,0.00679576145962885,0.00679439691405811,0.00678940770569196,0.00678159321482607,0.0065724216671691,0.0064780380287568,0.0064621569297576,0.00640338018870718,0.00639284005244559,0.00605301529486293,0.00475611189280563,0.00470520474380217,0.00439664700456844,0.00411308480843512,0.00397708299908707,0.00367845977035653,0.00349805922671652,0.00275198807309664,0.00237219121529002,0.00196610501681087,0.00174955994904574,0.0017173211531905,0.00148681202816587,0.0013180095633196,0.000912688335155847,0.000793889592879979],"convergence":0,"press_dep":false,"press_rng":[1013.25,1013.25]}}
