{"fa_S3A_OLCI_U_band_4":{"type":"annular","coefficients":{"c1":1,"c2":0.350848060281766,"c3":-0.0873375473464938,"c4":0.84021512084018,"c5":-0.274674154232064,"c6":-1.16691800868113},"mare":0.00122163182005158,"rmse":0.000403520941961062,"mare_seq":[0.00758649698657468,0.00753372226888475,0.00729966997685702,0.00723137369924473,0.00688180776592197,0.00686978000008704,0.00683738933820301,0.00675576570650444,0.00669239555609291,0.00668782107899676,0.00668462772801555,0.00666955636677175,0.00663814528850505,0.00654944145529072,0.00652944412131252,0.00642060262261855,0.00605522749108061,0.00600913240670341,0.00593775781873793,0.00566960778886985,0.00547766808917442,0.00495228229179513,0.00460616400415753,0.00348624390484715,0.00226207144971027,0.00204575374514568,0.00133228005861752,0.0013025986075785,0.00129455408818924,0.00123490970786431,0.00122163182005158],"convergence":0,"press_dep":false,"press_rng":[1013.25,1013.25]}}
