{"fa_SeaHawk1_HawkEye_U_band_5":{"type":"annular","coefficients":{"c1":1,"c2":0.445993523192207,"c3":-0.101166218194024,"c4":0.118527186853809,"c5":-1.55827325502188,"c6":-0.330617835089844},"mare":0.000749948095550122,"rmse":0.00031469751383777,"mare_seq":[0.00718089646027999,0.00687578011974293,0.00687473228401294,0.00677664468153218,0.00677345676972999,0.00677137798683007,0.00672562071505845,0.00669919131566388,0.00665989255189292,0.00615953509657657,0.00610658000795216,0.00603049261614519,0.00596244895724905,0.00560903689889568,0.00549832622329397,0.00532329944585879,0.00482114193746661,0.00473050932889467,0.00268838511953252,0.00234441690879688,0.00232379885144557,0.00217621377081273,0.00194608407132714,0.00157931418999476,0.00115251114355614,0.00113361117345184,0.00107922671095774,0.000951252421350559,0.00094896019578012,0.000756871181535582,0.000749948095550122],"convergence":0,"press_dep":false,"press_rng":[1013.25,1013.25]}}
