{"fa_S3B_OLCI_U_band_3":{"type":"annular","coefficients":{"c1":1,"c2":0.0686134974059543,"c3":-1.53779968586463,"c4":0.523326690899581,"c5":-0.326172741555743,"c6":-0.0995504494305811},"mare":0.000767529494149903,"rmse":0.000307648961294363,"mare_seq":[0.00783114152546519,0.00770602872465826,0.00722262608124528,0.00721931493795973,0.00720416222878997,0.00709875941701044,0.00684681542379711,0.00682571641754992,0.00681432068945652,0.00676888656442207,0.00668488614916183,0.00659613531291914,0.00641546578970363,0.00629819519995053,0.00603090099661471,0.00583136096077155,0.00551685353924296,0.00538495108242096,0.00525371852758615,0.00308605827271626,0.00278650298288561,0.00216067894376868,0.002105167254068,0.00198242776646163,0.00177042940473646,0.001712906483955,0.0016928787731129,0.0011100639941488,0.000936313731286421,0.000902719271147077,0.000767529494149903],"convergence":0,"press_dep":false,"press_rng":[1013.25,1013.25]}}
