{"fa_S2A_MSI_C_band_10":{"type":"annular","coefficients":{"c1":1,"c2":0.427292400859477,"c3":-0.316066901782721,"c4":0.0854780420868968,"c5":-1.65253300157452,"c6":-0.0914306816748356},"mare":0.000721417688254246,"rmse":0.000347216761286931,"mare_seq":[0.00696916966214949,0.00696911833782121,0.00620791851587321,0.00530941681028079,0.00523094890876107,0.00496951765155594,0.004876627461438,0.00442149526067663,0.00435163489922316,0.00305524365581939,0.00253960583481309,0.00247853168253975,0.00187877515751701,0.00185527113717918,0.00177309150805033,0.0016655222106183,0.00155127991093253,0.00138507067806787,0.00120756629112892,0.00120383327230283,0.00115725069657427,0.000987459276089806,0.000981291719535935,0.00093997671328294,0.000872155434789729,0.000847238318182515,0.000846745770490507,0.000839092683497561,0.000737585662062634,0.000729465497615573,0.000721417688254246],"convergence":0,"press_dep":false,"press_rng":[1013.25,1013.25]}}
