{"fa_S2A_MSI_C_band_6":{"type":"annular","coefficients":{"c1":1,"c2":0.524280042811421,"c3":-0.0885559376612993,"c4":0.0972131486680927,"c5":-1.62941587029067,"c6":-0.303611940200655},"mare":0.000799513001981226,"rmse":0.000331714542664072,"mare_seq":[0.00749190931922545,0.0071970561832648,0.00689371420254131,0.00689365526432918,0.00689361312837089,0.00689359447131431,0.00689358778293525,0.00689181888049599,0.00606745779721983,0.00468216125587844,0.00459179070390793,0.00398122747454936,0.00249466924144081,0.00232928059925668,0.00193994470968942,0.00186132811686456,0.00161047384453903,0.00139264104767967,0.00130449229327992,0.00116756234223928,0.00115421760550101,0.00110767404741822,0.00110287476247988,0.00109137839272683,0.0010637972482688,0.00105169809428896,0.000978253406903122,0.000934415578353899,0.000863093844115082,0.000800127843920847,0.000799513001981226],"convergence":0,"press_dep":false,"press_rng":[1013.25,1013.25]}}
