{"fa_SD_00_U_band_3":{"type":"annular","coefficients":{"c1":1,"c2":0.470378760225208,"c3":-0.104007218939685,"c4":0.891570459583431,"c5":-0.346507976706222,"c6":-1.71735053050189},"mare":0.00079567239515155,"rmse":0.000406535786954169,"mare_seq":[0.0072188032736382,0.00687629620996733,0.00686529507428418,0.00686529117410877,0.00686528790580307,0.00686422533209358,0.00683886613746129,0.00634695470588565,0.00488914214145084,0.00319506359242774,0.00279756813199469,0.00257934395064097,0.00197132436533848,0.00182803002512812,0.00170631267119437,0.00169425567850516,0.00138544891275291,0.00137920948418937,0.00119520084105335,0.00112215988877368,0.000912894551891091,0.000908342559188483,0.00083687942488585,0.000826316248113394,0.000826079331758771,0.000798481934949635,0.00079659476205274,0.000796290066684117,0.000795898977114762,0.00079570889228695,0.00079567239515155],"convergence":0,"press_dep":false,"press_rng":[1013.25,1013.25]}}
