{"fa_S2B_MSI_M_band_2":{"type":"annular","coefficients":{"c1":1,"c2":0.622074948419595,"c3":-0.0784783400497722,"c4":0.134801673764851,"c5":-1.78579843548521,"c6":-0.325810208405465},"mare":0.000925621589502233,"rmse":0.000501535239094796,"mare_seq":[0.00904830266573809,0.00864862912867502,0.00864861867410392,0.00864861526206764,0.00864847460190645,0.00861944439128566,0.00849778597573246,0.00844568288125585,0.00763209604487921,0.00728921431294085,0.00690982338280712,0.00521968615599934,0.00518027726450573,0.00486687905963928,0.00424822007988259,0.00344264724022436,0.00277733912850494,0.00253226011363455,0.00237266292884774,0.00235833579110178,0.00200586228072487,0.00198856184364735,0.00188879298407336,0.00181464838862629,0.0014914343202471,0.00136346356491662,0.00132582137377151,0.00125300628887946,0.00110023733404042,0.000931166656488342,0.000925621589502233],"convergence":0,"press_dep":false,"press_rng":[1013.25,1013.25]}}
