{"fa_SeaHawk1_HawkEye_M_band_3":{"type":"annular","coefficients":{"c1":1,"c2":0.0549581868525344,"c3":-1.67703240479217,"c4":0.355836350698716,"c5":-0.312155981590604,"c6":-0.0768796811124526},"mare":0.00095506523817315,"rmse":0.000402322815470214,"mare_seq":[0.00989375553151501,0.0096991381620114,0.00941420157209623,0.00865080818356779,0.00863063965416356,0.00860085599718791,0.0085359367488488,0.00852898776809293,0.00848069294321715,0.00839568463862489,0.00828219546146826,0.00826655414590479,0.00758745921542801,0.00623429306481087,0.00609352447087576,0.00458634939867839,0.00449441365772916,0.00305826418314936,0.00284939783377508,0.00284825208498243,0.002810427629583,0.00268257338690703,0.00241586894716493,0.00211537864357911,0.00189563051015207,0.00186633718872152,0.00173495554620767,0.00134103705145042,0.00132275934501647,0.00103768456982026,0.00095506523817315],"convergence":0,"press_dep":false,"press_rng":[1013.25,1013.25]}}
