{"fa_S2A_MSI_M_band_7":{"type":"annular","coefficients":{"c1":1,"c2":0.592912122455533,"c3":-0.0746298935913062,"c4":0.857050091027617,"c5":-0.296414986986004,"c6":-1.55915498736426},"mare":0.00087416627309159,"rmse":0.000317257506892725,"mare_seq":[0.0108488212298993,0.00838007888919194,0.00837991893153636,0.00837989928048951,0.00837986870853875,0.00800231747549839,0.00772845725618575,0.00723853110669578,0.00663017552909852,0.0057598617923233,0.00564016904971457,0.00417543995719938,0.00406732379698093,0.0037264420541399,0.00310461374872987,0.00288596024082849,0.00278661991528171,0.00237453423598039,0.00194943367213556,0.0017639879904238,0.00140748371888513,0.00124241912625049,0.00105481630312412,0.001051436467983,0.000964757003175959,0.000912068539793493,0.00089928007097785,0.000896719704068936,0.000875781364901568,0.00087429526014687,0.00087416627309159],"convergence":0,"press_dep":false,"press_rng":[1013.25,1013.25]}}
