{"fa_S2A_MSI_U_band_7":{"type":"annular","coefficients":{"c1":1,"c2":0.48382342376817,"c3":-0.354042945576188,"c4":0.115994982190039,"c5":-1.70384085929023,"c6":-0.107480578036292},"mare":0.000785775421667471,"rmse":0.000395927963852432,"mare_seq":[0.0287358334960684,0.00668747858099726,0.00668504932389816,0.00668490409276436,0.00668481455868169,0.00667107874084726,0.00639875440086906,0.00615362563750588,0.00472451751799865,0.00267100738060648,0.00197589536773753,0.00189649498149496,0.00172365498530163,0.00159540478284904,0.00158140334737205,0.00158037158061159,0.00157067907894718,0.001550822950771,0.0015151343070935,0.00150643710934052,0.00136703976040413,0.00116653552289235,0.00103935376400367,0.000962397344302028,0.000955049257230177,0.000914808882338414,0.00089692438732748,0.000878854465949003,0.000787167876889736,0.000785838170270303,0.000785775421667471],"convergence":0,"press_dep":false,"press_rng":[1013.25,1013.25]}}
