{"fa_SeaHawk1_HawkEye_U_band_1":{"type":"annular","coefficients":{"c1":1,"c2":0.483451374667175,"c3":-0.329852190233222,"c4":0.870751189261919,"c5":-0.100010676088896,"c6":-1.5780813803258},"mare":0.000777350518595894,"rmse":0.000320347419886644,"mare_seq":[0.00779364940094971,0.00770697788211035,0.00722916596471558,0.00711064978848615,0.00702048561419943,0.00701327728044581,0.00700753804256024,0.00700329590225227,0.00685129892027146,0.00680223862869649,0.00621128590092177,0.00604437504579445,0.00586129120098505,0.00577725253946395,0.0056632260489422,0.00540701960411712,0.0048713436468412,0.00417209530499424,0.00398657633029018,0.00389491943176757,0.0037140809797698,0.00217226489607329,0.00193181331817108,0.00154224421430096,0.00144692630078726,0.00131431797534798,0.00117770723481532,0.000916518883510019,0.000910651409610287,0.000821323241799976,0.000777350518595894],"convergence":0,"press_dep":false,"press_rng":[1013.25,1013.25]}}
