{"fa_S2B_MSI_C_band_13":{"type":"annular","coefficients":{"c1":1,"c2":0.536386359747491,"c3":-0.0919739993135362,"c4":0.108805088056659,"c5":-1.61913019797623,"c6":-0.325146754092592},"mare":0.00082358103973382,"rmse":0.000418237415179133,"mare_seq":[0.00682503996502382,0.00678571537225894,0.00675485381879062,0.00675332009320587,0.00675322298659666,0.00657943081027328,0.00578228294927901,0.00496596151336505,0.00440527705623546,0.00404952387049823,0.00384452709276991,0.00294605846470271,0.00281025202949452,0.00266964810543782,0.00265989916311531,0.00263445197182373,0.00261839886845313,0.00236357104081389,0.00222966491908114,0.00178241273833747,0.00144999913090885,0.00138248694607812,0.00136751456164548,0.00119054200066079,0.00107063126849406,0.00101449029203388,0.00101296093924739,0.00093744461044495,0.000844848855938306,0.000823588289059568,0.00082358103973382],"convergence":0,"press_dep":false,"press_rng":[1013.25,1013.25]}}
