{"fa_S3B_OLCI_M_band_2":{"type":"annular","coefficients":{"c1":1,"c2":0.0602848472779887,"c3":-1.59510822962979,"c4":0.6312946225107,"c5":-0.0756417694181281,"c6":-0.298962158599086},"mare":0.000916080215037145,"rmse":0.000346861135298067,"mare_seq":[0.0284166939276352,0.0139179265691618,0.00957782719111063,0.00894529775408244,0.00890274585709226,0.00869384396972695,0.00866291868002331,0.0086081200917254,0.00858982212765475,0.00857900029154066,0.00857752412063685,0.00849333945393215,0.00838191713422375,0.00824434485900861,0.00784423608619192,0.00712626302303678,0.00709494878376547,0.00669459609489038,0.00598628530481004,0.00549199284025575,0.00487662085906687,0.00382544757538083,0.00330028682444249,0.0027409448194347,0.00264276706106736,0.00248945146062509,0.00199478587163318,0.00180186771109401,0.00174327134869546,0.000920861632976772,0.000916080215037145],"convergence":0,"press_dep":false,"press_rng":[1013.25,1013.25]}}
