{"fa_S3A_OLCI_C_band_12":{"type":"annular","coefficients":{"c1":1,"c2":0.481076498056585,"c3":-0.262568778165865,"c4":0.13285188081251,"c5":-1.23800928234546,"c6":-0.0807267087085442},"mare":0.0010530233025071,"rmse":0.0002964678483717,"mare_seq":[0.0144250170402165,0.00722963953698314,0.00685189906002764,0.00676333485561292,0.0067270164033881,0.00672484409696883,0.00666749779606014,0.00666547145372857,0.00666490307116981,0.00664488685856048,0.00663729623189154,0.00656103635398242,0.00643809333386118,0.00608017375457601,0.00604118018152718,0.00599118634401525,0.00587930693125838,0.00516497539281277,0.00418478541331606,0.00386563785091458,0.00371224470790825,0.00363255968882799,0.00361342793957277,0.00308981217976037,0.00232855877035415,0.00212331680609649,0.00189207606557854,0.00181289614089055,0.00168815477661135,0.00108212739398252,0.0010530233025071],"convergence":0,"press_dep":false,"press_rng":[1013.25,1013.25]}}
