{"fa_S3B_OLCI_C_band_7":{"type":"annular","coefficients":{"c1":1,"c2":0.501048208301991,"c3":-0.0837978648229702,"c4":0.901742196419628,"c5":-0.284487741391588,"c6":-1.52083093835884},"mare":0.000732074634063526,"rmse":0.000311325952900199,"mare_seq":[0.00688758809415302,0.00674440770063642,0.0065694666849014,0.00651618501815837,0.00650967752363137,0.00649257591812978,0.00635561248770833,0.0062965302825258,0.00622880153856803,0.00619501206540137,0.00581870456166133,0.00531424902530571,0.00513332137707151,0.0048759755357045,0.00471954707222256,0.00400683503024698,0.00383851221186507,0.00363362155208241,0.00341191554331906,0.00280367327562093,0.00277102412727919,0.00244842895822619,0.00244542158434411,0.00188929656557991,0.00187084736347769,0.00185602538947202,0.0016851586966838,0.00157477185927496,0.00114461117904386,0.00091761336594291,0.000732074634063526],"convergence":0,"press_dep":false,"press_rng":[1013.25,1013.25]}}
