{"fa_S2C_MSI_M_band_13":{"type":"annular","coefficients":{"c1":1,"c2":0.0416064547187942,"c3":-1.47645950191654,"c4":0.638145306010824,"c5":-0.0755159350115683,"c6":-0.277250252548522},"mare":0.000669997034380598,"rmse":0.000324543809876066,"mare_seq":[0.00693561419978368,0.00689836946530968,0.00674396494361602,0.00674395802328751,0.006743954816986,0.00674395397129815,0.00674394845378519,0.00674361603191991,0.00664493130695373,0.00650419815899566,0.00625216323308617,0.00592961968419371,0.00570187812280615,0.00359563246010337,0.00242665198443277,0.00242538620313383,0.00217191204351509,0.00210230376236802,0.0016393509696441,0.00150671774885012,0.00113027997318846,0.00105034642474859,0.000914260256931651,0.000779761016149754,0.000724904628588972,0.000686779900295243,0.000686495609488779,0.000680753873808934,0.000676337574727795,0.000671037480675849,0.000669997034380598],"convergence":0,"press_dep":false,"press_rng":[1013.25,1013.25]}}
