{"fa_S2B_MSI_M_band_3":{"type":"annular","coefficients":{"c1":1,"c2":0.596703202102804,"c3":-0.0754871275777627,"c4":0.140533164182538,"c5":-1.63294270208108,"c6":-0.301105029863805},"mare":0.000920553245858804,"rmse":0.000348952668734414,"mare_seq":[0.00863658576936241,0.00863654610939104,0.00860741275805818,0.00860740244062641,0.00860740189072423,0.00860739089267995,0.00859159351261251,0.00839446975106069,0.00771815277920803,0.0074874608619912,0.00742551390203064,0.00712415322487872,0.00497958061223595,0.00463240386058518,0.00448740303504993,0.0044133668904027,0.00344162208307502,0.00337939165994552,0.00287348347826245,0.00250903400864579,0.00231563789160979,0.00231293567263972,0.00220804891560464,0.00216458167900049,0.00190015048901706,0.00150257736329454,0.00116134590650698,0.000960615206385516,0.000930650311170492,0.000920845218891662,0.000920553245858804],"convergence":0,"press_dep":false,"press_rng":[1013.25,1013.25]}}
