{"fa_S2C_MSI_C_band_7":{"type":"annular","coefficients":{"c1":1,"c2":0.0461929696457276,"c3":-1.65277826704504,"c4":0.557119054599803,"c5":-0.0902481872763189,"c6":-0.310776379908157},"mare":0.000739209165367579,"rmse":0.000340177763976802,"mare_seq":[0.00927075662759571,0.00809582573299589,0.00702324067886757,0.00697433572000174,0.00697433272576586,0.00697433131061738,0.00697433107359581,0.00697432807844748,0.00697432613607191,0.00697432475759212,0.00690609762104207,0.00580586678141613,0.00575778276494621,0.0047515712331386,0.00436625950261113,0.00364697656422594,0.00305482407478711,0.00277687889434053,0.00271040060045587,0.00269029945572484,0.0024417439034341,0.00243094494102293,0.00194517742038368,0.00189768314835656,0.00170574605683514,0.00135038240679706,0.000843561345580831,0.000795682205964456,0.000779708837591887,0.000771561234202009,0.000739209165367579],"convergence":0,"press_dep":false,"press_rng":[1013.25,1013.25]}}
