{"fa_S3A_OLCI_M_band_15":{"type":"annular","coefficients":{"c1":1,"c2":0.623601161174995,"c3":-0.0783392290221444,"c4":0.829583683552476,"c5":-0.309851478736242,"c6":-1.34891874427527},"mare":0.00182236421318027,"rmse":0.000860670437237382,"mare_seq":[0.0316825061978609,0.0100328019229533,0.00956348817089421,0.00937663470968603,0.00896783420706089,0.00894932657416362,0.00839526324467498,0.00826753955161847,0.00818033625995683,0.00814731991321641,0.0079254416250655,0.00789047040838891,0.00785100170080006,0.0077885675164817,0.00770463321025258,0.00769502028899569,0.00735197893612266,0.00727394218956053,0.00722431662065019,0.00639297911185258,0.0062218770411516,0.00569031774197382,0.0047735553936684,0.00447409736629851,0.00384683458474913,0.00382034443459556,0.0029108109027884,0.00277150876523583,0.00259121510882707,0.00182282222031137,0.00182236421318027],"convergence":0,"press_dep":false,"press_rng":[1013.25,1013.25]}}
