{"fa_S2B_MSI_C_band_1":{"type":"annular","coefficients":{"c1":1,"c2":0.412077089608111,"c3":-0.29806809750395,"c4":0.92412978354267,"c5":-0.0860738796409255,"c6":-1.62289100765681},"mare":0.000744528699732963,"rmse":0.000306574058966465,"mare_seq":[0.0069845101102481,0.00698449598265788,0.00698448175403384,0.00696137908634162,0.00688851549961141,0.00681685510084551,0.00673830017689481,0.00664493545288693,0.00525377860537595,0.00477221771656414,0.00473790188979293,0.00320677614462891,0.00301963829242417,0.00283585847538438,0.00262522412143016,0.00246568294624834,0.00235790737440041,0.00229264274084183,0.00226076884180443,0.00219229745580096,0.00209035122484604,0.0019889002609021,0.00196123344375845,0.00171695005426664,0.00170943006265567,0.00145490562790711,0.00103743476663874,0.00102922106683245,0.000961082640451841,0.000789096645483594,0.000744528699732963],"convergence":0,"press_dep":false,"press_rng":[1013.25,1013.25]}}
