{"fa_S2C_MSI_U_band_9":{"type":"annular","coefficients":{"c1":1,"c2":0.452601915091358,"c3":-0.109721251823108,"c4":0.113948842385701,"c5":-1.68977557211669,"c6":-0.359328386532654},"mare":0.000738105600766946,"rmse":0.000414954450003231,"mare_seq":[0.0131960839697555,0.00668354131774823,0.00668354108372195,0.00668354031674288,0.00668353825263304,0.00668353708480903,0.00667554831102381,0.0065486376982772,0.00653227358009677,0.00602773437961287,0.00587606041733669,0.00575541125795188,0.00515887456898309,0.00385284028312577,0.00383170154527715,0.00267785063476707,0.00248269447941982,0.00228702445464376,0.00228518500385631,0.00195241146832913,0.00168395650001809,0.00165132188474182,0.00164484446066349,0.00163429798739295,0.00156039845242525,0.00101292087172274,0.000995689760592093,0.000917285235495773,0.000749484222043519,0.000738762963749105,0.000738105600766946],"convergence":0,"press_dep":false,"press_rng":[1013.25,1013.25]}}
