{"fa_S2A_MSI_C_band_11":{"type":"annular","coefficients":{"c1":1,"c2":0.516529478954217,"c3":-0.0936568698771454,"c4":0.116734593793519,"c5":-1.63664077793239,"c6":-0.328194667908161},"mare":0.00076664291554721,"rmse":0.000375089291839649,"mare_seq":[0.00817486427580338,0.00715476948108117,0.00715300006215098,0.00715281028309811,0.00715279965498386,0.00715279394526547,0.00715279367060272,0.00711337718117352,0.00695246774908856,0.00688234294523017,0.0065207939263207,0.00422141573817263,0.00417900867812067,0.0035924787251987,0.00269961267772276,0.0026138544317775,0.00246723972534043,0.00223530972874646,0.00215177938316216,0.00213552196358793,0.00196268316614014,0.0018670999094917,0.00180833269538198,0.00179295044933271,0.00119178795843034,0.000980411698783151,0.000974504630649442,0.000790783637512029,0.000768433536808983,0.000766675354773694,0.00076664291554721],"convergence":0,"press_dep":false,"press_rng":[1013.25,1013.25]}}
