{"fa_S2B_MSI_M_band_1":{"type":"annular","coefficients":{"c1":1,"c2":0.350899241896498,"c3":-0.29626060298414,"c4":0.0919610344862942,"c5":-1.61303158464328,"c6":-0.0753175027694444},"mare":0.000999409352870274,"rmse":0.000377487164634205,"mare_seq":[0.00903933203240637,0.00876129662851264,0.00875815921338206,0.00871220693903736,0.00871214562771649,0.00869369987614151,0.0083773048293561,0.00820064710353016,0.00818636737274592,0.00816385966443453,0.00549924890102889,0.00480340554211358,0.00469137941182705,0.00430004605666389,0.00370597926792284,0.0033745122391453,0.00325511413286604,0.00300079518010689,0.002981264650601,0.00261479033875028,0.00257071159590787,0.00235505229843635,0.00188963163927215,0.00167200591860809,0.0016556189338933,0.00133903899355075,0.00132240442631855,0.00119331059207725,0.00100702142348576,0.00100437289629946,0.000999409352870274],"convergence":0,"press_dep":false,"press_rng":[1013.25,1013.25]}}
