{"fa_S3B_OLCI_U_band_13":{"type":"annular","coefficients":{"c1":1,"c2":0.472436285364922,"c3":-0.109166219062599,"c4":0.891345725690908,"c5":-0.361805110518807,"c6":-1.7113526528452},"mare":0.00070300079928147,"rmse":0.000441335631372929,"mare_seq":[0.0220440315852932,0.0106098108944435,0.00880296108984889,0.00729563755321528,0.00682921335384631,0.00662709282495131,0.0065082460172653,0.00647545390668966,0.00646707874200859,0.00644536299910651,0.00644437952337979,0.00644019212835159,0.00626179106015772,0.00603453431607606,0.00603095642731764,0.00549384316271377,0.00543794987076447,0.00511744184964163,0.0050936154905667,0.00501644094222762,0.0048864052234767,0.00452559209432553,0.00444795368197155,0.0040366069320603,0.00317450720087206,0.00313321447738286,0.00228577012168449,0.00217912175513995,0.00197003543526736,0.00106919160611719,0.00070300079928147],"convergence":0,"press_dep":false,"press_rng":[1013.25,1013.25]}}
