{"fa_S3A_OLCI_U_band_12":{"type":"annular","coefficients":{"c1":1,"c2":0.111878452822802,"c3":-1.13008633354566,"c4":0.628956768360532,"c5":-0.275987745802631,"c6":-0.0885791875310803},"mare":0.00133856315071661,"rmse":0.000465572472419284,"mare_seq":[0.00739937505030938,0.00661877318518023,0.00661454933613854,0.00656844623223421,0.0065605690892282,0.00655173073098579,0.00654259377031837,0.00653753586563522,0.00653308199962037,0.00649677547173591,0.00642132408629811,0.00624428295755979,0.00624387329446721,0.00623201113518255,0.00588576902399917,0.00474459406712821,0.00429275888464804,0.00408059416759671,0.00399572200478221,0.00384212472642671,0.00346321826069603,0.00338557155981828,0.00265189278037958,0.00257009510374588,0.00229020412595766,0.00209365522426714,0.00203347088974065,0.00177417477795726,0.00164380640206653,0.00160896860614891,0.00133856315071661],"convergence":0,"press_dep":false,"press_rng":[1013.25,1013.25]}}
