{"fa_S2A_MSI_M_band_3":{"type":"annular","coefficients":{"c1":1,"c2":0.610573174720376,"c3":-0.0768940830376154,"c4":0.8642071480828,"c5":-0.31325355061159,"c6":-1.70686954615193},"mare":0.000915700950152345,"rmse":0.000402686352156601,"mare_seq":[0.0952946213883847,0.0101608608883081,0.0085830880362578,0.00857937663678919,0.00857027196886666,0.00857027170284413,0.00857026956548792,0.00857026849345465,0.00857026715697153,0.00731602786962302,0.00549333785268551,0.00531137047402014,0.00518722130816452,0.00494451419241032,0.00315122504392948,0.00300013563725932,0.00257173830198342,0.00251510609118662,0.00202240095169047,0.00202232812518012,0.0019869128593046,0.00191056582932517,0.00188524400124183,0.00168026516903207,0.00162186047386346,0.00147353861868451,0.00120204692169003,0.00106666394107548,0.000996504628485813,0.000966920607583688,0.000915700950152345],"convergence":0,"press_dep":false,"press_rng":[1013.25,1013.25]}}
