{"fa_S3B_OLCI_U_band_10":{"type":"annular","coefficients":{"c1":1,"c2":0.361249809437642,"c3":-0.0916959609045655,"c4":0.152162372558928,"c5":-1.25403432308587,"c6":-0.287014701264271},"mare":0.0010469480456073,"rmse":0.000462589044664198,"mare_seq":[0.0072493195184149,0.00722609259289615,0.00658517807284254,0.00656258336797158,0.00654148640858178,0.0065278821728462,0.00645455731457738,0.00645335541295544,0.00633539842799689,0.00632249373007508,0.00617673791633146,0.00609275871110453,0.00599973806409759,0.00599078645360821,0.00596412572668228,0.00586630323552231,0.00576919497258733,0.00567792388014067,0.00520754818403046,0.00411772450018197,0.00362975926713989,0.00307175390708835,0.00268759591495509,0.00245613384208261,0.00240920968887712,0.0017031171687402,0.00169493158995174,0.00151847456257172,0.00121895674968443,0.00115490329255188,0.0010469480456073],"convergence":0,"press_dep":false,"press_rng":[1013.25,1013.25]}}
