{"fa_S2A_MSI_U_band_10":{"type":"annular","coefficients":{"c1":1,"c2":0.441040748470434,"c3":-0.109876514654793,"c4":0.117888707089188,"c5":-1.66824091426272,"c6":-0.357948772940715},"mare":0.000757263469666639,"rmse":0.000377901447372306,"mare_seq":[0.00738097054441089,0.00673770382605,0.00673750465971754,0.0067374915227456,0.00673748917132992,0.00673745858662851,0.00670659934973223,0.00669514130872763,0.00654815865031938,0.00523950594507749,0.00491596546886609,0.00462867767147333,0.00323392390423763,0.00284228608215369,0.00224555550526307,0.00224544134742661,0.00197115349654234,0.00173505684389403,0.00162973480590284,0.00150121010797023,0.00131585886194677,0.00130846990163016,0.00119038206565808,0.000990949210579197,0.000940699336499236,0.000880872633656418,0.00082370280045412,0.000799638560953454,0.000781337772510155,0.000761675085557316,0.000757263469666639],"convergence":0,"press_dep":false,"press_rng":[1013.25,1013.25]}}
