{"fa_S2C_MSI_C_band_9":{"type":"annular","coefficients":{"c1":1,"c2":0.525679154292671,"c3":-0.0909406539206814,"c4":0.901427109662424,"c5":-0.314254247801808,"c6":-1.68385293615093},"mare":0.000729369309556676,"rmse":0.000326292010221157,"mare_seq":[0.00698552991636011,0.0069680575674396,0.00696679431685723,0.006966553631569,0.00696564390086291,0.00693618637006626,0.00653474468611379,0.00603031917691978,0.00595210698908189,0.00541791889048548,0.0052173756507601,0.00469592627723578,0.00407789817498301,0.00392127747683072,0.00384815720173684,0.00382405113057641,0.00353337076904304,0.00218266878355864,0.00210776092076897,0.00207595224541301,0.00206852540292068,0.00164166424081201,0.00162727892812764,0.00158979487511713,0.00154636214073192,0.00120396956418617,0.0011065144585704,0.000744727841023339,0.000729858751040946,0.000729393170106284,0.000729369309556676],"convergence":0,"press_dep":false,"press_rng":[1013.25,1013.25]}}
