{"fa_S2C_MSI_U_band_12":{"type":"annular","coefficients":{"c1":1,"c2":0.39860113602231,"c3":-0.128440115090657,"c4":0.85916336137435,"c5":-0.411149464057911,"c6":-1.81815592950705},"mare":0.000811898450786931,"rmse":0.000467789694080119,"mare_seq":[0.00695978467663362,0.00694446720428635,0.00657901820087225,0.00580064883813919,0.00563991038355304,0.00503179560896726,0.0036651704075003,0.00327389102195704,0.0032200804701924,0.00316313696565405,0.00306176564027637,0.0030536639493669,0.00300137957833936,0.00288706831229573,0.00282909398607481,0.00237187716376761,0.00214414499842859,0.00205476516848336,0.00204449673474903,0.00201317791332909,0.00189520855077132,0.00172053526744577,0.00164265025112222,0.00163243990923945,0.00162008990808713,0.00158500964215636,0.0015042980307925,0.00142697823256238,0.00118222297049727,0.000917605376772114,0.000811898450786931],"convergence":0,"press_dep":false,"press_rng":[1013.25,1013.25]}}
