{"fa_S3B_OLCI_M_band_17":{"type":"annular","coefficients":{"c1":1,"c2":0.349517204207225,"c3":-0.294070167669426,"c4":0.908613362507543,"c5":-0.0742797423031893,"c6":-1.53874087633592},"mare":0.000797967433823735,"rmse":0.000313816039516873,"mare_seq":[0.0300128744250792,0.00981514128841518,0.00899721630775546,0.00878751610940558,0.00837211072342088,0.00821259130315617,0.00805766836213949,0.00786722782597678,0.00763855282861758,0.00761582453078787,0.00665199437584286,0.00652943227616196,0.00598960411252638,0.00553311655524283,0.00534570567716231,0.00467728565026761,0.00402463967394146,0.0040099058865276,0.00376305295933492,0.00364121151072446,0.00351712294907889,0.00287857654866267,0.00273573852045636,0.00262202169293399,0.00261427959719442,0.00236685706984172,0.00184377824327453,0.00161854520800866,0.00124983316354197,0.00122482618052991,0.000797967433823735],"convergence":0,"press_dep":false,"press_rng":[1013.25,1013.25]}}
