{"fa_S2B_MSI_U_band_4":{"type":"annular","coefficients":{"c1":1,"c2":0.462151136850856,"c3":-0.105221377892005,"c4":0.111800232369003,"c5":-1.66920596563398,"c6":-0.347014285844162},"mare":0.000753485440133663,"rmse":0.000368657701153801,"mare_seq":[0.00788935054876561,0.00692180361746306,0.00675338113723557,0.00675337878476348,0.00675337540707749,0.00675337243557972,0.00675337095294913,0.00675337070658153,0.00636247660917125,0.00616107461218917,0.00612725340780941,0.00473140068553458,0.00468972952370315,0.00458685402752379,0.00449668539822282,0.00405360250807194,0.00293949657035969,0.00274671758422195,0.00249716123931451,0.002394620465786,0.00212218827177883,0.00171889016677271,0.00169255785633873,0.00124682598983621,0.00105317645961145,0.00101852062112568,0.000910348623194278,0.000834205937233004,0.000758004107307869,0.00075706234098591,0.000753485440133663],"convergence":0,"press_dep":false,"press_rng":[1013.25,1013.25]}}
