{"fa_S2A_MSI_U_band_4":{"type":"annular","coefficients":{"c1":1,"c2":0.468806712594921,"c3":-0.106035077043285,"c4":0.892975637058299,"c5":-0.352785533208528,"c6":-1.74158898640383},"mare":0.000747337120519861,"rmse":0.000395534413721179,"mare_seq":[0.00780772765090639,0.00680321089171674,0.00680313272205383,0.00680301523791825,0.00680300365247661,0.00680299833666285,0.00680299582358783,0.00680244676283887,0.00678728799687635,0.00652354608484209,0.00584660005208974,0.00482603061036715,0.00427097272966944,0.00410654569541161,0.00327913568946403,0.00274682275431901,0.00268264048088785,0.00252965427147292,0.00228134319434012,0.00216549995853224,0.0021432199956281,0.00203539832234256,0.00184885122273763,0.00184827765070961,0.00146330972686386,0.00120305850654457,0.00078321145865169,0.000754171229313633,0.000751451873229574,0.000748341326428297,0.000747337120519861],"convergence":0,"press_dep":false,"press_rng":[1013.25,1013.25]}}
