{"fa_S2A_MSI_M_band_9":{"type":"annular","coefficients":{"c1":1,"c2":0.599876347756496,"c3":-0.0751428039443091,"c4":0.14075621655163,"c5":-1.59799022352601,"c6":-0.301705294375559},"mare":0.000854271374434846,"rmse":0.000345520048705268,"mare_seq":[0.0117616261036244,0.0083101118151818,0.00830936257753324,0.00830815662092311,0.0068003916501824,0.00635744003983467,0.00473953155164854,0.00404885014096854,0.00387170406348219,0.00311491959333843,0.00296019913894076,0.00287547495454492,0.00271042779488082,0.00263493523140257,0.00247168096107384,0.00226633904216213,0.00223440652588798,0.00216560456621142,0.00197615426482303,0.00170032667192797,0.00166724449847418,0.00166281915970742,0.00153342512099435,0.00141057020596475,0.00103227626271897,0.000882288136695169,0.000875905538269202,0.000868582547394165,0.000863574874315971,0.00085427882672322,0.000854271374434846],"convergence":0,"press_dep":false,"press_rng":[1013.25,1013.25]}}
