{"fa_S3B_OLCI_U_band_6":{"type":"annular","coefficients":{"c1":1,"c2":0.482593713618838,"c3":-0.335367966638546,"c4":0.123803711583069,"c5":-1.57770397073597,"c6":-0.102106080590364},"mare":0.000666812156591777,"rmse":0.000315173922208178,"mare_seq":[0.00942910321409682,0.00699541916207584,0.00665225086222181,0.00664980699852877,0.00664974419008902,0.00664774736544509,0.00664197335777318,0.00661565917414314,0.00659241580095319,0.00657552055915998,0.0063623872031408,0.00626220463044227,0.00493175226901196,0.00481208332885977,0.00432782913111176,0.00416406710722908,0.00400896788474938,0.00313915795256462,0.00312491860159025,0.00286689816899686,0.00254445664449255,0.00249376716132012,0.00246619197001401,0.00240659711765263,0.00225806932942324,0.00186729615371511,0.00153943464018038,0.00144994632670634,0.000811153956199239,0.000796280739122822,0.000666812156591777],"convergence":0,"press_dep":false,"press_rng":[1013.25,1013.25]}}
