{"fa_S2A_MSI_M_band_10":{"type":"annular","coefficients":{"c1":1,"c2":0.0545100989317678,"c3":-1.62574457378581,"c4":0.361310583181368,"c5":-0.30374177316261,"c6":-0.0752822173577935},"mare":0.000770852591615,"rmse":0.000348863514944471,"mare_seq":[0.00851343088951137,0.00833926065873743,0.00830527248848475,0.00830526228392363,0.00830525791780099,0.00830525258506463,0.00829052033867661,0.00804149269984638,0.00798374370940811,0.00742043767263709,0.00681615722090768,0.0067104700203069,0.00663010341569626,0.00657786866185858,0.00520057859977516,0.00399093843263032,0.00292709544085346,0.00278496958010867,0.00275476826369826,0.00259525499177603,0.00240813409155208,0.00209517011574118,0.00202715716656221,0.00190233777139504,0.00178744092107628,0.00125810045861691,0.00110598174018229,0.00100768707570446,0.000914894023381008,0.000790727293715523,0.000770852591615],"convergence":0,"press_dep":false,"press_rng":[1013.25,1013.25]}}
