{"fa_S2B_MSI_M_band_12":{"type":"annular","coefficients":{"c1":1,"c2":0.647596229788082,"c3":-0.0763217521247381,"c4":0.113228558763948,"c5":-1.74995006792374,"c6":-0.316943128838853},"mare":0.000853574987568998,"rmse":0.000540360036032159,"mare_seq":[0.00769900218315408,0.00769895136459422,0.00769894962350128,0.00769894344473434,0.0076989386397462,0.00769893756381695,0.00769893209326158,0.00763609839688416,0.0076255548273232,0.00724005618943488,0.00686038654289489,0.00448707956172217,0.00425665930308473,0.00350071227857103,0.00315015330900859,0.00298681379468358,0.0028629020947559,0.00284433422653899,0.00262108786135178,0.00260210592514246,0.00211647572286896,0.00204118658228887,0.00201599784055226,0.001435717140824,0.00140848292071344,0.00138982304342535,0.00133355174504518,0.00116828359792363,0.00102519182957642,0.000889009199169983,0.000853574987568998],"convergence":0,"press_dep":false,"press_rng":[1013.25,1013.25]}}
