{"fa_SD_00_M_band_5":{"type":"annular","coefficients":{"c1":1,"c2":0.601666541114373,"c3":-0.0761811342987395,"c4":0.143782009511488,"c5":-1.62357259060453,"c6":-0.305121578373507},"mare":0.00098464296286665,"rmse":0.000418687295916814,"mare_seq":[0.00845979784589747,0.00824114538046593,0.00766147939107169,0.00611186089177449,0.0060531892224003,0.0056902275089291,0.00557014896556419,0.00552102789106541,0.00351789497973103,0.0034699295501843,0.00341784723770519,0.00334707925067037,0.00297181914694796,0.00246269621443372,0.00213264881703294,0.00204940387396374,0.00182617476089333,0.00168628641173362,0.00166536799825805,0.00156034962043897,0.00124896065094549,0.00121069397686936,0.00114599777749793,0.00109465230096713,0.00105312517519567,0.00102472929108119,0.0010072737071446,0.000999556691129343,0.000984668446815948,0.000984660614624369,0.00098464296286665],"convergence":0,"press_dep":false,"press_rng":[1013.25,1013.25]}}
