{"fa_S3A_OLCI_U_band_3":{"type":"annular","coefficients":{"c1":1,"c2":0.0978288992715898,"c3":-1.21144802172216,"c4":0.410698358231151,"c5":-0.0897770584565686,"c6":-0.282927893372755},"mare":0.00114031042773039,"rmse":0.000374626169582644,"mare_seq":[0.00780528277472838,0.0075421207339998,0.0074800487343611,0.00735761001203111,0.00703326060810033,0.00680513611194455,0.00679745129442468,0.00679065758627007,0.00679051179671293,0.00675820445879122,0.0067331753708025,0.00668172405263977,0.00654027541709413,0.00624968918173111,0.00579543060037974,0.00577512792179498,0.00555783749556481,0.00555050493928903,0.00549138115843365,0.00547649770930255,0.00471023268894137,0.00379611313494661,0.00377697364398556,0.00323544008320707,0.00292648903674464,0.00290342827125356,0.00279406273610091,0.00225260806214474,0.00207668516692594,0.00180820150375479,0.00114031042773039],"convergence":0,"press_dep":false,"press_rng":[1013.25,1013.25]}}
