{"fa_S2C_MSI_M_band_4":{"type":"annular","coefficients":{"c1":1,"c2":0.596739801505932,"c3":-0.0754053016390237,"c4":0.144973221918233,"c5":-1.58357222189934,"c6":-0.300027645728658},"mare":0.000903511228715762,"rmse":0.000343605089835164,"mare_seq":[0.00863694659788012,0.00843558099036597,0.00843508018023026,0.00843507438118785,0.00843507397967809,0.00843507044752866,0.00825376816427775,0.00809866173491419,0.00694184924142845,0.00626089221106,0.00545482620293713,0.00452240255986904,0.00438719456826563,0.00367351372559967,0.00332611561831127,0.00316883667096101,0.00273929383839027,0.00272868098966316,0.00205392132645353,0.00200872642687068,0.0019220551868259,0.00187529711032473,0.0018543472589649,0.00142933428432068,0.00142421572008059,0.00137695698542812,0.00133183958312778,0.00117504505395124,0.00111743506604733,0.000907350317235542,0.000903511228715762],"convergence":0,"press_dep":false,"press_rng":[1013.25,1013.25]}}
