{"fa_S2B_MSI_M_band_9":{"type":"annular","coefficients":{"c1":1,"c2":0.603160687881963,"c3":-0.0756095462629694,"c4":0.856963660758107,"c5":-0.303409478901868,"c6":-1.58495972318538},"mare":0.000862326056592195,"rmse":0.000362988442820477,"mare_seq":[0.00831813368690947,0.00831811434882833,0.00831135494628417,0.00829741906948968,0.00775465869897131,0.00737872143564037,0.00643646841119055,0.00536619821928636,0.00421077769771315,0.00330813190572486,0.00321232288516683,0.00311821761449666,0.00259162218027546,0.00236592529266651,0.00236114225029437,0.0022680043929607,0.00224277660403134,0.00215415117555107,0.00213431621328051,0.00201031644776665,0.00197326839912697,0.00140637329567801,0.00128092162236995,0.00117433261089722,0.00117316464829241,0.0010787384871478,0.000915505027373511,0.00090777087672523,0.000879820533109208,0.000862335756495396,0.000862326056592195],"convergence":0,"press_dep":false,"press_rng":[1013.25,1013.25]}}
