{"fa_S2C_MSI_M_band_2":{"type":"annular","coefficients":{"c1":1,"c2":0.609719056792713,"c3":-0.0771739473547309,"c4":0.858465959666814,"c5":-0.313943031175174,"c6":-1.68345448469374},"mare":0.000941348359211127,"rmse":0.000403380124445633,"mare_seq":[0.00962940429399431,0.0086820221600003,0.00866916227420583,0.00864936547523788,0.00864047914351646,0.00862226312034077,0.00825198759134745,0.00748090271254024,0.00695977328082739,0.00679181528169353,0.00611948275408169,0.00576068167043058,0.00531645815148195,0.00520685750278954,0.00457351637063024,0.00453057695445151,0.00292828765049727,0.0028565245191357,0.00270567817133346,0.0026778375456619,0.00263459496043725,0.0024407210891025,0.00183534390856395,0.00173541423386005,0.00168576575962136,0.00153504903569631,0.00144083096755414,0.00109606414042568,0.00107763041938541,0.00094151889569897,0.000941348359211127],"convergence":0,"press_dep":false,"press_rng":[1013.25,1013.25]}}
