{"fa_SeaHawk1_HawkEye_C_band_2":{"type":"annular","coefficients":{"c1":1,"c2":0.508354732773929,"c3":-0.0826250024932866,"c4":0.884357039454036,"c5":-0.275608820476532,"c6":-1.33760511194298},"mare":0.000950278308036904,"rmse":0.000258994180515351,"mare_seq":[0.00794061549846025,0.00763595648588052,0.00731519260889668,0.00685114797821112,0.00684627457382602,0.00643383839788032,0.0061980128180634,0.00577809473801341,0.00572901774499878,0.0056983968997378,0.00550868863592711,0.00540697163763068,0.00536377053916342,0.00512897513602104,0.00480886467669252,0.00465661749192656,0.00430629047276695,0.00404264521415418,0.00376993380386443,0.00301993743427261,0.00240020687774219,0.0022160621470439,0.0018182991396451,0.00176940706069663,0.00174885926224961,0.00156845312644169,0.00121516761321495,0.00119020825840823,0.00103741691513949,0.000972227978792359,0.000950278308036904],"convergence":0,"press_dep":false,"press_rng":[1013.25,1013.25]}}
