{"fa_S3B_OLCI_U_band_12":{"type":"annular","coefficients":{"c1":1,"c2":0.0490344143299895,"c3":-1.96892762665847,"c4":0.51025821932513,"c5":-0.110616973120511,"c6":-0.37249799327901},"mare":0.000744755565539921,"rmse":0.000550901943796618,"mare_seq":[0.00885516247264483,0.00758719666869329,0.00702369485913344,0.00672257773754131,0.00655701018394374,0.00655183317233504,0.00654542358551402,0.00654265222049858,0.0064996615400286,0.00644283340586469,0.00639777841793843,0.00620244494217795,0.00615182810033643,0.0060563893437787,0.00591654317924549,0.00564010289919828,0.00544309162841509,0.00524249897636691,0.00523260766144016,0.00447714707914609,0.00350574629990146,0.00328710441936377,0.0032775202317384,0.00281022958390214,0.00263321888860797,0.00253735902821279,0.00152954186344247,0.00131652822220775,0.00122620235420391,0.000830460807195636,0.000744755565539921],"convergence":0,"press_dep":false,"press_rng":[1013.25,1013.25]}}
