{"fa_S2C_MSI_U_band_4":{"type":"annular","coefficients":{"c1":1,"c2":0.0598266353960098,"c3":-1.68138544625502,"c4":0.488721179743638,"c5":-0.104918925227213,"c6":-0.345589350752773},"mare":0.000756980397160414,"rmse":0.000383573803412988,"mare_seq":[0.00775496059072491,0.00686270279647986,0.00678158073285248,0.00678152110324553,0.00678151187322754,0.00676459946555203,0.00619965916590973,0.00618089875187112,0.00604364964820066,0.00591537645865436,0.00562979817411671,0.00525808729980119,0.00500546707066379,0.00485145703023133,0.00455420608634576,0.00387662005634756,0.00284605745564013,0.00260716223035971,0.00227678328404325,0.00204317526846893,0.00198382715454433,0.00182563911425236,0.00170815135386983,0.00169864060949788,0.00121774836395015,0.000857148760513492,0.000808430618353329,0.000807508873478618,0.000797429231069738,0.000778686717627034,0.000756980397160414],"convergence":0,"press_dep":false,"press_rng":[1013.25,1013.25]}}
