{"fa_S2C_MSI_U_band_10":{"type":"annular","coefficients":{"c1":1,"c2":0.0673868570635788,"c3":-1.65072315914403,"c4":0.534332065025737,"c5":-0.354068153423847,"c6":-0.108836998001182},"mare":0.000740497071441944,"rmse":0.000373405420277664,"mare_seq":[0.00753467669863539,0.00681412373123852,0.00672212734848505,0.00672130288143048,0.00672119930874946,0.00672111695991475,0.00672111568303228,0.00672111498634613,0.0066843517167669,0.00478275577785127,0.00470997358961257,0.0024737967289312,0.0022892440193291,0.00224670413338475,0.00222057841017722,0.00221113515018616,0.00208363136986674,0.00192573033129894,0.00188863596876187,0.00162388393908514,0.00147530358194972,0.00141521410716193,0.00140044635918856,0.00122667826241648,0.00111228502984871,0.000942704179795601,0.00091065194244704,0.000869753883207998,0.000852046197860631,0.000817665783750466,0.000740497071441944],"convergence":0,"press_dep":false,"press_rng":[1013.25,1013.25]}}
