{"fa_S2A_MSI_U_band_11":{"type":"annular","coefficients":{"c1":1,"c2":0.507143924731916,"c3":-0.387892235731872,"c4":0.839100800514902,"c5":-0.120764906438688,"c6":-1.7210630909023},"mare":0.00080665840959901,"rmse":0.000426744240627515,"mare_seq":[0.00688283746126998,0.00687815881437369,0.00687733271632646,0.00687708730403783,0.0066786615483183,0.00663648484648345,0.00642476556762443,0.00607975014070404,0.00565720669391368,0.00396661253836048,0.00272675793517747,0.00257605625642014,0.00222322864962443,0.00219366784940003,0.002161501339332,0.00199337444575543,0.00192828876308582,0.00179581492629321,0.00167252176303128,0.00155299141675089,0.00141349410735604,0.00113582118090138,0.00111789338046746,0.000839351902091959,0.000819600255957417,0.000807671121119668,0.000807108553913376,0.000806707995481348,0.00080668022668721,0.000806659608242384,0.00080665840959901],"convergence":0,"press_dep":false,"press_rng":[1013.25,1013.25]}}
