{"fa_S3A_OLCI_U_band_19":{"type":"annular","coefficients":{"c1":1,"c2":0.498725559862341,"c3":-0.348732298331672,"c4":0.863828677344983,"c5":-0.10752367876297,"c6":-1.60031166101451},"mare":0.000687679027146574,"rmse":0.000333598973104139,"mare_seq":[0.0225902259973694,0.00966686970374746,0.00928859891629015,0.00820580049361351,0.0069879329816553,0.0065805509266926,0.00652312384569338,0.00651658199948812,0.00651396381130826,0.00650105287625004,0.0064901656252362,0.00643087690876862,0.00614835264890235,0.0061016672502767,0.00564489292574853,0.00560731576536124,0.00557362198295687,0.00554734013987446,0.00526638270894064,0.00506327384180996,0.00455746365624591,0.00432450097082483,0.00311018846643093,0.00295045613990797,0.00231037278065931,0.00219559858229481,0.00180238427365363,0.00136590163906053,0.000975722817348524,0.000738746740771048,0.000687679027146574],"convergence":0,"press_dep":false,"press_rng":[1013.25,1013.25]}}
