{"fa_S2A_MSI_U_band_5":{"type":"annular","coefficients":{"c1":1,"c2":0.463212096901164,"c3":-0.106161998016458,"c4":0.110867371975384,"c5":-1.67796212106969,"c6":-0.350217419247211},"mare":0.000784635106419193,"rmse":0.000398115152686428,"mare_seq":[0.00668302374346801,0.00668048472106272,0.00668018218914304,0.00668014717344548,0.00668014138879437,0.0066801412392087,0.00666014421897916,0.00650770696656727,0.0056385293724967,0.00558309808144589,0.00533419421083901,0.00500997106889554,0.00456768354596401,0.00361880776511711,0.00295900805967412,0.00254705993283817,0.00251445622066399,0.00209530168083863,0.00206583497191126,0.002051468951371,0.00173411156955748,0.00168537280948831,0.00157309316462484,0.00112056712011906,0.00106314730427027,0.000942017019853314,0.000846661942546835,0.00084477837605897,0.000838407080221554,0.000825313273103869,0.000784635106419193],"convergence":0,"press_dep":false,"press_rng":[1013.25,1013.25]}}
