{"fa_S3B_OLCI_C_band_20":{"type":"annular","coefficients":{"c1":1,"c2":0.0576086494364951,"c3":-1.52919873010548,"c4":0.518654368387066,"c5":-0.0874181732103689,"c6":-0.293974846172807},"mare":0.000824861654907165,"rmse":0.000339740869901638,"mare_seq":[0.0260047903588313,0.00844305961818578,0.00788221413286891,0.00727282045740883,0.00712041897185173,0.00707683606672804,0.00683280534800476,0.00680235407160662,0.006795986061222,0.00678886146647886,0.00673522242765744,0.00667680846736151,0.00653870301917375,0.00630058687834551,0.00625389496011967,0.00618165861123466,0.00532024911854706,0.00491704362169262,0.0046381409632795,0.00374745405550592,0.00353810059644502,0.00293161526620271,0.00277304925679327,0.00267612486653108,0.00265334919364372,0.00236134509358069,0.002294390749676,0.00216536777661045,0.00193007818276663,0.000936323555636372,0.000824861654907165],"convergence":0,"press_dep":false,"press_rng":[1013.25,1013.25]}}
