{"fa_S3A_OLCI_C_band_8":{"type":"annular","coefficients":{"c1":1,"c2":0.552643127619764,"c3":-0.0904482352636579,"c4":0.0909492429540532,"c5":-1.69974304051388,"c6":-0.316291733153505},"mare":0.000709506501153936,"rmse":0.000405049231902997,"mare_seq":[0.00720306167799203,0.00690195606880689,0.00670970515033799,0.00663561843885923,0.00655979048742246,0.00655554983359495,0.00636158575433271,0.00613602881395376,0.00600697421178754,0.00591009961794257,0.00580976792167342,0.00569019275600162,0.00567536187371695,0.00546581401660252,0.00540330741795317,0.00540087643904707,0.00525016993785618,0.00473908256364366,0.00468802569846515,0.00459980532529102,0.00418117798425155,0.00394501229303033,0.00343742549601538,0.00275972791513856,0.00271475973761384,0.00240250497026534,0.00214007091022396,0.00115113770916162,0.000807810367581206,0.000732535021115457,0.000709506501153936],"convergence":0,"press_dep":false,"press_rng":[1013.25,1013.25]}}
