{"fa_S2B_MSI_M_band_6":{"type":"annular","coefficients":{"c1":1,"c2":0.0547338237412628,"c3":-1.6480406614538,"c4":0.635330939678626,"c5":-0.0755215585670022,"c6":-0.304473620377087},"mare":0.00082436236826471,"rmse":0.000334068922424068,"mare_seq":[0.00853861322614758,0.00853858406147012,0.00853858240001515,0.00853858159371223,0.00853857811231567,0.00853857774737712,0.00853252240664269,0.00849701419364828,0.00849057228346835,0.0082895581124986,0.00803505100132324,0.00773604798328441,0.00498988304643672,0.00404515216829297,0.0031921176773135,0.00317540325973279,0.00272095902822153,0.00269178035627434,0.00247471652832607,0.0024724736999131,0.00213344892951181,0.00188361205932556,0.00174213307302868,0.00127733995129837,0.00117361434602351,0.00104495136492649,0.00093221585615151,0.000849843155714705,0.000826351812305359,0.000826002214112519,0.00082436236826471],"convergence":0,"press_dep":false,"press_rng":[1013.25,1013.25]}}
