{"fa_S3B_OLCI_U_band_2":{"type":"annular","coefficients":{"c1":1,"c2":0.417997001368122,"c3":-0.0958889969419359,"c4":0.860491238011881,"c5":-0.307657639143837,"c6":-1.40151636614623},"mare":0.000950206793740357,"rmse":0.000386104450617321,"mare_seq":[0.00762385110938752,0.00731146756652227,0.00696325426517424,0.00693209677852565,0.00692201241246464,0.00691147508607232,0.00689720393239036,0.00689482942192934,0.00689384609476304,0.00683092606543315,0.0067880775556805,0.00673011301029905,0.0065739418392232,0.00650388439300129,0.00646386945031539,0.00625913108473493,0.0060504460050683,0.00556170790934518,0.00532465780106115,0.00522483255703914,0.00517090288145493,0.00457397535014217,0.00391563929140181,0.00380449800702597,0.00243994232892487,0.00184014632173549,0.00175413853737213,0.00167566982244842,0.00128053296787491,0.000962356280315705,0.000950206793740357],"convergence":0,"press_dep":false,"press_rng":[1013.25,1013.25]}}
