{"fa_S3A_OLCI_C_band_19":{"type":"annular","coefficients":{"c1":1,"c2":0.575489502977701,"c3":-0.224526584940088,"c4":0.228153428805213,"c5":-1.0643852519208,"c6":-0.0670714726877946},"mare":0.00158249735700617,"rmse":0.000536435879180354,"mare_seq":[0.00905012949665152,0.00729436995331643,0.00724740482701375,0.00723844240022531,0.00715402883403613,0.00710003122658606,0.00696052661221799,0.00686489818942648,0.00670906590556233,0.00654117616237532,0.00634241177421903,0.00629358746389961,0.00622795503573228,0.00612549077841448,0.00543185464589793,0.00515920682708528,0.00509199744303614,0.00486515384098809,0.0046259012532123,0.00434798142883578,0.00431313353616448,0.00425138731794658,0.00384426637682519,0.00380410259712196,0.00367307889444565,0.00358836950359013,0.00353874976327825,0.00265491092996659,0.00255902711504356,0.00255045157258334,0.00158249735700617],"convergence":0,"press_dep":false,"press_rng":[1013.25,1013.25]}}
