{"fa_S3B_OLCI_C_band_19":{"type":"annular","coefficients":{"c1":1,"c2":0.475344462092947,"c3":-0.0855671130115864,"c4":0.118083853763686,"c5":-1.41626542322848,"c6":-0.283671664840312},"mare":0.000807614958816388,"rmse":0.00028534993741117,"mare_seq":[0.00906470776655217,0.00839294603921286,0.00803043237755928,0.00743580606605128,0.00713581664445286,0.00692420421330678,0.00691427838816621,0.00670658757037401,0.00668239096802337,0.00657202062604055,0.00629639645706039,0.0062440891342433,0.00585506352561793,0.00515656972706279,0.00499584263549808,0.00394949307351881,0.00369920427356151,0.00325919534717064,0.00302522548459545,0.00297176959271716,0.00277582689632588,0.0023940674677854,0.00235053370198405,0.00201566571561954,0.00182875496500358,0.00158707120286469,0.00143078898865334,0.00129031311324554,0.00119605736599871,0.00110387704471982,0.000807614958816388],"convergence":0,"press_dep":false,"press_rng":[1013.25,1013.25]}}
