{"fa_S3A_OLCI_U_band_21":{"type":"annular","coefficients":{"c1":1,"c2":0.410345100444825,"c3":-0.10727387673588,"c4":0.866168878529034,"c5":-0.342063701492014,"c6":-1.50517876456383},"mare":0.000730973519384162,"rmse":0.00032452501281086,"mare_seq":[0.0209888214586501,0.00748731564632412,0.00701809955781086,0.00655197057959301,0.0065187805932829,0.00650586085208828,0.00649907199916915,0.00646277783069645,0.0064443016429481,0.00643709215406707,0.00639302945266074,0.00625851077817682,0.00530275555247223,0.00526873179667565,0.00524786239650785,0.00522562630987267,0.00521483038344531,0.00508997444256782,0.00485302282704135,0.00429304145520903,0.00402204822976834,0.00378116957288341,0.00303784444637142,0.00225659340178428,0.0019954696678268,0.00157566612096569,0.00151181158483105,0.00131898917838945,0.0013019967087122,0.00113930752046944,0.000730973519384162],"convergence":0,"press_dep":false,"press_rng":[1013.25,1013.25]}}
