{"fa_S3B_OLCI_U_band_1":{"type":"annular","coefficients":{"c1":1,"c2":0.476595929815302,"c3":-0.103693928374773,"c4":0.887585913792262,"c5":-0.347286010031476,"c6":-1.74052293179497},"mare":0.000812887575032689,"rmse":0.000437234079597867,"mare_seq":[0.0086928245781247,0.00802869629026576,0.00781728986555913,0.00712855319871385,0.00685835933299674,0.00683993590961319,0.00683973981137153,0.00683899636367429,0.0068267448613727,0.00665035333136014,0.0065822418524766,0.00655014049871499,0.00644837692844252,0.00636893960507949,0.00583345713941716,0.00480778077458783,0.00452871538837699,0.00439452647552636,0.00426900473273191,0.00415322015083985,0.00336811482440086,0.00292201849684873,0.0022038939550735,0.00220239243128268,0.00212334401187349,0.00166129134919523,0.00153657343075045,0.00147553783453029,0.00131866348742954,0.000895858327622681,0.000812887575032689],"convergence":0,"press_dep":false,"press_rng":[1013.25,1013.25]}}
