{"fa_S3A_OLCI_M_band_14":{"type":"annular","coefficients":{"c1":1,"c2":0.618198491055123,"c3":-0.077192273800986,"c4":0.868881662834814,"c5":-0.320168753293428,"c6":-1.74542684511904},"mare":0.000898056614740976,"rmse":0.0004582990235271,"mare_seq":[0.0935149035894009,0.0176198381243932,0.0100542482359017,0.00940817179939343,0.00930880376227275,0.00866790286708818,0.0083816307391559,0.00837104654792868,0.00816124264635876,0.0081469979124276,0.00812045566000309,0.00810666187011008,0.00810608576757049,0.00797973905241242,0.00797472533847626,0.00759969206044582,0.00741805252876558,0.00729156755396835,0.00407771574233798,0.00356470341355316,0.00343138357159652,0.003059693113614,0.00298740111192239,0.00268778696281406,0.00238930119847443,0.00204899234753737,0.00163930413251148,0.00154256758430287,0.00110958362464524,0.00091450679604128,0.000898056614740976],"convergence":0,"press_dep":false,"press_rng":[1013.25,1013.25]}}
