{"fa_S2B_MSI_C_band_2":{"type":"annular","coefficients":{"c1":1,"c2":0.403429196255951,"c3":-0.309341249666267,"c4":0.0661887964679311,"c5":-1.76375511511322,"c6":-0.0881462514580676},"mare":0.000674910153896505,"rmse":0.000359004950099516,"mare_seq":[0.00796694150519269,0.00697133918127731,0.00692969041213635,0.00692968708482531,0.00692968677172093,0.0069295092822284,0.00687963143516337,0.00679796536778762,0.0060908363998181,0.00550191960350219,0.00542868878332081,0.0034624381075685,0.00338780405454704,0.00337998372161149,0.00285749956723621,0.0024942010251057,0.00230958854262687,0.00230777631236655,0.00223956253838385,0.00198975664454671,0.00174801987577072,0.00168169123470306,0.00163553593340661,0.00144856583670886,0.00136564777887761,0.0011009948929279,0.00100580550610649,0.000782854660721817,0.000762697035049836,0.000682749034277321,0.000674910153896505],"convergence":0,"press_dep":false,"press_rng":[1013.25,1013.25]}}
