{"fa_SD_00_C_band_5":{"type":"annular","coefficients":{"c1":1,"c2":0.535099549806355,"c3":-0.0875137677529228,"c4":0.907997722782884,"c5":-0.30215539092082,"c6":-1.6690398474763},"mare":0.000635753002821466,"rmse":0.000304441020023839,"mare_seq":[0.00686133433029179,0.00686131986385871,0.00685090056375163,0.00677533431685975,0.00674840884562232,0.00674445215859551,0.00629512990784937,0.00440676552757288,0.00430752185741609,0.00307287248368973,0.00253228109666444,0.00243313898510775,0.00235823850114035,0.00213135904723184,0.00207409964120558,0.00206759971076452,0.00196959260877257,0.00185303630491538,0.00159795968707018,0.00155764378867805,0.00144832593217005,0.00144634119937477,0.00115945336506874,0.0011452222788064,0.00105818482592877,0.000892322001549476,0.000796829703263986,0.000755287688060556,0.00072935800404716,0.00064468997152011,0.000635753002821466],"convergence":0,"press_dep":false,"press_rng":[1013.25,1013.25]}}
