{"fa_S2A_MSI_U_band_13":{"type":"annular","coefficients":{"c1":1,"c2":0.381881482376145,"c3":-0.141720898047244,"c4":0.149577850316086,"c5":-1.92539195219861,"c6":-0.447894649495369},"mare":0.000836344975453122,"rmse":0.000502515854338845,"mare_seq":[0.00688877857439021,0.0068887641254162,0.00688876309786866,0.00688875143043173,0.00688859091069624,0.00688140209247396,0.00685994281325355,0.00674817038455525,0.0064195161436474,0.00639028305446576,0.00628446307092783,0.00456105438858678,0.00398407418251176,0.00376305019616042,0.00337274174988564,0.00315995416219735,0.00309534437474349,0.00283417390775304,0.00277124939350377,0.00217970769917857,0.00207005401580686,0.0018671148259403,0.00140702236383283,0.00104422625903793,0.001026137391495,0.000972417501697188,0.000925792296512705,0.000892656058040776,0.000838087729299535,0.00083748919028205,0.000836344975453122],"convergence":0,"press_dep":false,"press_rng":[1013.25,1013.25]}}
