{"fa_S2B_MSI_U_band_7":{"type":"annular","coefficients":{"c1":1,"c2":0.498261448025557,"c3":-0.337378057777209,"c4":0.862865707035262,"c5":-0.104154678153685,"c6":-1.55044109224568},"mare":0.000798905123300554,"rmse":0.000328972731240765,"mare_seq":[0.0267916213175513,0.0066674187037775,0.0066674175763915,0.00645829647653752,0.0063609220606957,0.00635078434223661,0.00623581833606154,0.00531683998736989,0.00526872234694657,0.00503574725666601,0.00447556192318412,0.00355416021095072,0.00294996960461467,0.0024757101706757,0.00246722032509887,0.00242136812294851,0.0023220627154405,0.00217757386041058,0.00192977319485357,0.00178545053440216,0.00173232088815574,0.00167858070719476,0.00146990974088034,0.00135924961206652,0.00132397456508096,0.00113285089546451,0.00102236612597722,0.000966298557941027,0.000855864616537422,0.000826905042672583,0.000798905123300554],"convergence":0,"press_dep":false,"press_rng":[1013.25,1013.25]}}
