{"fa_S3B_OLCI_M_band_3":{"type":"annular","coefficients":{"c1":1,"c2":0.551148808805527,"c3":-0.0714282592552349,"c4":0.838188784843205,"c5":-0.266785418767812,"c6":-1.39828577938439},"mare":0.00103265286842902,"rmse":0.000300065084397538,"mare_seq":[0.0252150517469781,0.00880196907681365,0.00859692272557212,0.00850759989648029,0.00850688005567287,0.00848266815089269,0.00848071756345079,0.00847692912592765,0.00790486269725567,0.00788645248735402,0.00771878772762193,0.00744752636354652,0.00736517405504389,0.00734724648000109,0.00699790631345752,0.00640404951534953,0.00637082222551937,0.00636298211553286,0.0060188316824497,0.0042791564662382,0.0039395182304685,0.00380858110518635,0.00380507832368593,0.00294807493524393,0.00270818304114317,0.00258145106807376,0.00232592244804759,0.00202092010714529,0.0017441352286736,0.00109312501380249,0.00103265286842902],"convergence":0,"press_dep":false,"press_rng":[1013.25,1013.25]}}
