{"fa_S3A_OLCI_C_band_17":{"type":"annular","coefficients":{"c1":1,"c2":0.477600200237946,"c3":-0.271272049864401,"c4":0.132442801196684,"c5":-1.26176860091477,"c6":-0.0827633680139401},"mare":0.000979117573017762,"rmse":0.000256259397671499,"mare_seq":[0.00739381240066993,0.00737737835342567,0.00720635298585179,0.00716426115314948,0.00682954787408437,0.00680164986261283,0.00679070964926262,0.00678522801335833,0.0067851444586071,0.0066777042958836,0.00650922876676519,0.00625185572461075,0.00615840970027665,0.00604031804606414,0.00601136418860848,0.00555776482873253,0.00540657294753626,0.00528511213416594,0.00524038905704895,0.00511404175766822,0.00436238777667689,0.00335573201085833,0.00309628288196692,0.00247168410734672,0.00229675783828975,0.0021878546823,0.00153765571660345,0.00129145533521809,0.00114110749508084,0.00105596680503502,0.000979117573017762],"convergence":0,"press_dep":false,"press_rng":[1013.25,1013.25]}}
