{"fa_S3B_OLCI_M_band_4":{"type":"annular","coefficients":{"c1":1,"c2":0.3849784173343,"c3":-0.255869064081948,"c4":0.873684387776561,"c5":-0.0700455741937957,"c6":-1.28980215963484},"mare":0.00119882094414768,"rmse":0.00029760406819024,"mare_seq":[0.00982492731348703,0.00977840637030687,0.00857051678453406,0.00844095010697407,0.00830555111415754,0.00828335582534931,0.00819484243494081,0.00805261411797386,0.00802141051913883,0.00795529351741961,0.00794387787698522,0.00788441044624975,0.00774130897377182,0.00754853331259782,0.00754076323156044,0.00714809370306477,0.00713161408645133,0.00706898201404842,0.00681056695893412,0.00613380901526832,0.00574895337054436,0.0034992960064749,0.00328130370984024,0.0028496299040669,0.00271917694624925,0.00259692395707469,0.00259065750345789,0.00253106195511197,0.00166270261227309,0.00156844487110685,0.00119882094414768],"convergence":0,"press_dep":false,"press_rng":[1013.25,1013.25]}}
