{"fa_S3B_OLCI_U_band_21":{"type":"annular","coefficients":{"c1":1,"c2":0.393026389452028,"c3":-0.10468220856317,"c4":0.142718414576015,"c5":-1.42943477402793,"c6":-0.330763480621946},"mare":0.000783580760597759,"rmse":0.000327184634557438,"mare_seq":[0.00662997737528769,0.00661988737003464,0.00661672735479945,0.00656721939584688,0.00654618783747764,0.00645028304439264,0.00643659615573805,0.00637811399649332,0.00626884388819518,0.00617687077728141,0.00609534555209938,0.00590906430811745,0.00576662715672871,0.00575812295080655,0.00572059677723841,0.00530252574816026,0.00474972042204026,0.00416150025668447,0.00380410808797967,0.00329971941106139,0.0030357036880005,0.00265974182579449,0.00262561632141662,0.00253913127055546,0.00246066558049763,0.00243083267370709,0.00189063871782552,0.00163613610626863,0.00112905622110359,0.000874632465693836,0.000783580760597759],"convergence":0,"press_dep":false,"press_rng":[1013.25,1013.25]}}
