{"fa_S2B_MSI_M_band_7":{"type":"annular","coefficients":{"c1":1,"c2":0.338934434925968,"c3":-0.308823840717703,"c4":0.081060580727642,"c5":-1.65647095830412,"c6":-0.0762228301184812},"mare":0.000948182889327454,"rmse":0.000407776651568387,"mare_seq":[0.0084446664544703,0.00842167803037921,0.00834793772958125,0.00829758327756167,0.0079355441065831,0.00777821603034356,0.00760291792091024,0.00759538879478363,0.00676186562579521,0.00324703920092796,0.00314114787459489,0.00300476970347991,0.00280336583663878,0.00251816492325333,0.00230009170285625,0.00222943535523016,0.00216253282920578,0.00215330085465979,0.00209694112695814,0.00149633440794445,0.0013329255190924,0.00133262737267964,0.00119433327247048,0.00112953413860426,0.000958411372902694,0.000954576697611008,0.000953543530970034,0.000948516015786887,0.000948193821943358,0.000948190284532787,0.000948182889327454],"convergence":0,"press_dep":false,"press_rng":[1013.25,1013.25]}}
