{"fa_S2A_MSI_M_band_11":{"type":"annular","coefficients":{"c1":1,"c2":0.61589640675976,"c3":-0.0748442812377147,"c4":0.86846964034394,"c5":-0.299632832368635,"c6":-1.57500676439028},"mare":0.000872010732075718,"rmse":0.000383342648505377,"mare_seq":[0.00786791573119149,0.00786515553041966,0.00786513490675105,0.007865131854649,0.0078100297408223,0.0072462669737833,0.00701541227707798,0.0066979511650328,0.0065896033304359,0.00614297318905858,0.00500725698572311,0.00458910717547514,0.00455541679988446,0.0040509471411004,0.00315698938159196,0.00307343295592882,0.00259319799004075,0.00251889541937602,0.00250739916301354,0.00238696424784152,0.00235307523615226,0.00201041790736376,0.00186332106284307,0.00179388113647812,0.00174031667930975,0.0017180845661715,0.00142136851525566,0.001273202041169,0.000915526141457075,0.00087210009083002,0.000872010732075718],"convergence":0,"press_dep":false,"press_rng":[1013.25,1013.25]}}
