{"fa_S3B_OLCI_U_band_20":{"type":"annular","coefficients":{"c1":1,"c2":0.411250332561535,"c3":-0.105487683731998,"c4":0.133257968946683,"c5":-1.47646715296861,"c6":-0.336115405807908},"mare":0.000683486749733236,"rmse":0.000302155556739303,"mare_seq":[0.00896606007023744,0.00769226264998965,0.0065226242165282,0.00650505657141584,0.00644081304709573,0.00642076906688776,0.0063086226088721,0.00623732535389059,0.0062337753175794,0.005746963978733,0.00569549411854117,0.00566449590263139,0.00545674433133067,0.00527318636714058,0.00515407596762356,0.00515094884741855,0.00510254354368916,0.00486068348985572,0.00445204628714541,0.00378101017982724,0.00343734507506511,0.0031957723042388,0.00235259569924474,0.00224698478071903,0.00210407900232558,0.00191746840096637,0.00176143118313389,0.00143364002102154,0.00117447045439565,0.000908788356716435,0.000683486749733236],"convergence":0,"press_dep":false,"press_rng":[1013.25,1013.25]}}
