{"fa_SD_00_C_band_2":{"type":"annular","coefficients":{"c1":1,"c2":0.417284861443319,"c3":-0.297086340083465,"c4":0.92446746823262,"c5":-0.0861466615192222,"c6":-1.61012574052153},"mare":0.000686890883208516,"rmse":0.000292988245932053,"mare_seq":[0.00701466949437279,0.00689103172205537,0.00688132899694274,0.00687810899789674,0.00687798104844812,0.00687294528525742,0.0067398542254236,0.00638992177426179,0.00553423658900283,0.00457761290445321,0.00451020048927453,0.00383111591770919,0.00376679584745712,0.0029299497133436,0.00292024941134897,0.00277093053155177,0.0024507277953223,0.00244512638833391,0.00234248843969576,0.00216952410229817,0.0021015352183425,0.00208126099149272,0.00199750216878244,0.0018183378408662,0.00178684603797062,0.000991426057308332,0.000914946240426727,0.00089245350546249,0.000882756704484557,0.000779614740869883,0.000686890883208516],"convergence":0,"press_dep":false,"press_rng":[1013.25,1013.25]}}
