{"fa_S2A_MSI_U_band_8":{"type":"annular","coefficients":{"c1":1,"c2":0.491653660380805,"c3":-0.349190645576029,"c4":0.872550454787875,"c5":-0.10724351876986,"c6":-1.64688689954679},"mare":0.00068477085834617,"rmse":0.000353602659661443,"mare_seq":[0.00708276693124532,0.00671161677878787,0.00671160218675681,0.00671160209190862,0.00668981010550797,0.00567778416391972,0.00510843071394437,0.00443819518005816,0.00422473153083026,0.00418744663527139,0.00367357044258914,0.00285104835891392,0.00246025746247121,0.00245708879862773,0.00184664460030922,0.00136820991392872,0.00119543464015331,0.00119274977118187,0.00118948068012535,0.00113757683694697,0.00111186060367145,0.00105876599386526,0.000894552950535531,0.000788438029203777,0.000751894521855762,0.000691095986211979,0.000687045142658014,0.00068686747798229,0.000686636606649143,0.000684968781947148,0.00068477085834617],"convergence":0,"press_dep":false,"press_rng":[1013.25,1013.25]}}
