{"fa_S3B_OLCI_M_band_19":{"type":"annular","coefficients":{"c1":1,"c2":0.584020957756531,"c3":-0.0735335802564701,"c4":0.149945234393432,"c5":-1.47628392254746,"c6":-0.285892743963992},"mare":0.000889063598492837,"rmse":0.000297003461571279,"mare_seq":[0.0324334481921074,0.0109242358511341,0.00814487849048626,0.00812495928943237,0.00812081682476489,0.00811411301252798,0.00811243097827316,0.00810925352627126,0.00810663351439025,0.00809040812879978,0.00803067801735114,0.00798811428316355,0.00794518112406814,0.00749190031612834,0.00731843639181631,0.00731807929829947,0.00663129084844902,0.00649189427003098,0.00641134286422281,0.00622138051509875,0.00430627303721589,0.00399325296408775,0.00277999359674501,0.00270557588408753,0.0026522395605785,0.00257224588918025,0.00249814216652699,0.00216473038319718,0.00151097248849862,0.00114080773798813,0.000889063598492837],"convergence":0,"press_dep":false,"press_rng":[1013.25,1013.25]}}
