{"fa_S2C_MSI_U_band_1":{"type":"annular","coefficients":{"c1":1,"c2":0.489262241718057,"c3":-0.320034815696992,"c4":0.856093334159372,"c5":-0.0988447865920293,"c6":-1.45559563974665},"mare":0.000886039481173625,"rmse":0.000317505259135914,"mare_seq":[0.00805886076578208,0.00702742415701071,0.0070273412850147,0.00702733620986783,0.00702732974979341,0.00702732916705469,0.00702732840070235,0.00580849223214491,0.0039040779383488,0.00378937334673731,0.00294243871554288,0.00283565033974985,0.00235622387794272,0.00233763474280232,0.00227141788327558,0.00223698401040924,0.00201856983506441,0.00197355317061163,0.00190686035153018,0.00187219992350263,0.00174192275721524,0.00173976833877148,0.00158020283316907,0.00156831090432611,0.00156264294344854,0.00143906392835933,0.00143528269137598,0.00140260002549531,0.00102654094378721,0.000940369789680743,0.000886039481173625],"convergence":0,"press_dep":false,"press_rng":[1013.25,1013.25]}}
