{"fa_S2B_MSI_U_band_3":{"type":"annular","coefficients":{"c1":1,"c2":0.474686478855146,"c3":-0.345876133398699,"c4":0.890201561564556,"c5":-0.103958948559349,"c6":-1.71693125900861},"mare":0.000737730011941394,"rmse":0.000395885007425241,"mare_seq":[0.0728795186089774,0.0068351550933037,0.00683515298912551,0.00683515067683511,0.0067831675343587,0.00567701583659067,0.00517558238247758,0.00516161072964346,0.0040086360925841,0.00347027325755893,0.00277669690215899,0.00185690427377446,0.00161339795346848,0.00157340015283928,0.00155810778991255,0.00152948306462686,0.0014233253083395,0.00139828936600221,0.00123460715085771,0.00119159517248869,0.000995114934330451,0.00098160068434982,0.000973649074424634,0.000941835549448946,0.000871421439280356,0.000806552625290238,0.000759512462235804,0.000739417670031217,0.000737947004221175,0.000737818838772944,0.000737730011941394],"convergence":0,"press_dep":false,"press_rng":[1013.25,1013.25]}}
