{"fa_S3B_OLCI_M_band_13":{"type":"annular","coefficients":{"c1":1,"c2":0.561687486279126,"c3":-0.0717084286830469,"c4":0.845423345348535,"c5":-0.271865029319525,"c6":-1.41546850447384},"mare":0.000964151913004892,"rmse":0.000323596995783036,"mare_seq":[0.0155614321041732,0.0110471103196807,0.0102156684349923,0.00847046759616768,0.00840601353170865,0.00830013477353804,0.00805738720465318,0.00805334908514395,0.0080417389184112,0.00803478053074055,0.00803308565556208,0.00796245201039184,0.00782844763896706,0.0075240626658254,0.00750698316044067,0.00701137292846401,0.00614087105264188,0.00494346795528952,0.00492903962929087,0.00465007187509309,0.00419952209592749,0.0039338219380965,0.00362630893849351,0.00334288378852216,0.00270929074707094,0.00263221602743588,0.00251238822134486,0.00212151095796336,0.0020520998862687,0.00173547989938207,0.000964151913004892],"convergence":0,"press_dep":false,"press_rng":[1013.25,1013.25]}}
