{"fa_S2A_MSI_U_band_2":{"type":"annular","coefficients":{"c1":1,"c2":0.464799838512258,"c3":-0.102836140028728,"c4":0.113445341616553,"c5":-1.66862786395397,"c6":-0.341243156486507},"mare":0.000774005680011768,"rmse":0.0003654286840774,"mare_seq":[0.00697751269848801,0.00697750959196563,0.00697750812573901,0.00697750060013082,0.00693348446150511,0.00676983178516211,0.00629730749015372,0.00589666148747539,0.00565270311044907,0.0055019691805848,0.00501150904489788,0.00488660411129327,0.00315592799494143,0.00267072787399695,0.00259345409367103,0.00256969705157681,0.00215453306910779,0.00209720699303172,0.00206350059897631,0.00193864725087295,0.00193752117605871,0.00152033068519725,0.00131116633382763,0.00125833820332973,0.00116487634913029,0.00109250183994119,0.00106809901643753,0.000902243119608815,0.000774983923521782,0.000774012187327454,0.000774005680011768],"convergence":0,"press_dep":false,"press_rng":[1013.25,1013.25]}}
