{"fa_S2C_MSI_C_band_3":{"type":"annular","coefficients":{"c1":1,"c2":0.427580066193017,"c3":-0.292436680554339,"c4":0.0815611333701172,"c5":-1.54587777276887,"c6":-0.0857822221515964},"mare":0.000792493281343348,"rmse":0.00029380332837345,"mare_seq":[0.00720655908397003,0.00668847348006578,0.00668847084695309,0.00668846944453953,0.00662069722687767,0.0066194072680794,0.0065857646543345,0.00634567819607876,0.005701230302319,0.00557989383955263,0.00542124134985587,0.00474192589594496,0.00411261976079351,0.00364075266970344,0.00277667945696495,0.00275730829569665,0.00253083604218382,0.00245083892022642,0.00239349739851171,0.00235581048376206,0.00230146589674987,0.00223753447260647,0.0019619905425088,0.00153101165895129,0.0014990721168422,0.00148922859436663,0.0014687955590242,0.00132324867190065,0.00108228994568634,0.000896546237943767,0.000792493281343348],"convergence":0,"press_dep":false,"press_rng":[1013.25,1013.25]}}
