{"fa_SD_00_M_band_3":{"type":"annular","coefficients":{"c1":1,"c2":0.60914239995667,"c3":-0.0768937829351991,"c4":0.13837212697274,"c5":-1.68207302475756,"c6":-0.312589570386239},"mare":0.000994292169859878,"rmse":0.000429825165090684,"mare_seq":[0.0103779216284976,0.00855667853804535,0.00854939992968382,0.00852840248013484,0.00852461089542975,0.00852460789427854,0.00849349275276585,0.00846382719732537,0.00814904587901339,0.00812335453363489,0.0070741954512556,0.00705475681662637,0.00670056107236164,0.00323139950860673,0.00293161754620159,0.0028114232061362,0.0027776467566603,0.00250833745798121,0.00246298450785914,0.00245930348967899,0.00218292635029746,0.00197924344126678,0.00159851201208394,0.00144492891009257,0.00130264034696194,0.00128798285532953,0.00108382060055348,0.00105457488968029,0.000996480834163298,0.000995464929929143,0.000994292169859878],"convergence":0,"press_dep":false,"press_rng":[1013.25,1013.25]}}
