{"fa_S2B_MSI_C_band_11":{"type":"annular","coefficients":{"c1":1,"c2":0.523418245371814,"c3":-0.0943851955128429,"c4":0.117347480546777,"c5":-1.65035752462675,"c6":-0.332772830312114},"mare":0.000712638712861062,"rmse":0.000377592798933457,"mare_seq":[0.00710499881944846,0.00710491550922313,0.00710487802134474,0.0071048749092497,0.00710487410459536,0.00519784724213683,0.00424476118768853,0.0037313346942233,0.00301353994675462,0.00281672536646134,0.0027663366295929,0.00241373119272412,0.00208369591265033,0.00207236845093826,0.00205426044290594,0.00170366977488081,0.0016349300162549,0.00157377825941899,0.00157344989667091,0.00154499108815668,0.00145836928010368,0.00137672568461827,0.00126826065242059,0.00118001127382184,0.00108744301822061,0.000869201057748312,0.000765352131505829,0.000713843228741053,0.000712802072523131,0.000712731130439055,0.000712638712861062],"convergence":0,"press_dep":false,"press_rng":[1013.25,1013.25]}}
