{"fa_S2C_MSI_M_band_7":{"type":"annular","coefficients":{"c1":1,"c2":0.597175456130056,"c3":-0.075099435054869,"c4":0.141845172527887,"c5":-1.59238407960062,"c6":-0.299531646756729},"mare":0.000861598176076937,"rmse":0.000340960471459536,"mare_seq":[0.00847986579061249,0.00843517046224453,0.00843374019819063,0.00843280535919022,0.00843278256873621,0.00843278008065892,0.00820939485122678,0.00811963285882119,0.00734362974066786,0.00730674299591056,0.00556583650135224,0.00491610408537758,0.00483722697175536,0.00445099033079272,0.00424922223669779,0.00373102223577919,0.0035157785100439,0.00313250271801319,0.00298455995686198,0.00268984051900968,0.00264083127502285,0.0025883084694656,0.00208519097689921,0.00204542017503465,0.00159332410803944,0.00155064960132237,0.00153318105382999,0.00119930959436883,0.000868801456444274,0.00086707404247584,0.000861598176076937],"convergence":0,"press_dep":false,"press_rng":[1013.25,1013.25]}}
