{"fa_S3A_OLCI_C_band_13":{"type":"annular","coefficients":{"c1":1,"c2":0.0494155494012612,"c3":-1.56354540959657,"c4":0.460562171473845,"c5":-0.298127967784785,"c6":-0.0877582744712457},"mare":0.000707741570340566,"rmse":0.000296673916396797,"mare_seq":[0.00916930613059157,0.0085953077323773,0.00736876386238846,0.00680672172033214,0.00668982182182769,0.00664758787237983,0.00660717073352374,0.00660074145744104,0.00658561887053328,0.00641579799695164,0.00640530198350994,0.0062485925319543,0.00624225728845078,0.00598302398678012,0.00597730009622596,0.00532661898779911,0.00525795741994973,0.0050300174401841,0.0046962838114392,0.00465315830653191,0.00327703876414846,0.00319435737463011,0.00304212086886336,0.00272627040712612,0.00255797006793362,0.00252080295630981,0.00210709726132396,0.00166372428210993,0.00120706633828657,0.00104234653329674,0.000707741570340566],"convergence":0,"press_dep":false,"press_rng":[1013.25,1013.25]}}
