{"fa_S2C_MSI_M_band_5":{"type":"annular","coefficients":{"c1":1,"c2":0.594562354255018,"c3":-0.0751630693596868,"c4":0.857726591482274,"c5":-0.29952840406235,"c6":-1.59185669884273},"mare":0.000914685473215421,"rmse":0.000365961660285363,"mare_seq":[0.0206316067424466,0.00847553796355151,0.0084754737328923,0.00847547218203347,0.00847545624951406,0.00810983435277763,0.0077141211129645,0.00671932667954472,0.00637364132384802,0.00414962074573938,0.0033461769134884,0.00327530463393753,0.00275904011593248,0.0027067948554421,0.00267315096364962,0.00266771888633838,0.00243875364285031,0.00194889844900644,0.0013065958271404,0.00119417155095201,0.00115252956440607,0.00110808560944653,0.00103992096737681,0.00103622129799411,0.00102697550562192,0.000960304670993235,0.000937300947075106,0.000923108028887236,0.000915563675532952,0.000914786354218204,0.000914685473215421],"convergence":0,"press_dep":false,"press_rng":[1013.25,1013.25]}}
