{"fa_SeaHawk1_HawkEye_M_band_4":{"type":"annular","coefficients":{"c1":1,"c2":0.324410917276346,"c3":-0.333379278386456,"c4":0.929189123815396,"c5":-0.0789305954376426,"c6":-1.85617594225083},"mare":0.00102403548232606,"rmse":0.000553262103431409,"mare_seq":[0.0090966449749987,0.00900579119200519,0.00868837224683095,0.00859383857737201,0.00854647771588439,0.00851936063639815,0.00845560939876461,0.00819510396638082,0.00810227492953208,0.00801925437448779,0.00782747775704108,0.00764192808831411,0.00758677214387029,0.00703146882356506,0.00627201477892219,0.0055282317293749,0.00440212539289735,0.00378342990480371,0.00334318410366767,0.00325446074196994,0.00303769934847591,0.00276633636020736,0.00263274010198542,0.00232274746635602,0.0022599514649027,0.00214188324460759,0.00210522110970903,0.00208250545867548,0.00167299373396204,0.00167184916471437,0.00102403548232606],"convergence":0,"press_dep":false,"press_rng":[1013.25,1013.25]}}
