{"fa_S2C_MSI_C_band_2":{"type":"annular","coefficients":{"c1":1,"c2":0.5428796060175,"c3":-0.0864968061028796,"c4":0.0921735887022681,"c5":-1.67080386178397,"c6":-0.301111836004896},"mare":0.0007331373427325,"rmse":0.000340521707577628,"mare_seq":[0.00686762813632437,0.00686762226021891,0.00686759554751129,0.00686759357956973,0.00686740196523448,0.00662535089113172,0.00611375375798074,0.00601584659208069,0.00541591267925343,0.004280480622439,0.00365766203469065,0.0033224512780671,0.00237512977759663,0.00190863000017437,0.00172271715365091,0.00171498206254443,0.00159872888403841,0.00130252348640499,0.00111019482416431,0.0010904662347624,0.00103234829484452,0.000975081913613412,0.000895100345792372,0.00079288248126232,0.000782371028043802,0.000778452161711261,0.000770808475927294,0.00075734556222653,0.000748154015198373,0.000733145297811167,0.0007331373427325],"convergence":0,"press_dep":false,"press_rng":[1013.25,1013.25]}}
