{"fa_S3A_OLCI_U_band_13":{"type":"annular","coefficients":{"c1":1,"c2":0.374387097877161,"c3":-0.095548075244212,"c4":0.845781091973016,"c5":-0.298256604326243,"c6":-1.22499083440784},"mare":0.00105143439222635,"rmse":0.000336737391711248,"mare_seq":[0.00933037308435359,0.00723980195448464,0.00711219379960925,0.00696136785831126,0.00670710696896365,0.00660750324098459,0.00650439576886164,0.00647983323155017,0.00647837944992276,0.00620591618364058,0.00570187037110348,0.00528341893631231,0.00527294940279137,0.00485528307921574,0.00462477115354838,0.00443572031454533,0.00435711663427944,0.00393667129980619,0.00340147902418727,0.00337067657540969,0.00308633156229432,0.00300185384680014,0.00277692834135913,0.00216647667767162,0.00209975362163099,0.00205484775205878,0.00200670983435358,0.00174802783247352,0.00107097060805697,0.00105443957900052,0.00105143439222635],"convergence":0,"press_dep":false,"press_rng":[1013.25,1013.25]}}
