{"fa_SeaHawk1_HawkEye_M_band_2":{"type":"annular","coefficients":{"c1":1,"c2":0.0520129933491414,"c3":-1.73568329893229,"c4":0.655989153117245,"c5":-0.0784963282720474,"c6":-0.325022359733324},"mare":0.000958385521357144,"rmse":0.000528998769759469,"mare_seq":[0.0114264665363276,0.0104990458840794,0.00860563073628648,0.00859980698645389,0.00856373184719552,0.0080685956542954,0.00774898837289787,0.00756205905540619,0.00750790434604851,0.00661595038138079,0.00608047151002722,0.00547075941302986,0.00476860017479346,0.00461898726414174,0.00423379731810205,0.00415039033089302,0.00311676412002525,0.00273867663314282,0.00273378843990224,0.00254169571744368,0.00254003316642578,0.00252660074306248,0.00218863187793986,0.00212012761986509,0.00200075706148855,0.00199572833188943,0.00175728104857101,0.00175113105544427,0.00102548003408976,0.000965962574754524,0.000958385521357144],"convergence":0,"press_dep":false,"press_rng":[1013.25,1013.25]}}
