{"fa_S3B_OLCI_U_band_5":{"type":"annular","coefficients":{"c1":1,"c2":0.476856650015206,"c3":-0.33758374338455,"c4":0.880623576104247,"c5":-0.102520182834123,"c6":-1.60789610637289},"mare":0.00068291591917734,"rmse":0.000334509115153369,"mare_seq":[0.00717078909502523,0.0066970249702746,0.00668875504354128,0.00646258019765447,0.00636103041251167,0.00594770840329849,0.00594431401722481,0.00564245408068247,0.0053972092800587,0.00530868955128582,0.00509244870554066,0.0042762508000301,0.00403950012665409,0.00400997043727089,0.00393327173325835,0.00387692576185128,0.00386321630139595,0.00366783254846494,0.00363176224370314,0.00322012784227657,0.00315301412745002,0.00265018394845795,0.00234495568088031,0.00217730421581214,0.00159703593213362,0.00148939863698544,0.00126349576644033,0.00124928309222474,0.00116998705602399,0.00111018191268238,0.00068291591917734],"convergence":0,"press_dep":false,"press_rng":[1013.25,1013.25]}}
