{"fa_S3A_OLCI_M_band_9":{"type":"annular","coefficients":{"c1":1,"c2":0.571418386455184,"c3":-0.0729023786642324,"c4":0.847234614030045,"c5":-0.27932283920596,"c6":-1.45785307695221},"mare":0.00086877649447425,"rmse":0.000295345126268572,"mare_seq":[0.00972011311889441,0.00945249263948069,0.00932961493555384,0.00839822850889504,0.008352530876978,0.00830150627311196,0.00815345323458799,0.00813435537503286,0.00813433300125169,0.00813414803978088,0.00801609677448869,0.00799537196974994,0.00786206148237056,0.00782810360009476,0.00767760043282721,0.00668738912194014,0.00585200473746175,0.00574671232882117,0.0054496365431682,0.0053041423748408,0.00484952804958737,0.0046572998156473,0.0043304918509847,0.00356147181112645,0.00333496054232892,0.00242768666933019,0.00232518810177878,0.00208373204315408,0.00198290451643563,0.0019590789479338,0.00086877649447425],"convergence":0,"press_dep":false,"press_rng":[1013.25,1013.25]}}
