{"fa_S3B_OLCI_U_band_4":{"type":"annular","coefficients":{"c1":1,"c2":0.486169402232589,"c3":-0.105593255373978,"c4":0.897707419450543,"c5":-0.357150950666639,"c6":-1.8281790143009},"mare":0.000819352597632397,"rmse":0.000491714693720394,"mare_seq":[0.00854888725265477,0.0071421637011365,0.00697031416522626,0.00685988707118132,0.00682597248355105,0.00682180618468518,0.0068212586450096,0.00677185663652318,0.00673291154721105,0.00597047609868842,0.00579621650671203,0.00556227490089101,0.00555540078690466,0.00527081957675066,0.00444766155976021,0.00431113666977674,0.00291053599335061,0.00289957933419976,0.00259042714273879,0.00244346718489242,0.00240701705968364,0.00238540484070597,0.00238523711725525,0.00214444582171558,0.00200466594599051,0.00157757703200388,0.00147983253817313,0.00136779090047003,0.00129325145812771,0.00102030406661931,0.000819352597632397],"convergence":0,"press_dep":false,"press_rng":[1013.25,1013.25]}}
