{"fa_SD_00_U_band_6":{"type":"annular","coefficients":{"c1":1,"c2":0.455062724251495,"c3":-0.104194489810534,"c4":0.113075218590736,"c5":-1.64922214962916,"c6":-0.34296688478748},"mare":0.000769066284497124,"rmse":0.000366164770363583,"mare_seq":[0.00882591266050599,0.00790234039291373,0.00678365281586199,0.00678360544640872,0.00678360436524333,0.00678360323466099,0.00676897328004555,0.0066757056044656,0.00569585449995104,0.00553886589979417,0.00503912437736254,0.00414003336441038,0.00330633167486858,0.00266727885765127,0.0023092471591897,0.0022862139146889,0.00222971582167885,0.00217182038704117,0.00216272230231234,0.00198608790244234,0.00175062041699764,0.0016633769057734,0.00154074910056461,0.0015028335436222,0.000865639596356243,0.000827917302960746,0.000800528799459812,0.000769344595349748,0.0007691955692399,0.000769070182603664,0.000769066284497124],"convergence":0,"press_dep":false,"press_rng":[1013.25,1013.25]}}
