{"fa_S3B_OLCI_M_band_20":{"type":"annular","coefficients":{"c1":1,"c2":0.600393382479338,"c3":-0.0750769669226255,"c4":0.143388265476996,"c5":-1.55188595419505,"c6":-0.299448810522633},"mare":0.000778499353006122,"rmse":0.000320793302470439,"mare_seq":[0.010279583917909,0.00947414951663317,0.00936356227370419,0.00836778509495121,0.00817354409200882,0.00817262285705745,0.00801707012504914,0.00801250848127744,0.00800974554231458,0.00800606188208363,0.00787881144588224,0.00761881882890769,0.00745972565509356,0.00730883850363473,0.00717369727144352,0.00716836937694077,0.0069475029509404,0.00668380612819512,0.00621386560587279,0.0058199342672827,0.00536335457231607,0.00486697949724323,0.00417934619591067,0.00363947457251428,0.00262234533253251,0.00177252127012024,0.00150428417886901,0.00109111616785574,0.000891539975075841,0.000807928039442039,0.000778499353006122],"convergence":0,"press_dep":false,"press_rng":[1013.25,1013.25]}}
