{"fa_S2A_MSI_C_band_12":{"type":"annular","coefficients":{"c1":1,"c2":0.523710944937442,"c3":-0.092004151244437,"c4":0.122647695180501,"c5":-1.60732089961527,"c6":-0.326100849718194},"mare":0.000806374232931254,"rmse":0.000392715808369783,"mare_seq":[0.00723947543249829,0.00723911203794804,0.00723905279712556,0.00723905236063803,0.00723904888522308,0.00660691832934715,0.00643555549185171,0.00549349035162974,0.00518711207516841,0.00511551288903132,0.00491768512115736,0.00468573553471316,0.00376114141314589,0.00288680503565837,0.00266399431956497,0.00244290286791041,0.00240212612432217,0.00215279512684162,0.0019963481102169,0.00195630667358216,0.00191685720561506,0.00160171837874258,0.00156099457811656,0.00135071030772046,0.00123725336831233,0.00095912684026613,0.000900779987092553,0.000831671064468884,0.000808955005340153,0.00080686195356146,0.000806374232931254],"convergence":0,"press_dep":false,"press_rng":[1013.25,1013.25]}}
