{"fa_S2B_MSI_U_band_2":{"type":"annular","coefficients":{"c1":1,"c2":0.476018312217445,"c3":-0.341211654991209,"c4":0.885449254969871,"c5":-0.102549885792503,"c6":-1.66660497555286},"mare":0.000769409949984735,"rmse":0.00034084536236982,"mare_seq":[0.0118739395284095,0.00693424472678949,0.00693423484113071,0.00693393026950889,0.00693345448228503,0.00677603816289246,0.00676356580047805,0.00620940404620139,0.00591640959002676,0.00545826411884298,0.00518788241880772,0.00490979579998249,0.00487430604650268,0.00404276926409424,0.0040057117288877,0.00358500680925382,0.00304010349841656,0.00258554400539023,0.00244023460632973,0.00200402557608628,0.00144845430927239,0.00141128408076232,0.00121899466029501,0.00121210791070133,0.0011556696860483,0.00104405238618732,0.000853355740776125,0.000843818248325341,0.000839633417770441,0.000790321731733312,0.000769409949984735],"convergence":0,"press_dep":false,"press_rng":[1013.25,1013.25]}}
