{"fa_S2B_MSI_M_band_11":{"type":"annular","coefficients":{"c1":1,"c2":0.611422375194107,"c3":-0.0744481884402404,"c4":0.134897894404575,"c5":-1.53232900361078,"c6":-0.295283538084079},"mare":0.000750268513418957,"rmse":0.000335075397576432,"mare_seq":[0.00929577084429431,0.00779783879411129,0.00779782248621696,0.00779165946590535,0.00730385204951419,0.00459267631868877,0.00433415217334567,0.00392763066345947,0.00367655238259354,0.00352924353271978,0.00338414138810375,0.00335572903389089,0.00332040545882504,0.00291790219120684,0.0026827176371758,0.00264184905671663,0.0025212009674129,0.0023606207666669,0.00192224664158402,0.00177205886548162,0.00167214395121445,0.00159944911458175,0.00132280118804775,0.00105702821230472,0.000995640275419564,0.000983196251600989,0.000920931595162993,0.000905153315046075,0.000787396876669272,0.000762918400473936,0.000750268513418957],"convergence":0,"press_dep":false,"press_rng":[1013.25,1013.25]}}
