{"fa_S2C_MSI_C_band_1":{"type":"annular","coefficients":{"c1":1,"c2":0.554469791812864,"c3":-0.0873602903633427,"c4":0.0933217992765446,"c5":-1.68395658456064,"c6":-0.305928336772278},"mare":0.000747460980492135,"rmse":0.000361748524263927,"mare_seq":[0.00688516489635784,0.00685488692327602,0.00685488005126712,0.00685487402361757,0.00685486281571195,0.00665511280307306,0.00640223774844321,0.00631108109407295,0.00568383005550408,0.00565796023718624,0.00516404341533208,0.00452389749545107,0.00343193972936287,0.00334108542131553,0.00325616426600236,0.00255305513789049,0.00243858052072526,0.00225715174582699,0.00204966067199273,0.00185675584676632,0.00184915812590863,0.00163448528196535,0.00158342805123847,0.00118830843789569,0.00118200019039795,0.00101397723039999,0.000988851317831219,0.000811705722188209,0.00075608881406237,0.000747748721455563,0.000747460980492135],"convergence":0,"press_dep":false,"press_rng":[1013.25,1013.25]}}
