{"fa_S2C_MSI_U_band_6":{"type":"annular","coefficients":{"c1":1,"c2":0.0607928568997264,"c3":-1.66669969968112,"c4":0.484260884860596,"c5":-0.105930344976126,"c6":-0.348762717196666},"mare":0.000703940026081634,"rmse":0.000357569020148252,"mare_seq":[0.00901667861174828,0.00726586771895821,0.00671148774417508,0.00671148715550513,0.00671148690892052,0.00671148644642069,0.00671148582855247,0.00627056036024751,0.00618630541023717,0.00610664678258797,0.00576802075055877,0.00570278416692114,0.00537234308836479,0.00282565623081456,0.0027467602537213,0.00249201692738616,0.00227919943161278,0.00226606384258307,0.00209917357374063,0.00190064817697953,0.00153503105247058,0.00148652103276495,0.00122733305321535,0.000960111369351154,0.000903954361486342,0.000874913737422527,0.000817525311802074,0.000705465448850414,0.000704370789935261,0.000703949455228632,0.000703940026081634],"convergence":0,"press_dep":false,"press_rng":[1013.25,1013.25]}}
