{"fa_S3A_OLCI_M_band_6":{"type":"annular","coefficients":{"c1":1,"c2":0.393580443167962,"c3":-0.245553369778108,"c4":0.862302598359161,"c5":-0.0686232852809776,"c6":-1.21513255279929},"mare":0.00138798119806443,"rmse":0.000355159533672734,"mare_seq":[0.00935667421535725,0.00873059411059098,0.00840660388382415,0.00839039167954085,0.00835351278111722,0.00835276891526781,0.00835106220764755,0.0083463088048902,0.00833518226519825,0.00832607302588137,0.0083181265302522,0.00802569327670663,0.00795368263726581,0.00739621205006434,0.0067823921393082,0.00670635135085049,0.00524424446410073,0.00524121498841615,0.0050319747542696,0.00479768275954327,0.00477992376972304,0.00413713224300627,0.00381275027126813,0.00350480623598242,0.00311606033459863,0.0030287949051484,0.00299368429229747,0.00289029827349345,0.00234045118134959,0.00141318028010029,0.00138798119806443],"convergence":0,"press_dep":false,"press_rng":[1013.25,1013.25]}}
