{"fa_S2B_MSI_U_band_10":{"type":"annular","coefficients":{"c1":1,"c2":0.424942092897083,"c3":-0.10742736953657,"c4":0.875716313642089,"c5":-0.346289135420146,"c6":-1.58204121576824},"mare":0.000752928607154271,"rmse":0.000352563375500648,"mare_seq":[0.00932187159965658,0.00669653155775056,0.00669582187101605,0.00669575189406783,0.00669574874234994,0.00669366608259746,0.00526903644135387,0.00405662429879678,0.00400762391209575,0.00334419984985426,0.0031518463048655,0.00281857014796775,0.00239798527075511,0.00237931200245752,0.00216439347946435,0.00132721708305761,0.00109019071590556,0.00102497528324398,0.000904241572868745,0.000853591631440348,0.000815707840487612,0.000793338653633314,0.000791109334936252,0.000756048744564155,0.000754370604499499,0.00075336637645795,0.000753042409972199,0.00075296277857188,0.000752959549248931,0.000752957905572316,0.000752928607154271],"convergence":0,"press_dep":false,"press_rng":[1013.25,1013.25]}}
