{"fa_S2B_MSI_C_band_3":{"type":"annular","coefficients":{"c1":1,"c2":0.4463469720659,"c3":-0.280197570332743,"c4":0.908023610344363,"c5":-0.0833400421104098,"c6":-1.46482422202901},"mare":0.000760679137676245,"rmse":0.000242234797294357,"mare_seq":[0.0101206768433449,0.00681514118149929,0.00681483129728388,0.00681482615965969,0.00681482339598594,0.00681482092351201,0.00681482034092396,0.00681481737742384,0.00681481259846865,0.00681476627530247,0.00681453560438881,0.00628678765792488,0.00599256651920755,0.00596762669746745,0.00592258442465673,0.00591973179893039,0.00447936964834572,0.00429843472410413,0.0032765556002459,0.00299308521969624,0.00266636277295214,0.00246951008408682,0.00210281281440499,0.00194620051118103,0.00193846741853406,0.00164680990203916,0.00156718655377139,0.00138645516641863,0.000946897071224105,0.000935599690495033,0.000760679137676245],"convergence":0,"press_dep":false,"press_rng":[1013.25,1013.25]}}
