{"fa_SD_00_U_band_8":{"type":"annular","coefficients":{"c1":1,"c2":0.485387386266459,"c3":-0.364638114995719,"c4":0.110916367564633,"c5":-1.78550365829147,"c6":-0.110203894011337},"mare":0.000738198636535277,"rmse":0.000419397940456711,"mare_seq":[0.00669480657841706,0.00669480442127656,0.00669480137711429,0.0066948006152793,0.0066947994704602,0.00669278092166571,0.00657421607339231,0.00634648306498664,0.00464084052430814,0.00431095567247791,0.00300975868062518,0.00290627598263288,0.00277189090247967,0.0026898416341776,0.0023396945540424,0.00215549416167005,0.00212661594153925,0.00208584575054444,0.00162677383504039,0.00139955963366827,0.00128235267872492,0.00122337222509435,0.00111399807225687,0.00110462613187278,0.000947977206270788,0.000895487901614534,0.000742629996178648,0.000740750839300065,0.000738857882534404,0.000738822334248857,0.000738198636535277],"convergence":0,"press_dep":false,"press_rng":[1013.25,1013.25]}}
