{"fa_SD_00_U_band_7":{"type":"annular","coefficients":{"c1":1,"c2":0.0613238016554896,"c3":-1.64726164062923,"c4":0.511268639129668,"c5":-0.347263461339873,"c6":-0.105635958475567},"mare":0.000751792080038626,"rmse":0.000360767098899694,"mare_seq":[0.00667285844151085,0.00667285097178614,0.00613037033339419,0.00611725215352577,0.00604872729941277,0.00531864924568159,0.00513096951239469,0.00403519571435983,0.00250514128541627,0.00240054387306467,0.00236974427257199,0.0023097935176799,0.00210833896804661,0.00196728446541843,0.00183877695035325,0.00182578314970587,0.00180856189403923,0.00163098678915869,0.00147406530186483,0.00142391352169675,0.00124500797570205,0.00121922705300588,0.00107027056310874,0.001051371616327,0.000927331583085413,0.000839959103679363,0.000789647065152081,0.000757588554633611,0.000755581072225277,0.000751812488758041,0.000751792080038626],"convergence":0,"press_dep":false,"press_rng":[1013.25,1013.25]}}
