{"fa_S3A_OLCI_M_band_11":{"type":"annular","coefficients":{"c1":1,"c2":0.341486628592436,"c3":-0.306184155427338,"c4":0.914367915518967,"c5":-0.0758989085296858,"c6":-1.59729531751758},"mare":0.000847011032528125,"rmse":0.000363878596290502,"mare_seq":[0.0163219682429234,0.0100322623475728,0.00953464441855986,0.00890029227750301,0.00869673844490095,0.00828463563755372,0.0082584629262298,0.00822364548149246,0.00821747795216053,0.0079462327597498,0.00792855567926036,0.00791918317189766,0.00759431741919713,0.00744133103456518,0.00704722379589897,0.0066904438629249,0.0059914121600261,0.00552829019247945,0.00499496309020961,0.00463110105831509,0.00304607744056032,0.00297761772059811,0.00261302564681915,0.00233480634173239,0.00232152530173943,0.00218492118886609,0.00206782894335385,0.00164962509843571,0.00125179893040495,0.000928947458063144,0.000847011032528125],"convergence":0,"press_dep":false,"press_rng":[1013.25,1013.25]}}
