{"fa_S3B_OLCI_C_band_4":{"type":"annular","coefficients":{"c1":1,"c2":0.474740698836013,"c3":-0.0792608616769921,"c4":0.112254281805585,"c5":-1.33958140499232,"c6":-0.262308294966493},"mare":0.000827554149625745,"rmse":0.00028201230222611,"mare_seq":[0.0101964614647396,0.0081756415217895,0.00767371219106394,0.0073408985260554,0.00698421971050157,0.006595386375989,0.00642810555818763,0.00642647376379208,0.00640876627808191,0.00634729563039167,0.00626182331552344,0.00619070059947745,0.00616553167773675,0.00597283306400707,0.00581362653468289,0.00580186452316312,0.00577820740673503,0.00571680959243601,0.0056362852409221,0.00518483586024848,0.00419294843642073,0.00405494457157931,0.00398556855352951,0.00353471330428208,0.00351552309863851,0.00350769078964692,0.00345113252052649,0.00158197310674532,0.00154895791787341,0.00117504401102093,0.000827554149625745],"convergence":0,"press_dep":false,"press_rng":[1013.25,1013.25]}}
