{"fa_S2B_MSI_U_band_8":{"type":"annular","coefficients":{"c1":1,"c2":0.487205033140479,"c3":-0.354999590248289,"c4":0.119983836334956,"c5":-1.69047073015783,"c6":-0.108352159360745},"mare":0.000691780509352236,"rmse":0.000380064352349194,"mare_seq":[0.0066639609023911,0.00664286774125547,0.00664285562932104,0.00664285067333855,0.00664078059427127,0.0066381104093603,0.00622264706885437,0.0054017035992183,0.00523835531361075,0.0048368944062587,0.00451703646916816,0.00298106793894206,0.00279659076230594,0.0024794278651015,0.00227622337924193,0.0014001996179818,0.00129695071478402,0.00114909790550012,0.00114416982607595,0.00113274539842288,0.00102769005165203,0.000959902850991945,0.000954837355511351,0.000868922997256966,0.00078866881989103,0.000747613735575873,0.00071969155595531,0.000701264270467137,0.000691819167661297,0.000691795420082906,0.000691780509352236],"convergence":0,"press_dep":false,"press_rng":[1013.25,1013.25]}}
