{"fa_S3A_OLCI_U_band_14":{"type":"annular","coefficients":{"c1":1,"c2":0.498220537049828,"c3":-0.332433081515363,"c4":0.143634609622086,"c5":-1.49739927968798,"c6":-0.103417175829579},"mare":0.00070064719203968,"rmse":0.000302699666277511,"mare_seq":[0.00741889225749382,0.00699671404699077,0.00672629767108732,0.0065296943789068,0.00652709219601871,0.00648822211798035,0.00648807927145078,0.00648541730647059,0.0063353308737504,0.00626879202985408,0.00590294862854538,0.00586358546451145,0.00537023006677277,0.0052164057959006,0.00518122267022449,0.00491972510563189,0.00478616050586592,0.0046523853185162,0.00432442107216654,0.00415205353048866,0.00321127804540936,0.0030553284800741,0.00298932307182148,0.00239633308225812,0.00221985584788946,0.00199874836827827,0.00187143606177444,0.00140456891972803,0.00129482834477427,0.000736780450836784,0.00070064719203968],"convergence":0,"press_dep":false,"press_rng":[1013.25,1013.25]}}
