{"fa_SD_00_M_band_1":{"type":"annular","coefficients":{"c1":1,"c2":0.344575274851401,"c3":-0.305088705977646,"c4":0.913219126562543,"c5":-0.0760504721799944,"c6":-1.66835453753543},"mare":0.00105258038957704,"rmse":0.000390252455151492,"mare_seq":[0.0103119828527651,0.0087792392312468,0.00877923170545642,0.00807668924101175,0.007826591569301,0.00631007510472026,0.00621998969058088,0.00529901616242701,0.00395332979832367,0.00385920835329588,0.00374690384153282,0.00371586278396428,0.00337589546691434,0.00334624253034446,0.00292406305956716,0.00267683148829684,0.00265844124601994,0.00242383577282389,0.00217529324927891,0.00208473351240217,0.00191179245928701,0.00181029023129713,0.00176672406851432,0.00167276040495476,0.00162193903356957,0.00160762213269748,0.00123314406111936,0.00107981769862291,0.00105650530115668,0.00105405116900795,0.00105258038957704],"convergence":0,"press_dep":false,"press_rng":[1013.25,1013.25]}}
