{"fa_SD_00_M_band_8":{"type":"annular","coefficients":{"c1":1,"c2":0.333172609713485,"c3":-0.314553830869469,"c4":0.0784941429468983,"c5":-1.66332882907521,"c6":-0.0765833873570873},"mare":0.000978241229092288,"rmse":0.000413678726731236,"mare_seq":[0.00999341952445487,0.00829971665901755,0.00829961998713664,0.00829961668964693,0.00829961386920647,0.00829961236008631,0.00829944833738745,0.00826163716181222,0.00794879573336905,0.00770579751314295,0.00644973191839832,0.00575305755002157,0.00550328366821196,0.00542203263593265,0.00504475920113936,0.00358267564283694,0.00341214219631188,0.00294479375913215,0.00283621183585078,0.00230963698760866,0.00187634793260769,0.00174081316101186,0.00155247090796609,0.00143155366649917,0.0013205810898376,0.00125506443979328,0.00122249318123551,0.0012023949849394,0.0010843522144536,0.000998291172250373,0.000978241229092288],"convergence":0,"press_dep":false,"press_rng":[1013.25,1013.25]}}
