{"fa_S2A_MSI_C_band_8":{"type":"annular","coefficients":{"c1":1,"c2":0.527155733921401,"c3":-0.0904655214105724,"c4":0.902267805676543,"c5":-0.312336499369718,"c6":-1.67948985526899},"mare":0.000751611446916448,"rmse":0.000348110933323303,"mare_seq":[0.00700074143983615,0.00698769169853617,0.0069876838617126,0.00698768192405308,0.00698768160023094,0.00698715609462593,0.00698039459488278,0.00659057759955741,0.00609246680505451,0.00552390306252639,0.00500659656921228,0.00475229676112618,0.00419652874574003,0.00370645542819386,0.00355811186979672,0.00255246083736302,0.00216536877650217,0.00193690981274899,0.00161457797432852,0.00156137688080869,0.00145047404419234,0.00110248481017537,0.000905395809192294,0.000884625701971007,0.000791054435782228,0.000780903444404296,0.000765914630245082,0.000752616076881443,0.000752311257789043,0.000751639096259563,0.000751611446916448],"convergence":0,"press_dep":false,"press_rng":[1013.25,1013.25]}}
