{"fa_SeaHawk1_HawkEye_C_band_3":{"type":"annular","coefficients":{"c1":1,"c2":0.410873076415502,"c3":-0.30132915005528,"c4":0.0726229510595154,"c5":-1.64009424152685,"c6":-0.0869170051323506},"mare":0.000796445268981477,"rmse":0.000353271311523908,"mare_seq":[0.0118005579892309,0.00744015343583965,0.00707575845092825,0.00687793422109833,0.00687503651571361,0.0068690819064666,0.00686151584121791,0.00685811585538321,0.00685575378639739,0.00678012211102189,0.00674476785737133,0.00672508431218711,0.00669447669934723,0.00665415092682181,0.00656834893603062,0.00643979214158897,0.00630040619968435,0.00615353490784738,0.00599014847621819,0.00452514281512756,0.00387602285354859,0.00299174615172943,0.00295040362371783,0.00281918397800663,0.00151912433326489,0.00144460693752603,0.00140317595263316,0.000903449910418241,0.000834952183209434,0.000814134611009736,0.000796445268981477],"convergence":0,"press_dep":false,"press_rng":[1013.25,1013.25]}}
