{"fa_S2A_MSI_C_band_13":{"type":"annular","coefficients":{"c1":1,"c2":0.531597824637489,"c3":-0.0908536110276181,"c4":0.89044521956011,"c5":-0.320825870111838,"c6":-1.58572520189408},"mare":0.000660212827524666,"rmse":0.0003369572452994,"mare_seq":[0.00676783850175495,0.00674875278751899,0.00674872673987403,0.00674872140836105,0.00674871498825382,0.00670856289683881,0.00669697602697251,0.00668183612548042,0.00655485824973631,0.00640675435120672,0.00615031862493018,0.0057665592410398,0.00548460800934519,0.00470468759732164,0.00421454035596595,0.00276477144977545,0.00260021637159201,0.00242383323737642,0.00210728552510719,0.00202573560743846,0.00113347885688166,0.00105921344717305,0.000984670315433208,0.000927769714129623,0.000897711292566536,0.000853091080636127,0.000824475872252892,0.000763174662728786,0.000698609149630689,0.000688603476317468,0.000660212827524666],"convergence":0,"press_dep":false,"press_rng":[1013.25,1013.25]}}
