{"fa_SD_00_C_band_3":{"type":"annular","coefficients":{"c1":1,"c2":0.530777103303646,"c3":-0.0858319103221554,"c4":0.0941761756586635,"c5":-1.60585151244498,"c6":-0.29564317335312},"mare":0.000760811080830664,"rmse":0.000280741085597519,"mare_seq":[0.0207013548982505,0.00686808110857895,0.00686807696846617,0.00686807603659314,0.00686780210570284,0.00686541060961881,0.00682508093558223,0.00602990987029004,0.00568787132703384,0.00493762742733824,0.00367082983540016,0.00293018873658595,0.00290049637365219,0.00218131739029751,0.0020028760957128,0.0018888064532869,0.00185237679455712,0.00152417899095387,0.00149904411583535,0.00148782459343677,0.00144596323067377,0.00137962425695637,0.00119584065215374,0.00116705572649492,0.000959928640538139,0.000929065088294666,0.000916773579075342,0.000834207367275283,0.000824056188989515,0.00078680270300635,0.000760811080830664],"convergence":0,"press_dep":false,"press_rng":[1013.25,1013.25]}}
