{"fa_S3A_OLCI_U_band_6":{"type":"annular","coefficients":{"c1":1,"c2":0.466883614410335,"c3":-0.354254711343586,"c4":0.101641630452743,"c5":-1.79509444539009,"c6":-0.105458227813806},"mare":0.00079152021899033,"rmse":0.00045525267170804,"mare_seq":[0.00779873926414617,0.00771781228687014,0.00732022151746182,0.00670821297669395,0.00668205821264036,0.00665293007114406,0.00664530056816594,0.00663369308722509,0.00663068509253702,0.0066105400440935,0.00651211598228462,0.00596253787134731,0.00570142514728141,0.00563330809269469,0.00540839583003747,0.00520254463028006,0.00499778485853135,0.00483378572386026,0.00474415069558993,0.00452420736655546,0.00411118463510449,0.00313134000912817,0.00296166552678426,0.00215086735578633,0.00154522529611397,0.00147782337148164,0.00125964198671522,0.00104235589766735,0.00102524832543452,0.000800892963494483,0.00079152021899033],"convergence":0,"press_dep":false,"press_rng":[1013.25,1013.25]}}
