{"fa_S3A_OLCI_C_band_16":{"type":"annular","coefficients":{"c1":1,"c2":0.453080507735927,"c3":-0.288121565821789,"c4":0.0995923558343677,"c5":-1.49688880218539,"c6":-0.0857925322491379},"mare":0.000664791871437725,"rmse":0.000252336269909186,"mare_seq":[0.00875598057120503,0.00753265886769997,0.00721015686016238,0.00718662463715525,0.00710312539329683,0.00697038170609037,0.0069025073035245,0.00680194763885723,0.00680030774118294,0.00678857422196479,0.00676600824508862,0.00673334788913976,0.00664621027499431,0.0064787159338043,0.00626038797399773,0.00591756087197945,0.00574705058369201,0.0057097418552794,0.00536976495498991,0.00486609356976306,0.00432877678445883,0.0040844272939541,0.00349333536054058,0.00285837946114994,0.00195550486905894,0.0018897057617567,0.00121545854507817,0.0011408653536694,0.000838610242806604,0.000758527856127309,0.000664791871437725],"convergence":0,"press_dep":false,"press_rng":[1013.25,1013.25]}}
