{"fa_S2C_MSI_M_band_11":{"type":"annular","coefficients":{"c1":1,"c2":0.600374035491627,"c3":-0.0734079227225673,"c4":0.133047020543712,"c5":-1.54334520323612,"c6":-0.28813587529258},"mare":0.000850932243981264,"rmse":0.000301174449529434,"mare_seq":[0.00822632674743742,0.00818267807988799,0.00811058296943428,0.00811056614468586,0.00788763046174139,0.00774341422460064,0.00726967254829084,0.00631975506656569,0.00537356609296059,0.00502521559846065,0.00411889687566741,0.00387043939024932,0.00360843961401405,0.00330290984119027,0.00327699543564859,0.00311480263043901,0.00280324537789189,0.00258016601287237,0.00239347276749612,0.00228194543261887,0.00220029959182539,0.00219785717194591,0.00219393561107356,0.00174205509802838,0.00169578001971357,0.00121388003421699,0.0011291531708972,0.0008916030494902,0.000854375157584205,0.000852463617174127,0.000850932243981264],"convergence":0,"press_dep":false,"press_rng":[1013.25,1013.25]}}
