{"fa_S2A_MSI_M_band_4":{"type":"annular","coefficients":{"c1":1,"c2":0.560146208755221,"c3":-0.071791928155721,"c4":0.843484758415326,"c5":-0.271469258490525,"c6":-1.41294293411943},"mare":0.000994096257344648,"rmse":0.000267545365435925,"mare_seq":[0.0188164347094474,0.0106603441533621,0.00875273845069123,0.00847931908560489,0.00847908587345298,0.00847904824368822,0.00847904411307409,0.00847902354989997,0.00847901671147004,0.00847849112571087,0.00846681996382673,0.00823819280495671,0.00764656754330572,0.00677694235572935,0.00496868617599635,0.00494755038309097,0.00452992159862777,0.00437173981648088,0.00377771290410764,0.00298854715176162,0.00284975380926362,0.00264369004436753,0.00241292594134573,0.00214729312102235,0.00196177972127312,0.00186094109919177,0.00177438194637764,0.0017337141543147,0.00159859610225072,0.00131887836886775,0.000994096257344648],"convergence":0,"press_dep":false,"press_rng":[1013.25,1013.25]}}
