{"fa_S3A_OLCI_U_band_7":{"type":"annular","coefficients":{"c1":1,"c2":0.514927657694395,"c3":-0.309511074423497,"c4":0.163108446706845,"c5":-1.40356699093204,"c6":-0.096717444959136},"mare":0.00078615587691373,"rmse":0.000305557026736337,"mare_seq":[0.00903224205014979,0.00789060000503494,0.00672316810997854,0.00670297260802707,0.00670024387909403,0.00666063194161674,0.0066479992684107,0.00664761060008939,0.00664120364765235,0.00663487797868871,0.00657717264223484,0.00656070865035351,0.00655326863786504,0.006455343758344,0.00572295803175109,0.00567823776101007,0.00530447380353496,0.00527838706887519,0.00517766548476156,0.00496072124365693,0.0046163382692913,0.00423987364570802,0.00409271783614069,0.002508762076934,0.00246627270987408,0.00227747799904927,0.00213574955057285,0.00200401611153409,0.00166053990278512,0.000879329317718734,0.00078615587691373],"convergence":0,"press_dep":false,"press_rng":[1013.25,1013.25]}}
