{"fa_SeaHawk1_HawkEye_M_band_5":{"type":"annular","coefficients":{"c1":1,"c2":0.619116319289795,"c3":-0.0777439274601477,"c4":0.867784196966414,"c5":-0.321447291329153,"c6":-1.76146588720275},"mare":0.000967687698859265,"rmse":0.000498606732918292,"mare_seq":[0.0106113199679941,0.00942902011863169,0.00863233191352107,0.0084740597709046,0.00847035577956341,0.00846967407709761,0.00846576050577686,0.00819946300005417,0.00731752877345378,0.00705760495982242,0.0068147755166978,0.00679943717554386,0.00669148799386703,0.00624046728344538,0.00614049594234191,0.00526492971035526,0.00417919667621449,0.00371635387118572,0.00303700599579326,0.00276261958804688,0.00251087519021754,0.00224776160503015,0.00186061928225432,0.00184333697687499,0.00165639110093183,0.00130158506894918,0.00124061768778992,0.0011978614354707,0.00118074159065293,0.00109002883035535,0.000967687698859265],"convergence":0,"press_dep":false,"press_rng":[1013.25,1013.25]}}
