{"fa_S3A_OLCI_M_band_5":{"type":"annular","coefficients":{"c1":1,"c2":0.0887730320005316,"c3":-1.19348530635655,"c4":0.554101603776859,"c5":-0.0671432614180431,"c6":-0.237414276060225},"mare":0.00153262289786996,"rmse":0.000415005672860111,"mare_seq":[0.0102932215688022,0.0100670093632941,0.00932676779375934,0.00917004904798653,0.00869746060361959,0.00849071967145424,0.00839564576040949,0.00839194877346634,0.00837871770210718,0.00837676208798564,0.00837649302990376,0.00837119101058516,0.00833301349549216,0.00829207107717261,0.00806309122027377,0.00761282693414238,0.00678952123916775,0.00669678615217281,0.00609429349652896,0.0053431407327472,0.00407760662347829,0.00346685288419411,0.00326796850462371,0.0030872690503449,0.00260404909340827,0.00233006931254497,0.00215986095793882,0.00205875641799302,0.00155483505565865,0.00154620531845599,0.00153262289786996],"convergence":0,"press_dep":false,"press_rng":[1013.25,1013.25]}}
