{"fa_S2A_MSI_M_band_1":{"type":"annular","coefficients":{"c1":1,"c2":0.342375365512477,"c3":-0.304790355366271,"c4":0.0875725843194061,"c5":-1.65354584706427,"c6":-0.0763275851959537},"mare":0.00101154505820889,"rmse":0.000396976970075626,"mare_seq":[0.0296508922082128,0.00901439396274421,0.00893156823204857,0.00882313086407122,0.00875594677411099,0.00875291538537094,0.00875291298091052,0.00875291094546717,0.00875291042412911,0.00875291021550494,0.0087529094928293,0.0087529084008932,0.00875290678302653,0.00875290195811818,0.00474755943702863,0.00455316801042588,0.00429253084295466,0.00314317608262118,0.00294758250756002,0.0028058879950413,0.00277189946846832,0.00265396446162967,0.00225426375244339,0.00215795753470897,0.00200562761809671,0.00196023605845533,0.00117121221287208,0.00102496234533325,0.00101864711246575,0.00101168264671528,0.00101154505820889],"convergence":0,"press_dep":false,"press_rng":[1013.25,1013.25]}}
