{"fa_S3B_OLCI_M_band_14":{"type":"annular","coefficients":{"c1":1,"c2":0.521071808444727,"c3":-0.0678575823521703,"c4":0.165713667249023,"c5":-1.29423495051615,"c6":-0.246010680697334},"mare":0.00112027632166621,"rmse":0.000376365474434053,"mare_seq":[0.0100186197140596,0.00863251100941825,0.00860350964375611,0.00850629538007709,0.00845949849884974,0.00833659565849162,0.00822868175396469,0.00822164973907694,0.0082153851299978,0.00815337095921894,0.00808294733292623,0.00797160574915954,0.00765781590964747,0.00691801254104904,0.00691387850880683,0.00652547823340104,0.00557508935223134,0.00538738174614563,0.00537553307203867,0.00537163186745353,0.00501715725556238,0.00400888146278568,0.00379596572449501,0.00310115800923027,0.0029710543643847,0.00247475789480488,0.00218410598994717,0.00186583209224161,0.00115559297960068,0.00115301556294038,0.00112027632166621],"convergence":0,"press_dep":false,"press_rng":[1013.25,1013.25]}}
