{"fa_S2B_MSI_U_band_11":{"type":"annular","coefficients":{"c1":1,"c2":0.411517746263875,"c3":-0.120498872403451,"c4":0.867442167730634,"c5":-0.388032942296343,"c6":-1.74165430915431},"mare":0.000750752385084635,"rmse":0.000407398998218309,"mare_seq":[0.00775191261318901,0.00689752254573139,0.00689752242310962,0.00689752105680788,0.00689751627653701,0.00689751263594967,0.00689751215676596,0.0068975119710308,0.00689751192775432,0.00684315086953289,0.00655447094461234,0.00638264146523998,0.00634235419918189,0.00549408861075722,0.00332821795043721,0.00319958519405106,0.00303182641549663,0.00249873397160554,0.00188645046774005,0.00178947407599607,0.00155379636249946,0.00143810970990644,0.00134927422319829,0.0013295284099345,0.00100253726178722,0.000802201670216481,0.000784584223217347,0.000757641325265928,0.00075104743753676,0.000750840973025425,0.000750752385084635],"convergence":0,"press_dep":false,"press_rng":[1013.25,1013.25]}}
