{"fa_S2B_MSI_C_band_10":{"type":"annular","coefficients":{"c1":1,"c2":0.047992407484645,"c3":-1.6863537692011,"c4":0.550560553222876,"c5":-0.0914811042383658,"c6":-0.316673273564919},"mare":0.000722392207037599,"rmse":0.000364101106883948,"mare_seq":[0.0113958036585935,0.00750100500888684,0.0070654969723222,0.00699749773639316,0.0069853126521183,0.00698526187565988,0.00698525134816037,0.00683425085632612,0.00609663695370034,0.00545782035238573,0.00468661519211765,0.00458732545292903,0.00445033109397909,0.00427739965626232,0.0041778150867758,0.00414868428884368,0.00342519236402903,0.00295364807459327,0.0027032580495043,0.0025800931110825,0.00255451954386973,0.00247494977011217,0.00212424685633185,0.00186711599755959,0.00143463663209134,0.0012751221692033,0.00126623836025765,0.00126035752982854,0.000826655409021233,0.000744601471335495,0.000722392207037599],"convergence":0,"press_dep":false,"press_rng":[1013.25,1013.25]}}
