{"fa_S3B_OLCI_C_band_1":{"type":"annular","coefficients":{"c1":1,"c2":0.543757683341267,"c3":-0.0857676261566527,"c4":0.0981546681688237,"c5":-1.6286522020304,"c6":-0.298393947821306},"mare":0.000718782494608741,"rmse":0.000317363488419523,"mare_seq":[0.0074406439709512,0.00742023772046249,0.0070889237246797,0.00708514208119825,0.00700727985412831,0.00700683654030029,0.00691273130858237,0.0068857880082985,0.00686567238520154,0.00673930921477211,0.00655402909630241,0.00642660387245184,0.00628632632549694,0.00599463859685472,0.00594702884219135,0.00528191913478333,0.00476584705928676,0.00467146438876914,0.00413508919271444,0.00411019628897317,0.00399317854890299,0.00397961613798625,0.00279940949593295,0.00230323412252556,0.00203644887968707,0.00185271476131426,0.00184280810190181,0.00163984255687162,0.000993924904889902,0.000936586899867744,0.000718782494608741],"convergence":0,"press_dep":false,"press_rng":[1013.25,1013.25]}}
