{"fa_S3A_OLCI_M_band_4":{"type":"annular","coefficients":{"c1":1,"c2":0.432106663029033,"c3":-0.226867862942126,"c4":0.158444768830634,"c5":-1.20835227671012,"c6":-0.0641272415724658},"mare":0.00169860057934633,"rmse":0.000539399254879599,"mare_seq":[0.0101303304589739,0.00999091848866484,0.00907055172694471,0.00868358412325591,0.00856721881840878,0.00847885237016086,0.00847725696374015,0.00846109530620597,0.00845450329990611,0.00838682163654151,0.0083632593661599,0.00835936984763942,0.00835641163370093,0.00825100531152765,0.00758484238492384,0.0075619135998779,0.00735407850074851,0.00712196154225938,0.00693392862020496,0.00600165257941494,0.00558157165697955,0.00451418598796749,0.00390521277832212,0.00278046920435549,0.00260378296272765,0.00234013223375275,0.00224305320937409,0.00209383958386703,0.00207828085192652,0.00177535854711614,0.00169860057934633],"convergence":0,"press_dep":false,"press_rng":[1013.25,1013.25]}}
