{"fa_S3B_OLCI_C_band_16":{"type":"annular","coefficients":{"c1":1,"c2":0.518325877425108,"c3":-0.0887536362841606,"c4":0.894439176553619,"c5":-0.301064159418999,"c6":-1.52565949668701},"mare":0.000665328398979968,"rmse":0.000296959117605685,"mare_seq":[0.00798179803511425,0.00692267915362808,0.00675312154347861,0.00674799182699686,0.00672771042600248,0.00669789257181009,0.006697881961066,0.00669640964627019,0.00669348617370282,0.00662139337543583,0.00658169891895853,0.006570088655641,0.00654216376532193,0.00627416145115732,0.00573157067679742,0.00562340442537795,0.00554123514681867,0.00553007270851562,0.00542781317917,0.00538748020423433,0.00527340870788206,0.00491349626884455,0.00455921185839102,0.00418396415337342,0.00335310134815543,0.00314618971052782,0.00290943993548203,0.00270315509499718,0.00252146291892496,0.00131541755558019,0.000665328398979968],"convergence":0,"press_dep":false,"press_rng":[1013.25,1013.25]}}
