{"fa_SD_00_C_band_1":{"type":"annular","coefficients":{"c1":1,"c2":0.54442706758926,"c3":-0.086199832587179,"c4":0.095325959245209,"c5":-1.63923939748612,"c6":-0.299925922492404},"mare":0.000770972478224858,"rmse":0.000328359782790409,"mare_seq":[0.00693575280205798,0.00693574864718708,0.00693573570453941,0.0069357344037523,0.00693572562232866,0.00693572546562538,0.00693572482869982,0.00693572461696673,0.00681553836823006,0.00665577545645636,0.00620335603427461,0.00529176004020524,0.00455834641624581,0.0040408425769993,0.00333571198256097,0.00329410622869746,0.00326816877319787,0.00265953651948608,0.00254496980645541,0.0022678872638815,0.00223399211076773,0.00218955868903487,0.00185190745109738,0.00184951216613698,0.00133640186937056,0.00133610674154484,0.00121649584824109,0.000983594286744729,0.00082402154498838,0.000770988886963976,0.000770972478224858],"convergence":0,"press_dep":false,"press_rng":[1013.25,1013.25]}}
