{"fa_S2B_MSI_U_band_5":{"type":"annular","coefficients":{"c1":1,"c2":0.0619117620410482,"c3":-1.63599025536262,"c4":0.513745713853113,"c5":-0.34524897329285,"c6":-0.105175421833434},"mare":0.000755344250077676,"rmse":0.000360062671193212,"mare_seq":[0.00670687182754216,0.00670502236183996,0.00670501511757371,0.00670501433170923,0.00670501149464944,0.00662682891375066,0.00658221125479683,0.00644880994842794,0.00576761252127014,0.00510327922204036,0.00481352334740644,0.00385819549812621,0.00365269168958399,0.00210348073621826,0.00191394728549043,0.00177782747961898,0.00162978075930095,0.00149013296893105,0.00143527062320321,0.00127367886342909,0.00109172114555156,0.00108937415006485,0.000935589841074001,0.000894686650684437,0.000855228759422227,0.000804854520999595,0.000785846872701923,0.000761091266267476,0.000755628422319552,0.00075555077015694,0.000755344250077676],"convergence":0,"press_dep":false,"press_rng":[1013.25,1013.25]}}
