{"fa_S3B_OLCI_M_band_1":{"type":"annular","coefficients":{"c1":1,"c2":0.557075646292725,"c3":-0.0719754772208359,"c4":0.162874344577232,"c5":-1.4062988039924,"c6":-0.268662939368907},"mare":0.00108366277232273,"rmse":0.000340655037619502,"mare_seq":[0.0092334358021528,0.00876639896968764,0.00870085533382497,0.00849456452901895,0.00845456430384003,0.00845071387300361,0.00844332799164849,0.00843819751227292,0.00841545141923512,0.00841450002445486,0.00841228260975054,0.00840464786225305,0.00840364167954885,0.00838634909483049,0.0080342037532023,0.0079465815541215,0.00763237066127225,0.00738852985564669,0.00722169458502171,0.00721715250742097,0.00717916484469098,0.007100368532488,0.00698592737774792,0.00618284633696866,0.0037132538285333,0.00318825118255238,0.00277644838783562,0.00236176616717469,0.00221293140861955,0.00120965579261899,0.00108366277232273],"convergence":0,"press_dep":false,"press_rng":[1013.25,1013.25]}}
