{"fa_S2A_MSI_U_band_9":{"type":"annular","coefficients":{"c1":1,"c2":0.439497575464084,"c3":-0.107702800272448,"c4":0.883450102313251,"c5":-0.350946781306975,"c6":-1.63562359182531},"mare":0.000738596592207589,"rmse":0.000357934779266737,"mare_seq":[0.00668910261526691,0.00650263866552349,0.0063954149993746,0.00615062112802462,0.0060476936967753,0.00593816012542489,0.00479319609083817,0.00387466668959326,0.00328320676330225,0.00314512904562391,0.00258977015388662,0.00253753644395355,0.00252360557139873,0.00234823700570615,0.0022571834758729,0.00222258743558605,0.00188253622546874,0.00154735719093617,0.00140736532581191,0.0012281076737218,0.000994033437473864,0.000980052472240881,0.00086254012584103,0.00081128837125841,0.000811160033018434,0.000810590004251579,0.000796479418419658,0.00078326010806124,0.000765060947017723,0.000761692800877375,0.000738596592207589],"convergence":0,"press_dep":false,"press_rng":[1013.25,1013.25]}}
