{"fa_S3B_OLCI_C_band_9":{"type":"annular","coefficients":{"c1":1,"c2":0.0395655673385227,"c3":-1.81024273796845,"c4":0.427085140220255,"c5":-0.315448157732776,"c6":-0.0902216691982365},"mare":0.000683540055026374,"rmse":0.000419630414472915,"mare_seq":[0.00777406921820948,0.0072999040042915,0.00723381563411475,0.00680686457239795,0.00680107119782072,0.00671078999585167,0.00671077970855174,0.00667883520714296,0.00665146817433976,0.00664715617707492,0.00663489864107679,0.00663192112314123,0.00652119979140187,0.00647682414288889,0.00629230005447618,0.0062502650703839,0.00623124026626485,0.00504581585150914,0.00492376743721628,0.00462153399100893,0.00452647004759465,0.00432419523021074,0.00353268734461135,0.00330273961889079,0.0025996412709928,0.00221207173943806,0.00172118764892519,0.00137605228953538,0.000967604055475332,0.000877711951131182,0.000683540055026374],"convergence":0,"press_dep":false,"press_rng":[1013.25,1013.25]}}
