{"fa_S2C_MSI_U_band_13":{"type":"annular","coefficients":{"c1":1,"c2":0.531478017550854,"c3":-0.432564436343819,"c4":0.782749441244088,"c5":-0.139127032727174,"c6":-1.81376832034683},"mare":0.000882988734107321,"rmse":0.00047323291924884,"mare_seq":[0.0120068603076976,0.00691418773204935,0.0069141671712269,0.0069141592788505,0.00691414108218349,0.00691414023148919,0.00691413822537412,0.00686153676862726,0.00623306431938715,0.00588922210698772,0.0046716648533142,0.00389511251858226,0.00322060838017779,0.00312451419736673,0.00311817149629194,0.00284349804532165,0.00265932552213533,0.0020853728257707,0.0018502133368836,0.00178798515231588,0.00163823602065205,0.00150501690190772,0.00101303906288075,0.000996431379594839,0.000988167941548545,0.000940561378027614,0.000931489902638761,0.000883249653727066,0.00088323886988463,0.000883182091316751,0.000882988734107321],"convergence":0,"press_dep":false,"press_rng":[1013.25,1013.25]}}
