{"fa_S3B_OLCI_M_band_16":{"type":"annular","coefficients":{"c1":1,"c2":0.534616787485615,"c3":-0.0689236261883533,"c4":0.852329004875785,"c5":-0.259099751493365,"c6":-1.42459832383649},"mare":0.00108675221407209,"rmse":0.000422280186641806,"mare_seq":[0.012782541095462,0.00857132748012504,0.00853184225500638,0.008419601453048,0.00834421874922779,0.0082879354402256,0.00819171673512848,0.00818665854606697,0.00818167292465853,0.00812713359355744,0.00795888450186984,0.00762878969502155,0.00746438517118914,0.00645011905863629,0.00634206657002872,0.00619593718519253,0.00548928674558599,0.00485661071475697,0.0048416802702834,0.00468932055046302,0.00399362089179949,0.00252456847198774,0.00238538369765677,0.00237966071606826,0.00217174804679907,0.002049587088047,0.00198169177669529,0.00142954342431573,0.00139691712907292,0.00126793622843943,0.00108675221407209],"convergence":0,"press_dep":false,"press_rng":[1013.25,1013.25]}}
