{"fa_S2C_MSI_M_band_3":{"type":"annular","coefficients":{"c1":1,"c2":0.612883367240457,"c3":-0.0772966134428249,"c4":0.851238058446078,"c5":-0.310848562409346,"c6":-1.55780858199627},"mare":0.000940480214196462,"rmse":0.000452423242920205,"mare_seq":[0.0287786286053836,0.00854454727451041,0.00854449667625605,0.00854448717309678,0.00854448482298763,0.00854448218075852,0.00840822809149241,0.00767877137699864,0.007043921413461,0.00635308361862201,0.00581181811164072,0.00508989111767,0.00468393766646655,0.0042334991012846,0.00393890827242662,0.00383552679648974,0.00372611636360833,0.00366039548020624,0.00356127190682879,0.00338462568736002,0.00265241714572841,0.00261835035723833,0.00253491160917962,0.00252305906098335,0.00250355039796511,0.002091251265624,0.00148649436567133,0.00137027288121656,0.00129842012482762,0.00128018469874675,0.000940480214196462],"convergence":0,"press_dep":false,"press_rng":[1013.25,1013.25]}}
