{"fa_S2A_MSI_C_band_4":{"type":"annular","coefficients":{"c1":1,"c2":0.433392178426053,"c3":-0.295167315946739,"c4":0.91573414878351,"c5":-0.0866068570490811,"c6":-1.56046119331583},"mare":0.000700902585214809,"rmse":0.000257332673816761,"mare_seq":[0.00691146124178853,0.00687033190384471,0.00686980037247157,0.00686978123714785,0.00686978039347334,0.00686977826260187,0.00686977617134305,0.00686168498296132,0.00661072765241189,0.00645344086406969,0.00610223374863923,0.00579239160554803,0.00545966854494959,0.0053335653183451,0.00507335268657452,0.0050504505745708,0.00503496037946484,0.0034495624217959,0.00273128698175848,0.00271813469780912,0.00223784791975227,0.00202569078071507,0.00177372038865538,0.00158711572060683,0.00148658184247336,0.00124467027314958,0.00120943955805007,0.000987638355536882,0.000849518005693859,0.000721485642713526,0.000700902585214809],"convergence":0,"press_dep":false,"press_rng":[1013.25,1013.25]}}
