{"fa_S3A_OLCI_M_band_7":{"type":"annular","coefficients":{"c1":1,"c2":0.618368405989586,"c3":-0.0777604707139617,"c4":0.868431983325658,"c5":-0.323081442451506,"c6":-1.77173491061263},"mare":0.000917947497804199,"rmse":0.000474378904204013,"mare_seq":[0.0145486670937861,0.0102240480354122,0.00844436386884174,0.00836560143553379,0.00833872720817001,0.00832698484081117,0.0081779979303511,0.00817749392506827,0.00767485060919973,0.00699719592802436,0.00649975608196974,0.00633767874908842,0.00629909800977063,0.00600214918847903,0.00582021308851055,0.0056850016827708,0.00497252533158733,0.0049519559616634,0.00422309896727327,0.00318641644949512,0.00307437860948861,0.00295610218053112,0.00284956259892208,0.00278370183183333,0.00269140059965278,0.002573185327222,0.00253776899780781,0.00202524698252652,0.0015521899764321,0.00126787518592062,0.000917947497804199],"convergence":0,"press_dep":false,"press_rng":[1013.25,1013.25]}}
