{"fa_SeaHawk1_HawkEye_M_band_1":{"type":"annular","coefficients":{"c1":1,"c2":0.584523256813921,"c3":-0.0748150095844862,"c4":0.846355341350756,"c5":-0.291219844799148,"c6":-1.51894399117175},"mare":0.00101773755894048,"rmse":0.000306602173507639,"mare_seq":[0.00992573022153744,0.00913687640927151,0.00902221116123105,0.00872411222157521,0.00871904369819554,0.00870247983468308,0.0086558702128839,0.00864636592459122,0.00851263566591374,0.00842828096996752,0.00791643777092139,0.00667019118204324,0.00619858844260437,0.00618434540943848,0.00580074067187768,0.00397422220100228,0.00382019286612095,0.00376901660281988,0.003624860707695,0.00360922280252066,0.00333546429091188,0.00311441058951656,0.00306282025868904,0.00298039904778763,0.00294865436391866,0.00249359140725528,0.00248537522267313,0.00213945840961084,0.0013581679369054,0.00101881858812941,0.00101773755894048],"convergence":0,"press_dep":false,"press_rng":[1013.25,1013.25]}}
