{"fa_S3A_OLCI_M_band_21":{"type":"annular","coefficients":{"c1":1,"c2":0.620305499051166,"c3":-0.0767204613597105,"c4":0.133977905169272,"c5":-1.63483503228481,"c6":-0.316819563346411},"mare":0.000889662026317077,"rmse":0.000475351834930204,"mare_seq":[0.00927639648028701,0.00838233151020782,0.00835359219750564,0.00826827665054445,0.00821014233705567,0.00821011663728296,0.00801786068233231,0.00799605935493056,0.00772963174637321,0.00752133766533934,0.00740019138806416,0.00701061982258522,0.00681466510427701,0.00652321196457071,0.00643440836629835,0.00630738818926774,0.00549103188219377,0.00536330047025355,0.00512293014860347,0.00484370146437753,0.00440772219706308,0.00366326168709594,0.00308440808150405,0.00298878956775336,0.00283439196061274,0.00278270167404754,0.00254449601053921,0.00163576148892481,0.00140920229248979,0.00124677744351992,0.000889662026317077],"convergence":0,"press_dep":false,"press_rng":[1013.25,1013.25]}}
