{"fa_S3B_OLCI_M_band_8":{"type":"annular","coefficients":{"c1":1,"c2":0.344399554195973,"c3":-0.304144377474945,"c4":0.084687776351883,"c5":-1.6205153991082,"c6":-0.0756553619357683},"mare":0.000795281399972294,"rmse":0.000354451911797262,"mare_seq":[0.0137263688247032,0.0091095502614968,0.00868802349250863,0.00846014570711346,0.00824093520070424,0.00822124970092761,0.00822106349202212,0.00821807175653399,0.00820192707359998,0.00818869558128008,0.00816554979019493,0.00788286229783869,0.00782787761959255,0.00765161507669356,0.00722059428329355,0.00715104753057421,0.00697403704453985,0.00677411505449917,0.00618698484225101,0.00469429605446384,0.00436953089978301,0.0039078988452977,0.0036261729870454,0.00277564007962903,0.00253318158575036,0.00239443853286764,0.00235420880051747,0.00129668651384945,0.00110486400214845,0.000813760801618697,0.000795281399972294],"convergence":0,"press_dep":false,"press_rng":[1013.25,1013.25]}}
