{"fa_SD_00_C_band_4":{"type":"annular","coefficients":{"c1":1,"c2":0.545106562926834,"c3":-0.0880018300600744,"c4":0.0923028171578915,"c5":-1.66765088880059,"c6":-0.304782887021362},"mare":0.000730024187215254,"rmse":0.000346616038018134,"mare_seq":[0.00674971381888576,0.00674789477977137,0.00674789311773312,0.00674691770623447,0.00649269157589177,0.00644262538985186,0.0062734426589495,0.00593383433607443,0.00542906541318985,0.00528659022178175,0.00508203951555732,0.00471049411727938,0.00338326934443555,0.00295770956626392,0.00278491248673964,0.00228001648881211,0.00200295238741355,0.00194570500402381,0.00187748735671454,0.00125726033839155,0.00125538907130072,0.00113910773156452,0.00108589486313453,0.00101342271058508,0.000942261061699658,0.000842309665893394,0.000818514518230333,0.000786055059871473,0.000747698979154123,0.000743552205309237,0.000730024187215254],"convergence":0,"press_dep":false,"press_rng":[1013.25,1013.25]}}
