{"fa_S3B_OLCI_C_band_11":{"type":"annular","coefficients":{"c1":1,"c2":0.505254598428221,"c3":-0.245495784295822,"c4":0.847930568281605,"c5":-0.0765548132390867,"c6":-1.19276730402133},"mare":0.00125763916201969,"rmse":0.000533458057773426,"mare_seq":[0.00721103305841943,0.00686813605058164,0.00675557215975971,0.00662767853935303,0.00657593157664185,0.00657217959935438,0.00656590780885554,0.00656553741143994,0.00653952737394697,0.00653735486822318,0.00652484693968483,0.00649586442171525,0.0064782159991862,0.00646796086929989,0.00625507481884994,0.00610385731438363,0.0060731228197459,0.00604357872318474,0.00600961895681494,0.00558428975889784,0.00439561207044649,0.0041648785657677,0.00313030815678975,0.00270241405684634,0.00220310411394915,0.00183707572739711,0.00165177811232596,0.00158626143621423,0.00156712359319549,0.00152116432180934,0.00125763916201969],"convergence":0,"press_dep":false,"press_rng":[1013.25,1013.25]}}
