{"fa_SD_00_C_band_7":{"type":"annular","coefficients":{"c1":1,"c2":0.42197758160382,"c3":-0.307586960421638,"c4":0.924544903050299,"c5":-0.0889038491760144,"c6":-1.67625469140548},"mare":0.000658514511143308,"rmse":0.000310867749122268,"mare_seq":[0.00680975906828303,0.00680974906341583,0.00680974869242911,0.00680974834916072,0.00680943234804947,0.00680639206831457,0.0063383365282338,0.00554909033619955,0.00535538265160878,0.00394423807733728,0.00346684178804492,0.00321963995568342,0.00277086897993038,0.00244403580830275,0.00235432684290472,0.00221517692280129,0.00216623408983213,0.00201013035280096,0.00185699251433226,0.00144265120725644,0.00143730711554501,0.00139682996438063,0.00134198787454492,0.00131779235681446,0.00120899508366509,0.000777609088990981,0.000751176547000944,0.000709867133848265,0.000693252830129371,0.000672038452755018,0.000658514511143308],"convergence":0,"press_dep":false,"press_rng":[1013.25,1013.25]}}
