{"fa_S3B_OLCI_C_band_17":{"type":"annular","coefficients":{"c1":1,"c2":0.473304492183875,"c3":-0.279831536587486,"c4":0.11529545596541,"c5":-1.46004538993693,"c6":-0.0840684416866959},"mare":0.000921672109619262,"rmse":0.000349316791320388,"mare_seq":[0.00957357344355169,0.00870927419558746,0.00710514447889735,0.00691369093912791,0.00689792098969731,0.00687584170030669,0.00687398143490872,0.00685583344842294,0.00682311516553893,0.00661527025636345,0.00612079898953038,0.00593180626470648,0.00591362239485318,0.00561853898733006,0.00552967938494566,0.0049921200108688,0.00480569366160986,0.00442581484658109,0.00413318092282695,0.00390304257984691,0.0030813970128996,0.00248732672753983,0.00194575723296084,0.00171649266055154,0.00166919159856881,0.00145497817191238,0.0012585507246919,0.00122774504485737,0.00111836019928892,0.00110276770802,0.000921672109619262],"convergence":0,"press_dep":false,"press_rng":[1013.25,1013.25]}}
