{"fa_SD_00_U_band_4":{"type":"annular","coefficients":{"c1":1,"c2":0.475424381961677,"c3":-0.105066122738147,"c4":0.1049330122527,"c5":-1.7566059977536,"c6":-0.35201363533435},"mare":0.000781982295451429,"rmse":0.000422753828920583,"mare_seq":[0.0068299889757337,0.00682764513254276,0.00682763646810609,0.00682763586018321,0.00682763567653753,0.00682763438381408,0.00682763285925727,0.00681282364958538,0.00630819605598382,0.00543010400894046,0.00525787878434607,0.00399102824483311,0.00362391325134319,0.0034110650222712,0.00322222470845082,0.00309701309150876,0.00300887135874067,0.00257597833575232,0.00255489317149528,0.00236494081122738,0.00187390292098873,0.000982957950204057,0.00096310546660631,0.000818373553601797,0.000794027999442586,0.000784705894434676,0.000782073263015273,0.00078201742664298,0.000781996969027261,0.000781986664366481,0.000781982295451429],"convergence":0,"press_dep":false,"press_rng":[1013.25,1013.25]}}
