{"fa_S2B_MSI_C_band_12":{"type":"annular","coefficients":{"c1":1,"c2":0.419371478906786,"c3":-0.329827491033,"c4":0.904571772491654,"c5":-0.0921226651232142,"c6":-1.67805422326},"mare":0.000717172623827219,"rmse":0.000387532975912594,"mare_seq":[0.00725766643767098,0.00725766063862469,0.00725722278574992,0.00723519690908877,0.00723487786878789,0.00708220862582158,0.00675008537265274,0.00645336413046272,0.00627688708152688,0.00539239194530272,0.00405137204880749,0.00241912690800988,0.00234231866170196,0.00234183026184646,0.0021834945198154,0.00163546422035344,0.00127089968950728,0.00125398604448282,0.00112524743147649,0.00106796167630146,0.00103130026198785,0.000975725652221182,0.000878415335730483,0.000859512265969402,0.000770719619782962,0.000746764083408131,0.000746040402650961,0.000725827721902468,0.000717964624878805,0.000717542375560013,0.000717172623827219],"convergence":0,"press_dep":false,"press_rng":[1013.25,1013.25]}}
