{"fa_SeaHawk1_HawkEye_C_band_6":{"type":"annular","coefficients":{"c1":1,"c2":0.534343525145569,"c3":-0.0883675389189499,"c4":0.907010887316785,"c5":-0.305561515426517,"c6":-1.6631476796148},"mare":0.000728613940942148,"rmse":0.000320491633230826,"mare_seq":[0.0753385673533088,0.00744593367007981,0.007400916983206,0.00714005847503602,0.00705651815400839,0.00682608063619211,0.00676986426748021,0.00676829856030402,0.00668697759492532,0.00665001484270524,0.00658234487775977,0.00615992840311431,0.00595569741556382,0.00539473693265293,0.00525476464539591,0.00480400148531959,0.00463334189241034,0.00456956623009692,0.00446378177750939,0.00379339936392311,0.00350568961920937,0.00289665071288115,0.00270410675817419,0.00269205177248658,0.00239224723608752,0.00217410678808382,0.00147254895100472,0.00142923376787679,0.00135734666073793,0.00105476308447375,0.000728613940942148],"convergence":0,"press_dep":false,"press_rng":[1013.25,1013.25]}}
