{"fa_S3A_OLCI_U_band_5":{"type":"annular","coefficients":{"c1":1,"c2":0.0777264058169505,"c3":-1.43226560944332,"c4":0.556720127799198,"c5":-0.306916503564949,"c6":-0.0955876911157344},"mare":0.000836137196337396,"rmse":0.000354334121678299,"mare_seq":[0.00858802475393734,0.00746104869716786,0.00733697251902448,0.00699769308324761,0.00690492292770228,0.00686698851446568,0.00673165808652655,0.00671634650682117,0.00647202962525308,0.00617242821585924,0.00599456872460388,0.00569911661071648,0.00569742886042187,0.00549820041978788,0.00499242836415764,0.00492904315861279,0.00474002447253181,0.00448203159252283,0.00398290853768291,0.00362278846583841,0.00309287468524541,0.00309273238625809,0.00292718949546711,0.00257422440709378,0.0025553981884367,0.00223316936713895,0.00210012575347665,0.00207352481721122,0.0018777126592597,0.00167606766852184,0.000836137196337396],"convergence":0,"press_dep":false,"press_rng":[1013.25,1013.25]}}
