{"fa_S3A_OLCI_U_band_20":{"type":"annular","coefficients":{"c1":1,"c2":0.462281558717069,"c3":-0.372950986827275,"c4":0.122917450086456,"c5":-1.54345330002203,"c6":-0.11459542058814},"mare":0.0010824418503728,"rmse":0.000700853656392956,"mare_seq":[0.00900016983283243,0.00790076470098454,0.00765609008049766,0.0075417793033492,0.00675765970706658,0.00658784810496389,0.00653210493692247,0.00642493413082017,0.00641185107032528,0.00621459883559567,0.00589287175849995,0.00549380120843197,0.00534560814918161,0.00532311374438581,0.00526541101116484,0.0052150194129588,0.00459531045993415,0.00446264483378789,0.0042899924920421,0.00369566992729345,0.00368266840628875,0.00235339261779921,0.00223027066902161,0.00202361805977982,0.00194179937531667,0.00182739578530658,0.0018012660347112,0.00178389624063513,0.00170793403112269,0.00118574611531321,0.0010824418503728],"convergence":0,"press_dep":false,"press_rng":[1013.25,1013.25]}}
