{"fa_S3A_OLCI_M_band_13":{"type":"annular","coefficients":{"c1":1,"c2":0.604889019969072,"c3":-0.0759153976277392,"c4":0.865871261847562,"c5":-0.30872473965684,"c6":-1.68552323947722},"mare":0.00083703779102486,"rmse":0.000401789935150052,"mare_seq":[0.0111991689222549,0.011154153578608,0.0096543666160398,0.00860097106709727,0.00856769954080204,0.00847586527935409,0.00838112110929074,0.00812182505306396,0.00774769224391428,0.0075185222761542,0.00675228891439996,0.00652570657161869,0.00623117110566298,0.00604655773413813,0.00593018840048697,0.00589639431351904,0.00589452727249912,0.00565359005361573,0.00486570776985019,0.00415626887868565,0.00362952287092485,0.0030758410841032,0.00302640213049756,0.00297834890495805,0.00288801994559016,0.00201360403954621,0.00178173348832686,0.00132045950151388,0.000993643346853842,0.000869464209629202,0.00083703779102486],"convergence":0,"press_dep":false,"press_rng":[1013.25,1013.25]}}
