{"fa_S2B_MSI_U_band_6":{"type":"annular","coefficients":{"c1":1,"c2":0.46126854633048,"c3":-0.371398964990234,"c4":0.905323876552315,"c5":-0.110514860423046,"c6":-1.88294760649103},"mare":0.000768678596127584,"rmse":0.000557774079350562,"mare_seq":[0.00670567110280596,0.00670566621624558,0.00670566003315313,0.0067056595561945,0.00670565834621791,0.00670534251696099,0.00666493100836073,0.00636776396984671,0.00626959788468108,0.00561751648235177,0.00560340188336535,0.00399350590925414,0.00390721233599226,0.00348910457851468,0.0033480756299398,0.00332341365471578,0.00243444737390644,0.00242955259016103,0.00235258129881927,0.00233989562438927,0.00207454046890613,0.00201699009076519,0.00190291730149921,0.0017742582645553,0.00162739803623355,0.00160803630521461,0.00137685914717721,0.00129269223209417,0.00120121545056922,0.00102346005234124,0.000768678596127584],"convergence":0,"press_dep":false,"press_rng":[1013.25,1013.25]}}
