{"fa_S3A_OLCI_U_band_10":{"type":"annular","coefficients":{"c1":1,"c2":0.113024842417228,"c3":-1.106859276987,"c4":0.361490980686505,"c5":-0.0853147905143159,"c6":-0.268680472520367},"mare":0.00139148277453691,"rmse":0.000481492716323733,"mare_seq":[0.00696214483171239,0.006939966906099,0.00690093039226493,0.00664430919100215,0.00657896877915955,0.00652378834879958,0.00649459906652366,0.00648303320164131,0.00647854035241235,0.00647742542228136,0.00643876257221036,0.00641060494325077,0.00624295385053326,0.00621762498482271,0.00614851425469423,0.00538157488566882,0.00526396270666938,0.00496801437118808,0.0048385311509352,0.00474329511933728,0.00438210253539045,0.00417512141751819,0.00318335084732832,0.00293747130273747,0.00226640126819342,0.00225485099787115,0.00216470119931484,0.00202450666240558,0.00171912950820537,0.00165768149630239,0.00139148277453691],"convergence":0,"press_dep":false,"press_rng":[1013.25,1013.25]}}
