{"fa_S3A_OLCI_M_band_16":{"type":"annular","coefficients":{"c1":1,"c2":0.602245282445439,"c3":-0.0756651349672186,"c4":0.143941566458329,"c5":-1.57837956907516,"c6":-0.301814804223233},"mare":0.000887544794682286,"rmse":0.00037625018547089,"mare_seq":[0.0265634087862723,0.00872161342732659,0.00838713397388032,0.00837807010061245,0.00837099759409806,0.00832500286872987,0.00828133282759258,0.00823718521755623,0.00811030383217333,0.00800985140882346,0.00775193945285173,0.00755126253745897,0.00713454735170426,0.00675620551139924,0.00569747573479729,0.00549844422673223,0.00524665954792401,0.00521261085549608,0.00357598941020024,0.00333428017283673,0.00301383956842312,0.00260656470489594,0.002371977906867,0.00190980605185207,0.00173988056721451,0.00149542017050441,0.00146883886301087,0.00136122621849182,0.00131239889267092,0.000985714991788579,0.000887544794682286],"convergence":0,"press_dep":false,"press_rng":[1013.25,1013.25]}}
