{"fa_S2B_MSI_M_band_13":{"type":"annular","coefficients":{"c1":1,"c2":0.344890873367606,"c3":-0.281678843041821,"c4":0.0601536961706464,"c5":-1.54034528046945,"c6":-0.0757257666128941},"mare":0.000656996369367768,"rmse":0.000321781038971031,"mare_seq":[0.00676128936524206,0.00674887117767438,0.00674885249440712,0.00674881202975269,0.00654020057217368,0.00645343857728209,0.00561793165108988,0.00556416124203888,0.00477548634729708,0.00394031863147627,0.00391841696852823,0.00314150318148567,0.00271379127715278,0.00266304072703214,0.00252011243420712,0.00237056528968167,0.00224130871934556,0.00178633041956282,0.00177388968611828,0.0013576126319674,0.0013503529989337,0.00119199398057355,0.00114656167480151,0.00106663554486794,0.00092871495857821,0.000789597281234194,0.000780302431064588,0.000693761055988833,0.000693223306983195,0.000685343120814632,0.000656996369367768],"convergence":0,"press_dep":false,"press_rng":[1013.25,1013.25]}}
