{"fa_SD_00_M_band_6":{"type":"annular","coefficients":{"c1":1,"c2":0.607950129723369,"c3":-0.0764831284984496,"c4":0.862198040178573,"c5":-0.310497497674075,"c6":-1.66185368315672},"mare":0.000898070291009911,"rmse":0.000392324337803871,"mare_seq":[0.0110272966111501,0.00846557594405961,0.00846242643590137,0.00846196724325802,0.00846195406011099,0.0084215732946856,0.00763061962484389,0.00754800311926096,0.00445767787911801,0.00429006342274346,0.00320237143404252,0.00308451843006953,0.00304153315936708,0.00287208704314179,0.00258472331960775,0.00252049371925395,0.00234304551838792,0.00230937560620406,0.00208426710800517,0.00177762931165812,0.00142515058871422,0.00125103334579296,0.00123288176385701,0.001205479577894,0.00104414947710511,0.00100411502474476,0.000971464072777897,0.00095243668902391,0.000905739431327396,0.000898093561661249,0.000898070291009911],"convergence":0,"press_dep":false,"press_rng":[1013.25,1013.25]}}
