{"fa_S3A_OLCI_C_band_1":{"type":"annular","coefficients":{"c1":1,"c2":0.0861808807177631,"c3":-1.05475329097819,"c4":0.41238347457808,"c5":-0.0676255357559042,"c6":-0.220619388168193},"mare":0.00150080203867724,"rmse":0.000442503391186731,"mare_seq":[0.0151418465425927,0.00771746195622615,0.00714595625709667,0.00691544340388654,0.006879325526606,0.00685891628422055,0.00682606403634292,0.00682467031043339,0.00682462623541366,0.0067792600463736,0.00656180699439558,0.00650328550355097,0.00644179344325986,0.00643898040709359,0.00623743307397774,0.00614918233448668,0.00602275083494344,0.00559088425439862,0.00549813721978169,0.00543237658574192,0.00517140281554682,0.00504905175103284,0.00497713601663161,0.00494895812304315,0.00489262389382542,0.0043458784717791,0.00423240582426638,0.00415778754545988,0.00229747017528094,0.0019324047544028,0.00150080203867724],"convergence":0,"press_dep":false,"press_rng":[1013.25,1013.25]}}
