{"fa_SeaHawk1_HawkEye_M_band_7":{"type":"annular","coefficients":{"c1":1,"c2":0.339043163680242,"c3":-0.30476694663217,"c4":0.913650516599843,"c5":-0.0758790544974188,"c6":-1.57049142373851},"mare":0.000886581367419723,"rmse":0.000368437062310041,"mare_seq":[0.00943966350526801,0.00849431898151292,0.00847607142419456,0.00839692977420707,0.00835082466251852,0.00829397579295959,0.00813488182915969,0.00807580764569379,0.00776344367698526,0.00766193047953281,0.00702458506457517,0.00518031090742187,0.00488550388703185,0.00375900985021073,0.00361035717364684,0.00304707881608795,0.00281607343369026,0.00281532904058825,0.00280261775587672,0.00261873607695933,0.00242070667792818,0.00231782680289955,0.00207858671067493,0.00172646962371956,0.00166574515911608,0.00157185738787654,0.00149923409659821,0.00138663855676126,0.00114954551460326,0.000956987237744076,0.000886581367419723],"convergence":0,"press_dep":false,"press_rng":[1013.25,1013.25]}}
