{"fa_SeaHawk1_HawkEye_U_band_6":{"type":"annular","coefficients":{"c1":1,"c2":0.450684960103772,"c3":-0.103828791394796,"c4":0.881004960688079,"c5":-0.33898376190035,"c6":-1.56240687589855},"mare":0.000737002180062091,"rmse":0.000331718295703041,"mare_seq":[0.00710022054864378,0.00697110013820503,0.00685134242268338,0.00677451977464311,0.00667657745756339,0.00667626335285107,0.00667436692971124,0.00667383261942144,0.0064275396480448,0.00626445716540974,0.00511285900661234,0.00374736122212867,0.0030329633385221,0.00280125206673533,0.0027838792053422,0.00261012885475742,0.00258616270421748,0.00234198153632387,0.00212716248692546,0.00189935335004912,0.00185956668519335,0.00163523810475356,0.00147791841602742,0.00145592275040414,0.00116784279880017,0.00106690153560679,0.000937819704552261,0.000811924303462399,0.000755137283339299,0.000753864926346203,0.000737002180062091],"convergence":0,"press_dep":false,"press_rng":[1013.25,1013.25]}}
