{"fa_S3A_OLCI_C_band_3":{"type":"annular","coefficients":{"c1":1,"c2":0.505961261770409,"c3":-0.0821210699698355,"c4":0.890791511051806,"c5":-0.276237423185182,"c6":-1.43192853681529},"mare":0.000797481090018669,"rmse":0.000271280188496891,"mare_seq":[0.0131430518024092,0.00804461556410727,0.00741664528408458,0.00721202442110529,0.00715344823146587,0.00694639989450955,0.00693023484891652,0.0068588237112075,0.00682118306315674,0.00681688930072528,0.00680158473628315,0.00679709333525388,0.00679610579540442,0.00678652358115725,0.00675885331920192,0.0066813721284343,0.00661582204002697,0.00660513658295495,0.00648452703534542,0.00543698656213676,0.0050142769761166,0.00486629091788583,0.0046463773523546,0.00420146383423441,0.00298604819996491,0.00149254568319427,0.00148117923721984,0.00115774363488637,0.00115362474090996,0.000876199234415698,0.000797481090018669],"convergence":0,"press_dep":false,"press_rng":[1013.25,1013.25]}}
