{"fa_S3B_OLCI_U_band_15":{"type":"annular","coefficients":{"c1":1,"c2":0.0844993712395184,"c3":-1.38840945561544,"c4":0.398649229199213,"c5":-0.0936388812639525,"c6":-0.300628364662323},"mare":0.00104020109461414,"rmse":0.000529354203100911,"mare_seq":[0.011491046605807,0.00692037995936436,0.00688168932047182,0.0065640854642311,0.00652052285434059,0.00649055332221409,0.00646310537001711,0.00643999175784749,0.00643370458964033,0.00643052856014503,0.00643044470901775,0.00641553389992599,0.00641432824541807,0.00638817236400044,0.00637326929437966,0.00631508800849282,0.00608777027033684,0.00594506604114606,0.00574048577401697,0.00437589325225364,0.00419853557834659,0.004149555094659,0.00332069738040646,0.00314594864065975,0.00209448081089512,0.0020120878895397,0.00199294911823099,0.00160666796072873,0.0013305859221309,0.00105214297859324,0.00104020109461414],"convergence":0,"press_dep":false,"press_rng":[1013.25,1013.25]}}
