{"fa_S2B_MSI_U_band_12":{"type":"annular","coefficients":{"c1":1,"c2":0.391145088609821,"c3":-0.127169625396049,"c4":0.85212383931417,"c5":-0.403239337152105,"c6":-1.75498368682175},"mare":0.000777821833542779,"rmse":0.000413584307387683,"mare_seq":[0.00700412206630465,0.00700410138428172,0.00700382327620789,0.00700309789602597,0.00695892033460319,0.00645295751734961,0.00561317246534368,0.00557019529278432,0.00492506760332676,0.00446003895842069,0.00364729605644487,0.00301736835843594,0.0020972840306842,0.00208984983917486,0.00200327194221348,0.00199825630361638,0.00177727009836089,0.00176958635239673,0.00141034891456953,0.001402454848495,0.00138408760766466,0.00108987095796876,0.000855965371954885,0.0008437245012348,0.000817633148937254,0.000783271188100235,0.000782529728633802,0.000781746471041082,0.000777834809818741,0.000777832141922594,0.000777821833542779],"convergence":0,"press_dep":false,"press_rng":[1013.25,1013.25]}}
