{"fa_S3B_OLCI_M_band_18":{"type":"annular","coefficients":{"c1":1,"c2":0.102427887774656,"c3":-1.06423008734665,"c4":0.523323457571651,"c5":-0.203644342728784,"c6":-0.0586450881207692},"mare":0.00180271979887164,"rmse":0.000498280680325025,"mare_seq":[0.00826851516114695,0.00822126831380425,0.00820796242460626,0.00820780871649423,0.00819155990446707,0.00812015405412149,0.00811980021580685,0.00804670293648499,0.00740449367090899,0.00725862307304324,0.00718101937277269,0.00718042044488165,0.00688230377958284,0.00653317334925839,0.00574339139365509,0.0054157793383515,0.00524835578234831,0.00520492832022331,0.00482164826849382,0.00470326880352952,0.00415341439570029,0.00399751659039158,0.00382035165902476,0.00314247334431913,0.00311361182050847,0.00243482642931167,0.00224055122318688,0.00207285383659416,0.00203122899418259,0.0018448916705145,0.00180271979887164],"convergence":0,"press_dep":false,"press_rng":[1013.25,1013.25]}}
