{"fa_S3A_OLCI_C_band_4":{"type":"annular","coefficients":{"c1":1,"c2":0.0449777591770827,"c3":-1.58537760412582,"c4":0.439521089830195,"c5":-0.294974743252225,"c6":-0.085771226011398},"mare":0.000630149868645411,"rmse":0.000285209282291201,"mare_seq":[0.008081174804321,0.0072070048561782,0.00700976730688727,0.00686591681347106,0.00669153162200798,0.00667228677589155,0.00666268211402267,0.0066514857488717,0.00654110690934359,0.00652089379523246,0.00637588313518919,0.00606229135352607,0.00590415789711107,0.00523401411202624,0.00516832184472592,0.00490731930432239,0.00468932946571634,0.0042091537891455,0.00359107667548871,0.00347096861706539,0.00276393339443755,0.00255380726311658,0.00239478057160207,0.0021026486074131,0.00206170033857215,0.00202790992147141,0.00199714416102701,0.00191615449001408,0.00179326862308232,0.00175000948005085,0.000630149868645411],"convergence":0,"press_dep":false,"press_rng":[1013.25,1013.25]}}
