{"fa_S3B_OLCI_C_band_15":{"type":"annular","coefficients":{"c1":1,"c2":0.453194975330365,"c3":-0.287855833814585,"c4":0.902108950290676,"c5":-0.0856667018216738,"c6":-1.4750171804258},"mare":0.000734670712118408,"rmse":0.000257759253358264,"mare_seq":[0.00765284998672137,0.00693359212269656,0.00672388163813371,0.00668394936222148,0.00668302249611546,0.00667870642902648,0.00667781271922335,0.00665343743521005,0.00641427441027143,0.00631361411048658,0.00628590730479378,0.00607703613276665,0.00580284571951516,0.00580227955356934,0.00556457406880896,0.00547921074077114,0.00543837804008936,0.0050324714268814,0.00497131303421146,0.00460051790961555,0.00452582514528255,0.00322417259561565,0.00293091784342313,0.00228583733318933,0.00184926190170361,0.00147794025886057,0.00127872372961004,0.00103442514877009,0.000952205298711957,0.000753451979277949,0.000734670712118408],"convergence":0,"press_dep":false,"press_rng":[1013.25,1013.25]}}
