{"fa_S2A_MSI_U_band_3":{"type":"annular","coefficients":{"c1":1,"c2":0.0608198494496212,"c3":-1.64691206963565,"c4":0.492792368355435,"c5":-0.103434471503364,"c6":-0.341908776605473},"mare":0.000767290545448349,"rmse":0.000375993512294506,"mare_seq":[0.00683919717245606,0.0068389375056604,0.00683890918619351,0.00683890312336967,0.00683762580663676,0.00680716869554521,0.00676828507251194,0.00673362240615455,0.00672256120850811,0.00653869321717797,0.00650339594623902,0.00647897399563947,0.00626915479653884,0.00603781135158267,0.0059995510510384,0.00592199854565947,0.00562181438497262,0.00543321757349856,0.00479986867534597,0.00432639907911572,0.00280249369934601,0.00236881170697101,0.00230927448381959,0.00167248725497331,0.0013322475145097,0.00113690417134205,0.00111783189505086,0.000932102254650784,0.000798670104282178,0.000767871465278535,0.000767290545448349],"convergence":0,"press_dep":false,"press_rng":[1013.25,1013.25]}}
