{"fa_S2A_MSI_M_band_12":{"type":"annular","coefficients":{"c1":1,"c2":0.603107721717164,"c3":-0.0721112764803928,"c4":0.133971471995674,"c5":-1.42730046457963,"c6":-0.277350158701277},"mare":0.000802246916669469,"rmse":0.000289323523190399,"mare_seq":[0.0104903566068431,0.00749567377538423,0.00749566276682786,0.00749566260112575,0.00749341169631091,0.00748269247698564,0.00697608754463308,0.00650599212245743,0.0062611045136119,0.00449127004931497,0.00428885645687719,0.00404175100421851,0.00293192714195868,0.00247674470683161,0.00221698031057725,0.00207776611149001,0.00202142814165754,0.00197173052974446,0.00177903278119611,0.00175679167990275,0.00160278960631855,0.00147036282736908,0.00138455228352392,0.00122777543309492,0.00117195468786958,0.00104561285868728,0.000871594637509472,0.000871119743567471,0.000846624179547558,0.000809173507065496,0.000802246916669469],"convergence":0,"press_dep":false,"press_rng":[1013.25,1013.25]}}
