{"fa_S2A_MSI_M_band_5":{"type":"annular","coefficients":{"c1":1,"c2":0.343604445950106,"c3":-0.302910347269294,"c4":0.913259521212525,"c5":-0.0756635562698455,"c6":-1.61327856921143},"mare":0.000866900715686315,"rmse":0.000354136468615672,"mare_seq":[0.0092773786659108,0.00849567372523739,0.00835725054941093,0.00746822595191072,0.00742711143854148,0.00691272858106292,0.0063529484058591,0.00623163949967214,0.00568840247200649,0.00558655166095486,0.00492280896466442,0.00474821468255808,0.00433325118629657,0.00403377675794408,0.00384875251178506,0.00357930696287911,0.0035452259241388,0.00352385263793898,0.00334839838716515,0.00333139669736382,0.00277739671956791,0.00244930089092625,0.0024407053985638,0.00238483205695528,0.00165886963545394,0.00138694914974577,0.00122457083804605,0.00113548495631738,0.000897309115319994,0.000868411222349547,0.000866900715686315],"convergence":0,"press_dep":false,"press_rng":[1013.25,1013.25]}}
