{"fa_S3A_OLCI_M_band_8":{"type":"annular","coefficients":{"c1":1,"c2":0.605903226566937,"c3":-0.0763643849720696,"c4":0.857300135247449,"c5":-0.307690491557632,"c6":-1.59350022256233},"mare":0.000847089211595628,"rmse":0.000369851937330711,"mare_seq":[0.0104147375231964,0.00901923618609454,0.00847487385393581,0.00836609058961587,0.00835646576661651,0.0082997054179872,0.00828090168025548,0.00825483242452319,0.00822235934532465,0.00820823755818518,0.00820436562767716,0.00819320431087467,0.00819208645861277,0.00816989276463627,0.00796339583125485,0.00747725851544211,0.00702732307518349,0.00556498631255832,0.0050990115155196,0.00508860810976999,0.00508409864537895,0.00426037235038305,0.00352000182963678,0.00332081197580267,0.00289165244670994,0.00244570864002504,0.00204896655664282,0.00194674816285404,0.0018574059137236,0.000915572269523243,0.000847089211595628],"convergence":0,"press_dep":false,"press_rng":[1013.25,1013.25]}}
