{"fa_S3B_OLCI_U_band_7":{"type":"annular","coefficients":{"c1":1,"c2":0.434824842257117,"c3":-0.100707504786253,"c4":0.874344187967951,"c5":-0.325911522258892,"c6":-1.48118198148502},"mare":0.000723244830900486,"rmse":0.000298668746883229,"mare_seq":[0.00717095488413891,0.00717075376408082,0.00680748890554534,0.00677733633736961,0.0066512689497261,0.00662180503358867,0.00654349435963452,0.00654345941051824,0.00654284506932465,0.00652651708030971,0.00652558265116259,0.00651664155209309,0.00648655623011076,0.00634894378815033,0.00620465728350866,0.00572972799852633,0.00541464775199862,0.00512774282806399,0.00332087756995844,0.00316021878418056,0.00299371724848449,0.00294483575461843,0.00263667490711006,0.00228566716659975,0.00204538835547756,0.00196051774353542,0.00188007857414021,0.00178188912488117,0.001127367512788,0.000731892793545592,0.000723244830900486],"convergence":0,"press_dep":false,"press_rng":[1013.25,1013.25]}}
