{"fa_S2A_MSI_M_band_8":{"type":"annular","coefficients":{"c1":1,"c2":0.338442842487254,"c3":-0.306309795628566,"c4":0.0840408738180667,"c5":-1.61265460025178,"c6":-0.0758925660041589},"mare":0.000883913274387308,"rmse":0.000359361698920095,"mare_seq":[0.00844504567330621,0.00829098154183941,0.0082909756966869,0.00829097002173638,0.00829096855934409,0.00811198907815947,0.00805157677422481,0.00736193774137098,0.00606469264891681,0.0045144841207645,0.00448894975082801,0.00300843978985945,0.00283038435103721,0.002629352347589,0.00250395959678172,0.00238781781858657,0.00206695724655903,0.00201313103684279,0.0019852672366588,0.00182713801503392,0.00155999999462497,0.0014450545485692,0.00115587222078055,0.00109577277340373,0.00104491303184828,0.00104387654696975,0.000946175062740667,0.000932420743825363,0.000918571762846631,0.000908495252408769,0.000883913274387308],"convergence":0,"press_dep":false,"press_rng":[1013.25,1013.25]}}
