{"fa_S2C_MSI_M_band_6":{"type":"annular","coefficients":{"c1":1,"c2":0.600690584473298,"c3":-0.0756054596513042,"c4":0.141966603088609,"c5":-1.60641106307035,"c6":-0.303194179971045},"mare":0.000908535344809971,"rmse":0.000344109588260197,"mare_seq":[0.00897583134668989,0.00852953549199986,0.00842454860105141,0.00842452955900228,0.00842452805241355,0.0084244972502003,0.00838309772608566,0.00802374810604576,0.00671544299371639,0.00541866307902952,0.00411406710412573,0.00407656831195745,0.00353195618098924,0.00331788643809064,0.00259965970368245,0.00252485864379139,0.00183826482624567,0.00172016390728322,0.00163025457966847,0.00157473225341317,0.00134326673407494,0.00112640247938398,0.00109676258321572,0.00104701988038034,0.000986973585844156,0.000978338824203546,0.000963598693160502,0.000914959800000005,0.000909100018986061,0.000908732374083688,0.000908535344809971],"convergence":0,"press_dep":false,"press_rng":[1013.25,1013.25]}}
