{"fa_S3A_OLCI_U_band_11":{"type":"annular","coefficients":{"c1":1,"c2":0.490804869959713,"c3":-0.336423955251795,"c4":0.868282513403676,"c5":-0.103320789731621,"c6":-1.54383712206983},"mare":0.000728909853757326,"rmse":0.000311369083583526,"mare_seq":[0.00784638248176535,0.0070951860861775,0.00679204217381168,0.00659488373190764,0.00658406620291417,0.00654660266141573,0.0065167829448031,0.00650475992141101,0.00642010987810689,0.00636530184384497,0.00627403326589776,0.00612913589378812,0.00610138029635026,0.00598600272733644,0.00575622925936066,0.00565247487689755,0.00511845639021285,0.00506737716461625,0.00505880754784531,0.00487668427275786,0.00487007671300294,0.00252974532004788,0.0023937069934369,0.00216430671385076,0.00208889463170165,0.00185301620041162,0.00144364801511274,0.0013497318705737,0.000787612986423988,0.000749879192162253,0.000728909853757326],"convergence":0,"press_dep":false,"press_rng":[1013.25,1013.25]}}
