{"fa_S2B_MSI_U_band_13":{"type":"annular","coefficients":{"c1":1,"c2":0.375452236530921,"c3":-0.140718703233352,"c4":0.156536359329956,"c5":-1.86476563533063,"c6":-0.440083939133576},"mare":0.00084350820280279,"rmse":0.000487070016259093,"mare_seq":[0.0103258154649636,0.00687674226975719,0.00687673859624681,0.00687673330306901,0.00686418156295254,0.0060071802141898,0.00473882415074765,0.00472942852000253,0.00351936338376561,0.0024603507345455,0.00233825342517258,0.00231311110604729,0.00231217164619936,0.00197101284481804,0.00154904008078589,0.00139936002651697,0.00139651295348123,0.00135487940517044,0.00134702580954066,0.00130700454161732,0.00128298745380433,0.000964181209352435,0.000909197243040464,0.000873054924283092,0.000857874133715162,0.000853682761292824,0.000848047850369295,0.000845542375530837,0.000844763507542296,0.000843618103743103,0.00084350820280279],"convergence":0,"press_dep":false,"press_rng":[1013.25,1013.25]}}
