{"fa_S2A_MSI_C_band_2":{"type":"annular","coefficients":{"c1":1,"c2":0.0317245592974422,"c3":-2.02200531530189,"c4":0.389285367649838,"c5":-0.33558107959224,"c6":-0.0918002359778315},"mare":0.000835592019271537,"rmse":0.000619808314941211,"mare_seq":[0.0069027688177773,0.006882837595656,0.00686827593996929,0.00683958740148223,0.00683925270764786,0.00683918884206818,0.00683828370460831,0.00683827721166043,0.00683827189937579,0.00683827189247657,0.00683827027460344,0.0066739873612757,0.00550862562324704,0.00526537563709733,0.00516272869602361,0.00499974746125437,0.00497543638117468,0.00367160261646837,0.00326140704370976,0.00307375027977169,0.00241725843912927,0.00212990661661135,0.002028398892201,0.00194815659742179,0.00193598078861759,0.00175195708152643,0.00168684097107685,0.00161614827448016,0.00154074850084556,0.00109904837660518,0.000835592019271537],"convergence":0,"press_dep":false,"press_rng":[1013.25,1013.25]}}
