{"fa_S2A_MSI_M_band_6":{"type":"annular","coefficients":{"c1":1,"c2":0.604612225647979,"c3":-0.0759282180064873,"c4":0.139413140531989,"c5":-1.63591083300195,"c6":-0.306937354730348},"mare":0.000885171822512373,"rmse":0.000364889673734075,"mare_seq":[0.0201593687923852,0.00840919210808191,0.00840760864331983,0.00840756771180706,0.00840756284638888,0.00840754601401909,0.00840743184306251,0.00826222526421088,0.00712945790974951,0.00705039011469786,0.00656391680851906,0.00573308973931168,0.0046672944640314,0.00418197372666276,0.00418195058224242,0.00359111667212295,0.00311609198313763,0.00297154600965905,0.00289185668770934,0.00286801036670266,0.00283235706636908,0.00281023891393002,0.00237532745459952,0.00221718122500134,0.00176824568953015,0.00168381847335635,0.00146070090710176,0.00103890300158969,0.000922065630212625,0.000920663989440085,0.000885171822512373],"convergence":0,"press_dep":false,"press_rng":[1013.25,1013.25]}}
