{"fa_S2C_MSI_C_band_12":{"type":"annular","coefficients":{"c1":1,"c2":0.507484870063249,"c3":-0.0900139079823215,"c4":0.874339333480839,"c5":-0.316206492027341,"c6":-1.55154999675048},"mare":0.000693589671606009,"rmse":0.000297145474984616,"mare_seq":[0.00734957425930628,0.00725951363715116,0.00725871970746049,0.00725871071933553,0.00725870677336457,0.00719876177014495,0.00649058949107328,0.00519346600347471,0.00478447428477755,0.00372920148781934,0.00317793698226946,0.00309237035783104,0.00279939307368054,0.0024967824738987,0.00248378402996753,0.00157832393481434,0.00151459762680138,0.00145539076622277,0.00132778701994953,0.00105635783213685,0.000999922164864888,0.000981680894911319,0.000907369106572563,0.000862763026036351,0.000832721197502451,0.000698574356815243,0.000698247512558883,0.00069696290188108,0.000696634750344293,0.000693704994063773,0.000693589671606009],"convergence":0,"press_dep":false,"press_rng":[1013.25,1013.25]}}
