{"fa_S3B_OLCI_U_band_8":{"type":"annular","coefficients":{"c1":1,"c2":0.0708107773131372,"c3":-1.50431956510707,"c4":0.458439118813126,"c5":-0.100238073694927,"c6":-0.324526063263713},"mare":0.00073504284766635,"rmse":0.000292424086883123,"mare_seq":[0.00757347993322862,0.00665318493675857,0.006642712932755,0.00662584888131731,0.00662505135879805,0.00661644813208686,0.00660826029724175,0.00647290508389305,0.00646987415893902,0.00633608051332358,0.00615631059980995,0.005837631712021,0.00567904760986908,0.00551227290071412,0.00538095630872381,0.00517421677143311,0.0050467259118236,0.00494406050583232,0.00411441426285005,0.00331704755449703,0.00253909872312827,0.00233989929863672,0.0022790213702623,0.00203277080658466,0.00154847612700938,0.00110311363236839,0.000981438441159825,0.00093624650236372,0.000816812069133689,0.000735050880004335,0.00073504284766635],"convergence":0,"press_dep":false,"press_rng":[1013.25,1013.25]}}
