{"fa_S3B_OLCI_U_band_19":{"type":"annular","coefficients":{"c1":1,"c2":0.433350455294908,"c3":-0.107585876417213,"c4":0.880262793032661,"c5":-0.34942066854,"c6":-1.60769182071984},"mare":0.000696040009925546,"rmse":0.000345154429126836,"mare_seq":[0.0198010156379925,0.00751727230742574,0.00712675227570017,0.006750800633023,0.0066735331730155,0.00658989603329577,0.00658907902816641,0.00658559043996154,0.00657187183559569,0.00655579586487572,0.00654884648984235,0.00654040825414991,0.00653478106600809,0.00653273701328489,0.00638034735406051,0.00637858780106815,0.0062915761714326,0.00601684616718482,0.00599202860782769,0.00557307213216419,0.00524595898990836,0.00511591150258454,0.00503978495744181,0.00430270379360331,0.00400039973858124,0.00214221569058899,0.00209474608692108,0.00161322757442418,0.00123973450953952,0.000923995451808188,0.000696040009925546],"convergence":0,"press_dep":false,"press_rng":[1013.25,1013.25]}}
