{"fa_S3B_OLCI_M_band_15":{"type":"annular","coefficients":{"c1":1,"c2":0.357174404302504,"c3":-0.288529415501899,"c4":0.905610493601936,"c5":-0.0736508740425665,"c6":-1.52996005332725},"mare":0.000872388635886522,"rmse":0.000321856172968455,"mare_seq":[0.00982639454790988,0.00853295480497917,0.00824241967707096,0.00818999212257359,0.00802672837246906,0.0079085400216471,0.00783335956490365,0.00776869829958272,0.00767425604724089,0.00746577149306022,0.00743597903464031,0.00742253274055284,0.00700734021516377,0.00647419123107463,0.00644868035399582,0.00637238537758427,0.00578165332089517,0.00572207630548254,0.00569586024161432,0.00549730213008473,0.00460885630935786,0.00333416244374733,0.00320200160312557,0.00280599404699764,0.00198288302587197,0.00181251681754771,0.00155974852027095,0.0012231951591007,0.00105992242620153,0.000964070597274307,0.000872388635886522],"convergence":0,"press_dep":false,"press_rng":[1013.25,1013.25]}}
