{"fa_S3A_OLCI_C_band_2":{"type":"annular","coefficients":{"c1":1,"c2":0.526841181278144,"c3":-0.0840920380320027,"c4":0.89437142676766,"c5":-0.287129722797265,"c6":-1.50075566686176},"mare":0.000716876306159424,"rmse":0.000254037387993005,"mare_seq":[0.00825768892247902,0.00739366133554131,0.00738272983063606,0.0072033707887432,0.00683942619914713,0.00683066214422983,0.00667575080858039,0.0065933730986207,0.00639993175561849,0.00636153786684364,0.00552627263708376,0.00520339818850466,0.00517477009803578,0.00456607533101368,0.00392291838476606,0.00374343327822647,0.00329580276671026,0.00327401565544106,0.00320118227566028,0.00296936617580843,0.0025499752012986,0.00243101963515843,0.00234271392511824,0.00220169386108205,0.00188613672287035,0.00183802964886527,0.00163906522570013,0.00128958288849204,0.00122266409723131,0.000876746710361798,0.000716876306159424],"convergence":0,"press_dep":false,"press_rng":[1013.25,1013.25]}}
