{"fa_SeaHawk1_HawkEye_U_band_8":{"type":"annular","coefficients":{"c1":1,"c2":0.492959262142774,"c3":-0.349757212281712,"c4":0.867132430162651,"c5":-0.107759863812369,"c6":-1.59197749752309},"mare":0.000763999161544511,"rmse":0.000338187810039514,"mare_seq":[0.00719642727049072,0.00719409735458153,0.00712979940402873,0.00658761309031531,0.00656467976369449,0.00647900852936829,0.0063266847477975,0.0060500085646396,0.00590322505589361,0.00576176865735361,0.00569971714791543,0.00543733493275354,0.00434029087968949,0.00417213579684028,0.00369032259541493,0.00269387436920695,0.00246180499924333,0.00223385388195164,0.00213818099640561,0.0021253452181256,0.00186367107256276,0.00165830086790318,0.0013812514562283,0.00119805377618406,0.00111126916261397,0.00109655097887076,0.00100251260771403,0.000814178156636684,0.000782399482315948,0.000764372325481867,0.000763999161544511],"convergence":0,"press_dep":false,"press_rng":[1013.25,1013.25]}}
