{"fa_S2C_MSI_M_band_1":{"type":"annular","coefficients":{"c1":1,"c2":0.336459949255416,"c3":-0.313142753251098,"c4":0.0825348838211199,"c5":-1.72147780424804,"c6":-0.0770639195474469},"mare":0.00105389984016088,"rmse":0.000434975215924186,"mare_seq":[0.0278524796237806,0.00872693137616471,0.0087269151851671,0.00872691420276293,0.00872690599862603,0.00872690470123553,0.00872661090656279,0.00872614717656802,0.00860518527581591,0.00517721769718377,0.00429940547028289,0.00333577472561364,0.00304235612637603,0.00250744582846085,0.00247655208559089,0.00223115177572982,0.00211106250601584,0.00196590141121641,0.00189047939847305,0.0017515020000245,0.00145142594517663,0.00135274492783624,0.00134319581386401,0.00129869576625823,0.00129407711563187,0.00123563188374478,0.00109303124069292,0.00107600824217576,0.00105426723470743,0.0010542013834806,0.00105389984016088],"convergence":0,"press_dep":false,"press_rng":[1013.25,1013.25]}}
