{"fa_S3B_OLCI_C_band_3":{"type":"annular","coefficients":{"c1":1,"c2":0.0411945271505097,"c3":-1.64597092150061,"c4":0.407829552883749,"c5":-0.312768313416122,"c6":-0.0888561705776895},"mare":0.000752928607147702,"rmse":0.00044909464303767,"mare_seq":[0.00874965056176533,0.0075805666524076,0.00738604687503192,0.00685325219816057,0.00682326930615688,0.00661148771589275,0.00658158418614473,0.00657730833718978,0.00655065697998817,0.00651671583625734,0.00631044349008769,0.00617119301114482,0.00597835076860864,0.00570703819938405,0.00547707477941342,0.00528083262038354,0.0047990569742632,0.00443921383208822,0.00230622699289362,0.00227682472655299,0.00212959776256183,0.0020926560867047,0.00202683683146481,0.00158557589364125,0.00141188875124895,0.00119423321077193,0.00111854092513978,0.00104451161438274,0.000803398513452897,0.000775622602464607,0.000752928607147702],"convergence":0,"press_dep":false,"press_rng":[1013.25,1013.25]}}
