{"fa_S3A_OLCI_M_band_2":{"type":"annular","coefficients":{"c1":1,"c2":0.598813576655574,"c3":-0.0761424823308502,"c4":0.850851683642751,"c5":-0.303062433707923,"c6":-1.59119397315403},"mare":0.000957884145336098,"rmse":0.000365034179916006,"mare_seq":[0.00906689700619591,0.00892954000506714,0.00858735308601752,0.00857451359215295,0.0085732271872641,0.00855470521899131,0.00855297649602499,0.00855001804884606,0.00854453924227308,0.00853782562692497,0.00850340170183483,0.00722305919030673,0.00721647318577393,0.00700728992597569,0.00682334662431033,0.00553766398878266,0.00517945231509773,0.00476200790129092,0.00419066465028213,0.00328339561395382,0.00315451327181968,0.00314062609316676,0.0030759163625051,0.0028834771163355,0.00165870424336434,0.00152123405989067,0.00130984553596499,0.00102423125324227,0.00100930449293454,0.000969895002223691,0.000957884145336098],"convergence":0,"press_dep":false,"press_rng":[1013.25,1013.25]}}
