{"fa_S2C_MSI_M_band_8":{"type":"annular","coefficients":{"c1":1,"c2":0.605616983905357,"c3":-0.0758252129682856,"c4":0.140048089142515,"c5":-1.61983815103229,"c6":-0.306595054605686},"mare":0.000905524826765729,"rmse":0.000392415524191663,"mare_seq":[0.00841856764071872,0.00835021763076197,0.00835015762241056,0.00835014165937902,0.00835012435874305,0.00835012019492937,0.00795741555295725,0.00737482871832573,0.00728600942830214,0.00423500199581199,0.00376750611493851,0.00343427618791541,0.00290918511287363,0.00269307616426854,0.00260891495806784,0.00254206736540581,0.00248081051215201,0.00240964530428826,0.00238718681487173,0.00214122038126117,0.00208015893631047,0.00197972979693654,0.0018011330054578,0.00160624928519436,0.00116185469765126,0.00110030611839968,0.00098472654246335,0.0009146430887428,0.000907770348241249,0.000906827762131066,0.000905524826765729],"convergence":0,"press_dep":false,"press_rng":[1013.25,1013.25]}}
