{"fa_SeaHawk1_HawkEye_M_band_6":{"type":"annular","coefficients":{"c1":1,"c2":0.593317319807819,"c3":-0.0749740226237445,"c4":0.143419408781696,"c5":-1.57571954271214,"c6":-0.297385940817384},"mare":0.000893285912146121,"rmse":0.00032223948538631,"mare_seq":[0.00920373967966072,0.00881628719676115,0.0086923395835609,0.00853997713645867,0.00845913675381616,0.00845059607796715,0.00845056563485831,0.00844652036305122,0.0083666949703999,0.00828808373375887,0.00726149065152379,0.00632043408186469,0.00590156164830804,0.00534400311893869,0.00519051530714911,0.00489891673515402,0.00467787754069243,0.00461411099389469,0.00451400684552031,0.00425226468739094,0.00279011317192566,0.00268169380695486,0.00254980520986649,0.0024070982329707,0.00200103628448715,0.00157748033269397,0.00125344876399147,0.00123013093213017,0.00102621529969415,0.000932070855143404,0.000893285912146121],"convergence":0,"press_dep":false,"press_rng":[1013.25,1013.25]}}
