{"fa_SeaHawk1_HawkEye_C_band_8":{"type":"annular","coefficients":{"c1":1,"c2":0.43600413699441,"c3":-0.306763903782302,"c4":0.0880698167316709,"c5":-1.60724090409821,"c6":-0.0897360685057656},"mare":0.000796345935326035,"rmse":0.000339524620731352,"mare_seq":[0.00721526894166041,0.00706106351387628,0.00691990961649066,0.00690287562219154,0.00689779766322931,0.00689634693308141,0.00689520895643377,0.00689503093309135,0.00689065700028109,0.00687788246237256,0.00640543807629376,0.00569231067255785,0.00541371755502479,0.00536327969625528,0.00505243577493425,0.00465478658850096,0.00280481047750353,0.00269930076772892,0.0026919172207882,0.00257889883341325,0.00256174604789727,0.00245867324145413,0.0023293251265113,0.00199378614192744,0.00198399819124609,0.00194452278177384,0.00191252940273584,0.00147743942948142,0.0011472792729482,0.00101932648890141,0.000796345935326035],"convergence":0,"press_dep":false,"press_rng":[1013.25,1013.25]}}
