{"fa_S2B_MSI_U_band_1":{"type":"annular","coefficients":{"c1":1,"c2":0.0590707774502578,"c3":-1.71111915607966,"c4":0.497221316986433,"c5":-0.345542802963252,"c6":-0.103435406844481},"mare":0.000841893750023698,"rmse":0.000402526357411257,"mare_seq":[0.0165159807741327,0.00809439211228682,0.00746622432121475,0.00727280054584968,0.00703024042124952,0.00703022837815077,0.00702970064323208,0.00702625679915482,0.00702268973743342,0.00668530025929363,0.00623044116748154,0.00527739206742897,0.00300115857328066,0.00174209217400044,0.00173728004949647,0.00172286296516761,0.00169969419824354,0.00166280143179006,0.00152868487536981,0.00147019538980475,0.00117434358959682,0.00109661173354665,0.00107184756854448,0.00105872748953429,0.0010487239837044,0.00102617827035854,0.00099699619333509,0.000849069960507235,0.00084195903184192,0.00084191205105389,0.000841893750023698],"convergence":0,"press_dep":false,"press_rng":[1013.25,1013.25]}}
