{"fa_S3A_OLCI_M_band_12":{"type":"annular","coefficients":{"c1":1,"c2":0.0689192549579625,"c3":-1.41760103970582,"c4":0.596760142092947,"c5":-0.0711405813878246,"c6":-0.267829020081806},"mare":0.000896037364083244,"rmse":0.000305959049551323,"mare_seq":[0.0098608776194199,0.00853007211894379,0.00838943022749314,0.00823308091241147,0.00821370002818399,0.0081853808160552,0.00801508840158209,0.00797617023653966,0.00795139466091128,0.00788138203592489,0.00785049429180363,0.00770563311477663,0.00766223645590779,0.0070516335991943,0.0065011288936123,0.0063178594808675,0.00584930420174465,0.0052354662037867,0.00510823081118045,0.00472557839166683,0.00278476923168303,0.00237929257274706,0.00227212806487689,0.00211485349620887,0.00153227563382187,0.00129940107717573,0.00125987439858129,0.001096698136054,0.00104583922610351,0.000981321556988906,0.000896037364083244],"convergence":0,"press_dep":false,"press_rng":[1013.25,1013.25]}}
