{"fa_S2A_MSI_U_band_6":{"type":"annular","coefficients":{"c1":1,"c2":0.448767744031459,"c3":-0.105126326844621,"c4":0.114569416060113,"c5":-1.63815443871004,"c6":-0.34376717938467},"mare":0.000805644330906282,"rmse":0.000384801743709632,"mare_seq":[0.00905433555792266,0.00685276799582486,0.00674693349630518,0.0065156618978783,0.00627549618127051,0.00620331301605647,0.00581860652876974,0.00331412253010075,0.00324760039782434,0.00296537789697427,0.00275962327420464,0.00232647361124785,0.00185671629135623,0.00178991552296561,0.00172646627369121,0.00161052421779659,0.00148496565748713,0.00134009736759585,0.00130950957772583,0.0011570164072702,0.0010555670414974,0.00102561305435168,0.00102216578022244,0.000978275269104245,0.000919300086784576,0.000913179985618917,0.000844217015043804,0.000842330752234763,0.00081690880214851,0.000812225508775072,0.000805644330906282],"convergence":0,"press_dep":false,"press_rng":[1013.25,1013.25]}}
