{"fa_S3A_OLCI_C_band_10":{"type":"annular","coefficients":{"c1":1,"c2":0.076951779563154,"c3":-1.12098715005602,"c4":0.46798761575669,"c5":-0.0776276617164964,"c6":-0.248298882393442},"mare":0.00123057735956258,"rmse":0.000357731395507175,"mare_seq":[0.00719300803137961,0.00694801871154166,0.0069038755195922,0.00686395156094791,0.00681156217046566,0.00680240802387086,0.00676891329067828,0.0066970604890288,0.00667696016058361,0.00663268590415891,0.00659349129818264,0.00658767147683772,0.0065700808027866,0.00653762470714018,0.00581510008180673,0.00580104680541683,0.00531353664817199,0.00477460487798602,0.00431353991351705,0.00415418546436802,0.00409132731675452,0.00371444380973057,0.00344778874187522,0.00311404554302187,0.00300768844238992,0.00273125803539534,0.00248022004740165,0.00189574416045935,0.0015488428593074,0.0015242404818961,0.00123057735956258],"convergence":0,"press_dep":false,"press_rng":[1013.25,1013.25]}}
