{"fa_S2A_MSI_M_band_13":{"type":"annular","coefficients":{"c1":1,"c2":0.0394214031271398,"c3":-1.52903375602257,"c4":0.633302657847857,"c5":-0.0751077635753281,"c6":-0.27708229553857},"mare":0.000755779519764141,"rmse":0.000317133111892266,"mare_seq":[0.00682991571922439,0.00682991265446256,0.00682991122714144,0.00682991035246,0.00682990820716377,0.00668361793310154,0.00657500865988104,0.00608192131652664,0.00570209353668484,0.00453920609494074,0.0045168835496709,0.00400217615573804,0.00278421668010876,0.00265326382879957,0.00234134548100641,0.0021280606004873,0.00204459599202217,0.00199109507142279,0.00178066635500833,0.00167228704875406,0.00155738710954259,0.00153071370528588,0.00121120001801282,0.00114411993628989,0.00102615421183706,0.00100381169503933,0.000859366341966844,0.000758265140892994,0.000757114175456926,0.000756395661499717,0.000755779519764141],"convergence":0,"press_dep":false,"press_rng":[1013.25,1013.25]}}
