{"fa_S2C_MSI_C_band_10":{"type":"annular","coefficients":{"c1":1,"c2":0.446710320999206,"c3":-0.297126277590025,"c4":0.896053912704585,"c5":-0.088248832076516,"c6":-1.50305938233605},"mare":0.000753342328132757,"rmse":0.00026797614804434,"mare_seq":[0.00706869559035141,0.00706867388411403,0.00706867314093476,0.00706867267447486,0.00706178978289912,0.00365186052551013,0.00264165915952917,0.00250944717351752,0.002262422995842,0.00220813363420649,0.00213458379082392,0.00197635022071323,0.00194848717997426,0.00192117758957273,0.00189592933319757,0.00188117273832568,0.00181008357208477,0.00177734462399024,0.00176115109144281,0.00158879371944645,0.00153330992050411,0.00133639396644098,0.00126569387049458,0.00111635591690164,0.000934363702141298,0.000913701025062536,0.000890537541636447,0.00086689351280826,0.000838434672408261,0.000777290852167998,0.000753342328132757],"convergence":0,"press_dep":false,"press_rng":[1013.25,1013.25]}}
