{"fa_S3B_OLCI_C_band_5":{"type":"annular","coefficients":{"c1":1,"c2":0.577336182438587,"c3":-0.090366077345276,"c4":0.922518718698165,"c5":-0.326688874049671,"c6":-2.02949203023396},"mare":0.000809420689440965,"rmse":0.000509779849887252,"mare_seq":[0.00736666047105889,0.00703939717783393,0.0069472005403901,0.00667865633507109,0.0066493603875376,0.00660467779543321,0.00659563530370989,0.00654736132931382,0.00654584457216461,0.00643242462314641,0.00605043387368907,0.0057967581843905,0.00511506467418567,0.00509331977775452,0.00401384360955459,0.00392790551192062,0.00375764851964721,0.00368926763189213,0.00363116461879109,0.00344299379502601,0.00286468263539054,0.00271915715539426,0.00256889825062189,0.00204427014114409,0.00187076239294481,0.00169842263502394,0.00169008675409433,0.00154756519075891,0.00136564557589202,0.00109241285487911,0.000809420689440965],"convergence":0,"press_dep":false,"press_rng":[1013.25,1013.25]}}
