{"fa_S3B_OLCI_M_band_7":{"type":"annular","coefficients":{"c1":1,"c2":0.389937115206136,"c3":-0.253201797202088,"c4":0.128667534242732,"c5":-1.27763608520236,"c6":-0.0693600549564003},"mare":0.00123874763438397,"rmse":0.000306906189450575,"mare_seq":[0.0106583463368741,0.00940457596894098,0.00932449516259794,0.00928165625272446,0.00921436504672609,0.00867726705060679,0.00853633604661711,0.00846218525169916,0.00845677107001143,0.00845645712574443,0.00845352406349234,0.00845240192372559,0.00842667684470107,0.00838994648028404,0.00832504434464362,0.00827000286398142,0.0081111322916753,0.00802499114898308,0.00679216734240006,0.00672138158409418,0.00669436050904729,0.00591036577442224,0.00531558002506821,0.00441231874443049,0.00389658716248186,0.00357301532275771,0.0035672649253036,0.00347473105149171,0.00346164063370746,0.0021449524033048,0.00123874763438397],"convergence":0,"press_dep":false,"press_rng":[1013.25,1013.25]}}
