{"fa_S3A_OLCI_U_band_18":{"type":"annular","coefficients":{"c1":1,"c2":0.373636097502449,"c3":-0.0988607607450444,"c4":0.846867324356045,"c5":-0.308513040762551,"c6":-1.26773616737083},"mare":0.00102205368677786,"rmse":0.000343769012089318,"mare_seq":[0.0207994003171306,0.00935484952980098,0.00794255265732354,0.00703121552691709,0.00694487179447688,0.00655401781088244,0.00652462766695871,0.00649808153402578,0.00646209176056852,0.00638321223952686,0.00632518834910831,0.00627953719774276,0.00620544353405875,0.00609043899128592,0.00590219707885759,0.00584356557399975,0.00575049797730241,0.00539689289162229,0.00536749705905768,0.00421563667376319,0.00385086271317927,0.00305447862256228,0.00296823157383837,0.00220314598817899,0.00215775183433046,0.00201299210986364,0.00170640874778508,0.00161535526528778,0.00156110265118914,0.0011177559149582,0.00102205368677786],"convergence":0,"press_dep":false,"press_rng":[1013.25,1013.25]}}
