{"fa_S3A_OLCI_U_band_16":{"type":"annular","coefficients":{"c1":1,"c2":0.484811154384644,"c3":-0.34797606689545,"c4":0.124624912841793,"c5":-1.60000638950258,"c6":-0.106755002203834},"mare":0.000707410195035564,"rmse":0.000366245658448124,"mare_seq":[0.0278979199500746,0.0080834934709217,0.00722957508765048,0.00666982702052027,0.00665151847536956,0.00654625835722117,0.00652760158296063,0.00650894627246949,0.00649124452468459,0.00649007603339466,0.00648997498961057,0.00640300321258976,0.00639484231948595,0.00621955148229829,0.00609905743813989,0.00606288217057678,0.00597097402217847,0.00590105889650132,0.00585517812701544,0.00556005916704006,0.00501809594678981,0.00453008697856946,0.00376026971789197,0.00355778562021743,0.00325560339312845,0.00306347453666497,0.00224467433549666,0.00191438356422508,0.00159940534359703,0.00146786361974451,0.000707410195035564],"convergence":0,"press_dep":false,"press_rng":[1013.25,1013.25]}}
