{"fa_S2C_MSI_U_band_2":{"type":"annular","coefficients":{"c1":1,"c2":0.470063113930747,"c3":-0.103460973896839,"c4":0.111057662368676,"c5":-1.69321389740592,"c6":-0.344900768586495},"mare":0.000733915004763173,"rmse":0.000365938146649248,"mare_seq":[0.00715090442960278,0.00694929514037359,0.00694925030682129,0.00694924989660148,0.00694924537745292,0.00694920548749432,0.00694916615832945,0.00693620012148743,0.00688579717893965,0.00458169284958198,0.00433837401303225,0.00298409043059817,0.00279048395706368,0.00275609743610337,0.00253379373763921,0.00228200808247864,0.00215568140891395,0.00197831319371732,0.00176909201741209,0.00171960144947275,0.00164097758740237,0.00163451723582466,0.0014743906902371,0.00130970503252238,0.00119458479539402,0.00109049184556588,0.00107898817944363,0.000855504288825215,0.000827368833152571,0.000749757938295119,0.000733915004763173],"convergence":0,"press_dep":false,"press_rng":[1013.25,1013.25]}}
