{"fa_S2C_MSI_M_band_12":{"type":"annular","coefficients":{"c1":1,"c2":0.324921610606929,"c3":-0.301485438403305,"c4":0.934442605765209,"c5":-0.0746633282430324,"c6":-1.63511709379091},"mare":0.000767776188585077,"rmse":0.000405597791294838,"mare_seq":[0.0076543009360788,0.00765424807238319,0.00765424502287599,0.00765424490475877,0.00765424206582244,0.00765424005340423,0.0076540722402193,0.00549684431693405,0.00477752627197358,0.00297097137905005,0.00253953772546005,0.00248893496709824,0.00247980177515341,0.00236963868246091,0.00228189408690711,0.00225083640282706,0.00216092908570363,0.00185669986625009,0.00178640714199395,0.00172484825402642,0.00168563330871546,0.00155351536183608,0.00148089554741395,0.00146103509848218,0.00145372202457367,0.000951585054441487,0.000870676745322943,0.000859279427049745,0.000842846950815429,0.000831364577382472,0.000767776188585077],"convergence":0,"press_dep":false,"press_rng":[1013.25,1013.25]}}
