{"fa_S2B_MSI_C_band_6":{"type":"annular","coefficients":{"c1":1,"c2":0.530521999734746,"c3":-0.0891995971734892,"c4":0.0950786521683856,"c5":-1.65703694228322,"c6":-0.307731331239663},"mare":0.000716589900866587,"rmse":0.000309024619209901,"mare_seq":[0.00701286654943803,0.00686004252015148,0.00685875673056352,0.00685870983579647,0.00685870321763691,0.00685804602306583,0.00685099210264985,0.0066213072709399,0.00577990728054161,0.00495472767132001,0.00475463048937741,0.00454316374330842,0.00396392634559719,0.00355094671176759,0.00284960208663836,0.00263714264877574,0.00248499505984435,0.00225907075655487,0.00192082719087029,0.00183990818139363,0.00163195727356352,0.00159905971792789,0.00156437358038687,0.001240770866825,0.00121375251932076,0.00113693826320112,0.00101901592529486,0.000866056947907124,0.000769061383343276,0.000724518638351456,0.000716589900866587],"convergence":0,"press_dep":false,"press_rng":[1013.25,1013.25]}}
