{"fa_S3B_OLCI_M_band_21":{"type":"annular","coefficients":{"c1":1,"c2":0.6091519818933,"c3":-0.0764831742077297,"c4":0.187671659011732,"c5":-1.20953698835778,"c6":-0.287486427194151},"mare":0.00212938259989254,"rmse":0.000953892603028182,"mare_seq":[0.0104324681054043,0.00909458367511453,0.00874875778535508,0.00840181433346291,0.00811631118892049,0.00808331337064039,0.0080816679503222,0.00807909343234002,0.00807153548389015,0.00807072234665505,0.00806862500498626,0.00806433084316851,0.00806126451802806,0.00803220680518834,0.00799824662768847,0.00770443174881737,0.00763005087887623,0.00744869344212256,0.00722230041615906,0.00703543845443225,0.00666511907389135,0.00640405904077744,0.00513305132473513,0.00487833674982598,0.00478068305132889,0.00439544001359092,0.00372281169373013,0.0034148866696469,0.00258314100049962,0.00228872466252517,0.00212938259989254],"convergence":0,"press_dep":false,"press_rng":[1013.25,1013.25]}}
