{"fa_S3A_OLCI_U_band_2":{"type":"annular","coefficients":{"c1":1,"c2":0.520252110425829,"c3":-0.109424731368655,"c4":0.0906143983709682,"c5":-2.13031231200028,"c6":-0.383064515781526},"mare":0.000864930336034597,"rmse":0.000718294072452617,"mare_seq":[0.0111707586950679,0.0077263255178404,0.00752375902219341,0.00749149696548417,0.00694337787844627,0.00692515859917707,0.00692404296759838,0.00691168375579009,0.0069004840632556,0.00672479246596268,0.00667881202853198,0.00659660635179945,0.00657115494388637,0.00649091817904407,0.00641553387783154,0.00631860308005257,0.00628828026643545,0.00590280602725277,0.0058558195804475,0.00506711301895349,0.00493197118596257,0.00442071783518388,0.00434079729837186,0.00430670358529206,0.00408770588155708,0.00259711137878738,0.00228556257839777,0.0021043013050049,0.00157675062679732,0.000970372539757399,0.000864930336034597],"convergence":0,"press_dep":false,"press_rng":[1013.25,1013.25]}}
