{"fa_S3A_OLCI_U_band_15":{"type":"annular","coefficients":{"c1":1,"c2":0.476963367631436,"c3":-0.109867383917125,"c4":0.100727761412662,"c5":-1.89677120904517,"c6":-0.366706084412776},"mare":0.000780462278975186,"rmse":0.000517007428175633,"mare_seq":[0.0108578582757573,0.00872068067578104,0.00867492054159461,0.00814728420878483,0.00669204309843562,0.00666306670228104,0.00658444903306196,0.0065399672675325,0.00647613736269477,0.00646275741910152,0.0064609950258498,0.0062953736843084,0.00626366528379149,0.00588597747451655,0.0058442129666804,0.00580369587932527,0.00573395890225323,0.00551904136622923,0.00538308792868411,0.00437901734770663,0.0043633606658707,0.0034216441943496,0.00301983217044332,0.0025202236074711,0.00244347424486291,0.00235282993688666,0.00123827880981691,0.00117728212314014,0.000864184005114237,0.000850826902728915,0.000780462278975186],"convergence":0,"press_dep":false,"press_rng":[1013.25,1013.25]}}
