{"fa_S3A_OLCI_U_band_9":{"type":"annular","coefficients":{"c1":1,"c2":0.465923980238828,"c3":-0.105971861833391,"c4":0.10986823702828,"c5":-1.67788243099838,"c6":-0.350388719674698},"mare":0.000753835497178689,"rmse":0.000418942951547043,"mare_seq":[0.0248897285738113,0.00770588164926442,0.00724100010694724,0.0072100174701298,0.00687741528360695,0.00681054740979086,0.00655352612696542,0.00650924834140127,0.00635140735918507,0.0063471598323879,0.00598615068692606,0.00588052020098938,0.00583751208511435,0.00552218800546521,0.00545873303489339,0.00530861473961132,0.00521166885853326,0.00486914195551589,0.00465818387996545,0.00458251607197075,0.00455233921677925,0.00434146742678452,0.00410480137457489,0.00372150783170795,0.00308478139793156,0.00230239026341716,0.00211192226234683,0.00168149161654024,0.00138410180750412,0.00106037141765477,0.000753835497178689],"convergence":0,"press_dep":false,"press_rng":[1013.25,1013.25]}}
