{"fa_S3A_OLCI_C_band_14":{"type":"annular","coefficients":{"c1":1,"c2":0.44222228581172,"c3":-0.295749775146614,"c4":0.90929435923243,"c5":-0.0871505907906837,"c6":-1.52962726537137},"mare":0.000643281183109531,"rmse":0.000247074703805386,"mare_seq":[0.0159367048945479,0.00739908452333629,0.00668854814448697,0.00667009425490252,0.00665526282064092,0.0065177389896643,0.00642847326176219,0.00641775357333985,0.00610812501646176,0.00588083988997042,0.00587615278197375,0.00584075677114273,0.00526156306911343,0.00494101925885371,0.00475444464578921,0.00397456701818182,0.00389734561191545,0.00377673715173689,0.00373863879216589,0.0035164756143494,0.00341128441966489,0.00295310210076168,0.0026473287466623,0.00244285667250033,0.00203665235607698,0.00198038402062378,0.00115188338256406,0.00100333656995537,0.000888155469517982,0.000871786433807155,0.000643281183109531],"convergence":0,"press_dep":false,"press_rng":[1013.25,1013.25]}}
