{"fa_S2B_MSI_M_band_5":{"type":"annular","coefficients":{"c1":1,"c2":0.599628770711475,"c3":-0.0756939116528859,"c4":0.85706534533881,"c5":-0.303067892151256,"c6":-1.59258530276265},"mare":0.000891125424655482,"rmse":0.000345450469658478,"mare_seq":[0.0105178696788168,0.00839754714766353,0.00839753203654386,0.00839753169831114,0.0083975017805365,0.00839140521642311,0.00826721475211001,0.00814241363728235,0.00760082232192709,0.00737102048529437,0.00678218478065633,0.00653219918126743,0.00558258889810178,0.00337405224777852,0.00293159027751415,0.00274403724888751,0.00243767381612099,0.00220130840929749,0.00201189523510921,0.00189709506272433,0.00157499170730647,0.0013984377480571,0.00106882944363981,0.00102599699637083,0.00100172050925803,0.000941265122405947,0.000895055181439557,0.000894332670851991,0.000891858646371243,0.00089167063520406,0.000891125424655482],"convergence":0,"press_dep":false,"press_rng":[1013.25,1013.25]}}
