{"fa_WV3_C_band_2":{"type":"annular","coefficients":{"c1":1,"c2":0.541039896020501,"c3":-0.0862928249874243,"c4":0.904105769433213,"c5":-0.298252989174271,"c6":-1.60960561127944},"mare":0.000774817985570644,"rmse":0.000333286768492937,"mare_seq":[0.00678178975168335,0.00678178856405124,0.0067817847178392,0.00678178159269402,0.00678177022022215,0.00623503549878399,0.00619707101414821,0.00603185351194665,0.00561664438353212,0.00498778390094961,0.00429353981886199,0.0038664830982574,0.00351746769617348,0.00306123562170108,0.0026642938446224,0.00251722531234456,0.00238292602504763,0.00226090143048372,0.00217825893458058,0.00189511944797838,0.00171673705881627,0.00153697793013678,0.00120160394884366,0.00105158902595571,0.000858517624888606,0.000808066539106074,0.000792096945007415,0.000777781392644271,0.00077506814931383,0.000774832692395666,0.000774817985570644],"convergence":0,"press_dep":false,"press_rng":[1013.25,1013.25]}}
