{"fa_WV_LG05_U_band_7":{"type":"annular","coefficients":{"c1":1,"c2":0.481442482951485,"c3":-0.351236992988943,"c4":0.115055343382623,"c5":-1.69487832027415,"c6":-0.106590716585767},"mare":0.000767729841370583,"rmse":0.000390979129499414,"mare_seq":[0.00901060660037897,0.00674569886190906,0.00674569768367725,0.00672884819144408,0.00651503618158612,0.0065006796190612,0.00640770649064274,0.00613908580672929,0.00613699684540098,0.00580372690654464,0.00537297285488109,0.00329025161620614,0.00325989294845572,0.00271517708181269,0.0020434125583934,0.00199179867183833,0.00180918559480989,0.00180783966323187,0.0014011812718169,0.00135679455594791,0.00119426956666735,0.00116470822864146,0.00113401209074088,0.000933104523371125,0.000860640278816819,0.000786489374507791,0.000770945577154294,0.000768648982564027,0.000768467964609952,0.000767732779231431,0.000767729841370583],"convergence":0,"press_dep":false,"press_rng":[1013.25,1013.25]}}
