{"fa_WV2_U_band_7":{"type":"annular","coefficients":{"c1":1,"c2":0.0635822661257512,"c3":-1.6595620493628,"c4":0.528945727448965,"c5":-0.348549148784439,"c6":-0.106582335375797},"mare":0.000693518743123565,"rmse":0.000339649476189596,"mare_seq":[0.00676260742200158,0.00675935056630331,0.00674502443891883,0.00674502433022693,0.00674502166668081,0.00673991890957605,0.00670003684974791,0.00656922602893361,0.0061164815846136,0.00591970944472943,0.00588938910039112,0.00445333494283352,0.00270617637241956,0.00263473029789747,0.00261490941213812,0.0025997736668779,0.00241102663435781,0.00221718010233091,0.00145067025153744,0.00128434270468389,0.00106882491421495,0.000985546386117061,0.000944186776043762,0.000844893812495153,0.000783768732515477,0.000781769389969187,0.000732759587700226,0.000730747259310243,0.000697576796916152,0.000693604469574046,0.000693518743123565],"convergence":0,"press_dep":false,"press_rng":[1013.25,1013.25]}}
