{"fa_WV3_C_band_11":{"type":"annular","coefficients":{"c1":1,"c2":0.428985084146834,"c3":-0.312995604524374,"c4":0.109752168936459,"c5":-1.52008891299575,"c6":-0.0895443839564728},"mare":0.000708909781606712,"rmse":0.000308717644148702,"mare_seq":[0.00718071237610561,0.00718069776357584,0.00718068458589355,0.00701752108752826,0.00666491926175877,0.00643054241408317,0.00505632061012927,0.00477659132314499,0.00425677965663255,0.00329359734256856,0.00309649679904796,0.00275594241788169,0.00256657850061499,0.00230520884043459,0.0018786150153571,0.0015396137327186,0.0013960827692323,0.00129702623373165,0.00128743765919853,0.00111846978862807,0.00107841617106743,0.0010328747042517,0.000848529950147372,0.000842902946357536,0.000718798038376297,0.000710382032930139,0.00070989832127802,0.000709155091904028,0.000708968618598718,0.000708911621657383,0.000708909781606712],"convergence":0,"press_dep":false,"press_rng":[1013.25,1013.25]}}
