{"fa_WV_LG05_M_band_4":{"type":"annular","coefficients":{"c1":1,"c2":0.350549701916246,"c3":-0.296886768038924,"c4":0.909275799086293,"c5":-0.0750249020955551,"c6":-1.58815352561511},"mare":0.00086286170060674,"rmse":0.000322056227775388,"mare_seq":[0.0268826822484335,0.00908502431423749,0.00857651504283908,0.00857649726075986,0.00857649312062929,0.00857647635304964,0.00857647369443515,0.00839205709409966,0.00831303994516009,0.00827062595789234,0.00813179136016623,0.00649429518034948,0.0064502672678229,0.00583601725066871,0.00565905355622653,0.00508047663721918,0.00502706662077855,0.0039466267682211,0.00269984741779339,0.00196344638713423,0.00194192035287608,0.00127507306453235,0.00112106515350168,0.00109547425791102,0.00103944921427271,0.000962472600838033,0.00095441406308285,0.000865815420053274,0.000863556573105547,0.00086287437269089,0.00086286170060674],"convergence":0,"press_dep":false,"press_rng":[1013.25,1013.25]}}
