{"fa_WV_LG02_U_band_3":{"type":"annular","coefficients":{"c1":1,"c2":0.467282219521036,"c3":-0.103837244617113,"c4":0.890546203760309,"c5":-0.344811685924419,"c6":-1.69952934366536},"mare":0.000796797871718221,"rmse":0.000400320874956247,"mare_seq":[0.00793472059569983,0.00688450637117778,0.00688145414618194,0.0068100459636819,0.00657940328488442,0.00656374375418087,0.00635223343646665,0.00619285860108283,0.005646723916408,0.00473252782445073,0.00443526142053067,0.00431063727973972,0.00377971728660276,0.00297520217271717,0.0025036764890165,0.00247172498623366,0.00198970912888117,0.00163811513311038,0.00138756704914987,0.00138109266925851,0.0013028453925165,0.00128730672780024,0.00119193872301209,0.00105780975043911,0.000965191068175756,0.000814427554914538,0.000796861803286056,0.000796805539986911,0.000796802811771593,0.000796800876260245,0.000796797871718221],"convergence":0,"press_dep":false,"press_rng":[1013.25,1013.25]}}
