{"fa_WV_LG03_M_band_9":{"type":"annular","coefficients":{"c1":1,"c2":0.339850633940244,"c3":-0.308077961708816,"c4":0.0834932923680847,"c5":-1.64616310661257,"c6":-0.0762818298441976},"mare":0.0010187508183496,"rmse":0.000433292677409161,"mare_seq":[0.00843233691670589,0.00843233615322958,0.00839986352600322,0.00838386405277668,0.00835537532647915,0.00833200304523476,0.00739691166104253,0.00691958752224862,0.00457126328798682,0.00455656235303727,0.00332699974396156,0.00299486268275439,0.00286590432484223,0.00274812084697555,0.00259966357824891,0.00241969454879362,0.00209269773878984,0.0019794296136396,0.00173801004178555,0.00166765282127099,0.00153357731240326,0.00152488930150856,0.00145961593931121,0.00139222997467624,0.00128887793815449,0.00120481189405973,0.00119029507233457,0.00106282896297369,0.0010422470959048,0.00102508229377752,0.0010187508183496],"convergence":0,"press_dep":false,"press_rng":[1013.25,1013.25]}}
