{"fa_WV_LG06_C_band_9":{"type":"annular","coefficients":{"c1":1,"c2":0.0424769338045399,"c3":-1.68146077067239,"c4":0.434501871730279,"c5":-0.307031600571982,"c6":-0.0884539425147293},"mare":0.000723209466851705,"rmse":0.000343047451315157,"mare_seq":[0.00703600443341963,0.00683066468209719,0.00682340555673331,0.00680004446820932,0.00680002895657418,0.006800025943833,0.00680002187496945,0.00679910386647511,0.00664666468789126,0.00604009636977357,0.00586694679258294,0.00580407288331135,0.0051067719547312,0.00484175955041967,0.00372090491913731,0.00370980267599124,0.00326005647845169,0.00311227527384671,0.00255036238900243,0.00254946407441973,0.00229873106916489,0.00220676052962524,0.00216772369139762,0.00215517909813308,0.00201481368549381,0.00186067258125435,0.00154474895138613,0.0010856179304995,0.000955025956837271,0.000738232165699745,0.000723209466851705],"convergence":0,"press_dep":false,"press_rng":[1013.25,1013.25]}}
