{"fa_WV_LG05_C_band_6":{"type":"annular","coefficients":{"c1":1,"c2":0.53099238379095,"c3":-0.0885778865317527,"c4":0.093558711591644,"c5":-1.66783077394225,"c6":-0.305795901444582},"mare":0.000646710318676769,"rmse":0.000312351632890713,"mare_seq":[0.00681607685616969,0.006809033765267,0.00680902432698345,0.00680902177427207,0.0068081679374698,0.00672963976590093,0.00572684222043118,0.00553468738857178,0.00545336695263137,0.00433975116369672,0.00383692125096508,0.00352037035494706,0.00328194255934548,0.00310934709798784,0.00250072443609281,0.00241265450147737,0.00238796740076404,0.0023361344365062,0.00217848869841931,0.00217300530881014,0.00209319048162583,0.00204624654669616,0.00200645128820578,0.0020028597212635,0.00176468207812075,0.00141222840905883,0.00122761418284341,0.000709950679240767,0.000655877909793369,0.000646981598323633,0.000646710318676769],"convergence":0,"press_dep":false,"press_rng":[1013.25,1013.25]}}
