{"fa_WV_LG06_M_band_8":{"type":"annular","coefficients":{"c1":1,"c2":0.0556611536256463,"c3":-1.60505644218418,"c4":0.639000861917822,"c5":-0.0756192880378152,"c6":-0.30449752504702},"mare":0.000946911174015823,"rmse":0.000393330039035866,"mare_seq":[0.00846048589575057,0.00835063304129935,0.00832581011857877,0.00832423685822456,0.00832423190455861,0.00832422711758292,0.00832422318282761,0.00832421918776742,0.0082932245657315,0.00805221524731883,0.00573243818739967,0.00527958845323217,0.00504679063830326,0.00484861156785984,0.00310875074974087,0.00305134192882953,0.00302298450659332,0.00294052178107688,0.00270810132269872,0.00244080016041459,0.00221365166595749,0.00217228212461762,0.00199577065616136,0.00119644297882713,0.00104463451582973,0.0010017361573857,0.000951417259017659,0.000949360260823791,0.000946923764203692,0.000946914579397114,0.000946911174015823],"convergence":0,"press_dep":false,"press_rng":[1013.25,1013.25]}}
