{"fa_WV3_U_band_8":{"type":"annular","coefficients":{"c1":1,"c2":0.441192756006921,"c3":-0.109333324787684,"c4":0.88168422837309,"c5":-0.355877602156047,"c6":-1.64634776548144},"mare":0.000702334393423026,"rmse":0.000359103077034214,"mare_seq":[0.00803735215524816,0.00665067411798402,0.00664886527727306,0.00664886293531138,0.0066488625105779,0.00664885992173121,0.00664884075016352,0.00664874334671164,0.00664822127612294,0.0066113881314427,0.00630193152449209,0.00538737375970371,0.00364841867272642,0.00339332942503661,0.00301009172963052,0.0027995568517342,0.00228849407726135,0.00216727423344742,0.00191322357983659,0.00186599592445979,0.00180578591504531,0.00115095188773035,0.00108557047927421,0.0009812711981434,0.000793292828750274,0.000724044379972739,0.000718353846143924,0.000714539459012792,0.000702360962601979,0.00070235747462238,0.000702334393423026],"convergence":0,"press_dep":false,"press_rng":[1013.25,1013.25]}}
