{"fa_WV3_C_band_4":{"type":"annular","coefficients":{"c1":1,"c2":0.543130831484745,"c3":-0.0882081855847543,"c4":0.0917258924196604,"c5":-1.66945407925814,"c6":-0.305968661274018},"mare":0.000772591948466933,"rmse":0.000345238707427001,"mare_seq":[0.00726976460598418,0.00677420860909252,0.00677419367565033,0.00677419005694563,0.00675595273497378,0.00675124641526809,0.00653796271464185,0.00637477322209764,0.00543315399414966,0.00533704132717561,0.00497708704487567,0.00495744679392852,0.00389546468243407,0.00370081156180144,0.00330715088047329,0.00302011540161064,0.00300149613782541,0.00239129046434797,0.00215903866798635,0.00143795423114247,0.00101978585886362,0.00100993055380674,0.000984235201910109,0.000903345262858131,0.000875907688879396,0.000812063410496335,0.000804748863352848,0.000775474961083136,0.000773684087340301,0.00077285788327339,0.000772591948466933],"convergence":0,"press_dep":false,"press_rng":[1013.25,1013.25]}}
