{"fa_WV_LG01_C_band_8":{"type":"annular","coefficients":{"c1":1,"c2":0.530916052887516,"c3":-0.0909311352925438,"c4":0.0975451975726565,"c5":-1.69125255855771,"c6":-0.314328648410028},"mare":0.0007748129849185,"rmse":0.000362203233931426,"mare_seq":[0.00700662035415092,0.00695682930685956,0.00694573706951837,0.00694570791940546,0.00694570784046063,0.0069457055463736,0.0069457053670622,0.00694569894884992,0.00694569745730146,0.00614362320403553,0.00532070716272798,0.00531644538683389,0.00411048673450258,0.00276785243474689,0.00244920570998908,0.00194523567082233,0.00189075613641741,0.0018405594699874,0.0017592524088879,0.0016910643418668,0.00168911789180669,0.00167546380738288,0.00153730301796644,0.00142816605201093,0.00110319832499139,0.000851528096488283,0.00083413602037906,0.000784220064408929,0.000774825065630976,0.000774817145277415,0.0007748129849185],"convergence":0,"press_dep":false,"press_rng":[1013.25,1013.25]}}
