{"fa_WV_LG02_C_band_3":{"type":"annular","coefficients":{"c1":1,"c2":0.429469407915481,"c3":-0.291098332926793,"c4":0.918320196947694,"c5":-0.0853269595216621,"c6":-1.56083809057984},"mare":0.000746946675684944,"rmse":0.000295628392607776,"mare_seq":[0.00674019186992033,0.00673999876399976,0.00673595126270051,0.00673043529857239,0.00657362210012005,0.00649217062264784,0.00626149388344604,0.00616235286787275,0.00480901183135527,0.00475052717636751,0.00457976547044932,0.00264535343698616,0.00255853384752143,0.00255092961180859,0.00227648054814351,0.00221763773956559,0.0021485608660761,0.00212370006794801,0.00180005447181844,0.0016461627584198,0.00146373203734706,0.00144572574457498,0.00135878818225271,0.00116162712583156,0.00109393565191695,0.000973258521327698,0.000940065930599009,0.0009365872911728,0.000833003719933618,0.000808404864026123,0.000746946675684944],"convergence":0,"press_dep":false,"press_rng":[1013.25,1013.25]}}
