{"fa_WV_LG05_M_band_7":{"type":"annular","coefficients":{"c1":1,"c2":0.346277935458216,"c3":-0.300327677437274,"c4":0.912421289227541,"c5":-0.075191730830008,"c6":-1.58909612772199},"mare":0.000909749986212218,"rmse":0.000335978750725346,"mare_seq":[0.00966462965169542,0.00843509271889004,0.00843508615945766,0.00843508279396336,0.00843508179156269,0.00843508154509887,0.00840228127261566,0.00769791846698566,0.00762356961674344,0.00649513089960891,0.00586802038343013,0.00531747025772653,0.00480572124571026,0.00451797726111033,0.0040121385360053,0.00383652466367104,0.00286103313959725,0.00279870100787843,0.00267494519569548,0.00180735134851598,0.00171048188793213,0.00155009630299523,0.00145870115839274,0.00131615249919885,0.00114296118358415,0.00107117942558029,0.0010247434349799,0.00099685189799699,0.000988349832377191,0.000958948180513398,0.000909749986212218],"convergence":0,"press_dep":false,"press_rng":[1013.25,1013.25]}}
