{"fa_WV_LG04_U_band_2":{"type":"annular","coefficients":{"c1":1,"c2":0.463059092783827,"c3":-0.102419216224822,"c4":0.11397709334081,"c5":-1.65193513707063,"c6":-0.340057891819882},"mare":0.000852217195539592,"rmse":0.000393293643608746,"mare_seq":[0.00690956460260518,0.00690948334360452,0.00690948310933898,0.00690948230558051,0.00690948187207339,0.00689634314297575,0.00544752405703834,0.00457690021491105,0.00453704211021334,0.00280304247876261,0.00233228478585518,0.00231661463808122,0.00230551220407423,0.00189926498076266,0.00186615989494737,0.00157842779224385,0.00156179009908103,0.00154224412987781,0.00130004179240951,0.00116651775309286,0.000998871689219761,0.000967401615407604,0.000879938021516994,0.000877111886831085,0.00087613627098794,0.000868926681897283,0.00085249109959811,0.000852241329158794,0.000852229793189921,0.000852218994397763,0.000852217195539592],"convergence":0,"press_dep":false,"press_rng":[1013.25,1013.25]}}
