{"fa_WV3_C_band_15":{"type":"annular","coefficients":{"c1":1,"c2":0.530208465322593,"c3":-0.0886651696958118,"c4":0.889335405808439,"c5":-0.312042270166772,"c6":-1.54029949973094},"mare":0.000597501810855373,"rmse":0.000297298480963194,"mare_seq":[0.00663842471200427,0.0066197305820657,0.00661972629583907,0.00649396628315881,0.00643864352034106,0.00485612327878417,0.00426517401074051,0.00316470611878213,0.00294569528115983,0.00248575309474643,0.00217085157911328,0.00191536677121107,0.00170744285376916,0.00169965988236321,0.00153512497916791,0.00153287382038118,0.0014308744662821,0.00116944905356626,0.00100817431610947,0.000905285538237733,0.000795466522228819,0.000662342611758454,0.000656240909507628,0.000630304789160236,0.000629961823565685,0.000602047531868632,0.000598243317229773,0.000597803037825106,0.000597787190064876,0.000597544367589261,0.000597501810855373],"convergence":0,"press_dep":false,"press_rng":[1013.25,1013.25]}}
