{"fa_WV2_U_band_2":{"type":"annular","coefficients":{"c1":1,"c2":0.466272929001391,"c3":-0.102862238634246,"c4":0.111584514128892,"c5":-1.68802776455881,"c6":-0.342567821191907},"mare":0.000796631967604692,"rmse":0.000368965660517341,"mare_seq":[0.00699524884830566,0.00699222659203345,0.00699222392597891,0.00699222221581858,0.00699222201172396,0.00501917499036312,0.00494835384745273,0.00405622968281595,0.0029618672450068,0.00277876901535941,0.00246754833280576,0.00242559983996825,0.00240161257285943,0.00206653247869027,0.00202435126782152,0.00185059110934733,0.00170769257114185,0.00167029139429577,0.00113074532966224,0.00101120518392333,0.00100139164174069,0.00090481945726748,0.000813139718980202,0.000805418501120743,0.000798585315362475,0.000797580609879584,0.000796664777966199,0.000796656984458426,0.000796650191559159,0.000796646542841273,0.000796631967604692],"convergence":0,"press_dep":false,"press_rng":[1013.25,1013.25]}}
