{"fa_WV3_U_band_12":{"type":"annular","coefficients":{"c1":1,"c2":0.390541455422638,"c3":-0.131484852180215,"c4":0.856112030309273,"c5":-0.418745513361566,"c6":-1.83736464298315},"mare":0.000812597731411076,"rmse":0.000468534771344617,"mare_seq":[0.0069454751985601,0.00694546039240721,0.00694545716568967,0.00694545640884047,0.00694545545556025,0.00692653939611654,0.00652165451851364,0.00584525390622377,0.00544635675011287,0.00506768532220479,0.00382846572742363,0.00370810347172997,0.00333764054054064,0.00318016015428211,0.00297909944816746,0.00216275749368049,0.00193999252576777,0.00150110180625507,0.0012473636549232,0.00121010038625705,0.00117040598237098,0.00110408595826582,0.000875950817689136,0.000848240009749495,0.000832345399481233,0.000814929822575987,0.000812681647547981,0.000812618290896984,0.000812608711379958,0.000812598416055348,0.000812597731411076],"convergence":0,"press_dep":false,"press_rng":[1013.25,1013.25]}}
