{"fa_WV_LG02_C_band_8":{"type":"annular","coefficients":{"c1":1,"c2":0.531324023534166,"c3":-0.0909603466394703,"c4":0.0953921944109248,"c5":-1.71944830839721,"c6":-0.314886348265347},"mare":0.000788905631563315,"rmse":0.000386713268211349,"mare_seq":[0.0365909636850124,0.00696024254910383,0.00696024002539296,0.00696023435474269,0.00695787836822351,0.00695152888075026,0.00681560191078983,0.00670287106263812,0.00617489465813037,0.00609561530882396,0.00535624181796776,0.00430987396480083,0.00429388686762226,0.00398596725786748,0.0028821108414843,0.00228380659708076,0.00203845375112035,0.00199854693560135,0.00177622600672872,0.00176486217993613,0.00148700750152968,0.00134282029916871,0.00121238761271917,0.00108834833200788,0.0010633113126928,0.000932198511699804,0.00086252780117481,0.000789678684035994,0.000789466841820596,0.000788909834300673,0.000788905631563315],"convergence":0,"press_dep":false,"press_rng":[1013.25,1013.25]}}
