{"fa_WV_LG01_M_band_4":{"type":"annular","coefficients":{"c1":1,"c2":0.60335289515296,"c3":-0.0763170229999073,"c4":0.139897821648758,"c5":-1.67245099103446,"c6":-0.308293971077287},"mare":0.000944699109682889,"rmse":0.000394757784729124,"mare_seq":[0.0158750913484269,0.0115397268424442,0.00990034724398927,0.00889830506097877,0.00871871518324503,0.00866931389230772,0.00861359097559007,0.00861358978034098,0.00861358698689831,0.00861358677140018,0.00861237795868958,0.00838425513227198,0.0071635212839142,0.00370377081125623,0.00298719463498613,0.00268917416431732,0.00260419722100032,0.00227524913976509,0.00212198591662104,0.00169762488658844,0.0016722652876001,0.00140921172364822,0.00131251213937383,0.00108031954635733,0.0010193535358029,0.00101730267776975,0.00099233074458994,0.000962754543396457,0.000961218520772053,0.000944722781478727,0.000944699109682889],"convergence":0,"press_dep":false,"press_rng":[1013.25,1013.25]}}
