{"fa_WV_LG01_U_band_2":{"type":"annular","coefficients":{"c1":1,"c2":0.471918979164704,"c3":-0.343160747708807,"c4":0.886575492794294,"c5":-0.103197932697032,"c6":-1.68679288016797},"mare":0.000781579663302578,"rmse":0.000369777888421063,"mare_seq":[0.0069470717668559,0.0069470440546464,0.00694704235533373,0.00694704160906672,0.00692035831732704,0.00644501254657146,0.00619334240274354,0.00611144715967404,0.0041516333471508,0.00320899786320457,0.00277108776305711,0.00274058042707114,0.002695395996974,0.00251068293519728,0.00209049866210987,0.00186647469068328,0.00171778848269397,0.00164501430957939,0.00163425227008754,0.00134623169975471,0.00122601745572653,0.00108214678909737,0.00105309650420829,0.000892760635314631,0.000887446086812211,0.000843475995922718,0.000799228948336728,0.00078672543952827,0.000786326004851251,0.000781587551447581,0.000781579663302578],"convergence":0,"press_dep":false,"press_rng":[1013.25,1013.25]}}
