{"fa_WV_LG01_C_band_3":{"type":"annular","coefficients":{"c1":1,"c2":0.0398188414763759,"c3":-1.73675078068972,"c4":0.571385869057235,"c5":-0.0880346867660897,"c6":-0.307505443859783},"mare":0.000800193115582123,"rmse":0.000365889497308412,"mare_seq":[0.00829522245748874,0.00762326953768995,0.006925293814567,0.0068950837087047,0.00689380702638223,0.00689348301904092,0.00689348013328116,0.00689347986996197,0.00689347922234122,0.00689347880395681,0.00655362771480046,0.00631967301771911,0.00466491303517723,0.00347476858217675,0.00328311685017267,0.00326937071981008,0.00306313949008526,0.00284724282403636,0.00272498599101773,0.00262265779375282,0.00210282234309913,0.00205250163702277,0.00204031605774977,0.00158152844556394,0.00156189114264153,0.00150074678432626,0.00101975291977211,0.000992339530847218,0.000980561067589401,0.000938932819279822,0.000800193115582123],"convergence":0,"press_dep":false,"press_rng":[1013.25,1013.25]}}
