{"fa_WV3_C_band_5":{"type":"annular","coefficients":{"c1":1,"c2":0.534902049093692,"c3":-0.0884080369123724,"c4":0.903956948946009,"c5":-0.303623266284831,"c6":-1.62699380489409},"mare":0.000775693778269958,"rmse":0.0003559857920886,"mare_seq":[0.00678552054718815,0.00678541804096932,0.00678541340691822,0.00678541060670611,0.00673377690933124,0.00667253399331566,0.00637173669881164,0.00626012729121979,0.00619964871453247,0.00613412183764926,0.00584633848393989,0.0058415704423455,0.00275513622684772,0.00272922225783969,0.00264993655535748,0.00254553307690978,0.00234553645014017,0.00229158754860596,0.00186426035162654,0.00186114465669926,0.00185411191015638,0.00181342394082253,0.00171457011074886,0.00134153214954273,0.000910495598688192,0.000899558086801437,0.000896964047809385,0.000879928449417455,0.000854937741703638,0.000775999889616312,0.000775693778269958],"convergence":0,"press_dep":false,"press_rng":[1013.25,1013.25]}}
