{"fa_WV3_M_band_17":{"type":"annular","coefficients":{"c1":1,"c2":0.59511551603125,"c3":-0.0752095159598661,"c4":0.140882822687693,"c5":-1.60969954814862,"c6":-0.300544513138999},"mare":0.000845271058357742,"rmse":0.000323385851326093,"mare_seq":[0.030968783512296,0.00857509194447226,0.00856762606126695,0.00856447372447522,0.00855700252131337,0.00794949433232269,0.00790035148998554,0.00628240122778948,0.0053562498183459,0.00504345227494586,0.00499516104891658,0.00429441391573355,0.00407693553709235,0.00367080031191218,0.00365055100620536,0.00330846375182209,0.00318724418592309,0.00277249543925814,0.00274157699488017,0.00251064028410307,0.00234091529668203,0.00224264688155103,0.00213785123063053,0.00185168223725049,0.00179104167369505,0.00129029810520922,0.00118943669418791,0.00108440782373132,0.000962665464727167,0.00093702958951151,0.000845271058357742],"convergence":0,"press_dep":false,"press_rng":[1013.25,1013.25]}}
