{"fa_WV_LG04_M_band_9":{"type":"annular","coefficients":{"c1":1,"c2":0.620458801586674,"c3":-0.0778987986414053,"c4":0.131744734646808,"c5":-1.76767675041042,"c6":-0.324346954024689},"mare":0.000943291792182223,"rmse":0.000457427152811485,"mare_seq":[0.00857077500669614,0.00857036599352249,0.00857031709451792,0.00857031403554788,0.00857031360190665,0.00857031283361885,0.00857031111273412,0.00856864154061488,0.00847249453567907,0.00805155804749119,0.00773534590683393,0.00608618733315169,0.00574388387752409,0.00407938375591261,0.0034414070068978,0.00309945429435784,0.00299544543090904,0.00292860853501092,0.00284329215882784,0.00257812467174298,0.00237039284874916,0.00197040783662515,0.00183382609813202,0.00176179311638287,0.00169990021180828,0.00154263782446921,0.00145668588029889,0.00131943969897471,0.00110850762931945,0.00100817962504116,0.000943291792182223],"convergence":0,"press_dep":false,"press_rng":[1013.25,1013.25]}}
