{"fa_WV_LG04_U_band_5":{"type":"annular","coefficients":{"c1":1,"c2":0.0641135310316568,"c3":-1.59573857782881,"c4":0.480106633627413,"c5":-0.103359826319642,"c6":-0.338228399248252},"mare":0.000755549580334213,"rmse":0.00033747059405741,"mare_seq":[0.00835242345862931,0.00675010475921097,0.00675010462306604,0.00675010314235086,0.00675010222095247,0.00674159294436272,0.00672803870451007,0.006258350845312,0.00378596202622108,0.00331792271019086,0.002943393817453,0.00285100745686203,0.00270196227398557,0.00270060327133483,0.00258777631250158,0.00245567185350981,0.00218909187913181,0.00206813368731823,0.00183150043975864,0.00156031051064387,0.00150131435500839,0.00122393036446384,0.00112309246572001,0.000993812762546837,0.00088954197705996,0.000849527213666354,0.000766449848343636,0.000765101447923511,0.000757490442317163,0.000755549766923421,0.000755549580334213],"convergence":0,"press_dep":false,"press_rng":[1013.25,1013.25]}}
