{"fa_WV3_C_band_12":{"type":"annular","coefficients":{"c1":1,"c2":0.523632102119791,"c3":-0.092775672056799,"c4":0.880504168775211,"c5":-0.329693301263571,"c6":-1.62339893099216},"mare":0.000711744521041452,"rmse":0.000367085830604572,"mare_seq":[0.00727072989218481,0.00712777870591476,0.00712777837815552,0.00712777368542428,0.0071259210457434,0.00712537977296021,0.00706130194105953,0.00664143069504739,0.00651740408216073,0.00635543471640539,0.00628264677424146,0.00561413503473114,0.00503371881723512,0.00451211809611915,0.00375402925033578,0.00316557143498349,0.00285384776950926,0.00283613286786314,0.00278826879908111,0.0026615872705693,0.00260270548420861,0.00246007399560325,0.00142630462218783,0.00131831107983939,0.000929965076202291,0.000797893533731942,0.000789402349214728,0.000728187480577663,0.000718974064911393,0.000711763853153704,0.000711744521041452],"convergence":0,"press_dep":false,"press_rng":[1013.25,1013.25]}}
