{"fa_WV_LG03_C_band_3":{"type":"annular","coefficients":{"c1":1,"c2":0.417847249415878,"c3":-0.299345657784698,"c4":0.0745483765362295,"c5":-1.65874339564302,"c6":-0.0870068192215581},"mare":0.000706617065005126,"rmse":0.000341346300769134,"mare_seq":[0.00690256208831674,0.00690254988130636,0.00690254918671263,0.00690254568608869,0.00690211752382588,0.00628990865959015,0.00624176625838554,0.00465655675489715,0.00279166652233868,0.00275093052146388,0.00270376778731139,0.00258574118288935,0.00257562897194866,0.00235664705327229,0.0022526109299284,0.00214918480453409,0.00192434104551162,0.00179048073458771,0.00136086041098699,0.00135722617074129,0.00135173928477762,0.00114791911681813,0.00104133660814816,0.000955137394477035,0.000890869404642949,0.000886078700137128,0.000833208979680895,0.000749274238336587,0.000743866001329622,0.000716582015887326,0.000706617065005126],"convergence":0,"press_dep":false,"press_rng":[1013.25,1013.25]}}
