{"fa_WV_LG04_M_band_6":{"type":"annular","coefficients":{"c1":1,"c2":0.0604468968143556,"c3":-1.53585532597175,"c4":0.626835058520735,"c5":-0.0745554554960303,"c6":-0.293439905692416},"mare":0.00086229044429967,"rmse":0.00029835645841501,"mare_seq":[0.00849873219484439,0.00844432394535705,0.0084443108739609,0.00844431000976458,0.00844430777644629,0.008443665022785,0.0081086883184078,0.00798564874992606,0.00798163584620407,0.00786633792400369,0.00733622799418227,0.00704328976302796,0.00645099164261605,0.00567661095118117,0.00508726150956663,0.00490917894721199,0.00431377371757478,0.00308812863099126,0.00274695440360781,0.00269201074184657,0.00215248191985335,0.00200606582311229,0.0018053056618239,0.00171468904781694,0.00167440568386768,0.00160435784328982,0.00141761598076969,0.00128381594541683,0.000949315566116778,0.000913490674232367,0.00086229044429967],"convergence":0,"press_dep":false,"press_rng":[1013.25,1013.25]}}
