{"fa_WV_LG06_M_band_2":{"type":"annular","coefficients":{"c1":1,"c2":0.600796601299561,"c3":-0.0763206136559772,"c4":0.858239622989312,"c5":-0.30682183197694,"c6":-1.66116000155892},"mare":0.000929526291826343,"rmse":0.000385796382661469,"mare_seq":[0.0118675812244733,0.00866879916576343,0.00865608753157571,0.00865552233332492,0.00865551197663219,0.00865550254509071,0.00865550187111797,0.0086555014724217,0.00865550131211263,0.00844145086732838,0.00766794880281823,0.00363546308646272,0.00344217743065323,0.00310070872899555,0.00286306613201588,0.00279787092613459,0.00274724279409342,0.00246523315564001,0.00209232439273071,0.0020801434549874,0.00179283611775964,0.00168132047528837,0.00138757441040349,0.0012945217382134,0.00128620337643507,0.00124354060225485,0.000995601598347835,0.000955310590575817,0.000940340487433616,0.000930537140844811,0.000929526291826343],"convergence":0,"press_dep":false,"press_rng":[1013.25,1013.25]}}
