{"fa_WV_LG02_M_band_2":{"type":"annular","coefficients":{"c1":1,"c2":0.333927684714637,"c3":-0.318479071532574,"c4":0.92060817077162,"c5":-0.077521010539278,"c6":-1.75373008958601},"mare":0.00102618249486453,"rmse":0.000457026812563053,"mare_seq":[0.00876855789925164,0.00876840370106156,0.0087683986278037,0.00876839735100592,0.00876839476301309,0.00876394436881836,0.00826229673710353,0.00787426075069355,0.00744702042540512,0.00694798885591032,0.00506063817934872,0.00499908597449326,0.00436178300218238,0.00402703399666884,0.00379221856469229,0.00371540428379105,0.00340545741379592,0.00334748229672828,0.00321989259183978,0.00248955795479173,0.00246499828720624,0.00245813796604512,0.00205882002996078,0.00172612555071891,0.00169376600725832,0.00141225346703595,0.00108956944172251,0.00102620858183352,0.00102619044715283,0.0010261850358274,0.00102618249486453],"convergence":0,"press_dep":false,"press_rng":[1013.25,1013.25]}}
