{"fa_WV_LG03_M_band_8":{"type":"annular","coefficients":{"c1":1,"c2":0.602797497251749,"c3":-0.0755046796604923,"c4":0.141892957607123,"c5":-1.59039886540268,"c6":-0.303758309502682},"mare":0.000921975998061162,"rmse":0.000382417442696643,"mare_seq":[0.00836103213388764,0.00828852868170019,0.00828852602735408,0.00828852307866317,0.00828852202391477,0.00826416738116848,0.00734662356143129,0.00687161511908409,0.00680834615527719,0.00592197498984889,0.00472324384555071,0.00435011692207824,0.00291859170155454,0.00281912277853784,0.00260722776349262,0.00243678940517485,0.0022724602481682,0.00193163452853916,0.00187887457934815,0.00178859872819271,0.00141385827134692,0.00126922673525433,0.00125351406467475,0.0011550530169281,0.000980447336654773,0.000964939743651202,0.000958550927233676,0.000954563410151735,0.000930398774078926,0.000922644967973369,0.000921975998061162],"convergence":0,"press_dep":false,"press_rng":[1013.25,1013.25]}}
