{"fa_WV_LG03_C_band_4":{"type":"annular","coefficients":{"c1":1,"c2":0.418908292170155,"c3":-0.303601894469215,"c4":0.0741508935744803,"c5":-1.64502374779815,"c6":-0.0877954504501194},"mare":0.00073498399849238,"rmse":0.000325757913863089,"mare_seq":[0.00670633045846431,0.00670631467888496,0.00670630749627497,0.00670630555749011,0.00670630506433066,0.00636192415234991,0.00578545862633462,0.00561490762466932,0.00554177741217566,0.00475177665616602,0.0047506332985582,0.00459708707205675,0.00338313840274188,0.00251501789380688,0.00233698778864718,0.00208943349866885,0.00203961653964669,0.00202942021152179,0.00147603858958075,0.0012489204697066,0.00111871501856602,0.00101831969412394,0.0009375300081848,0.000895408768849243,0.000832926945922872,0.000805558107585922,0.00077308420710116,0.000762263071917554,0.000740704929248272,0.000735163122850772,0.00073498399849238],"convergence":0,"press_dep":false,"press_rng":[1013.25,1013.25]}}
