{"fa_WV3_M_band_7":{"type":"annular","coefficients":{"c1":1,"c2":0.599980645689833,"c3":-0.0753496340257502,"c4":0.859716022093715,"c5":-0.302075900074729,"c6":-1.60146844862119},"mare":0.000830991303429339,"rmse":0.000338105613871742,"mare_seq":[0.0083636351290047,0.0083625509500488,0.00836253368673665,0.00836253079985334,0.00836252926278723,0.0083625289755341,0.00836252873994204,0.00835379344180612,0.00550412750132627,0.00474531927129815,0.00460589079256918,0.00365312975553841,0.00361447786142822,0.00333375670444636,0.00247189084567035,0.00228931385121372,0.00207809457078681,0.0019912324015526,0.0019815552144238,0.00189152945124984,0.00174888196838948,0.00174819919498311,0.00174717856973327,0.00128758421292683,0.00127448610926628,0.00109907726212169,0.0010546502330272,0.000831763055749054,0.000831652626447396,0.000831069448280055,0.000830991303429339],"convergence":0,"press_dep":false,"press_rng":[1013.25,1013.25]}}
