{"fa_WV_LG06_M_band_6":{"type":"annular","coefficients":{"c1":1,"c2":0.603482139358902,"c3":-0.0760736226840573,"c4":0.860770386091081,"c5":-0.307757628542501,"c6":-1.63538710300387},"mare":0.000882871299806172,"rmse":0.000360042132065853,"mare_seq":[0.00849154488432968,0.00849152921699439,0.00849152519376367,0.00849152517193024,0.00849152095764833,0.00849152084864115,0.00849095845046182,0.00848914939273864,0.00734175719570309,0.00721335368028667,0.0066946087015639,0.00641860331031883,0.00598112298317333,0.00577936171714935,0.0045992752740202,0.00371572519481925,0.00318495589990265,0.00316067541737449,0.00287928481072137,0.00276034804570553,0.0023051476518528,0.00203012027193331,0.00195578053420526,0.00158358717513425,0.00143568623729669,0.00124993992580465,0.00114978027344004,0.000942083145392536,0.000922586307354775,0.000918699516395484,0.000882871299806172],"convergence":0,"press_dep":false,"press_rng":[1013.25,1013.25]}}
