{"fa_WV_LG03_U_band_1":{"type":"annular","coefficients":{"c1":1,"c2":0.470633792366912,"c3":-0.102952754066097,"c4":0.887055591747545,"c5":-0.343467777638903,"c6":-1.69153592694081},"mare":0.000758233239468355,"rmse":0.000384906490723514,"mare_seq":[0.00706235070269365,0.0070613986021362,0.0070613737774962,0.00706136868595118,0.00706136721532244,0.00588221715959093,0.00557313308392289,0.0055291872992246,0.00530003183445643,0.00443894369440386,0.00305428413428122,0.00280406298815875,0.00246688722064049,0.00243778768111794,0.00239654156845603,0.00230992168201728,0.0021420291944046,0.00203811458902072,0.00201091655976388,0.00190771154313961,0.00190104204550941,0.00165562212481082,0.00164165431440318,0.0015721151877,0.00157062242731937,0.00148637639077518,0.00128890179785593,0.00126851583625756,0.00115503859047485,0.000908830391956522,0.000758233239468355],"convergence":0,"press_dep":false,"press_rng":[1013.25,1013.25]}}
