{"fa_WV_LG02_M_band_5":{"type":"annular","coefficients":{"c1":1,"c2":0.603220829883664,"c3":-0.0760746426234495,"c4":0.140061012293759,"c5":-1.63327333150935,"c6":-0.306790662504822},"mare":0.000931057529907632,"rmse":0.000343261724046231,"mare_seq":[0.00959522673502511,0.00845894268102067,0.00845859340836551,0.0084585923188816,0.00845859190126544,0.00845680990777098,0.00771668465909246,0.00756130641704266,0.00659370957222147,0.00554845223801606,0.00554479628378445,0.00424598353476213,0.00404601993672823,0.00387240031675104,0.00372290966791263,0.0033798166851547,0.00333874904665621,0.0031484251303928,0.00304775589084078,0.00293303139694403,0.00226531724865736,0.00195705099952602,0.00192669171352022,0.00183747307355517,0.00177771156347444,0.00174766411784967,0.00163404248720281,0.00139381304013906,0.00138812299702816,0.000931091915544321,0.000931057529907632],"convergence":0,"press_dep":false,"press_rng":[1013.25,1013.25]}}
