{"fa_WV_LG02_U_band_6":{"type":"annular","coefficients":{"c1":1,"c2":0.0587429182815978,"c3":-1.68741730373946,"c4":0.505784059641234,"c5":-0.351890237074878,"c6":-0.106272304232108},"mare":0.000751326198524707,"rmse":0.000390958612738162,"mare_seq":[0.00681797636506925,0.00668004314882393,0.00665769287031894,0.00665596140917523,0.00665570351347273,0.00601274918196845,0.00557239938420361,0.0045266453852343,0.0043877459856914,0.0039044726558722,0.0032429030721741,0.00280797991328739,0.00276760008283137,0.00275301181545758,0.00257308035863941,0.0024833398741101,0.00203460463961217,0.00132291891622989,0.00128092098190289,0.00115632369490998,0.00114753828913447,0.00108378240813729,0.00105272371916614,0.00102211122327263,0.000986249246072934,0.000937180804152265,0.000754296016763039,0.000751336706898243,0.000751332247765726,0.000751326568795488,0.000751326198524707],"convergence":0,"press_dep":false,"press_rng":[1013.25,1013.25]}}
