{"fa_WV3_M_band_6":{"type":"annular","coefficients":{"c1":1,"c2":0.609009450372137,"c3":-0.0765001010834647,"c4":0.861758574026132,"c5":-0.311518888965999,"c6":-1.65210221774182},"mare":0.000925575180426808,"rmse":0.000414325407812775,"mare_seq":[0.0083978691525514,0.00837992023407566,0.00837988800690777,0.00837987916950735,0.00837987785060914,0.00837987647355228,0.00837987333324813,0.00837987306305853,0.00837986959691022,0.00816620492676805,0.00293766530302304,0.00293561066613917,0.00278622224514364,0.00256667248583958,0.00223028516557191,0.00174451289452711,0.00166188941994201,0.00160422724452378,0.00148298314923805,0.00147543928135246,0.0013977937144026,0.00130810729262125,0.00130168246669593,0.00113555089984586,0.00113013435953261,0.0010938628254634,0.00102348017410011,0.00093950384607219,0.000935854005932539,0.000925575951685011,0.000925575180426808],"convergence":0,"press_dep":false,"press_rng":[1013.25,1013.25]}}
