{"fa_WV3_C_band_13":{"type":"annular","coefficients":{"c1":1,"c2":0.0555993802206001,"c3":-1.53740470644248,"c4":0.545920222793332,"c5":-0.0902496007497454,"c6":-0.313381823343746},"mare":0.000785772212663082,"rmse":0.000372779507554066,"mare_seq":[0.00676133967300124,0.00674256231918072,0.00673627037444479,0.00673625764494128,0.00673625671306713,0.00673625627692317,0.00673625623143595,0.00673030704460394,0.00670767655864475,0.00668537881788984,0.00662593321442235,0.00618218586184169,0.00616597539874446,0.0061132987014247,0.00553597405779265,0.00366852089437116,0.00313892798013441,0.00300313789799204,0.00248393447400337,0.00248053637250802,0.00209456808387653,0.00200889839730553,0.00151262209240868,0.00129847537768037,0.00124681252379971,0.000834214017858287,0.000833750820001965,0.000786585515503012,0.000785852740717269,0.000785827104405073,0.000785772212663082],"convergence":0,"press_dep":false,"press_rng":[1013.25,1013.25]}}
