{"fa_WV3_C_band_10":{"type":"annular","coefficients":{"c1":1,"c2":0.49292101818386,"c3":-0.0893743665809973,"c4":0.134337929544494,"c5":-1.47650658544058,"c6":-0.30781055068074},"mare":0.000805243117768539,"rmse":0.000322967652513574,"mare_seq":[0.0172436672898744,0.00946874738557888,0.00723937670410789,0.00723937641631156,0.0072393754064985,0.00723937422426582,0.00723926046773362,0.00722564175354579,0.00706782539253343,0.00697018367053765,0.0067571096965163,0.00507775774418713,0.00495113075896295,0.00483586751750552,0.00436774338843632,0.00425018296200136,0.00338477539176401,0.00226666883173992,0.00218482744183155,0.00185116901420911,0.00181666412426426,0.00155870892006031,0.00147334367909455,0.00137830618610024,0.00119514761306495,0.00101539328877247,0.00092600100151862,0.000830871194846649,0.000829719859463502,0.000820623173395806,0.000805243117768539],"convergence":0,"press_dep":false,"press_rng":[1013.25,1013.25]}}
