{"fa_WV_LG05_U_band_3":{"type":"annular","coefficients":{"c1":1,"c2":0.0559784139390225,"c3":-1.74289424162478,"c4":0.494590772723916,"c5":-0.351370237993994,"c6":-0.105028104995712},"mare":0.00074399877782885,"rmse":0.000416686899268094,"mare_seq":[0.0068342731762421,0.00683291119362713,0.00683260454400876,0.00683260167749928,0.00670096933457599,0.00644787416906988,0.00611591002213886,0.00548852925857401,0.00422149809895302,0.00415015638563073,0.00380366893139944,0.00335121252224844,0.00315245299935485,0.00288804196037149,0.00260613682596938,0.00219795577866687,0.00208919759196596,0.00173866469204873,0.00156376383707077,0.00153738508021324,0.00152081499326022,0.0014869226066943,0.00134704509244983,0.00123934245851374,0.0012282543256955,0.00109940242766745,0.00106395048889097,0.00074588969810425,0.00074441768313803,0.000744061468254736,0.00074399877782885],"convergence":0,"press_dep":false,"press_rng":[1013.25,1013.25]}}
