{"fa_WV_LG06_U_band_1":{"type":"annular","coefficients":{"c1":1,"c2":0.476916406004225,"c3":-0.103814544049204,"c4":0.88965369427952,"c5":-0.348246818687362,"c6":-1.73591650142937},"mare":0.0008283994478769,"rmse":0.000432861967704973,"mare_seq":[0.0209440944982115,0.00708015974868092,0.00707964004607361,0.00707963099670469,0.00707962704312019,0.00707742122115636,0.00702369472173114,0.003875067638287,0.00365343348648455,0.00362648331685196,0.00318789240762199,0.0030810860829442,0.00272942634688391,0.0027246123066004,0.00259703060433126,0.00255302788277852,0.00252011984117428,0.00247593632618497,0.00237086438641673,0.00216418442047518,0.00212337635228695,0.00196045096790971,0.00182865185258008,0.00168276479378606,0.00161217081396567,0.00159759145983291,0.00147925302357039,0.00115694985951873,0.000903958163268589,0.000855532244854787,0.0008283994478769],"convergence":0,"press_dep":false,"press_rng":[1013.25,1013.25]}}
