{"fa_WV_LG06_U_band_4":{"type":"annular","coefficients":{"c1":1,"c2":0.469700387849491,"c3":-0.105039395443106,"c4":0.107658019374646,"c5":-1.71584470453668,"c6":-0.349659066701932},"mare":0.000751901553401976,"rmse":0.000373131110692825,"mare_seq":[0.00821548098069353,0.00702003542526163,0.00684461814173373,0.00683896351664653,0.00683208831594856,0.00683207201964502,0.00682199824396733,0.00681115597943815,0.00680554043897161,0.00583136477439008,0.00507567647931495,0.00396573050890591,0.00305604679240687,0.00284995282741208,0.0027531631718009,0.00273066309882989,0.00264659939265222,0.00237835164537067,0.00235206246115149,0.0023474206081758,0.00221940027041874,0.00203906210903487,0.00194592009993721,0.0015787894055153,0.00148037942276682,0.00138675159131226,0.00120226042550155,0.000769251920199677,0.000752514353021982,0.00075190845288474,0.000751901553401976],"convergence":0,"press_dep":false,"press_rng":[1013.25,1013.25]}}
