{"fa_WV_LG06_U_band_8":{"type":"annular","coefficients":{"c1":1,"c2":0.486775850794913,"c3":-0.351926451226795,"c4":0.125157844033114,"c5":-1.64263556154295,"c6":-0.107902252956169},"mare":0.000746538279668236,"rmse":0.000388592534667295,"mare_seq":[0.00665843084834483,0.0066576403773783,0.00665764007764147,0.0066576391183876,0.00665763845120078,0.00655530835547434,0.00594378615021069,0.00569463590246573,0.00389536712431445,0.00332973580107215,0.00323763959710857,0.00280394947400831,0.00269492457877906,0.00245903819586245,0.00222726208948094,0.00192211081421812,0.0018448094903412,0.0017661875204923,0.001606822299692,0.00159508768205217,0.00154279586076449,0.00122741374188118,0.00121056195642978,0.00117528962620935,0.00117010003726766,0.00111427686842527,0.000851384184135201,0.000816905681885902,0.000746640165290208,0.000746544282727511,0.000746538279668236],"convergence":0,"press_dep":false,"press_rng":[1013.25,1013.25]}}
