{"fa_WV_LG03_U_band_2":{"type":"annular","coefficients":{"c1":1,"c2":0.470452755501649,"c3":-0.344933902512564,"c4":0.111584810130628,"c5":-1.70186837656049,"c6":-0.103408037394345},"mare":0.000744202572868108,"rmse":0.000369228497245152,"mare_seq":[0.00742767354594736,0.00700840026220957,0.00700839159441403,0.00700838902585563,0.00700470336351602,0.00607574449428101,0.00582877514929287,0.00435778656249444,0.00331260362175675,0.00323908776294534,0.00274071808002896,0.0025651021952123,0.00224370976794904,0.00210911601092765,0.00205319385259286,0.00201234657622255,0.00199952389078082,0.00171671750997791,0.00165759763315384,0.00161519055934739,0.00155119055344709,0.00142884702160937,0.00120445814662352,0.0010576301410654,0.00103586154800874,0.000913420330988757,0.000784066138032965,0.000761691450309606,0.000747711072233132,0.000744203197962217,0.000744202572868108],"convergence":0,"press_dep":false,"press_rng":[1013.25,1013.25]}}
