{"fa_WV3_U_band_6":{"type":"annular","coefficients":{"c1":1,"c2":0.456955688482596,"c3":-0.105814891317779,"c4":0.111793440532097,"c5":-1.66488854456419,"c6":-0.347862117959153},"mare":0.000729079557590449,"rmse":0.000384193729382173,"mare_seq":[0.00674172283304128,0.00674129665474389,0.00674128380056939,0.0067412834706155,0.00674100974372298,0.00673993686281832,0.0067126296053609,0.00667546870951202,0.0066694444448015,0.00656640838581108,0.00656013417891048,0.00615098040442232,0.00611142555234449,0.00610667297799332,0.00607885715221619,0.00439657238694155,0.0033628841709755,0.00204203984019085,0.001945708997013,0.00178386298459491,0.00163013785103762,0.00161651928792873,0.00156574803809902,0.00152146200883175,0.00135331311237589,0.00114953565132519,0.000850135508985178,0.00083980519839495,0.000784011174532438,0.000783227443463961,0.000729079557590449],"convergence":0,"press_dep":false,"press_rng":[1013.25,1013.25]}}
