{"fa_WV3_M_band_3":{"type":"annular","coefficients":{"c1":1,"c2":0.603540544014189,"c3":-0.0762692649896096,"c4":0.859311803710644,"c5":-0.306968844244232,"c6":-1.66029044324855},"mare":0.000911927423032166,"rmse":0.000376376744196789,"mare_seq":[0.00861630573517416,0.00860697123804232,0.00860494254509852,0.00860489574318287,0.00860489232923156,0.00741130679995545,0.00733923180921869,0.00694266503104514,0.00648777922059925,0.00592651698733404,0.00558025610653577,0.00423762204879306,0.00411012534268445,0.00279412663208354,0.00264611073307156,0.00242843116833933,0.00208866734425673,0.00202797589635603,0.00189016827554302,0.00185694340182181,0.00158086062214642,0.00146876399550982,0.00143649947837689,0.00142910594984523,0.00115732248964823,0.00100981211554445,0.000955637755895338,0.000951826163800914,0.000916674143938069,0.000912424176917577,0.000911927423032166],"convergence":0,"press_dep":false,"press_rng":[1013.25,1013.25]}}
