{"fa_WV2_C_band_4":{"type":"annular","coefficients":{"c1":1,"c2":0.534154617534825,"c3":-0.0874254666633524,"c4":0.905077509642184,"c5":-0.300478568216277,"c6":-1.62235757607176},"mare":0.00077999752604408,"rmse":0.000321493148255171,"mare_seq":[0.0109762714718483,0.00692670812865523,0.00681681922630793,0.00678129439188358,0.00677111124826084,0.00676908860551731,0.00676908704260156,0.00676908663088634,0.00676908641205747,0.00676228547279474,0.00674286158814164,0.00668436648215965,0.00400935307657375,0.00395491376663091,0.0032570413710054,0.00289722114956375,0.00229399557297465,0.00216759966559184,0.00214118096639397,0.00204690867883753,0.00186027811629858,0.0016958040979886,0.00162811696191897,0.0015799932295693,0.00131933522643912,0.00130271181957128,0.0010241910101631,0.00101746071724313,0.000953739629313598,0.000780000189533427,0.00077999752604408],"convergence":0,"press_dep":false,"press_rng":[1013.25,1013.25]}}
