{"fa_WV_LG01_U_band_3":{"type":"annular","coefficients":{"c1":1,"c2":0.469787703207069,"c3":-0.104167031259604,"c4":0.889113780840864,"c5":-0.346021076706321,"c6":-1.69118774056877},"mare":0.000763814230135244,"rmse":0.000379953987582654,"mare_seq":[0.0068573763430836,0.00685737512993012,0.00517511228488452,0.00498959689322023,0.00480422680431066,0.00479301894725287,0.00468415633594069,0.00461307998661887,0.00410865096638177,0.00371578561676506,0.0030966260599002,0.00304885085470645,0.00273908715925953,0.00227184697452097,0.00224426794729302,0.00185527457012481,0.0017446604561226,0.00160969474098764,0.0015759820011961,0.0014943601541307,0.00141396965172503,0.00128938970841409,0.000881466885584724,0.000803516522285161,0.000773604653705897,0.000772135808941827,0.000763865804914811,0.000763831844442737,0.000763826432729889,0.000763814633593815,0.000763814230135244],"convergence":0,"press_dep":false,"press_rng":[1013.25,1013.25]}}
