{"fa_WV_LG03_U_band_3":{"type":"annular","coefficients":{"c1":1,"c2":0.47510522936054,"c3":-0.104757643550769,"c4":0.107616024787285,"c5":-1.72549514872226,"c6":-0.350128849658556},"mare":0.000844166559279035,"rmse":0.000438319669447766,"mare_seq":[0.00681536959533631,0.0067949322766777,0.00679490584991223,0.00610522596362104,0.0059205616375481,0.00533192844292083,0.00514316809499262,0.00305444894946553,0.00295320304727535,0.00274467063409765,0.00273218197321276,0.00239469805377857,0.00237722869751845,0.00222314516215476,0.00207936719114752,0.00182759427640466,0.00160464408727443,0.00141159098043971,0.00122561887454153,0.00114342361643805,0.00107709680500924,0.00106948949984133,0.00103403672584489,0.000969137705837217,0.000941163718656894,0.00093211165716215,0.000868764898830459,0.000844624380838313,0.000844566646942162,0.00084419860701824,0.000844166559279035],"convergence":0,"press_dep":false,"press_rng":[1013.25,1013.25]}}
