{"fa_WV_LG01_U_band_6":{"type":"annular","coefficients":{"c1":1,"c2":0.478131356735493,"c3":-0.348887373001668,"c4":0.115246278502661,"c5":-1.6649733609642,"c6":-0.106008744244684},"mare":0.000798221981265936,"rmse":0.000389551540447302,"mare_seq":[0.00672064073813227,0.00670495110508207,0.00670492098603596,0.00626890015207394,0.0057866054033371,0.00572599697902631,0.00494461520409407,0.00437600524810901,0.00360988165496325,0.00239162972490219,0.00228585356868,0.00202541857258817,0.00168643905332775,0.00167066410736368,0.00132076259072395,0.00115251283859749,0.00108434943532033,0.00108397527869647,0.000992792065169843,0.000986244314951641,0.000912282098074254,0.000901128088049979,0.000883215134456827,0.000851170152494696,0.000837469071460811,0.000826327906233285,0.000807711697644182,0.000798336191926599,0.000798268963701721,0.000798243882410309,0.000798221981265936],"convergence":0,"press_dep":false,"press_rng":[1013.25,1013.25]}}
