{"fa_WV2_M_band_6":{"type":"annular","coefficients":{"c1":1,"c2":0.60795925996537,"c3":-0.0764480315452934,"c4":0.137678131680511,"c5":-1.65767540979794,"c6":-0.310811057199617},"mare":0.000903291149545072,"rmse":0.000421970501681603,"mare_seq":[0.00857717839336585,0.00845577658480481,0.00845544710982376,0.0084554444994696,0.00845544017583782,0.00845543972169813,0.00845543923414971,0.00845543760920267,0.00845543757980557,0.00845543585652103,0.00839097329550832,0.00831333022070883,0.00828370958505386,0.00811582877029962,0.0076941523839111,0.00763917112938051,0.00343193020297092,0.00337415443258365,0.00292898381458715,0.00271517731787574,0.00170993108850784,0.00170507036155668,0.00135638741311005,0.00130310568066555,0.000983748971778736,0.000967844424190904,0.000907230983312549,0.000903632077447794,0.000903400101548691,0.000903304728671674,0.000903291149545072],"convergence":0,"press_dep":false,"press_rng":[1013.25,1013.25]}}
