{"fa_WV3_U_band_9":{"type":"annular","coefficients":{"c1":1,"c2":0.420341874735057,"c3":-0.115458245757978,"c4":0.128532901017579,"c5":-1.670517219057,"c6":-0.372081610578736},"mare":0.000744169795689692,"rmse":0.000388905753336789,"mare_seq":[0.00679005158995839,0.00676769956295519,0.00676430544609758,0.00676402712075853,0.00676402622520724,0.0067640260126143,0.00676402591613548,0.00665578772152972,0.00651521133987918,0.00629619179101874,0.00566127813125316,0.00420356445706795,0.00407196872716416,0.00397495595796289,0.00247911716260313,0.00246377530726647,0.00241164229493449,0.00164289522076883,0.00149782523378814,0.00148141276068771,0.000970013050431557,0.000870220183366436,0.000778351551775051,0.000757901474897408,0.00074556034112432,0.000745482641975814,0.000744992185664817,0.000744437921097751,0.000744189024223805,0.000744172539445709,0.000744169795689692],"convergence":0,"press_dep":false,"press_rng":[1013.25,1013.25]}}
