{"fa_WV_LG01_U_band_8":{"type":"annular","coefficients":{"c1":1,"c2":0.0601785888781815,"c3":-1.70852146579294,"c4":0.515681230051739,"c5":-0.358040229961297,"c6":-0.108798092156451},"mare":0.000766488771092929,"rmse":0.000380544431056642,"mare_seq":[0.0153641299615881,0.00672297509478077,0.00672297328591512,0.00672296972555902,0.00672296931412593,0.00666701202456337,0.00567232721705184,0.00428900276413698,0.00322606351268716,0.00302876198562846,0.00292679101370138,0.0026824494770857,0.00252505200653344,0.00250889593959808,0.00247097341679033,0.00244181233540919,0.00205822657334344,0.00184907714946525,0.00176045670782677,0.00175460831094596,0.00151329610652815,0.00114354371047981,0.000867869008591348,0.000840212374935377,0.000776577597162519,0.000774946992423785,0.000766680941590161,0.0007665185359885,0.000766495820946182,0.000766490050015579,0.000766488771092929],"convergence":0,"press_dep":false,"press_rng":[1013.25,1013.25]}}
