{"fa_WV_LG03_M_band_6":{"type":"annular","coefficients":{"c1":1,"c2":0.600898296009676,"c3":-0.0757522048435234,"c4":0.13887600074816,"c5":-1.64248216175894,"c6":-0.305874082795152},"mare":0.00091588693901429,"rmse":0.000385819273436575,"mare_seq":[0.0126843495951803,0.00854697225025787,0.00854696920210677,0.00854575287715203,0.00791898634648413,0.00707365229914007,0.00598294054889976,0.00527164384179668,0.00468347842398919,0.00454084540456071,0.00419889856467967,0.00306626639454051,0.00285570755014483,0.00259800886066821,0.00259554904451866,0.00224244967361301,0.00202372853123331,0.00194621251417436,0.00150630138000292,0.00131916378451391,0.00127479294428772,0.00127013240566084,0.00123531795931087,0.00114829431947708,0.00107216338262396,0.000992388457841172,0.000945047057644387,0.000931401538168654,0.00091652239321546,0.000915887806448205,0.00091588693901429],"convergence":0,"press_dep":false,"press_rng":[1013.25,1013.25]}}
