{"fa_WV_LG05_C_band_2":{"type":"annular","coefficients":{"c1":1,"c2":0.551068292194333,"c3":-0.0872814221008549,"c4":0.0918804853122807,"c5":-1.68391938780853,"c6":-0.305644408295816},"mare":0.000709252484743366,"rmse":0.000339230081049445,"mare_seq":[0.00682199121060272,0.00682159619988563,0.00682158705157751,0.00682158324114616,0.00682158283853917,0.00682158280833011,0.00665406520229123,0.00660701236701027,0.00589395934896906,0.0056180229573668,0.00548565671757091,0.00533149022219124,0.00495427781145319,0.00490790153912637,0.00473594067297822,0.00434252850250225,0.00422951707377248,0.00317079032271568,0.00310861842694721,0.00266739815051448,0.0022519540184012,0.00210296077186969,0.00194837630075753,0.00166821823701049,0.00121410539825292,0.00104338924728343,0.000893630617868899,0.000835886565349283,0.00075374237883602,0.000709312108817663,0.000709252484743366],"convergence":0,"press_dep":false,"press_rng":[1013.25,1013.25]}}
