{"fa_WV_LG02_C_band_7":{"type":"annular","coefficients":{"c1":1,"c2":0.424797137788359,"c3":-0.308502728190954,"c4":0.0762807178516119,"c5":-1.68434204163406,"c6":-0.0893234001457815},"mare":0.000735421978057909,"rmse":0.000350588536920662,"mare_seq":[0.0137477969350855,0.00720043876778228,0.00683623026361956,0.00683610596122705,0.00681784828198754,0.00635819697275915,0.00633903369733142,0.00550252472259834,0.00417849201337535,0.00353272818252153,0.00329087054471048,0.00305470852028002,0.00267321163112748,0.00204062692408945,0.00201200195748636,0.00182615540202502,0.00170263505157144,0.00157108806297054,0.00143079228235261,0.00130459827801049,0.00113011513811723,0.000853243188135432,0.000821266849304554,0.000816240952060226,0.000805728648502166,0.000776525370041038,0.000768711125758032,0.000742061975142197,0.000738229739234416,0.000736244149968071,0.000735421978057909],"convergence":0,"press_dep":false,"press_rng":[1013.25,1013.25]}}
