{"fa_WV_LG03_U_band_6":{"type":"annular","coefficients":{"c1":1,"c2":0.485803526467553,"c3":-0.343575951246973,"c4":0.878672921918187,"c5":-0.104671357351437,"c6":-1.63692819886128},"mare":0.000746605409809502,"rmse":0.000355231262397889,"mare_seq":[0.00693238257554963,0.00681190641462419,0.00680811700032322,0.00680788494925903,0.00680780510299669,0.00680780499883429,0.00680780117866084,0.00680780073519948,0.00680780047082062,0.00680779096139589,0.00678471186174203,0.00660657971688722,0.00565447799673129,0.00556965476337908,0.00503496260827923,0.00474751603374065,0.00351219767287303,0.0025537257777137,0.00246580025835383,0.00240296889473898,0.00158880947356083,0.00157966628379587,0.00153941666955495,0.00150599091959629,0.00146980936711925,0.000941663532955491,0.00075320434202585,0.000747453859793099,0.000747222280868663,0.000746721722520143,0.000746605409809502],"convergence":0,"press_dep":false,"press_rng":[1013.25,1013.25]}}
