{"fa_WV3_M_band_4":{"type":"annular","coefficients":{"c1":1,"c2":0.0549996580748661,"c3":-1.66747299403051,"c4":0.63608755588178,"c5":-0.0761584326190993,"c6":-0.306658188447727},"mare":0.00094015716634532,"rmse":0.000392326152934339,"mare_seq":[0.00917498065835978,0.00879323708189739,0.00869002028716633,0.00855766370754642,0.00855340618713115,0.00855340542129311,0.00838449502480373,0.00659544530463008,0.00549985946620129,0.00529675549462131,0.00447141431224714,0.00387582624457558,0.00361443188279767,0.00359526370742962,0.00311126250023254,0.00288652694823559,0.00288087600998764,0.00193082675443017,0.00178093866071862,0.0017153796659958,0.00167589509834726,0.00166377412744136,0.00146633308520256,0.0012173320427932,0.000988537725708658,0.000983812889439834,0.000983688410445381,0.000954365907444469,0.000944149301664108,0.000940176030531517,0.00094015716634532],"convergence":0,"press_dep":false,"press_rng":[1013.25,1013.25]}}
