{"fa_WV_LG04_U_band_9":{"type":"annular","coefficients":{"c1":1,"c2":0.476464424384588,"c3":-0.348412414518476,"c4":0.110908919598938,"c5":-1.69976622209262,"c6":-0.104789908862076},"mare":0.000709606752191621,"rmse":0.000360648995200657,"mare_seq":[0.00679459088649635,0.00679433437736157,0.00679432890566992,0.00679432734206249,0.00679432690796641,0.00606802593726122,0.00589965110995184,0.00568139219279559,0.00434010485878512,0.0027663206636752,0.00220703399174391,0.002130388584155,0.00211195126442176,0.0017265748697758,0.0015702292174182,0.0014490195510272,0.00137364963299897,0.00133035791269407,0.00127556333259112,0.00102840361499111,0.000897415118534754,0.000888702418440467,0.00081729606959,0.000744343363665726,0.000720757425140617,0.000710153192664231,0.00070977178490234,0.000709758856102114,0.000709609149112067,0.000709608863602112,0.000709606752191621],"convergence":0,"press_dep":false,"press_rng":[1013.25,1013.25]}}
