{"fa_WV_LG04_M_band_7":{"type":"annular","coefficients":{"c1":1,"c2":0.0560193700993419,"c3":-1.60580438512807,"c4":0.361996850713646,"c5":-0.304843920364301,"c6":-0.075700932808862},"mare":0.000885212125910422,"rmse":0.000354104373310789,"mare_seq":[0.00893414411926792,0.00838619400203736,0.0083860741380445,0.00838601351708415,0.00838601301152713,0.00838601112270124,0.00838537896084087,0.00837545184450485,0.00833838464336874,0.0083372831521187,0.00831892550465123,0.00818811211609462,0.00795509239197979,0.0077563286432309,0.00753074485176189,0.00746729034634915,0.00741607575523987,0.005932626468374,0.00373685151391309,0.00359079705426433,0.00292058118651537,0.00201890174144335,0.00188434311869352,0.00177080913394155,0.00159285840645341,0.00127325905841235,0.00120090374280747,0.000981993011991338,0.000893466237481124,0.000890247481745224,0.000885212125910422],"convergence":0,"press_dep":false,"press_rng":[1013.25,1013.25]}}
