{"fa_WV3_U_band_15":{"type":"annular","coefficients":{"c1":1,"c2":0.529549433754084,"c3":-0.440015968932637,"c4":0.20539518154944,"c5":-1.88001093628438,"c6":-0.140403785271974},"mare":0.000860476506758884,"rmse":0.000478636021474209,"mare_seq":[0.00696348869432249,0.00696348159719061,0.00695280972536644,0.00671548412992075,0.00576116979714239,0.00516840746484503,0.0037427520195355,0.00324905926603434,0.0032206835866137,0.0026571178538457,0.00264225413515621,0.00235682502910076,0.00232282087936759,0.00228828038007832,0.00220768241102927,0.00198337006586224,0.00185904441678698,0.00175863000328363,0.00155646866488214,0.00150874107325744,0.00146215709517671,0.00140706583257838,0.00139549954888172,0.00126048261392359,0.00115037818487815,0.00112497876528539,0.000994003432494963,0.000860506484523431,0.000860481341978016,0.000860476515162551,0.000860476506758884],"convergence":0,"press_dep":false,"press_rng":[1013.25,1013.25]}}
