{"fa_WV_LG05_U_band_9":{"type":"annular","coefficients":{"c1":1,"c2":0.480810579792591,"c3":-0.343135796698961,"c4":0.882924796894692,"c5":-0.104036818037957,"c6":-1.66066441429225},"mare":0.000734847561761454,"rmse":0.000346465981553993,"mare_seq":[0.00698449443334236,0.00689440996309114,0.0068931306170605,0.00689049092492678,0.00683646735329693,0.00683134756615714,0.00681643574366908,0.00655977536117155,0.00629954653096857,0.00625594462014431,0.0031625186771766,0.00262142029890209,0.0025321095609607,0.00250194692072957,0.00237233851696542,0.00202722522709338,0.00186297337039591,0.00175542863433403,0.0014557546848783,0.00145251016575785,0.0014469364238618,0.00116065401030785,0.000991729128652576,0.000884728172381719,0.00083065068020855,0.000790530851165491,0.000738073422518367,0.000735480893336439,0.000734888920414063,0.000734856180680745,0.000734847561761454],"convergence":0,"press_dep":false,"press_rng":[1013.25,1013.25]}}
