{"fa_WV_LG02_C_band_1":{"type":"annular","coefficients":{"c1":1,"c2":0.530151934875097,"c3":-0.0845498329463875,"c4":0.1004483709047,"c5":-1.57091499521292,"c6":-0.290585284173793},"mare":0.000750349910736676,"rmse":0.000279288947302489,"mare_seq":[0.00847751808291017,0.00754312045328198,0.00698652652027438,0.00698524578443747,0.00698508724203994,0.00698507999871662,0.0069850791775733,0.00698507864409711,0.00679368797416042,0.00516829057759257,0.00417796467568946,0.00336871021408955,0.00319798972167815,0.00248633825031001,0.00243816556787239,0.00221461236929522,0.00219432921588555,0.00218993385534627,0.00204933851191652,0.00204280841513042,0.00198800120747648,0.00195124122566231,0.00171870319963867,0.00169008873545237,0.00105290490645071,0.000882378502980374,0.000867214521975428,0.000825333170049991,0.000820128542783253,0.00075733220578267,0.000750349910736676],"convergence":0,"press_dep":false,"press_rng":[1013.25,1013.25]}}
