{"fa_WV_LG05_U_band_6":{"type":"annular","coefficients":{"c1":1,"c2":0.0595533479923754,"c3":-1.6825401270058,"c4":0.488603473289802,"c5":-0.105727535837637,"c6":-0.349050065128817},"mare":0.000747119245233012,"rmse":0.000375824308609499,"mare_seq":[0.00696508833183062,0.00673680360993985,0.00673680345146798,0.00673225544257311,0.00563074999312263,0.00551447095083046,0.0048583998682721,0.00485778538002454,0.00482937224173733,0.0046459324017617,0.00363962903740415,0.00266099385117046,0.00246361122866905,0.00234536233232473,0.00233183125588185,0.0021536091210275,0.00203994474678163,0.00193334086120714,0.00184064583943658,0.00179350410762445,0.00163537641878596,0.0016251939224159,0.00156265983387967,0.0012873465464476,0.00113106514816362,0.000983598521250692,0.00096836845321557,0.00084287507762469,0.000827195675848832,0.000747391245385159,0.000747119245233012],"convergence":0,"press_dep":false,"press_rng":[1013.25,1013.25]}}
