{"fa_WV_LG06_C_band_6":{"type":"annular","coefficients":{"c1":1,"c2":0.425264238479815,"c3":-0.303679859705651,"c4":0.0790858260341133,"c5":-1.63098678884805,"c6":-0.0884841042814264},"mare":0.000747988227767267,"rmse":0.000341805638758111,"mare_seq":[0.00685063493301555,0.00684482909813815,0.00684480833201482,0.00683986827946721,0.00651383583708806,0.00650970613691554,0.00645092632366826,0.00624476076528035,0.00506654886929547,0.00332892426574655,0.00318818125607626,0.00308360689540594,0.00306480421508133,0.00268410091421707,0.0023225218722209,0.00230382208059425,0.00214506475061708,0.00205779522841368,0.00184323297361874,0.00171482906579896,0.00165958591748896,0.00165783687808333,0.00163475366781656,0.0011395055999731,0.00110130869316941,0.0010952536798479,0.00102061327389101,0.000847808114919278,0.000750037806319235,0.000748033633521563,0.000747988227767267],"convergence":0,"press_dep":false,"press_rng":[1013.25,1013.25]}}
