{"fa_WV3_C_band_9":{"type":"annular","coefficients":{"c1":1,"c2":0.510980699943197,"c3":-0.093376386027867,"c4":0.112413238972776,"c5":-1.64799457919329,"c6":-0.323090037074329},"mare":0.00079603633865082,"rmse":0.000372307344703788,"mare_seq":[0.00725680799540796,0.00725629854212292,0.00725629743168143,0.00725629096010291,0.00722832979463142,0.00715975497728797,0.00669608407614019,0.00601595226960344,0.00566312157895606,0.00329439114066865,0.00327429443280176,0.00282857266478904,0.00278763163656887,0.00241776275625723,0.00241583912415788,0.00240458608333831,0.00219968357036364,0.00157070181828644,0.00131012183416683,0.00114440561715104,0.00103830101523518,0.00101425873892183,0.00100207128409351,0.000988098145651439,0.000899660930094972,0.000862991241249294,0.000817001851729122,0.000803770604286625,0.000796084847179342,0.000796044295582853,0.00079603633865082],"convergence":0,"press_dep":false,"press_rng":[1013.25,1013.25]}}
