{"fa_WV_LG01_C_band_7":{"type":"annular","coefficients":{"c1":1,"c2":0.420663919064224,"c3":-0.309949150151726,"c4":0.923919433104103,"c5":-0.0897949877942275,"c6":-1.6881795021887},"mare":0.000786351492875092,"rmse":0.00037123768328865,"mare_seq":[0.00697624852973233,0.00690111312965368,0.00690110494306639,0.00690109941574738,0.00690109821904733,0.00681558572300246,0.00622243869722794,0.00605679840848843,0.00524230249529396,0.00317470366592565,0.00278286205054165,0.00240493699765883,0.00220506307089035,0.00206758462942051,0.00206425580657081,0.00196833528925394,0.00184193399712482,0.00167274718788562,0.00162422888186247,0.00145341768834281,0.00140661030802259,0.00123761996262692,0.0011328771964425,0.000978635848765511,0.000972939013690628,0.000937163992362275,0.000868643054086099,0.000786553204381724,0.00078643135775202,0.000786417169615802,0.000786351492875092],"convergence":0,"press_dep":false,"press_rng":[1013.25,1013.25]}}
