{"fa_WV_LG02_U_band_8":{"type":"annular","coefficients":{"c1":1,"c2":0.0631153938349693,"c3":-1.64993866551013,"c4":0.517309658611653,"c5":-0.354364078689001,"c6":-0.108303654579415},"mare":0.000787779323436979,"rmse":0.000388169840179154,"mare_seq":[0.00679480299595962,0.00662570183158014,0.00662569903239675,0.00662569122959472,0.00662568883710512,0.00662568869580926,0.00662568867494012,0.00662501765734102,0.00647577235009968,0.00608539560859319,0.0059433329804446,0.00496972745593258,0.00427559622652021,0.00357172193499226,0.00259665580832942,0.00248693055102134,0.00244986507497748,0.00208577265287756,0.00135785577263287,0.00130332026785746,0.00125944983856742,0.00111270134684973,0.000878475210714252,0.000824594677544298,0.000795573494821907,0.000789529818418708,0.000789174548515267,0.00078805696683056,0.00078781620281975,0.000787791923519753,0.000787779323436979],"convergence":0,"press_dep":false,"press_rng":[1013.25,1013.25]}}
