{"fa_WV_LG06_C_band_3":{"type":"annular","coefficients":{"c1":1,"c2":0.40988631694956,"c3":-0.305153798194371,"c4":0.0713675328163782,"c5":-1.66153337914524,"c6":-0.0880743897341433},"mare":0.00074090735686863,"rmse":0.000361687822582346,"mare_seq":[0.00673002517047334,0.00672681685960974,0.0067268120243164,0.00672680772362871,0.00672625428986872,0.0067211963141032,0.00670904137480976,0.00655145876706772,0.00627327004860261,0.00618662828522807,0.00394441381642068,0.00373483547527189,0.00349287155990325,0.00237309256965219,0.00227821813621267,0.00220166445687025,0.00215978342007505,0.00212477493425494,0.00189136892651802,0.00179172062860605,0.00150175058514251,0.00149962444919612,0.00142176366026594,0.00123205577615373,0.00121213978615965,0.00111228179851727,0.000939675437263269,0.000808323335038918,0.000760820573302065,0.000741060639084321,0.00074090735686863],"convergence":0,"press_dep":false,"press_rng":[1013.25,1013.25]}}
