{"fa_WV_LG05_U_band_1":{"type":"annular","coefficients":{"c1":1,"c2":0.467426682956882,"c3":-0.347118217582054,"c4":0.891749382644258,"c5":-0.103520544258794,"c6":-1.75638918651048},"mare":0.000783815393551191,"rmse":0.000410961149208087,"mare_seq":[0.00787441753454431,0.0070887260995232,0.00708836177701181,0.0070883617094948,0.00708836140475484,0.0070883593577368,0.00708835872441714,0.00708101567387783,0.00702813143222375,0.00688893705716438,0.00682809331674441,0.00537438795495994,0.00445974014276164,0.00381274969974329,0.00306333326160525,0.00277081652281177,0.00269187868609351,0.00266227213434804,0.00256928956541746,0.00229419315632958,0.00210428963418419,0.00173937859530785,0.000925501611508307,0.000836443789218298,0.000825127902365852,0.000795715923754208,0.000791923283201649,0.000788059773916517,0.000786070556057382,0.000783980087043308,0.000783815393551191],"convergence":0,"press_dep":false,"press_rng":[1013.25,1013.25]}}
