{"fa_WV_LG05_M_band_9":{"type":"annular","coefficients":{"c1":1,"c2":0.0552774396231689,"c3":-1.66535606965741,"c4":0.359980929607855,"c5":-0.307811679862427,"c6":-0.0762751272795213},"mare":0.00090162761888621,"rmse":0.000388171583913565,"mare_seq":[0.00968087725549618,0.00859212108811196,0.00858632489876291,0.00858632235577886,0.00858631709885174,0.00792553122822697,0.00778548086517338,0.00777193244701116,0.00749960300690773,0.00730934998089982,0.0056502377560792,0.00454338776329124,0.00353994557945182,0.00341808424082049,0.00340023312409281,0.00326848635982128,0.00265608831212055,0.00238878464779971,0.00235497139712401,0.00231697019360987,0.00220341158232396,0.00173859153857175,0.00171570672168639,0.00170308346186479,0.00111370461863224,0.0011093231534762,0.000984814282595872,0.000910667038057698,0.000904002325359724,0.000901674733880927,0.00090162761888621],"convergence":0,"press_dep":false,"press_rng":[1013.25,1013.25]}}
