{"fa_WV_LG02_M_band_3":{"type":"annular","coefficients":{"c1":1,"c2":0.341352413714662,"c3":-0.308650146761282,"c4":0.917608780014322,"c5":-0.0763906487389078,"c6":-1.69135692667357},"mare":0.000890542701337956,"rmse":0.00036903133348848,"mare_seq":[0.00870992163043866,0.00867213759974528,0.00867213217853644,0.0086721320387203,0.00867213197521964,0.00867181549036693,0.00861438163449002,0.00720605661630255,0.00688460987212299,0.00486567791013977,0.00426675577025983,0.00313058290777441,0.0030361580980151,0.0029353547492323,0.00256570004600785,0.00230551549166885,0.00205766821391647,0.00197452120458352,0.00194983155041698,0.001854343519529,0.00181586675322571,0.00180971960906623,0.00168390357678543,0.0016636865176641,0.00166346456702999,0.00138740472712093,0.001206273746309,0.000989177969706431,0.0008906122662891,0.000890560127035247,0.000890542701337956],"convergence":0,"press_dep":false,"press_rng":[1013.25,1013.25]}}
