{"fa_WV_LG03_M_band_5":{"type":"annular","coefficients":{"c1":1,"c2":0.339147706835447,"c3":-0.307972243853517,"c4":0.0841598858902613,"c5":-1.62885686120118,"c6":-0.0763501440761191},"mare":0.000979354335289352,"rmse":0.000397488631801933,"mare_seq":[0.00840576026090631,0.00840573216258244,0.00840572876005292,0.00840564582054795,0.00832103793511239,0.00702345955594365,0.00562000990831599,0.00560105047078603,0.00430901619960143,0.00362498744776461,0.00339967380743373,0.00300934973578986,0.0027947693128809,0.0026732793652387,0.00254395512183528,0.0025317330282451,0.00248440074427973,0.00244862447188696,0.00229366186164169,0.00185989103201172,0.00176033392506498,0.00156596080382837,0.00134698157480705,0.00113611945560087,0.00110425653722921,0.00102745102674509,0.00101135709529275,0.00100253852318212,0.000985101803823012,0.000979394046746485,0.000979354335289352],"convergence":0,"press_dep":false,"press_rng":[1013.25,1013.25]}}
