{"fa_WV3_U_band_16":{"type":"annular","coefficients":{"c1":1,"c2":0.531135838265829,"c3":-0.433173697912551,"c4":0.783667348516585,"c5":-0.139135577800615,"c6":-1.82896072579653},"mare":0.000844396473590659,"rmse":0.00046314835006652,"mare_seq":[0.00695869111937317,0.00695869089762634,0.00695777975383083,0.00647131972170518,0.00396989620190128,0.00385497069769388,0.00355169240821444,0.00335693844360417,0.00312820393611746,0.00247820068780879,0.00235972395530727,0.00172841793581629,0.00159971792901385,0.00147021399849047,0.00122875803972233,0.00106763435519258,0.000996945423641326,0.000906670374691652,0.000847265690705521,0.000846753448866218,0.000844650969432898,0.000844527041489193,0.00084443207108029,0.000844417331045896,0.000844415861319839,0.000844408963206799,0.000844404593532656,0.000844402753178903,0.000844398852662433,0.000844397274990417,0.000844396473590659],"convergence":0,"press_dep":false,"press_rng":[1013.25,1013.25]}}
