{"fa_WV3_C_band_3":{"type":"annular","coefficients":{"c1":1,"c2":0.420434648987759,"c3":-0.296632046252201,"c4":0.078360922909531,"c5":-1.57035071167192,"c6":-0.0864738469096576},"mare":0.000720416888460768,"rmse":0.000298460598059448,"mare_seq":[0.00671924568433606,0.00671924466823806,0.00671913780627008,0.00653337375452751,0.00546040218769728,0.00530236326899601,0.00444740887439952,0.00420919854444509,0.00402858548536579,0.00397305249932656,0.00353230854861685,0.00233065132088317,0.00230221017498102,0.00209657606298575,0.00200160027555423,0.0017708467404592,0.00151430678114126,0.00139032289054967,0.00138011610866773,0.00131307797049071,0.00110352142105181,0.000997746847129068,0.000919631963362642,0.000880241901024598,0.000799596415949,0.000796719219783664,0.000788174329264576,0.000764495620592271,0.000741796844800307,0.000720417375256085,0.000720416888460768],"convergence":0,"press_dep":false,"press_rng":[1013.25,1013.25]}}
