{"fa_WV2_M_band_4":{"type":"annular","coefficients":{"c1":1,"c2":0.607183763729696,"c3":-0.0767053866654455,"c4":0.859878151031162,"c5":-0.310453008502683,"c6":-1.66184758853951},"mare":0.000962514056845817,"rmse":0.00040207959462266,"mare_seq":[0.0108611818762571,0.00855451965328098,0.00851854486151562,0.00851854433548925,0.00851854280492111,0.00851853944182195,0.00851853916568915,0.00851853780687459,0.00663037500519046,0.00629665452638998,0.00435965808890793,0.00321376657629784,0.00315879607921061,0.00306282201994232,0.00289238606949825,0.00253456608435096,0.00235861692429709,0.00212281310206747,0.00175439935883104,0.00133040329051853,0.00132243280845491,0.00120630899478762,0.0011291458310875,0.00105940006564581,0.00103298544467295,0.000981207248454663,0.00097111885663259,0.000964223571972633,0.000962671517231028,0.000962604644319439,0.000962514056845817],"convergence":0,"press_dep":false,"press_rng":[1013.25,1013.25]}}
