{"fa_WV_LG03_C_band_2":{"type":"annular","coefficients":{"c1":1,"c2":0.542461491602997,"c3":-0.0864211889957343,"c4":0.093267399868275,"c5":-1.66068634506796,"c6":-0.299821032404961},"mare":0.000754354917884736,"rmse":0.000341297368108584,"mare_seq":[0.00734295873707909,0.00687382285564777,0.00687381562667657,0.00687230003905408,0.00687031623796407,0.00674780225666563,0.00667476084879411,0.00466427127777342,0.00379584153843125,0.00349517775016838,0.0028327796183086,0.00272796133538209,0.00262781160007036,0.0025178460204749,0.00233572832995339,0.00229006253925443,0.00192726810500784,0.00190305740508674,0.00168975808960632,0.00161391686325165,0.00160294180750215,0.00147694381625762,0.00136198503911219,0.00128686154741433,0.00127086254115924,0.00123222879069776,0.000826247259953591,0.000777678128528307,0.000768950781822217,0.000757464676700846,0.000754354917884736],"convergence":0,"press_dep":false,"press_rng":[1013.25,1013.25]}}
