{"fa_WV_LG05_M_band_8":{"type":"annular","coefficients":{"c1":1,"c2":0.600171398084558,"c3":-0.0752732376331292,"c4":0.140695046143151,"c5":-1.61100002326282,"c6":-0.302202411797358},"mare":0.000894615170004203,"rmse":0.000355730359262817,"mare_seq":[0.00851808595946417,0.00850630395519528,0.00850545967532292,0.00850545610551959,0.00850545152627277,0.00850544891775997,0.00850544685949202,0.00850544658643084,0.00850544502551883,0.00850518006945728,0.00850406066150059,0.00635170773878587,0.00428992336033088,0.00426014192051908,0.00425857806687465,0.00423134971298178,0.0036083605923701,0.00310222698311299,0.00296676332872712,0.00220054193987895,0.00200314536220975,0.00183253983329602,0.00133944699976913,0.00132706683363757,0.00114973565239071,0.00110762053970488,0.00095143396295553,0.000935083693490862,0.000909931384191068,0.000894632919947456,0.000894615170004203],"convergence":0,"press_dep":false,"press_rng":[1013.25,1013.25]}}
