{"fa_WV2_C_band_9":{"type":"annular","coefficients":{"c1":1,"c2":0.413453046526332,"c3":-0.309008818697922,"c4":0.927821035744489,"c5":-0.0889554880109936,"c6":-1.69012193310703},"mare":0.000759271373985462,"rmse":0.000378916117303672,"mare_seq":[0.00711366095440426,0.00681444505461495,0.0068144211020114,0.00681441372045378,0.00651659972788635,0.00651103519179507,0.00646541312261115,0.00599743144325465,0.00571071370982754,0.00550775828088092,0.0039882387058787,0.00320984008923166,0.00314824545385398,0.00297233451533747,0.002726984663739,0.002699380516721,0.00257273492136557,0.00166197605908933,0.0013366184529024,0.00130644169020739,0.00109914898726371,0.00109103895176545,0.00108897479272795,0.000997564852587508,0.000761749390365293,0.000759329191878665,0.000759285644123896,0.000759277240686601,0.000759276562638017,0.000759276036597155,0.000759271373985462],"convergence":0,"press_dep":false,"press_rng":[1013.25,1013.25]}}
