{"fa_WV3_C_band_17":{"type":"annular","coefficients":{"c1":1,"c2":0.0395608558311278,"c3":-1.76642778781958,"c4":0.574339397829423,"c5":-0.0897305093778271,"c6":-0.315344059266294},"mare":0.000690455112896284,"rmse":0.000369791104481848,"mare_seq":[0.00690402109139129,0.00674262299235884,0.00652277126682649,0.00600518076257727,0.00549312508986473,0.00451649901007772,0.00444355101391295,0.00329910470338766,0.00314087861967502,0.00277351337333464,0.00273556719575471,0.00263763189241041,0.00257243056735447,0.00233535836854603,0.00224521661039404,0.0021634501920476,0.00210914745322334,0.00204587968372659,0.00170686312878583,0.00168698107337447,0.00164252420802948,0.00158563186693492,0.00156390377711848,0.00143343300001644,0.00122727320260667,0.00119530123082117,0.00113541093377443,0.000906147592997844,0.000728310752547963,0.000725721941642769,0.000690455112896284],"convergence":0,"press_dep":false,"press_rng":[1013.25,1013.25]}}
