{"fa_WV_LG02_C_band_6":{"type":"annular","coefficients":{"c1":1,"c2":0.541336439010113,"c3":-0.0897633401176998,"c4":0.907809127789778,"c5":-0.311287224009993,"c6":-1.6921911086661},"mare":0.000667447428912153,"rmse":0.000337630888322149,"mare_seq":[0.00676483589070145,0.00676352685875152,0.00676348421980732,0.00676348095864383,0.00668129368596252,0.00655262838050465,0.00636057942939737,0.00634864604861805,0.00610375337997664,0.0044597638749804,0.00311380272005835,0.00306276894269857,0.00255579083853136,0.00248231009456265,0.0024644646640911,0.0024211960498448,0.00231387405618346,0.00203244222348204,0.00193643570107949,0.00172366639646668,0.00155265326121847,0.00153632335599745,0.00144263360659894,0.00140384629358539,0.00139824080111185,0.00105421450111671,0.000744444034499335,0.000698483761774981,0.000669562829427285,0.000667591489018435,0.000667447428912153],"convergence":0,"press_dep":false,"press_rng":[1013.25,1013.25]}}
