{"fa_WV3_M_band_1":{"type":"annular","coefficients":{"c1":1,"c2":0.606869000034643,"c3":-0.0769608797836405,"c4":0.856953263559237,"c5":-0.310782471513603,"c6":-1.67501967396601},"mare":0.000993099315300206,"rmse":0.000410595754522341,"mare_seq":[0.00868375761107368,0.00866496319764398,0.00864756430493115,0.00864756334933989,0.00864756129808914,0.00864696268199798,0.00845638063066976,0.00753185725236035,0.00711994138672576,0.00668347388938159,0.00604695980723909,0.00460869566554193,0.00330991129332871,0.0029998309311365,0.0029587169791329,0.00287091088946428,0.00279023139039587,0.00268785663023507,0.00267739478837696,0.00257690523971956,0.00252345201046116,0.00177754994341972,0.00172475907702687,0.00170193972330316,0.00164137273239165,0.00126321311116921,0.00115311253228694,0.00100705559432038,0.000993154948482099,0.000993110574548604,0.000993099315300206],"convergence":0,"press_dep":false,"press_rng":[1013.25,1013.25]}}
