{"fa_WV3_M_band_8":{"type":"annular","coefficients":{"c1":1,"c2":0.603391512106258,"c3":-0.0753012062014105,"c4":0.137087518254742,"c5":-1.62317988385626,"c6":-0.304126007983229},"mare":0.00084855473470239,"rmse":0.000346476921840205,"mare_seq":[0.00841657674424767,0.00839683719793705,0.00839681849490522,0.00839681694961124,0.00839681661993796,0.00839681647178916,0.00826189869877158,0.00767042837017573,0.00709904317892472,0.00665433531701232,0.00615410274560015,0.00605003305735962,0.00575935027381902,0.00455460356149627,0.00378190873911084,0.00356283469446236,0.00339395954268213,0.00311168904362092,0.00309917243148548,0.00303819930627966,0.00262678023287226,0.00245307673236402,0.00241191493090641,0.00241140938866464,0.00188923822784474,0.00185054131609294,0.00178601107172661,0.001716658366751,0.00084901033425906,0.000848601161447359,0.00084855473470239],"convergence":0,"press_dep":false,"press_rng":[1013.25,1013.25]}}
