{"fa_WV_LG06_C_band_2":{"type":"annular","coefficients":{"c1":1,"c2":0.405148490280707,"c3":-0.310870581586051,"c4":0.935918296241292,"c5":-0.0879375517159347,"c6":-1.78416311596217},"mare":0.00072192674538644,"rmse":0.000376743095197916,"mare_seq":[0.0338173264463407,0.00687989832179389,0.00687988834798851,0.00687988625970712,0.0068798825206107,0.00687988017411207,0.00687987973948916,0.00687987852951647,0.00687260118027285,0.00642395236112383,0.00625960339388503,0.0061616857702578,0.00555329701782945,0.00526073289720259,0.00524856598959462,0.00524193699114945,0.00501221045905321,0.00420059727500334,0.00398034639016224,0.00386916010736344,0.00222007910930514,0.00188508491292675,0.00163197876477336,0.00160493015329968,0.00139990362675101,0.00133719244960926,0.00100487073281186,0.00079679144997122,0.000763785702169487,0.000730267843029581,0.00072192674538644],"convergence":0,"press_dep":false,"press_rng":[1013.25,1013.25]}}
