{"fa_WV_LG06_C_band_4":{"type":"annular","coefficients":{"c1":1,"c2":0.0421989236969847,"c3":-1.67953820359718,"c4":0.566548866465798,"c5":-0.0882697048265667,"c6":-0.306207047672245},"mare":0.000749610801901239,"rmse":0.000353203060986286,"mare_seq":[0.00963777479344472,0.00678200376147077,0.00677968945407824,0.00677929541737173,0.00677925657753301,0.00677925060070411,0.00677755144596122,0.00662681288588566,0.00610710308931002,0.00564721366269363,0.0047589186328522,0.0043545611865619,0.00358057275241965,0.00324753563333349,0.00294193549757786,0.00283269849250277,0.0022785188343371,0.00205654152387667,0.00199910161919183,0.00194627661176331,0.0018568571310342,0.00174108492867678,0.00119155995698164,0.00119027159927751,0.00116195640854708,0.00107623006744907,0.000881871057214596,0.000803362392310571,0.000749642451044687,0.000749613794188922,0.000749610801901239],"convergence":0,"press_dep":false,"press_rng":[1013.25,1013.25]}}
