{"fa_WV3_C_band_1":{"type":"annular","coefficients":{"c1":1,"c2":0.0427070599462321,"c3":-1.6766563416926,"c4":0.427634151328705,"c5":-0.301584970704267,"c6":-0.0863989329981724},"mare":0.000753760255701348,"rmse":0.000345044485986574,"mare_seq":[0.00719576786833149,0.00687815041966129,0.00687804960350265,0.00687804782531095,0.00687803598855605,0.00592154701499686,0.00521795331796162,0.00473204556635122,0.00436686638716867,0.00395834471693483,0.00274127574026452,0.00242814985019807,0.00216518188241081,0.00189241474612081,0.00169272678176271,0.00166894677354954,0.00166048517551798,0.00150419570231485,0.00147248365326179,0.00138741221316013,0.0013449210856232,0.00132050784485165,0.00121175910291382,0.00113420845882409,0.00108515183173762,0.00106523918575735,0.00100045716815478,0.000993980365157442,0.000798405468532152,0.000795966377473927,0.000753760255701348],"convergence":0,"press_dep":false,"press_rng":[1013.25,1013.25]}}
