{"fa_WV_LG06_U_band_6":{"type":"annular","coefficients":{"c1":1,"c2":0.46218238762256,"c3":-0.106116199982304,"c4":0.891243290226684,"c5":-0.350557728437915,"c6":-1.6955961302205},"mare":0.000791666413007957,"rmse":0.000383500142002762,"mare_seq":[0.00672273256721042,0.00672092195666552,0.00672006875640532,0.00671541070689831,0.00665117117183945,0.00624304024896003,0.00443956718040144,0.0042157094385761,0.0026176693671059,0.0025638362142355,0.00256182911684756,0.00236759904604397,0.00210445083655104,0.00184820728455866,0.00174068372587346,0.00116329745121167,0.00112079931481906,0.00103897920640869,0.000975457852707534,0.00094407893955261,0.000922244464700439,0.000878847731224602,0.000866678109492621,0.000801035382122706,0.000797666779289881,0.000791688938900988,0.000791685981739213,0.000791677965472647,0.000791667798077615,0.000791667438205419,0.000791666413007957],"convergence":0,"press_dep":false,"press_rng":[1013.25,1013.25]}}
