{"fa_WV_LG06_M_band_7":{"type":"annular","coefficients":{"c1":1,"c2":0.0584572771505935,"c3":-1.56772641662,"c4":0.368593411506968,"c5":-0.297373335111183,"c6":-0.0750757059414452},"mare":0.000890776346262231,"rmse":0.000348561457109849,"mare_seq":[0.00851873470473168,0.008397297967221,0.00839728368033474,0.00839725319763382,0.00839725184313765,0.00839725166039501,0.00839725094287861,0.00838678223525613,0.00838422881153643,0.00786757450388569,0.00625128120227502,0.00557745428856737,0.00437607647322362,0.00420263541047667,0.00420212646991308,0.00410075559325857,0.00403585365803667,0.00298069068247111,0.00277309979366091,0.00252631529211536,0.00242477137549542,0.0020281920539297,0.00152769759979988,0.0014093347725761,0.00111392925291226,0.00101187698300085,0.000977793213398559,0.00092554841468299,0.00089127300588436,0.000891008483932113,0.000890776346262231],"convergence":0,"press_dep":false,"press_rng":[1013.25,1013.25]}}
