{"fa_WV_LG06_C_band_5":{"type":"annular","coefficients":{"c1":1,"c2":0.525928177634837,"c3":-0.087404761625009,"c4":0.904497388282869,"c5":-0.299105062794833,"c6":-1.6263274700117},"mare":0.000690105395288814,"rmse":0.000290978096122969,"mare_seq":[0.00688075098294491,0.0068807471237568,0.00688074483351537,0.00688074406411555,0.00688074401418009,0.00688074267232044,0.00687798051351052,0.00650548277818655,0.00649379060336852,0.00628945896351867,0.00536823307867873,0.00490594667291403,0.00421324820272172,0.00291431684796082,0.00283665653956091,0.00266615455160938,0.00264362780971033,0.00262708760121706,0.00216582479998298,0.00214044813104129,0.00213482089276836,0.00172066519063211,0.00164375377839752,0.00157100960995166,0.00120782328677599,0.000983787405645373,0.000762378167611152,0.000753731249474136,0.000719050507591394,0.000690137053574385,0.000690105395288814],"convergence":0,"press_dep":false,"press_rng":[1013.25,1013.25]}}
