{"fa_WV_LG04_M_band_1":{"type":"annular","coefficients":{"c1":1,"c2":0.0560483419962421,"c3":-1.70104823818034,"c4":0.632476379792587,"c5":-0.0758778106666426,"c6":-0.30374887423963},"mare":0.000905160813538756,"rmse":0.000363165280271542,"mare_seq":[0.0091784715769397,0.0088952108728261,0.00889517853417482,0.00889517619621327,0.00889475086166789,0.00742667583789068,0.00531983485788209,0.00513893663004281,0.00481626801238693,0.00455178108539781,0.00452913797707689,0.00337079240796355,0.00307261627950333,0.0027935041281762,0.00255067786308662,0.00254362480540074,0.0023404360871174,0.00232729701715561,0.0020264037878804,0.00146701768233729,0.00142256503645511,0.00131808453843496,0.0012333511116211,0.000977209374616574,0.000976148806358919,0.000941328711354569,0.000906351952292538,0.000905509666391312,0.000905182926178935,0.000905170384721905,0.000905160813538756],"convergence":0,"press_dep":false,"press_rng":[1013.25,1013.25]}}
