{"fa_WV3_M_band_2":{"type":"annular","coefficients":{"c1":1,"c2":0.599698423015647,"c3":-0.0761386460450027,"c4":0.141225375670681,"c5":-1.68147167391107,"c6":-0.305424144392604},"mare":0.00101297727853365,"rmse":0.000386415800282726,"mare_seq":[0.0126242384748759,0.00898384133245854,0.00881691948179809,0.00881691020625792,0.00881687354934632,0.00879933684798208,0.00777520395292561,0.00769657652207855,0.00757783958203794,0.00646247415768579,0.00469606550304495,0.00446567512547276,0.00295572370734231,0.00295176930654669,0.00273972703383368,0.00243353695949525,0.00171212412459941,0.00167169639346414,0.00157795078077658,0.00152373895634544,0.0013170740176964,0.0013122479450771,0.00128903224252948,0.00119097816818232,0.00114891134059615,0.00112579531611558,0.00107862162264671,0.00104477627719421,0.00101325665021602,0.00101298614413143,0.00101297727853365],"convergence":0,"press_dep":false,"press_rng":[1013.25,1013.25]}}
