{"fa_WV_LG06_C_band_1":{"type":"annular","coefficients":{"c1":1,"c2":0.558561272122769,"c3":-0.0875620242717812,"c4":0.906502510337558,"c5":-0.307977343298611,"c6":-1.72843768044733},"mare":0.000759457128234999,"rmse":0.000393062204931094,"mare_seq":[0.00706453864212482,0.00695566816003379,0.00695543419645221,0.00695543390713381,0.00695543343059436,0.00695543209003188,0.00695258536712551,0.00695187389482626,0.00662609993532713,0.00638314715208687,0.00636603110812943,0.00569168400064345,0.00534562318845582,0.00503921298320611,0.00420816940179177,0.00264368756957714,0.00252036803807799,0.00249129197441648,0.00206973375250129,0.00147703271820213,0.00132420244041288,0.00131564630333455,0.00129525446915333,0.00129003050754108,0.000775535761150335,0.00076027317248144,0.000759506601810965,0.000759464024952075,0.000759461945962521,0.000759461365564939,0.000759457128234999],"convergence":0,"press_dep":false,"press_rng":[1013.25,1013.25]}}
