{"fa_WV3_C_band_7":{"type":"annular","coefficients":{"c1":1,"c2":0.525649144068181,"c3":-0.0901746005124762,"c4":0.902785531458552,"c5":-0.311449171006577,"c6":-1.67451877040462},"mare":0.000721290980261414,"rmse":0.000310011220049679,"mare_seq":[0.00803223028907044,0.00696508730537964,0.0069650751594935,0.00696506986343232,0.00696506854851434,0.00696506853270419,0.00690629451050283,0.00634178896174193,0.00598928262036459,0.00504198905649706,0.00406698174803387,0.00328932799649018,0.00302792778014778,0.00290368750118867,0.0026392261047987,0.00252383324462054,0.00210352623249016,0.00182024848466176,0.00148449191665663,0.0013933542485607,0.00110959045554755,0.00110512772621203,0.000984092381176566,0.000934268503453747,0.000851245771639108,0.000815758824274042,0.000721924365741885,0.000721455145510735,0.000721331298373543,0.000721298128151,0.000721290980261414],"convergence":0,"press_dep":false,"press_rng":[1013.25,1013.25]}}
