{"fa_WV_LG04_M_band_8":{"type":"annular","coefficients":{"c1":1,"c2":0.334226504405599,"c3":-0.312019436293682,"c4":0.0809675738443116,"c5":-1.66848054157088,"c6":-0.0764365177730424},"mare":0.000861795722726136,"rmse":0.000399697134486403,"mare_seq":[0.00838619988951118,0.00838618306975534,0.00838608128463325,0.00838121416957898,0.0078655035715032,0.0065074161743876,0.0045270012845706,0.00442154872380774,0.00383992444834703,0.0035321249348022,0.00352647230958698,0.00331072184991109,0.00304452490926013,0.00292447988849182,0.00199997105413664,0.00174051436255956,0.00171101057950113,0.00162143773198513,0.00145236984324891,0.00139079696837104,0.00117697446263152,0.001172045218569,0.00102343456250458,0.000957820469537637,0.000937161844120827,0.000901256160837109,0.000888338760973154,0.000880553480913117,0.000861992957503619,0.000861839390654035,0.000861795722726136],"convergence":0,"press_dep":false,"press_rng":[1013.25,1013.25]}}
