{"fa_WV_LG01_C_band_2":{"type":"annular","coefficients":{"c1":1,"c2":0.543647176151338,"c3":-0.0864114062975797,"c4":0.0922887352125729,"c5":-1.66316882250591,"c6":-0.300950390587503},"mare":0.000700392645050091,"rmse":0.000319010607058096,"mare_seq":[0.00688906817536489,0.00688905637183414,0.00688904641269188,0.00688829880940684,0.00678597541029348,0.0058696028879824,0.00565248227640992,0.00499922931554873,0.0048655146016615,0.00446785420955137,0.00417282427583095,0.00375437906478425,0.00359471730170406,0.00340986037333289,0.00263114681865524,0.0026251914089942,0.00235880490805464,0.00227268397844963,0.00176388859557213,0.00149450769441765,0.00122541673584775,0.00119365870899036,0.00100861510579826,0.000965675361634437,0.000953735704715742,0.000733819072594283,0.000719585595852205,0.000712670883444855,0.000702548228660569,0.000700586913996266,0.000700392645050091],"convergence":0,"press_dep":false,"press_rng":[1013.25,1013.25]}}
