{"fa_WV_LG03_U_band_9":{"type":"annular","coefficients":{"c1":1,"c2":0.0605234448379679,"c3":-1.66146647163626,"c4":0.513892047398002,"c5":-0.342915131053135,"c6":-0.103753893781328},"mare":0.000690258970512332,"rmse":0.000346322267876241,"mare_seq":[0.00681881948627724,0.00681879243202104,0.00662318646844394,0.00551188987985373,0.00543818134729345,0.00484449642150645,0.00412212430602243,0.00392866114047658,0.00355290729986327,0.0033421911638442,0.00253955962174943,0.00235688227765812,0.00232908764968359,0.00225796472385533,0.00218025039900456,0.00201958773181767,0.00200744977230902,0.00187609981545163,0.00152353052973121,0.00144489671080539,0.00136408332443513,0.000929983805571403,0.000853700593968478,0.000844750703280291,0.000788077856862554,0.000737486412398131,0.000690264255954935,0.000690263460553699,0.000690261493793374,0.000690259440731809,0.000690258970512332],"convergence":0,"press_dep":false,"press_rng":[1013.25,1013.25]}}
