{"fa_WV_LG02_C_band_2":{"type":"annular","coefficients":{"c1":1,"c2":0.546242412641782,"c3":-0.0867753849645478,"c4":0.904765126785617,"c5":-0.301781571938199,"c6":-1.62558283151959},"mare":0.00082443225393894,"rmse":0.000361781465836099,"mare_seq":[0.0100293976501857,0.00677342918337324,0.00676838073100174,0.00676834120076513,0.00676833956413812,0.00676833867967828,0.00676833773838153,0.00676833771618691,0.00663700473578297,0.00573109816236666,0.00500993815637276,0.00277832940579288,0.00257309850420843,0.00256186538530749,0.00235765884468285,0.00209002779579238,0.00199673695406921,0.00181610906307848,0.00177733764396653,0.00177598765660701,0.00163592603047929,0.00161130035664359,0.00155250032983123,0.00145935163635209,0.00115307684663042,0.00108256069038157,0.000999703101612948,0.000897335956118549,0.000883554292991628,0.000869882516631024,0.00082443225393894],"convergence":0,"press_dep":false,"press_rng":[1013.25,1013.25]}}
