{"fa_WV_LG02_C_band_4":{"type":"annular","coefficients":{"c1":1,"c2":0.536195973977346,"c3":-0.0874311262656339,"c4":0.0936999074155174,"c5":-1.64341870078891,"c6":-0.302215970634249},"mare":0.000687121030482356,"rmse":0.000331741668577549,"mare_seq":[0.0104124432334019,0.00720957948971787,0.00675234728823227,0.00673315318147903,0.00673315177833621,0.00673315023097202,0.00673311954055707,0.00672353671211397,0.00671818946760174,0.0058303880337008,0.00499079214973041,0.00477219570418005,0.00359080389118344,0.0025822479701322,0.0023695741494925,0.00213695314821788,0.00200308469914175,0.0019195379672754,0.00191751808941167,0.00180667242809059,0.00171988396997349,0.00169505866403347,0.00167133373830752,0.00153381007716292,0.00151508587402535,0.000961838507927344,0.000930628256811441,0.000915363894777938,0.000914473414107271,0.000703618025169927,0.000687121030482356],"convergence":0,"press_dep":false,"press_rng":[1013.25,1013.25]}}
