{"fa_WV_LG05_U_band_8":{"type":"annular","coefficients":{"c1":1,"c2":0.456082743178374,"c3":-0.108959863239794,"c4":0.111178193036016,"c5":-1.71580248552704,"c6":-0.358244652326531},"mare":0.000739648490520026,"rmse":0.00040863841887692,"mare_seq":[0.0074251627901918,0.00669074977488391,0.00667825490092493,0.00667824381485674,0.00667824345150999,0.00667824281242883,0.00667824257363268,0.00665308611040539,0.00631554814063778,0.00558684364279128,0.00454851015218242,0.00404898244826191,0.00313157677860812,0.00293337568817719,0.00287789032140059,0.00193546991274295,0.0017074283248539,0.0016382533392966,0.00134857406967093,0.00101579107103676,0.000944672871263011,0.00088582561469947,0.000818556333852142,0.000791051610694433,0.000780279076555774,0.000763391005873578,0.000740348162441367,0.000739665527847962,0.000739650844262673,0.000739650649863637,0.000739648490520026],"convergence":0,"press_dep":false,"press_rng":[1013.25,1013.25]}}
