{"fa_WV2_U_band_8":{"type":"annular","coefficients":{"c1":1,"c2":0.0637434115301162,"c3":-1.68894558887361,"c4":0.526226350863721,"c5":-0.358293781294122,"c6":-0.109616457235682},"mare":0.00069791961576087,"rmse":0.000376161804320606,"mare_seq":[0.0079136831123115,0.00672551293360758,0.00635645959031249,0.00599145993253928,0.00582822977268857,0.00518142150022601,0.00270475952737992,0.00268804603866738,0.00208327269175055,0.00175032528765686,0.00172835531585623,0.00155305313817972,0.00148659866740655,0.00148146405866504,0.00127660944860978,0.00123243354027651,0.0011715289171336,0.00112938646387058,0.00105706427447872,0.000927366421815487,0.000861018470061381,0.000822612219031998,0.000752959596346608,0.000730928131648293,0.000716025422794232,0.000714695901354005,0.000701512103014624,0.000698933377550987,0.00069792987796166,0.000697923453648828,0.00069791961576087],"convergence":0,"press_dep":false,"press_rng":[1013.25,1013.25]}}
