{"fa_WV3_C_band_6":{"type":"annular","coefficients":{"c1":1,"c2":0.534209817895516,"c3":-0.0892725134715919,"c4":0.906431193589121,"c5":-0.308697422571695,"c6":-1.69969950181113},"mare":0.000719724681799739,"rmse":0.000348335473368,"mare_seq":[0.00686829304149482,0.00686829098619577,0.00686828552506907,0.00686828521393474,0.00686828389645969,0.00686823732451873,0.00684939100377601,0.00677143969242741,0.00658458459129737,0.00607122999331215,0.00510624514465583,0.00411752217587428,0.00348100909889044,0.0028564523868755,0.00263309711404021,0.00234863851167777,0.00231793486526038,0.00214138858495138,0.00211729350339803,0.00156407125031416,0.00151916898041284,0.00145891382127362,0.00141727532567252,0.00131525045111703,0.00111071319326923,0.00108103506643723,0.000872076107160834,0.000828221127255225,0.000735976182050026,0.000723428938538271,0.000719724681799739],"convergence":0,"press_dep":false,"press_rng":[1013.25,1013.25]}}
