{"fa_WV2_U_band_3":{"type":"annular","coefficients":{"c1":1,"c2":0.466436794891887,"c3":-0.103630929235109,"c4":0.109464112232157,"c5":-1.69134002312984,"c6":-0.344443982484095},"mare":0.000740012692675354,"rmse":0.000382346140868608,"mare_seq":[0.00723349853038637,0.00718863133731934,0.00691215253087277,0.00682939544156803,0.00682921775656919,0.00637855685636039,0.00559097609652023,0.00484657732497807,0.00456932478114428,0.00350848374546593,0.00266170960593881,0.00237661764729731,0.00203972905595212,0.00201222609649655,0.00199775949465539,0.00185052216483712,0.00175254073844552,0.00126614911386308,0.00112526894648171,0.00104735811262641,0.0008010492787328,0.000759578454854261,0.000758423942014029,0.000742270238525036,0.000740163139535687,0.000740024894653798,0.000740017635434231,0.000740016571550413,0.000740013877366712,0.00074001353289411,0.000740012692675354],"convergence":0,"press_dep":false,"press_rng":[1013.25,1013.25]}}
