{"fa_WV2_C_band_3":{"type":"annular","coefficients":{"c1":1,"c2":0.412334434774408,"c3":-0.302892762643706,"c4":0.926900171673908,"c5":-0.0876775739755205,"c6":-1.63635934305306},"mare":0.000673009607475008,"rmse":0.000315748900511885,"mare_seq":[0.00677027087841508,0.00676975602061526,0.00676767879760366,0.00676712481005796,0.00676693207013641,0.00676692860292372,0.00676692398651227,0.00676654804005499,0.00676423706397258,0.00676283543131923,0.00663776820430838,0.00643867747161049,0.00413652954312941,0.00273742431024522,0.00273477727320341,0.00270138098562385,0.00262012772079006,0.00243082579436662,0.00215517058791088,0.00197804112911105,0.00178717790619987,0.00168713904660833,0.0012773898484845,0.00107278532376876,0.000993048585190447,0.000849238826442362,0.000831826378798365,0.000706379891048523,0.000684756649363442,0.000673028912262886,0.000673009607475008],"convergence":0,"press_dep":false,"press_rng":[1013.25,1013.25]}}
