{"fa_WV_LG03_C_band_6":{"type":"annular","coefficients":{"c1":1,"c2":0.536789459687097,"c3":-0.0893012780141624,"c4":0.906278468914831,"c5":-0.30868242199953,"c6":-1.6717765298695},"mare":0.000750338581565247,"rmse":0.000356616543993748,"mare_seq":[0.00724926260302443,0.00678758735758237,0.0067862153342831,0.00671798665476204,0.006717469567896,0.0065213303123412,0.00629822973837122,0.00619809238792003,0.00551639920771686,0.00478349189632151,0.00456745098408276,0.00416658519683518,0.00414744487698267,0.00411411463756382,0.0039943218374082,0.00324990860658447,0.00235708994677589,0.00234372701497275,0.00201825461345456,0.0019050066575114,0.00183019795461326,0.00174647422888358,0.0016951770255792,0.0012831500884315,0.00112777189166244,0.000969459082254482,0.000940851147514791,0.0009336927206356,0.000877706151689802,0.000810576246733842,0.000750338581565247],"convergence":0,"press_dep":false,"press_rng":[1013.25,1013.25]}}
