{"fa_WV2_U_band_1":{"type":"annular","coefficients":{"c1":1,"c2":0.466663030418753,"c3":-0.344494238567685,"c4":0.886682824092661,"c5":-0.103354003050999,"c6":-1.67657972076238},"mare":0.000814307099287642,"rmse":0.000396367984751724,"mare_seq":[0.0081373185253738,0.00697161625671777,0.00697160707830197,0.00697159192286191,0.00609293394955222,0.00448750880030398,0.0043662584091713,0.00341493005696195,0.00316713358878038,0.00297830736078108,0.00286318022524049,0.00265244435548863,0.00232469834556253,0.00223855741256511,0.00220813905118112,0.00203293014557245,0.00200409010076601,0.00199601801664461,0.00199154785525708,0.0019006333288745,0.0018094606536833,0.00173817207811586,0.00163694093464432,0.00141042733588012,0.00127861108140985,0.000868639701743234,0.000859467161759992,0.000826874008332167,0.000814330461317271,0.000814318454548587,0.000814307099287642],"convergence":0,"press_dep":false,"press_rng":[1013.25,1013.25]}}
