{"fa_WV_LG06_M_band_1":{"type":"annular","coefficients":{"c1":1,"c2":0.603521913837379,"c3":-0.0765069423988519,"c4":0.861579619262157,"c5":-0.309681904314617,"c6":-1.71451654304899},"mare":0.000969548311287836,"rmse":0.000391218797180462,"mare_seq":[0.00891029687826122,0.00883385862131949,0.0088320527099743,0.00883204217902369,0.00883204155808332,0.00883203717884604,0.00880867745838256,0.00807188547631816,0.00804320335254542,0.00751754266476452,0.00665534462870432,0.00604128432380175,0.00557299849876606,0.00494876508684344,0.0037540015900193,0.00335021553376878,0.0031337571157697,0.00284903750639802,0.00238975315956635,0.00188409231557176,0.00161642777075141,0.00157658208810448,0.00142474710170481,0.00140546100275692,0.00132637317559407,0.0011018403643282,0.00109319178544676,0.00104274721191157,0.000996871985131345,0.000969585741853388,0.000969548311287836],"convergence":0,"press_dep":false,"press_rng":[1013.25,1013.25]}}
