{"fa_WV_LG02_C_band_5":{"type":"annular","coefficients":{"c1":1,"c2":0.0448540838907135,"c3":-1.61381020746883,"c4":0.446051762721369,"c5":-0.301189720736883,"c6":-0.0876989328085777},"mare":0.000720298493349735,"rmse":0.000307173339683674,"mare_seq":[0.00681510119758129,0.00681510092396179,0.00681509991889408,0.0068150976858024,0.00681509699026448,0.00681501929018043,0.00679247434171927,0.00664198657384014,0.00646599452701116,0.00630351471808268,0.00598227762265095,0.00540698862461221,0.00483862668938689,0.00454322392507433,0.00392528023665172,0.00247304960742491,0.0023522415592802,0.00233757441418826,0.00220447253393926,0.00217224404797996,0.00212720957669406,0.00204320070079737,0.00193878950177866,0.00184662794522167,0.00151000546472765,0.00146405416257987,0.00136373527267746,0.00112649807617473,0.000917739882972514,0.000720350787663532,0.000720298493349735],"convergence":0,"press_dep":false,"press_rng":[1013.25,1013.25]}}
