{"fa_WV_LG04_M_band_3":{"type":"annular","coefficients":{"c1":1,"c2":0.603508494778217,"c3":-0.0762730071259017,"c4":0.140163845515942,"c5":-1.64942761911256,"c6":-0.307622879570737},"mare":0.000933885208550245,"rmse":0.000380784296915194,"mare_seq":[0.0105739659641744,0.0085293261958436,0.00852932397122035,0.00842490462737111,0.00793700256795775,0.00662092884139141,0.00629032586887045,0.00575143783577911,0.00538383320400803,0.00535108727783382,0.00531043205450852,0.00516103807927117,0.00486877438076943,0.0040316144349561,0.00350337165253006,0.00308403522902783,0.00306136231471126,0.00304256988940999,0.00252562977296385,0.00242962676044975,0.00198700158410078,0.00168929419565149,0.00152778213996164,0.00129125605776943,0.00119956758937143,0.00119743803386576,0.00111663261054472,0.000996903074907944,0.000945301001695385,0.000936623705089953,0.000933885208550245],"convergence":0,"press_dep":false,"press_rng":[1013.25,1013.25]}}
