{"fa_WV_LG03_M_band_1":{"type":"annular","coefficients":{"c1":1,"c2":0.608704681541371,"c3":-0.0771664827541307,"c4":0.140304263915247,"c5":-1.71507866556588,"c6":-0.312474728400235},"mare":0.00102738566862129,"rmse":0.000430371177040428,"mare_seq":[0.00874148178890233,0.0087403056698487,0.00874030294054798,0.00874030104816719,0.00874027371480155,0.00872499973273992,0.00860718211941392,0.00735880109064217,0.00638436782034226,0.00615425505424894,0.00601246909955597,0.00564581307228624,0.00493537802071194,0.00465365320544247,0.0040426348377197,0.00368525069099835,0.00364729109728023,0.00337608498517425,0.00323815706759537,0.00319311965214361,0.00282698897466433,0.00240792944320106,0.00238653820998519,0.00216200041703291,0.00188548829260917,0.00164033475086011,0.00162438703538495,0.00133632464188043,0.00114109240902189,0.00102858372680254,0.00102738566862129],"convergence":0,"press_dep":false,"press_rng":[1013.25,1013.25]}}
