{"fa_WV_LG04_C_band_7":{"type":"annular","coefficients":{"c1":1,"c2":0.537259824922819,"c3":-0.0901057623747322,"c4":0.905754561499141,"c5":-0.311725766528862,"c6":-1.69274035197146},"mare":0.000735587546770453,"rmse":0.00037489371066499,"mare_seq":[0.00690201134333298,0.00690199874676956,0.00690198057354303,0.00690198046132725,0.00690197872492186,0.00690197706244294,0.006896648505361,0.00647302861681723,0.00620673776640227,0.00552773710957077,0.00532134582214945,0.00491925844241334,0.00456626561425386,0.00250638929354413,0.00246314416526562,0.00202046053184791,0.00193734013483685,0.00191685112404593,0.00188248728250686,0.00181691831934784,0.00163163493286689,0.00160415184175545,0.00157950740893396,0.00152925242499642,0.00146043911933074,0.00120632649147272,0.000978725868414747,0.000946860827761277,0.000819609815166481,0.000736591434197106,0.000735587546770453],"convergence":0,"press_dep":false,"press_rng":[1013.25,1013.25]}}
