{"fa_WV_LG03_C_band_9":{"type":"annular","coefficients":{"c1":1,"c2":0.548951903638984,"c3":-0.0892864171801763,"c4":0.909527627728975,"c5":-0.311863041484648,"c6":-1.70037575487152},"mare":0.00073871093834002,"rmse":0.000371693917001464,"mare_seq":[0.00675607529761315,0.00672117569295881,0.00671967368462699,0.0067196708574179,0.00671967025489241,0.00671966710013984,0.00671966678981038,0.00671966500329365,0.00670873037819195,0.0062352120655493,0.00613158179655371,0.00540252486535327,0.00368838305870711,0.0025943234200941,0.00214957877826677,0.00212332732557996,0.0018094729258503,0.00148905953035164,0.00144247071400266,0.00141960747491655,0.00131116595697296,0.00110236480082382,0.00102580843890096,0.000989155498160955,0.000845959552429453,0.000818681045654833,0.000740828393790681,0.000739707673318977,0.000738752775861577,0.00073874420073283,0.00073871093834002],"convergence":0,"press_dep":false,"press_rng":[1013.25,1013.25]}}
