{"fa_WV_LG02_M_band_6":{"type":"annular","coefficients":{"c1":1,"c2":0.59757467127988,"c3":-0.0754121722905363,"c4":0.859249064223565,"c5":-0.302935938265392,"c6":-1.62047924671603},"mare":0.000903159128272313,"rmse":0.000357647961857409,"mare_seq":[0.00857126928783868,0.00852654669187062,0.00852654611143494,0.00852654481365994,0.00852654404944171,0.00852614880815872,0.00713469532918449,0.00697153707945218,0.00644352261190368,0.00638212339030495,0.00568907960937796,0.00452786291457047,0.00425999784543014,0.00333663772005589,0.00333065948523655,0.00308431725091354,0.00250466379502969,0.00237435402731114,0.00228612535547506,0.0018990408911042,0.00161554968869452,0.00147920636292048,0.00147577078091437,0.00142335162961374,0.00106125052667963,0.000963238745337096,0.000948356690685458,0.000933126583483318,0.000928276963251667,0.000927936745080381,0.000903159128272313],"convergence":0,"press_dep":false,"press_rng":[1013.25,1013.25]}}
