{"fa_WV_LG01_U_band_1":{"type":"annular","coefficients":{"c1":1,"c2":0.471476548145896,"c3":-0.103110479993435,"c4":0.111374311281841,"c5":-1.70676366017463,"c6":-0.344704085546244},"mare":0.000746657711968454,"rmse":0.000376349391483296,"mare_seq":[0.0152092040381214,0.00809278398351346,0.00702870741728286,0.00700757953172432,0.00700575832015906,0.00700572573185959,0.00700572262907158,0.00700572234764262,0.00700464972148129,0.00700212915368459,0.00694311110005414,0.00576045182483807,0.00555789738742232,0.00536583661333939,0.00536356123159435,0.00472779834191497,0.00267469288069415,0.00225989037797705,0.00204332715933433,0.00178240704847817,0.00166503051553204,0.00162523934936028,0.00147036293222068,0.00124714351932785,0.00108715155382741,0.000955668960560638,0.000892500194809662,0.000790875499650722,0.000776506680765086,0.000749511263522587,0.000746657711968454],"convergence":0,"press_dep":false,"press_rng":[1013.25,1013.25]}}
