{"fa_WV_LG01_C_band_9":{"type":"annular","coefficients":{"c1":1,"c2":0.535992558243285,"c3":-0.0879454326315256,"c4":0.096597746764444,"c5":-1.6262809344581,"c6":-0.302187912274299},"mare":0.000761418941761356,"rmse":0.000333503457605868,"mare_seq":[0.00683979125078305,0.00683749081502655,0.00683749041935876,0.00683749008547739,0.00683717988715061,0.00683370995620249,0.00675495002074395,0.00640746816768862,0.00583983250358741,0.00396329764317538,0.00332258909081192,0.00327009454769983,0.00312121832547692,0.00263066129618886,0.00248716925625369,0.00229512539086408,0.00155284590094245,0.00154375425600355,0.00149332616229326,0.00143391434117869,0.00109443603432552,0.00108045191302954,0.00104253531706377,0.000904438982181414,0.000884242431061818,0.000819051563940565,0.000785580822685385,0.000769967549560136,0.000768384415408431,0.0007632373793313,0.000761418941761356],"convergence":0,"press_dep":false,"press_rng":[1013.25,1013.25]}}
