{"fa_WV_LG05_C_band_5":{"type":"annular","coefficients":{"c1":1,"c2":0.444757167592939,"c3":-0.28591735212898,"c4":0.0924831401169515,"c5":-1.48199281105405,"c6":-0.0849886432451994},"mare":0.000781683889336082,"rmse":0.00026380610588988,"mare_seq":[0.00684099050779157,0.0068155863470282,0.00680514216762508,0.00680460198154032,0.00680457217151333,0.00680456585474652,0.00680455793956683,0.00680455708285174,0.00679464754694233,0.00638653981090233,0.00605563434020126,0.00565102836828212,0.00438348561697944,0.00284176217527021,0.00252745619973518,0.00231726686678799,0.00214288910516247,0.00203742043874937,0.00187098660137803,0.00163189567127275,0.00146414585639631,0.00137800062752958,0.00118475319113143,0.00116046422469775,0.00115096174148606,0.00100364466104049,0.000956327390494628,0.000891613651602161,0.000872097259887372,0.000861311324195104,0.000781683889336082],"convergence":0,"press_dep":false,"press_rng":[1013.25,1013.25]}}
