{"fa_WV2_U_band_9":{"type":"annular","coefficients":{"c1":1,"c2":0.472496764740206,"c3":-0.351945856171381,"c4":0.891187491148762,"c5":-0.105845876592678,"c6":-1.7170843789161},"mare":0.000765901601659615,"rmse":0.000402024296244076,"mare_seq":[0.00775114044476902,0.00676348066997395,0.00676347697987306,0.00676347672010454,0.00668470398756259,0.00646625453705805,0.00563677508070569,0.0032073392458713,0.00318159323733598,0.00294240312789382,0.00280184176362539,0.00276956953822114,0.00263844862574433,0.00261823291749839,0.00243455056215394,0.00210550343466778,0.00204827100855598,0.00144775383272877,0.00126101054821831,0.001248732980095,0.00124501629523517,0.00117769597986902,0.00113929458657925,0.000896548975920824,0.000849449868964252,0.000792392794611789,0.000783814152506929,0.000765985811123251,0.000765958555450516,0.000765910699041083,0.000765901601659615],"convergence":0,"press_dep":false,"press_rng":[1013.25,1013.25]}}
