{"fa_WV_LG03_U_band_5":{"type":"annular","coefficients":{"c1":1,"c2":0.470019785493622,"c3":-0.106093823956811,"c4":0.109021888159808,"c5":-1.7081375643255,"c6":-0.352184871340009},"mare":0.000763018768631649,"rmse":0.00041677154269058,"mare_seq":[0.00829121247754597,0.00666513292687064,0.00666513147792529,0.00666513061367928,0.00662849176332138,0.00633148528232081,0.00450631135592929,0.00351594457291842,0.00332586061548454,0.0032565907535752,0.00237009652361721,0.00203730192431351,0.00181497982489861,0.00181350608410089,0.00162550313068059,0.00161083569476161,0.00144050321675392,0.00127095280581943,0.00121830401195214,0.000925646583180989,0.00088895513842591,0.000875021137919839,0.000873572758325183,0.000859972567384325,0.000821511661569092,0.000800410081727421,0.000787291942628937,0.000764670357102297,0.000763877837694371,0.000763022242699084,0.000763018768631649],"convergence":0,"press_dep":false,"press_rng":[1013.25,1013.25]}}
