{"fa_WV3_C_band_14":{"type":"annular","coefficients":{"c1":1,"c2":0.536362784303063,"c3":-0.0912284865815637,"c4":0.891348282113364,"c5":-0.322934416404627,"c6":-1.59524896971722},"mare":0.00070336385818421,"rmse":0.000390073876528789,"mare_seq":[0.00667353274240777,0.00667353227301958,0.00667353086593237,0.00667352899712494,0.00667352859118817,0.00658450766358087,0.00651338881373223,0.00638298797341603,0.00598276942146998,0.0058147955077469,0.00579978893924029,0.00553260495718708,0.00417096474826515,0.00385596065268194,0.00326346884731241,0.00319977386896213,0.00304501587050411,0.00265131457751326,0.00259345402548256,0.00240867750157483,0.00235261342384708,0.00200454923840429,0.00172821835792683,0.00130541277470505,0.00126164243866276,0.00118479543914871,0.000905068371119318,0.000889850787532591,0.000863526753958392,0.000745389401361398,0.00070336385818421],"convergence":0,"press_dep":false,"press_rng":[1013.25,1013.25]}}
