{"fa_WV2_U_band_6":{"type":"annular","coefficients":{"c1":1,"c2":0.45936670375761,"c3":-0.106091781811459,"c4":0.889965897976936,"c5":-0.349657281125452,"c6":-1.69142297917405},"mare":0.000752314063253412,"rmse":0.00038083665498979,"mare_seq":[0.00835434367080438,0.0067065736868319,0.00670649907736081,0.00670641992241243,0.00670641787854515,0.00670641500832969,0.00670641447695821,0.00670641339019147,0.00525686903573204,0.00388835868388561,0.00314609626355905,0.00278257803032181,0.0026354016885767,0.00216249994690236,0.00197196122703855,0.00188821813855844,0.00185340221926525,0.00174945126229329,0.00170956095388368,0.00170129817618961,0.00126123142947601,0.00100178334297484,0.000824391699636344,0.000777359448200028,0.000772534588100459,0.000753663969991704,0.000752461460501932,0.000752349411157242,0.000752330609878273,0.000752323927976135,0.000752314063253412],"convergence":0,"press_dep":false,"press_rng":[1013.25,1013.25]}}
