{"fa_WV_LG05_C_band_1":{"type":"annular","coefficients":{"c1":1,"c2":0.0419564528226989,"c3":-1.69140381649257,"c4":0.572588599098531,"c5":-0.0864164561821475,"c6":-0.302538726581098},"mare":0.000709962035870037,"rmse":0.000325244905523377,"mare_seq":[0.00698835942478225,0.00698741220286134,0.00698741183833535,0.00698740921024359,0.00698740648986602,0.00696598900453782,0.00677123629633993,0.00629471745054836,0.00581072843855502,0.00491836139248295,0.00459954670263129,0.00371044839701383,0.00301438035149432,0.00271349451939881,0.00265998637618475,0.00243377388632602,0.00237649156137847,0.00227581113174737,0.00220182660028041,0.00210718355213535,0.00172827242865872,0.00144906430816227,0.00137055816025621,0.00125368911962119,0.00108741875153714,0.00106684652951322,0.00102720883340275,0.00096105982217988,0.000712416433018298,0.000711389932603275,0.000709962035870037],"convergence":0,"press_dep":false,"press_rng":[1013.25,1013.25]}}
