{"fa_WV_LG04_M_band_5":{"type":"annular","coefficients":{"c1":1,"c2":0.602480062158351,"c3":-0.0760377735305269,"c4":0.860624945070081,"c5":-0.306071555437622,"c6":-1.64320568358331},"mare":0.000917025258215117,"rmse":0.000377724419899435,"mare_seq":[0.00852441526108292,0.0085244077919332,0.00852440754202839,0.008497568649496,0.00848709965360793,0.00840172279545096,0.00802229368508928,0.00618068000340844,0.00615442774424927,0.0040946006295557,0.00392010727356453,0.0030875622990164,0.00291412769325727,0.00286262807560704,0.00260347404901445,0.00240832882898228,0.00236157762224681,0.0021910046563991,0.00217687176792111,0.00194332973298183,0.00185955726202527,0.00138850030018011,0.00137507781398156,0.00118621305025879,0.0011471092659058,0.00108179411797867,0.00107851508516623,0.00106450003226417,0.000919036207405089,0.000917168818662996,0.000917025258215117],"convergence":0,"press_dep":false,"press_rng":[1013.25,1013.25]}}
