{"fa_WV2_M_band_7":{"type":"annular","coefficients":{"c1":1,"c2":0.0565047318460209,"c3":-1.59536376384738,"c4":0.364162590175398,"c5":-0.301606021976766,"c6":-0.0752958966708906},"mare":0.00092224470390273,"rmse":0.00037193506146144,"mare_seq":[0.0606178788737998,0.0089308169553366,0.00838443610201575,0.00838443467887006,0.00838443267664103,0.00838443054778736,0.00837825826462065,0.00829188592966953,0.00793701237396763,0.00666859087238503,0.00596678640607693,0.00580119753980272,0.0053924892101906,0.00489550504512734,0.00356695556447313,0.00306665587753318,0.00288214567007786,0.00276692384777014,0.00259857950871229,0.00217224505221516,0.00193170806187454,0.00168023450770149,0.0015497359419512,0.00147343562131169,0.00135632014778362,0.00132006322728618,0.00108903679202334,0.00101778846396109,0.000923213579925186,0.000922277916811581,0.00092224470390273],"convergence":0,"press_dep":false,"press_rng":[1013.25,1013.25]}}
