{"fa_WV3_U_band_13":{"type":"annular","coefficients":{"c1":1,"c2":0.0937258871553042,"c3":-1.91003155408628,"c4":0.579114251049057,"c5":-0.445898481123252,"c6":-0.141659318472514},"mare":0.000871023557720212,"rmse":0.000504367498478436,"mare_seq":[0.00709173929860025,0.00694775609763958,0.00694775511627774,0.00694775457445874,0.00634716101352363,0.00544698387743662,0.00293019869471342,0.00279901411533274,0.00257472012763175,0.00241521904587489,0.00230708039149389,0.00225723653393688,0.00220928712028247,0.00170602025297647,0.00158668934713265,0.00144504020253482,0.00122234068543255,0.00101184928760428,0.000986321263790259,0.000899985317124913,0.000893393940250084,0.000886877322711488,0.000873222477367668,0.000871773343465818,0.000871400475153065,0.000871032464313675,0.000871028441681738,0.000871024732495805,0.000871024605622312,0.00087102436782687,0.000871023557720212],"convergence":0,"press_dep":false,"press_rng":[1013.25,1013.25]}}
