{"fa_WV_LG01_U_band_5":{"type":"annular","coefficients":{"c1":1,"c2":0.481441816535136,"c3":-0.343155126045011,"c4":0.118939469950555,"c5":-1.63498329987196,"c6":-0.104540177602409},"mare":0.000731872553356702,"rmse":0.000349973491036736,"mare_seq":[0.00693382849487356,0.0068163712083057,0.00677486953584156,0.00677324828916959,0.00677324756417296,0.0067732471836108,0.00677324586881327,0.00677087033717644,0.00676506548751907,0.00639087836680262,0.00613649305448118,0.00602545679451602,0.00392214953530949,0.00354556443855449,0.00247500404999601,0.00220578836680908,0.00218287384874283,0.00207951735472189,0.00206508897287868,0.00180930119862498,0.00171642865258848,0.0016843734483206,0.00114495633667312,0.00113842020513289,0.000909206971643652,0.000901672866973794,0.000849209425012642,0.000731904448655692,0.00073189367421519,0.000731873788620862,0.000731872553356702],"convergence":0,"press_dep":false,"press_rng":[1013.25,1013.25]}}
