{"fa_WV3_U_band_1":{"type":"annular","coefficients":{"c1":1,"c2":0.46560128809513,"c3":-0.102388110395194,"c4":0.118508917326127,"c5":-1.6176189960156,"c6":-0.339281697151653},"mare":0.00083965200506843,"rmse":0.00037470542273225,"mare_seq":[0.00774702049794402,0.00768170987735374,0.00693817224807168,0.00693816344118184,0.00693536595886755,0.00689390705677049,0.00665989863451981,0.00580052565417819,0.00560626833808032,0.00502740160407914,0.00488832269673696,0.00420814287611237,0.00361119147073313,0.00314743456505975,0.00280016496128287,0.00263084715347415,0.00258636956958818,0.00236727403559701,0.00175682759538134,0.00168274012567066,0.00154079195485852,0.00149587131334991,0.00112089187966542,0.000973349145722324,0.000948537038851202,0.000942938421901495,0.000933561718713892,0.000929791821037799,0.000922377751456018,0.000839671646680188,0.00083965200506843],"convergence":0,"press_dep":false,"press_rng":[1013.25,1013.25]}}
