{"fa_WV_LG02_U_band_7":{"type":"annular","coefficients":{"c1":1,"c2":0.457202163204683,"c3":-0.106344943047446,"c4":0.888018884622549,"c5":-0.349449440194585,"c6":-1.6614685686443},"mare":0.000745463913110875,"rmse":0.00039097950983532,"mare_seq":[0.00893899365808674,0.00662184327337292,0.00662126616876182,0.00661880271492116,0.00661671287581837,0.00593735822455317,0.00570482185632812,0.00569203622740283,0.0052654997679485,0.00416493035628761,0.00335797070014782,0.00306171971326247,0.00270731430950673,0.00250987597437903,0.00241451886654498,0.00208276367471632,0.00185052264532426,0.00162019417113718,0.00160110700328057,0.00157572616120337,0.00137475801671379,0.00136756334913299,0.001273957514171,0.00124624399242817,0.00097940454701757,0.00083939442209043,0.000757114698472262,0.000745749180155051,0.000745491912721195,0.000745469241236042,0.000745463913110875],"convergence":0,"press_dep":false,"press_rng":[1013.25,1013.25]}}
