{"fa_WV_LG02_U_band_1":{"type":"annular","coefficients":{"c1":1,"c2":0.0568376307336035,"c3":-1.76838655482831,"c4":0.50654157647119,"c5":-0.103838336005578,"c6":-0.349666717590308},"mare":0.000822274025264314,"rmse":0.000419632137586441,"mare_seq":[0.00789800945212388,0.00710314123199614,0.00710314052340238,0.00693321996660549,0.00652236266785007,0.00647801675782343,0.00596308804523146,0.00519153951994544,0.00450994205412776,0.00444880589982985,0.00316782067822262,0.00307528487043343,0.00287416528753623,0.00250848967361217,0.00237920929957234,0.00219521374588148,0.00199870028181289,0.00195290038680937,0.00194526398896246,0.00182778151260331,0.00149969843935669,0.00127499278961778,0.00126042072320181,0.00108783020143239,0.00106328402129062,0.00104010417032845,0.000856679308154994,0.000856243277570931,0.000841234726275417,0.000823422750353761,0.000822274025264314],"convergence":0,"press_dep":false,"press_rng":[1013.25,1013.25]}}
