{"fa_WV_LG05_U_band_4":{"type":"annular","coefficients":{"c1":1,"c2":0.457319464162952,"c3":-0.103173272851122,"c4":0.888511860714883,"c5":-0.341283472664658,"c6":-1.63938210223962},"mare":0.000792204238118821,"rmse":0.000349059682642306,"mare_seq":[0.00806929027095781,0.00678836120251729,0.00678836015745812,0.00678835830774964,0.00678835823433801,0.00678835767644808,0.0067883571878654,0.00678790067949377,0.00674901084261488,0.00659188976748499,0.00605374808754975,0.0060061981908029,0.00542637666347288,0.00514606541401308,0.00490387674248213,0.00477245680088526,0.00453040526797209,0.00259523892473735,0.00241633166486319,0.00222741948946467,0.00213719569161962,0.00212994937533062,0.00166399334181944,0.0012945680560357,0.00116463993319476,0.00102081245490989,0.000828670434131614,0.000819871474375459,0.000792601561330601,0.000792228437962286,0.000792204238118821],"convergence":0,"press_dep":false,"press_rng":[1013.25,1013.25]}}
