{"fa_WV3_U_band_7":{"type":"annular","coefficients":{"c1":1,"c2":0.446422652569107,"c3":-0.107474949706535,"c4":0.883248083913651,"c5":-0.349729644742465,"c6":-1.62947393993313},"mare":0.000752878005886251,"rmse":0.000363121171330754,"mare_seq":[0.00665348376477932,0.00665348129394736,0.00665347769741067,0.00665347710713883,0.00665341366545501,0.00665333357834624,0.00635366874769127,0.00608705418476296,0.00594813038911293,0.00561353454133196,0.00475219574929336,0.00344996981657374,0.00277145649231254,0.00219204320340019,0.00186223005239106,0.00185265440259037,0.0017384394557617,0.00169311289286665,0.00105457974189077,0.000951847397726426,0.000855348995958023,0.000841794442058636,0.000797426288940083,0.000789562825011374,0.000764799770627478,0.000759551806204332,0.000756601472558995,0.000752975992447994,0.000752888678475467,0.000752879030866585,0.000752878005886251],"convergence":0,"press_dep":false,"press_rng":[1013.25,1013.25]}}
