{"fa_WV3_U_band_2":{"type":"annular","coefficients":{"c1":1,"c2":0.47273341018729,"c3":-0.103837494349536,"c4":0.111040321688871,"c5":-1.70687767916857,"c6":-0.346269138666728},"mare":0.000737822466393516,"rmse":0.000391286755570933,"mare_seq":[0.010714849852845,0.00717737068717655,0.00694496754994199,0.00675225054680729,0.00490167053961249,0.00446051151053445,0.00432208505645694,0.00398415202491537,0.00351077127447323,0.00324199621184558,0.00323229913537816,0.00290155732187451,0.00282452316851692,0.00218739915551511,0.0021236706534925,0.00184451416124053,0.00131954717370778,0.00125137618748067,0.00113389225411688,0.000933887059344919,0.00091383255441339,0.000902831168928726,0.000894159760408631,0.000814305852936677,0.000793287241386109,0.000781014888606513,0.000779577674865194,0.000757801957801112,0.000737913061045633,0.000737828191726774,0.000737822466393516],"convergence":0,"press_dep":false,"press_rng":[1013.25,1013.25]}}
