{"fa_WV2_U_band_4":{"type":"annular","coefficients":{"c1":1,"c2":0.481051601266888,"c3":-0.340900630219409,"c4":0.882436205025219,"c5":-0.103558484431734,"c6":-1.65111431247574},"mare":0.000755609466694046,"rmse":0.000364123431336962,"mare_seq":[0.00830350444675842,0.00808914835028127,0.00683404635173635,0.00682621904469328,0.00673021305912133,0.00670221057849115,0.00623332422197787,0.0058867557424277,0.00562215703669932,0.00489692405602321,0.00320585197728218,0.00269270770375448,0.00266432411143571,0.00249665111547563,0.00240654497846552,0.00231687352196818,0.00185118456506496,0.00175198258215938,0.00149709479955084,0.00149429389171406,0.0012774872116409,0.00112135508073339,0.00106715436054094,0.000992723268477597,0.000954449866062691,0.00075584918632258,0.00075574730365245,0.000755632525302911,0.000755616455689394,0.000755613711410655,0.000755609466694046],"convergence":0,"press_dep":false,"press_rng":[1013.25,1013.25]}}
