{"fa_WV_LG05_M_band_5":{"type":"annular","coefficients":{"c1":1,"c2":0.05407012136419,"c3":-1.66341828171198,"c4":0.641394679231052,"c5":-0.076497948276696,"c6":-0.310059276115594},"mare":0.000919848027087518,"rmse":0.000394090187436002,"mare_seq":[0.0125130976112797,0.00856396923798313,0.00844504684469182,0.00841980671505956,0.00769087738427625,0.00743948092390906,0.00730681684365893,0.00668315223606946,0.005720852542711,0.00570723137076003,0.00551284605428277,0.00530350784646941,0.00449497599359,0.00437450312801769,0.00412906528144909,0.00393323673677932,0.00317927158912869,0.00304978458711229,0.00283805361177554,0.00190499261314597,0.00189882224333743,0.00173921433251904,0.00171146275884485,0.00119227797173289,0.00106828101129036,0.00100709903944556,0.000946862586050668,0.000919902362403649,0.000919893179647695,0.000919880848616821,0.000919848027087518],"convergence":0,"press_dep":false,"press_rng":[1013.25,1013.25]}}
