{"fa_WV3_U_band_11":{"type":"annular","coefficients":{"c1":1,"c2":0.519408587245721,"c3":-0.407982332675072,"c4":0.813499739623961,"c5":-0.12823441588435,"c6":-1.77731855642875},"mare":0.000818414773003907,"rmse":0.000432383561986393,"mare_seq":[0.00702104801028898,0.00702040616514159,0.00702040233445544,0.00598240585989928,0.00587907957741755,0.00512920490118382,0.00499701824844514,0.00289382356358829,0.0028010983891296,0.0026432127825371,0.00193390083408001,0.00190117491207231,0.00183701681648836,0.00178720111655958,0.00148854867449428,0.00146192694513574,0.00145639002841703,0.00120969700706671,0.00114366603561927,0.000988914411067614,0.000964210990986825,0.000954464209402621,0.000910678578895787,0.000887686006936817,0.000822781725880917,0.000818627196493721,0.00081846222258366,0.00081842033144958,0.000818418264085513,0.000818415393076734,0.000818414773003907],"convergence":0,"press_dep":false,"press_rng":[1013.25,1013.25]}}
