{"fa_WV_LG02_M_band_7":{"type":"annular","coefficients":{"c1":1,"c2":0.60932481704883,"c3":-0.0764256445836755,"c4":0.859700065202753,"c5":-0.309978381682625,"c6":-1.63068271885126},"mare":0.000860792759925097,"rmse":0.000391971812034882,"mare_seq":[0.00834440316439039,0.00834433894681545,0.008344322599986,0.00834432221435355,0.00832141980524334,0.00800580935399665,0.00643489628538631,0.0063362673560577,0.00625887842218513,0.00612174413066449,0.00424741213678657,0.00366846033823575,0.00342605976736993,0.00296435009368655,0.0026543301866921,0.0025001853376004,0.00224453130145649,0.00206425823828999,0.0019214271957499,0.00174092832937075,0.00143228356296915,0.00135336789507607,0.00130795440856987,0.0012606013289068,0.0010658919762921,0.00106369032787325,0.000984962654965214,0.00088760476828171,0.000860808407574696,0.000860793265132016,0.000860792759925097],"convergence":0,"press_dep":false,"press_rng":[1013.25,1013.25]}}
