{"fa_WV3_M_band_10":{"type":"annular","coefficients":{"c1":1,"c2":0.0493817265440012,"c3":-1.53953637352759,"c4":0.354004870472889,"c5":-0.288071321127206,"c6":-0.0733978390393587},"mare":0.000708205430432989,"rmse":0.000330182137735421,"mare_seq":[0.0156416817080277,0.00773752194570212,0.00771531693831348,0.00771462240923423,0.00771452575197149,0.00771451269394533,0.00735028460665051,0.00653966244388672,0.00633206974334699,0.00465688286463673,0.00420744033986367,0.00283161291734617,0.00251734568496465,0.00250580730210338,0.00224234361791625,0.00195368444211039,0.00184890649502382,0.0018413264551533,0.00180364637544845,0.00138764777261248,0.00135423832226455,0.00116945873141555,0.000885478354406559,0.000861876058186279,0.000791712977334512,0.00078366305675732,0.000771725469201786,0.000769772389767631,0.000737759751886002,0.000723434880445918,0.000708205430432989],"convergence":0,"press_dep":false,"press_rng":[1013.25,1013.25]}}
