{"fa_WV_LG02_M_band_9":{"type":"annular","coefficients":{"c1":1,"c2":0.610444741727267,"c3":-0.0768359698481027,"c4":0.137570976971668,"c5":-1.67803108692311,"c6":-0.313941812063711},"mare":0.000904179044602982,"rmse":0.000391167208767593,"mare_seq":[0.0084879277411377,0.00848512088160363,0.00848455037539199,0.00848453969799932,0.00848453930724507,0.0084845382938152,0.0084845374342355,0.00848453705273312,0.00848453481675516,0.00848453478600949,0.0084844477741279,0.00820113157447323,0.00788280595349217,0.00777070529002044,0.00764144125604515,0.00750091303193898,0.0065904196175469,0.00578921078930609,0.00528739455597957,0.0037449678670469,0.00314548568542651,0.00280649444334972,0.00259948893205756,0.00253041837070199,0.00207270024895078,0.00182436429654901,0.00163758054031139,0.00118974396801802,0.000972674989856523,0.000922295038229646,0.000904179044602982],"convergence":0,"press_dep":false,"press_rng":[1013.25,1013.25]}}
