{"fa_WV_LG01_M_band_2":{"type":"annular","coefficients":{"c1":1,"c2":0.610319565458413,"c3":-0.0772037472059888,"c4":0.138234038383515,"c5":-1.7333649640856,"c6":-0.315218327500177},"mare":0.000900848013505038,"rmse":0.000404912751070722,"mare_seq":[0.0087378573671181,0.00873785529959725,0.00873785410334378,0.00873785321840503,0.00873785277385845,0.00858480491820403,0.00857233964550753,0.00832624990000521,0.00783516876537107,0.00767678162308949,0.00726302342752639,0.00609518311749488,0.00387017300178315,0.00323436903124401,0.00315123959702872,0.00278256715693479,0.00252993864194635,0.00242147553961226,0.00216346979340737,0.00211859044290846,0.00184550870545748,0.0017209403154651,0.00151811060603811,0.00133190718935882,0.00131523066842929,0.00123465102243847,0.00122565714566336,0.00119100188010245,0.00094324429013787,0.000900858492446234,0.000900848013505038],"convergence":0,"press_dep":false,"press_rng":[1013.25,1013.25]}}
