{"fa_WV_LG04_C_band_1":{"type":"annular","coefficients":{"c1":1,"c2":0.553876591890081,"c3":-0.0870213507858064,"c4":0.905515617824701,"c5":-0.30514924709252,"c6":-1.69173988938288},"mare":0.000788753057787427,"rmse":0.000373563504190715,"mare_seq":[0.00698582306670792,0.00698057218946846,0.00698057155646756,0.00694244191498781,0.00690005157714104,0.00687510084373001,0.00660751362910846,0.00637214931100111,0.00535161914943308,0.00523843863135964,0.00518192461613871,0.00416523285796219,0.0032711079351662,0.00321632202375073,0.00285358833460172,0.00272804090478122,0.00257107532635153,0.00249765330686672,0.00214378046413864,0.00208571859289874,0.00190496665757837,0.00185323898434332,0.00168523200783225,0.00167093310769887,0.00151850030396094,0.00138058363361744,0.000904383124536993,0.000817666262075729,0.000788856003889234,0.000788755359553391,0.000788753057787427],"convergence":0,"press_dep":false,"press_rng":[1013.25,1013.25]}}
