{"fa_WV_LG04_C_band_3":{"type":"annular","coefficients":{"c1":1,"c2":0.423298692925417,"c3":-0.298026477549945,"c4":0.924859051312753,"c5":-0.0863063492929542,"c6":-1.63136542989543},"mare":0.000722520218683748,"rmse":0.000288288501371806,"mare_seq":[0.00731488758850862,0.00693753137539797,0.00678613814930963,0.00678599132582984,0.0067858070683416,0.00678485133160709,0.00678046316460249,0.00677884998319957,0.00663178853255234,0.00460677810060013,0.0040141443674927,0.00330494895200971,0.00297449937149687,0.00250036201175585,0.00217621855030123,0.00208375566406968,0.00207180706236231,0.0017932998431249,0.00171948903092001,0.00160383237672789,0.00138030306432683,0.00129574159742594,0.00101074776856824,0.000908759993276829,0.000865749804835846,0.000833863399701282,0.00076292240689598,0.000754357310265238,0.000748232648183976,0.000725943243679854,0.000722520218683748],"convergence":0,"press_dep":false,"press_rng":[1013.25,1013.25]}}
