{"fa_WV3_M_band_13":{"type":"annular","coefficients":{"c1":1,"c2":0.608012695735734,"c3":-0.0749898297623775,"c4":0.106026807984587,"c5":-1.50149240074857,"c6":-0.275735175021217},"mare":0.000666124471238452,"rmse":0.000279398982909285,"mare_seq":[0.00731899985869411,0.00690309092584257,0.00684898818708493,0.00684898496337571,0.00684898477566542,0.00676800912212058,0.00662379107183558,0.00656074645547172,0.00606995182912696,0.00534857638492885,0.00343715937837262,0.00278841981252983,0.00253773892460047,0.00221421229203929,0.00214043257543022,0.00199554946945625,0.00163487005816287,0.00162508802949399,0.00153731016580147,0.001372938692114,0.00125656216674467,0.00117497519383434,0.00107658795979193,0.000976018832059913,0.000909703659519244,0.000874004881552278,0.000782046641280241,0.000669575095410645,0.000669413272343129,0.000668957632430056,0.000666124471238452],"convergence":0,"press_dep":false,"press_rng":[1013.25,1013.25]}}
