{"fa_WV_LG02_U_band_2":{"type":"annular","coefficients":{"c1":1,"c2":0.46229641392299,"c3":-0.351815794373484,"c4":0.893482511805581,"c5":-0.104726744576138,"c6":-1.7253906906499},"mare":0.000769515013506517,"rmse":0.000411717378440979,"mare_seq":[0.00690169291459761,0.00674707300603193,0.00660038012237513,0.00627710604218838,0.00625027789964255,0.00382259387172001,0.00307169762910171,0.00275544857224789,0.00274966259863204,0.00274389223830814,0.00268392150404244,0.00245530031495302,0.0024515253048321,0.00227367528704485,0.00221930818845361,0.00218450395739829,0.00218246600581981,0.00210600828414966,0.00206371264647838,0.00145289147954293,0.00144081957244098,0.0014336685205411,0.00141138018067511,0.00119633900692913,0.00118061905080326,0.00117245720190069,0.00108473610918409,0.00097697492021307,0.000862101360705045,0.000791207060543517,0.000769515013506517],"convergence":0,"press_dep":false,"press_rng":[1013.25,1013.25]}}
