{"fa_WV3_U_band_17":{"type":"annular","coefficients":{"c1":1,"c2":0.464806284119576,"c3":-0.105212439234518,"c4":0.890600123000091,"c5":-0.347627525223453,"c6":-1.69870271919327},"mare":0.000786458264825926,"rmse":0.000402977179432423,"mare_seq":[0.00678026175778547,0.00677783501476096,0.00677754227745989,0.00677754005123942,0.00677753799666892,0.0067775378411627,0.00677753771127091,0.00669698018887799,0.00640478959490695,0.00538450964160607,0.00442392090539448,0.00267147149288426,0.00256773695562048,0.00256724157805512,0.00228220128131392,0.00198910929334462,0.00158073161827743,0.00148253525395967,0.00140727965437757,0.0013075730599499,0.00122723026753146,0.00117320339669665,0.00113544747270982,0.000974381641552501,0.000965737821854866,0.000907356432685533,0.000885562929920387,0.00081219489397981,0.00078827440906206,0.000786648305058388,0.000786458264825926],"convergence":0,"press_dep":false,"press_rng":[1013.25,1013.25]}}
