{"fa_WV_LG04_C_band_2":{"type":"annular","coefficients":{"c1":1,"c2":0.559024546604127,"c3":-0.0881293776984064,"c4":0.0866774303382132,"c5":-1.78371695644244,"c6":-0.31134902762623},"mare":0.000742118184049883,"rmse":0.000394458383304338,"mare_seq":[0.00688506331200478,0.00688506212901115,0.00688506080531682,0.00688506015015949,0.00687562121403393,0.00684879041185536,0.00682948977513159,0.00614621095258871,0.00581048353856055,0.00574261411014997,0.00546935870542485,0.00544625545311386,0.00522901018337999,0.0038882541762099,0.00382735633290887,0.00379671558798417,0.00347840255959283,0.00332561505356722,0.00268003544241975,0.00260139175930543,0.0024592269800483,0.00242723534745237,0.00218592044663297,0.00210700231003305,0.0018896905977612,0.00170519986067935,0.00131071947732889,0.00107167545546293,0.00102862404848949,0.000917274414335682,0.000742118184049883],"convergence":0,"press_dep":false,"press_rng":[1013.25,1013.25]}}
