{"fa_WV_LG02_U_band_9":{"type":"annular","coefficients":{"c1":1,"c2":0.454752416773172,"c3":-0.103542044003044,"c4":0.887054496441715,"c5":-0.340724008836436,"c6":-1.6484301121146},"mare":0.000749529902424698,"rmse":0.000353505690435377,"mare_seq":[0.00685528928960264,0.00685029576065582,0.00678914777303907,0.00674145927196827,0.00658404023737626,0.00565815746204558,0.00563378255874362,0.00548768357478766,0.00361418573160088,0.00312986919179884,0.00301935638695146,0.00292790741579906,0.00288890483327254,0.00219043239082571,0.00184231089597443,0.00183442693350166,0.00173553610057716,0.00153107364027462,0.00132828383872591,0.00129866749890581,0.00119039404398653,0.00117258430297682,0.00114171124352571,0.00100553684134655,0.000962049539774174,0.000885744127599528,0.000762002511179144,0.000755874476314023,0.0007495621614535,0.000749531230935716,0.000749529902424698],"convergence":0,"press_dep":false,"press_rng":[1013.25,1013.25]}}
