{"fa_WV_LG01_M_band_3":{"type":"annular","coefficients":{"c1":1,"c2":0.607256945178907,"c3":-0.0766541262009284,"c4":0.860728383237657,"c5":-0.310602045677825,"c6":-1.67378148101228},"mare":0.000935195889472462,"rmse":0.000418702270116661,"mare_seq":[0.00849015551405389,0.00849015057727595,0.00849014670648366,0.00849014582584523,0.00848853550175005,0.007752769063237,0.00756824517879988,0.00722375233980134,0.00600557664643347,0.00584984928988162,0.0058395892236882,0.00494283134143295,0.00409286182554419,0.00327535850694965,0.00229443379903943,0.00219293684284918,0.00187220656299313,0.00173963895533117,0.00164320061511055,0.00163713273182046,0.00157393892590865,0.00140600358568007,0.00138099246911419,0.00133777429815814,0.00117755126002041,0.00105082244607047,0.00104616684286375,0.000939102848713746,0.000937167670404881,0.00093520394719947,0.000935195889472462],"convergence":0,"press_dep":false,"press_rng":[1013.25,1013.25]}}
