{"fa_WV3_U_band_10":{"type":"annular","coefficients":{"c1":1,"c2":0.519460285667586,"c3":-0.402243562698259,"c4":0.813912167512312,"c5":-0.12662862573117,"c6":-1.75041550578296},"mare":0.000806685073616369,"rmse":0.000431524753334021,"mare_seq":[0.0070169197963556,0.00701650643108886,0.00701641870123194,0.00701038805865096,0.00697961114543006,0.00662207454146665,0.00643104090084246,0.00536862656218957,0.00532422020203926,0.00356494794074114,0.00252503728296899,0.00216644060052467,0.00198808327058382,0.00194843491174814,0.00192580296947629,0.00134013481661166,0.000971163582555361,0.000932701410665467,0.000921865160604746,0.000904632883867685,0.000840182047423692,0.000820597077025459,0.000815951464155179,0.000814067905312469,0.000811514482922294,0.000806858131374276,0.000806780492288524,0.000806716049513545,0.000806711138019875,0.000806685467138461,0.000806685073616369],"convergence":0,"press_dep":false,"press_rng":[1013.25,1013.25]}}
