{"fa_WV_LG03_U_band_8":{"type":"annular","coefficients":{"c1":1,"c2":0.0617868490166624,"c3":-1.68345930429959,"c4":0.519739854026507,"c5":-0.354710820787521,"c6":-0.108068489496976},"mare":0.000725680418092892,"rmse":0.000374366292343326,"mare_seq":[0.00670184450746362,0.00670184435187379,0.00670184427317987,0.006701844094661,0.00670184383425591,0.00670060253299698,0.00668890495790725,0.00632159807902708,0.00595875450777005,0.00482747738912762,0.00446643135537625,0.00444083803717381,0.00434246834401014,0.00428030725487825,0.00401438434465679,0.00395651933023031,0.00368817033220659,0.00339524950781123,0.00250736063214911,0.00216782797924671,0.00110869534696574,0.00107175510599409,0.00100256033550193,0.000917794216337167,0.000886065731797411,0.000862971655933485,0.000847890242455328,0.000779873682239713,0.000763402883390945,0.000725722309146464,0.000725680418092892],"convergence":0,"press_dep":false,"press_rng":[1013.25,1013.25]}}
