{"fa_WV_LG04_U_band_1":{"type":"annular","coefficients":{"c1":1,"c2":0.472298046582266,"c3":-0.103090351946144,"c4":0.115627452687319,"c5":-1.66840082032775,"c6":-0.34410969589646},"mare":0.000824574704606505,"rmse":0.000398430663157957,"mare_seq":[0.00732037417906954,0.00714028892266802,0.00694738799277115,0.00694690390931098,0.00694686506789594,0.00690760127483546,0.00687634306857953,0.00682987224047072,0.00655947579917515,0.00580428884197692,0.00367318110348054,0.00335519147903413,0.00264072908095632,0.00240100369942908,0.00234609799720432,0.00222646569548145,0.00202529604056287,0.00179806646579679,0.00164474013716265,0.00147122276714532,0.00122260173191946,0.000916983646984007,0.00091224721382889,0.000895614102934501,0.000847406337930091,0.000841166941873111,0.000840951515930832,0.000833497215198894,0.000824598442641369,0.000824583152627823,0.000824574704606505],"convergence":0,"press_dep":false,"press_rng":[1013.25,1013.25]}}
