{"fa_WV2_M_band_8":{"type":"annular","coefficients":{"c1":1,"c2":0.601583101247848,"c3":-0.0752076092644952,"c4":0.143231714334426,"c5":-1.57516824913388,"c6":-0.300031316317101},"mare":0.000847544787062371,"rmse":0.000351496813066849,"mare_seq":[0.0254877821416574,0.00829965772352343,0.00829964568625391,0.00829964181288466,0.00798360808287777,0.00734160255853751,0.00683725917055987,0.00645766448395325,0.00566319291187684,0.00551698542089036,0.00453218052128252,0.00425448851190417,0.00386733985530724,0.00328523408571582,0.00325760203260102,0.00285456872428341,0.00277296012025032,0.00247560933304505,0.00165702156187181,0.00164882696998578,0.00160627415368065,0.00150998264185789,0.00145765246840671,0.00131531244302008,0.00125546359395118,0.00125031227850145,0.00094590697175706,0.000869114617583731,0.000853088853121901,0.000847568443431509,0.000847544787062371],"convergence":0,"press_dep":false,"press_rng":[1013.25,1013.25]}}
