{"fa_WV3_U_band_14":{"type":"annular","coefficients":{"c1":1,"c2":0.100470380199403,"c3":-1.84415553974039,"c4":0.590506445435119,"c5":-0.434107165367974,"c6":-0.139424341839844},"mare":0.000845158573442875,"rmse":0.000476179590251646,"mare_seq":[0.00694673819069459,0.00694673325427113,0.0069467324904662,0.00694672567154775,0.00585742664870949,0.00363725125553906,0.00336358687187286,0.00270272824204455,0.00258583098537007,0.00205875029631102,0.0018281986928202,0.00152223976031766,0.00119806260573257,0.00109790734333663,0.00107826073976477,0.00107281408270893,0.0010340603140316,0.00101341306672616,0.0010126641264175,0.000985903008032471,0.000975701506427574,0.00097274612657907,0.000954853829543822,0.000913256542448693,0.000852347770254837,0.000849450254443497,0.000846206975799916,0.000845171525813727,0.000845165263057747,0.000845160725954909,0.000845158573442875],"convergence":0,"press_dep":false,"press_rng":[1013.25,1013.25]}}
