{"fa_WV_LG06_U_band_7":{"type":"annular","coefficients":{"c1":1,"c2":0.460332026861039,"c3":-0.106660495297443,"c4":0.888611103218919,"c5":-0.351752898565605,"c6":-1.66875495162201},"mare":0.000754274022659962,"rmse":0.000377382966255166,"mare_seq":[0.00890811759217178,0.00736546523612843,0.00673169997507645,0.00667577911881266,0.00667577759767341,0.00666895806522674,0.00637043233979504,0.00438923646146147,0.00415318049491351,0.00365753390784687,0.00276393343432016,0.00255875675820567,0.0022540332934559,0.00217967004525372,0.00202482805757405,0.00164508558236459,0.0015862586716706,0.00145221267053142,0.00140420834801006,0.00132414634274565,0.00121722272900858,0.000945641556198783,0.000878014436790612,0.000855175113461874,0.000821679546913335,0.000800400575700314,0.000776798350500944,0.000776652261928455,0.000775459285629588,0.000754279874022313,0.000754274022659962],"convergence":0,"press_dep":false,"press_rng":[1013.25,1013.25]}}
