{"fa_WV_LG02_M_band_4":{"type":"annular","coefficients":{"c1":1,"c2":0.054721131894531,"c3":-1.67214930645225,"c4":0.638753222152122,"c5":-0.076324158745289,"c6":-0.308895879322205},"mare":0.000899192430266543,"rmse":0.000369777207729382,"mare_seq":[0.00941386242597539,0.00882633811591595,0.00863745899578644,0.00861512925696936,0.00861197306154851,0.00861197144148653,0.00861197128802455,0.00861197040769998,0.00861196692187189,0.00861196571868867,0.00612947118241431,0.0056186077825341,0.0052319433747904,0.00304815756317503,0.00251208250969902,0.00232036873342058,0.00220745132260906,0.00199651082642584,0.00170523293250985,0.00136198567163211,0.00131389874607449,0.00128338696211225,0.00128137126769058,0.00118322437317613,0.00115910299435325,0.00102701442482961,0.00100499725133807,0.000922796867601057,0.00091070405420904,0.000900028724624195,0.000899192430266543],"convergence":0,"press_dep":false,"press_rng":[1013.25,1013.25]}}
