{"fa_WV2_M_band_3":{"type":"annular","coefficients":{"c1":1,"c2":0.603314847421878,"c3":-0.0762442196101622,"c4":0.858412381084521,"c5":-0.306842959191039,"c6":-1.63307693119949},"mare":0.000917810532939093,"rmse":0.000342493485237896,"mare_seq":[0.00851043889678917,0.00851042754859842,0.00851042139471896,0.00808972638048862,0.0073022912778277,0.00707534353276948,0.0068056108530982,0.00626180343326109,0.00577613576906798,0.00512030512866691,0.00491766614327312,0.00365453892644435,0.00364129440208705,0.00343268935125156,0.00318065336120644,0.00314655888876344,0.00310747289411463,0.00304198033410764,0.00280410409310003,0.0022613298461734,0.00204427032936843,0.00191226792940621,0.00163854519835111,0.00157033365642345,0.00142388044916824,0.00113616313223361,0.00111722694079036,0.000969542917897865,0.000917845815223448,0.00091782435586723,0.000917810532939093],"convergence":0,"press_dep":false,"press_rng":[1013.25,1013.25]}}
