{"fa_WV_LG05_U_band_2":{"type":"annular","coefficients":{"c1":1,"c2":0.477857143981827,"c3":-0.104450547712344,"c4":0.108819899991295,"c5":-1.73800463072164,"c6":-0.349678287619059},"mare":0.000792090304964398,"rmse":0.000422856248043129,"mare_seq":[0.00692080768379527,0.00692080564186599,0.00688721723774815,0.00669037777315333,0.005905987670712,0.00584504955961963,0.00509266836337658,0.00501164174819233,0.00442021944252952,0.00404719347086352,0.0040183756380075,0.00278851574764727,0.00245467320867247,0.00210693423050325,0.00195818713864014,0.0019067910331366,0.00151905063620296,0.00143176389394854,0.00118335016301346,0.0011530881935352,0.00100979249949768,0.0009930475976338,0.000959073212448835,0.000937364963157327,0.000889269731896018,0.000794659430850452,0.00079401021508973,0.000793225797393415,0.000792102560332703,0.000792092396730124,0.000792090304964398],"convergence":0,"press_dep":false,"press_rng":[1013.25,1013.25]}}
