{"fa_WV_LG01_C_band_5":{"type":"annular","coefficients":{"c1":1,"c2":0.542191680312758,"c3":-0.0891155856548293,"c4":0.910081711066079,"c5":-0.309987611101154,"c6":-1.71823277090106},"mare":0.000754656983785092,"rmse":0.000348840598993647,"mare_seq":[0.00687300041916564,0.00687300020092492,0.00687299620417848,0.00684100264696227,0.00669766834486809,0.00651067400357033,0.00615112109572104,0.00601389145664524,0.00595885753277577,0.00588943012310536,0.00399787838828688,0.00344971612232042,0.00299550667121182,0.00292159031133767,0.00288695975634104,0.00272093379580026,0.0023967102735195,0.00224045651118226,0.00220178929983258,0.00161741749501859,0.00120701062295791,0.00109764390184585,0.00104974481230795,0.000994920208762357,0.000993985352760987,0.000933178647353016,0.000917774124811077,0.000812322198437715,0.000792065095374679,0.00075470203121882,0.000754656983785092],"convergence":0,"press_dep":false,"press_rng":[1013.25,1013.25]}}
