{"fa_WV_LG03_C_band_8":{"type":"annular","coefficients":{"c1":1,"c2":0.433206692483714,"c3":-0.308908798192883,"c4":0.0821304102861626,"c5":-1.67413673353572,"c6":-0.0896024409660212},"mare":0.000739070136387819,"rmse":0.000313506137538907,"mare_seq":[0.00744638096798763,0.00734672277608869,0.00718508561481276,0.00695186266896969,0.00693240441432607,0.00691664905877962,0.00682387898834058,0.00621547023959166,0.00588103535559102,0.00488826499456642,0.00362988983394763,0.00325930054836985,0.00306123707513659,0.00294010792308611,0.00283300925049291,0.00244782913471386,0.00235742194061483,0.00232238419639231,0.00224784947980013,0.00205591496522865,0.00199421193474261,0.00152555878723362,0.00124261901403601,0.00121068685437033,0.00117283459704439,0.000967419080089365,0.000939834144708546,0.000886221026694313,0.000806763939541267,0.000757606003621907,0.000739070136387819],"convergence":0,"press_dep":false,"press_rng":[1013.25,1013.25]}}
