{"fa_WV3_M_band_12":{"type":"annular","coefficients":{"c1":1,"c2":0.607622702409002,"c3":-0.0725911682325465,"c4":0.125067543641384,"c5":-1.49961006185488,"c6":-0.279648479021133},"mare":0.000705286694775748,"rmse":0.000309374633782316,"mare_seq":[0.00791058852354606,0.00753132692244712,0.00752627953341226,0.00751273006594664,0.0075003768743458,0.0075003665572778,0.00750035651794909,0.00750035594742437,0.00749810149678551,0.00729651304790502,0.00655171472920478,0.00570595332564805,0.00531586370462147,0.00493532845824206,0.00431950692767215,0.00232247490173455,0.00212828966865847,0.00209330038332621,0.0018871622925438,0.00165313361203713,0.00141785762615293,0.0011131781660168,0.00107079888810832,0.00102205303774835,0.000974895783250505,0.000832865372645896,0.000791805537333328,0.000726563791560907,0.000709342445947455,0.000705939693927695,0.000705286694775748],"convergence":0,"press_dep":false,"press_rng":[1013.25,1013.25]}}
