{"fa_WV2_C_band_8":{"type":"annular","coefficients":{"c1":1,"c2":0.0510340109394257,"c3":-1.60825154027655,"c4":0.538847254004828,"c5":-0.0897775144343142,"c6":-0.307693115707939},"mare":0.000685371548278958,"rmse":0.000299230148271065,"mare_seq":[0.00713854117227225,0.00704416247877217,0.00704416107500342,0.00704415905116411,0.00704415731567548,0.00699154243269004,0.00674139556845564,0.00637262855492664,0.00602524401979848,0.00596798547242323,0.00590168453845811,0.00465747774255923,0.00404601567608013,0.00388835447160706,0.00387116150819874,0.00380070133384122,0.0032279714582126,0.00302557630172436,0.00257161385319388,0.00248812763076933,0.00221924471289323,0.0020651585161629,0.00141948159575334,0.00127207740557551,0.00116951268360289,0.00114731687801112,0.000882433074859848,0.000817234147658084,0.000809405016590869,0.000726273030809832,0.000685371548278958],"convergence":0,"press_dep":false,"press_rng":[1013.25,1013.25]}}
