{"fa_WV_LG03_M_band_3":{"type":"annular","coefficients":{"c1":1,"c2":0.600710142045646,"c3":-0.0761142537681259,"c4":0.856789634684351,"c5":-0.303922010978596,"c6":-1.63996394879543},"mare":0.000915035885738188,"rmse":0.000367209735265584,"mare_seq":[0.00865437302735155,0.008646850875604,0.00864681625181988,0.00864681395561865,0.0086468128093887,0.00864626011237313,0.00864037346137133,0.00863705298192179,0.00855798062368552,0.00709303950656928,0.00693321740637706,0.00667308609701174,0.0062465289291122,0.0061683412019473,0.00413100091639088,0.00386232204008783,0.00310916953845575,0.00310198454849839,0.00289460889654356,0.00257919092307021,0.00244893174728749,0.00236757797879909,0.00221846215489444,0.00208085165090268,0.0015404489433505,0.00145673597677313,0.00136923493024041,0.00113824175798193,0.00107632452101049,0.000982571562117551,0.000915035885738188],"convergence":0,"press_dep":false,"press_rng":[1013.25,1013.25]}}
