{"fa_WV_LG05_M_band_6":{"type":"annular","coefficients":{"c1":1,"c2":0.0551716247674536,"c3":-1.64601966326498,"c4":0.35990259931745,"c5":-0.307635312653073,"c6":-0.0761380947169256},"mare":0.00091760890072217,"rmse":0.000383392425131371,"mare_seq":[0.00877212303557012,0.00851710336358058,0.00847696418897979,0.008476612857015,0.00837401723758947,0.00686961052832108,0.00649257998967304,0.00507665867467331,0.00491146537671895,0.00479536657511262,0.0046636368391966,0.00445126846511646,0.00332590094043724,0.00332291657463132,0.00315385532819484,0.00296551206899408,0.00296462831376818,0.00289335848317088,0.00240444463269678,0.00237852082746957,0.00190838983669753,0.00173397867907108,0.00125118799359994,0.0011592745937545,0.00114827346901833,0.001136756486727,0.000997549718489072,0.00095657183855683,0.000922768984424178,0.000917842339248591,0.00091760890072217],"convergence":0,"press_dep":false,"press_rng":[1013.25,1013.25]}}
