{"fa_WV3_M_band_9":{"type":"annular","coefficients":{"c1":1,"c2":0.344565684770751,"c3":-0.294945130442563,"c4":0.0834571064064973,"c5":-1.55105605227652,"c6":-0.0742543400878243},"mare":0.000830750053394367,"rmse":0.00033994329628993,"mare_seq":[0.00807734454101489,0.00807734142074026,0.00807733367637926,0.00807062447819967,0.00788435070731185,0.00708899786293538,0.00563430364532741,0.00510957523937925,0.00408606145967374,0.00306461892452762,0.00301792250314594,0.00285904720443862,0.00264293288851773,0.00263993629855346,0.00263364035769642,0.00251408946763508,0.00240886180092099,0.00226247757551449,0.00209103071876412,0.00194202073867712,0.00186361220646019,0.00174807541266621,0.00155621591266017,0.00132114458970355,0.00131591618052207,0.000996497344239821,0.00099626171243337,0.000870128760855557,0.000830804481433501,0.000830760168440251,0.000830750053394367],"convergence":0,"press_dep":false,"press_rng":[1013.25,1013.25]}}
