{"fa_WV_LG06_C_band_8":{"type":"annular","coefficients":{"c1":1,"c2":0.529487946769206,"c3":-0.0907566060584261,"c4":0.0976907951656632,"c5":-1.68164654916951,"c6":-0.31361278712851},"mare":0.000746823819875953,"rmse":0.000345703397160406,"mare_seq":[0.00695233145908232,0.00695232735261826,0.00695232521435356,0.00695232409052875,0.00695232250797735,0.00695232224721577,0.00695048851754243,0.00628762401359849,0.00624556132845523,0.00604832649806008,0.00428145193878192,0.00342633262580492,0.00270964810008301,0.00230887232122686,0.00212545174393853,0.00203423765359739,0.00197722118363778,0.00183222212845917,0.00176720416115587,0.00174403402357199,0.00162381434224152,0.00161621981614521,0.00123096758527736,0.0011036092282181,0.00104271283115494,0.000982955758872572,0.000896415387700746,0.000809241096715756,0.000747362418330714,0.000746834901222206,0.000746823819875953],"convergence":0,"press_dep":false,"press_rng":[1013.25,1013.25]}}
