{"fa_WV_LG03_U_band_7":{"type":"annular","coefficients":{"c1":1,"c2":0.0626002491192627,"c3":-1.63557377351599,"c4":0.520022421618954,"c5":-0.344796546665018,"c6":-0.105387327034647},"mare":0.000683302769615336,"rmse":0.000349254524875107,"mare_seq":[0.00915637234864874,0.00669256371334928,0.00668722939002217,0.00668722832437611,0.00668722792929262,0.00668722543440566,0.00662043402242249,0.00570127709415324,0.0049161923327507,0.0043989551837958,0.00317906016320102,0.00315352111976683,0.00285429637421601,0.00253876417741636,0.00204077341446914,0.00199942872058812,0.00179217890573462,0.00178752345626224,0.00157144188960507,0.00135478194388728,0.00132026952614082,0.000998539957136554,0.000927032819984257,0.000902953373093233,0.000737707541913026,0.00071509897098936,0.000712328664948174,0.000699405722526696,0.000695734489483959,0.000683317310518413,0.000683302769615336],"convergence":0,"press_dep":false,"press_rng":[1013.25,1013.25]}}
