{"fa_WV_LG02_M_band_1":{"type":"annular","coefficients":{"c1":1,"c2":0.0538435744275871,"c3":-1.74970950975543,"c4":0.641014412380544,"c5":-0.0768574672833783,"c6":-0.312061999571927},"mare":0.000960160461875526,"rmse":0.000421185281514634,"mare_seq":[0.00926545911838804,0.00883631505083881,0.00883630899266595,0.00883627136341077,0.00883626999625716,0.0088362697282262,0.00883626876966547,0.00883626809711016,0.0088362670654098,0.00883280474525674,0.00813186871446137,0.0079160478226147,0.00702660451320138,0.00649314072185382,0.00378941087253978,0.00250012801272941,0.00242086365301743,0.00217108736698838,0.00202534469560395,0.00197009474624484,0.00127172859231591,0.00122472865735478,0.00121704768120223,0.00110055834309142,0.00101555328780925,0.000990430833904089,0.000977072025717546,0.000960907155446353,0.000960222124522975,0.000960205213554699,0.000960160461875526],"convergence":0,"press_dep":false,"press_rng":[1013.25,1013.25]}}
