{"fa_WV3_M_band_5":{"type":"annular","coefficients":{"c1":1,"c2":0.603779414313164,"c3":-0.0760757211074406,"c4":0.859959205853642,"c5":-0.307183391881083,"c6":-1.62739107673228},"mare":0.000893136327944624,"rmse":0.000380748533792205,"mare_seq":[0.00923352237163948,0.00837485074465156,0.00835323671898069,0.00835318267290335,0.00835318100327842,0.00835317689399987,0.00835206914092402,0.00834815009595042,0.00828389654846538,0.00821736699330595,0.00764752453065901,0.00750015019949943,0.00693337700680828,0.00593803434756829,0.00429045234712364,0.00425261227051391,0.00351690599079392,0.00293301554880607,0.00282167355002457,0.00265613300289588,0.00243984179078697,0.00241650384256933,0.00225929391389115,0.00219311478848364,0.00189658494154415,0.00185838212216258,0.00149296660158743,0.00131529330014473,0.000915388785493673,0.000905314570224598,0.000893136327944624],"convergence":0,"press_dep":false,"press_rng":[1013.25,1013.25]}}
