{"fa_WV_LG04_U_band_3":{"type":"annular","coefficients":{"c1":1,"c2":0.470755783782041,"c3":-0.104208369272028,"c4":0.892554930836477,"c5":-0.347367655391992,"c6":-1.73448350758379},"mare":0.000765585972240951,"rmse":0.000385906116281482,"mare_seq":[0.00692153637487166,0.00692150112879966,0.00692147539580035,0.00692145690309312,0.00692145399778121,0.0069214532906986,0.00691421457752704,0.00688328355004706,0.00567521790059354,0.0047909147122317,0.00417861628504229,0.00351096224515013,0.00328274976937531,0.00297189128847948,0.00271737759666751,0.00236870379701144,0.00223714916147455,0.00181401811753509,0.00178285763186375,0.00171133659312838,0.00150764436884763,0.0012933580448153,0.00119701853485515,0.000940797855261196,0.000851780311027551,0.000824261031708876,0.000813127345253152,0.000771187194315884,0.00077005998306069,0.000766099283162512,0.000765585972240951],"convergence":0,"press_dep":false,"press_rng":[1013.25,1013.25]}}
