{"fa_WV2_C_band_7":{"type":"annular","coefficients":{"c1":1,"c2":0.423742346514556,"c3":-0.313165334285005,"c4":0.0801987737618154,"c5":-1.67801982323393,"c6":-0.0907765895991769},"mare":0.000772236320659231,"rmse":0.000358851894607027,"mare_seq":[0.00777685391048126,0.00691752750847626,0.00691751142610501,0.00691751038108483,0.00691750980328623,0.00691750952232106,0.00691750919160855,0.00691678981439032,0.00691660564097925,0.00586283133282162,0.00481899265344005,0.00472793390209566,0.00434756902223515,0.00413879529609416,0.00389896391327237,0.00384789779450811,0.00277837916941003,0.00224959738229317,0.00223032530132722,0.00201534395757877,0.00194691639087561,0.0018446195884735,0.00167600897077738,0.00164219745408996,0.00150032609056765,0.001335084880711,0.00132446413622847,0.00132421742995162,0.000968348128897265,0.000949252646780341,0.000772236320659231],"convergence":0,"press_dep":false,"press_rng":[1013.25,1013.25]}}
