{"fa_WV3_U_band_4":{"type":"annular","coefficients":{"c1":1,"c2":0.464082232687544,"c3":-0.104276837899517,"c4":0.110548540086957,"c5":-1.67058092477798,"c6":-0.345023258087727},"mare":0.000749722285747549,"rmse":0.000366662132924233,"mare_seq":[0.0080688542969655,0.00675019352638812,0.00675019103296726,0.00675000093395479,0.00674586750874054,0.00619944806249951,0.00559640688352669,0.0050586810381259,0.00476010400972137,0.00262445895546783,0.00258552480603373,0.00251045284704624,0.00243426348863723,0.00221203014692759,0.002067705148197,0.00203834419128398,0.00200876483706079,0.00175238211164008,0.00125792299097973,0.00125649076465336,0.00123835615445131,0.00119655107004464,0.0010889458238294,0.00104269170966782,0.00102169523275596,0.000986600595875531,0.000947001786840524,0.000777271224459697,0.000760824240815577,0.000759516325591526,0.000749722285747549],"convergence":0,"press_dep":false,"press_rng":[1013.25,1013.25]}}
