{"fa_WV3_M_band_14":{"type":"annular","coefficients":{"c1":1,"c2":0.606044253137282,"c3":-0.0749853972234839,"c4":0.104644877875503,"c5":-1.47307750323574,"c6":-0.27374543545392},"mare":0.000668133665170946,"rmse":0.00028505223568036,"mare_seq":[0.00674235950792357,0.00674235936970673,0.00674235302464456,0.00674234897282531,0.00657096861721628,0.00655495306493281,0.00550495828033625,0.00523833718524133,0.0048732026982695,0.00454996368912887,0.00253375771172188,0.00239127322108252,0.00235600113862702,0.00229763379352445,0.00210398610449804,0.00201424398016779,0.00195674456327071,0.00186977345690982,0.00175641935408956,0.00166809367465091,0.00165748754815953,0.00158529851619027,0.00148195782074277,0.00136424497829993,0.00125180802577032,0.00114745809598803,0.00104674414790633,0.000951294341117993,0.000799411063696195,0.00074299350820367,0.000668133665170946],"convergence":0,"press_dep":false,"press_rng":[1013.25,1013.25]}}
