{"fa_WV_LG06_U_band_9":{"type":"annular","coefficients":{"c1":1,"c2":0.464219227368744,"c3":-0.104867335861522,"c4":0.108954443789986,"c5":-1.70979972294982,"c6":-0.346797556769471},"mare":0.000723870986155943,"rmse":0.000375960331905229,"mare_seq":[0.00802221691153557,0.00697590822702328,0.00681703150059527,0.00681702963455682,0.00681698917608541,0.0068051246155206,0.00660048046653653,0.00636091881293899,0.00593863118574867,0.00568719872707172,0.00526872921343617,0.00518409730336868,0.00515649446424237,0.00492084809080987,0.00254046507822502,0.00236307440711123,0.00231185392564132,0.00225187224386444,0.00218246403726747,0.00207255940697735,0.00164914255125346,0.00151052457275688,0.00140182903987679,0.00114863255703485,0.000958946656652247,0.000772032296481223,0.000726088576779032,0.000723885203874405,0.000723881217377772,0.000723873305206932,0.000723870986155943],"convergence":0,"press_dep":false,"press_rng":[1013.25,1013.25]}}
