{"fa_WV_LG02_C_band_9":{"type":"annular","coefficients":{"c1":1,"c2":0.543296071750542,"c3":-0.0885971143281713,"c4":0.910946343516172,"c5":-0.309281221221481,"c6":-1.73338659733873},"mare":0.000722473679098064,"rmse":0.000356295471378547,"mare_seq":[0.00712455137014435,0.00680310674956051,0.00680310588960976,0.00680310426775594,0.00666368326296631,0.00656296604541093,0.00653335442626925,0.00560967486458648,0.00529815568183736,0.00479451555811795,0.00403905086890321,0.00351890181599877,0.00345715192135948,0.00230771560437866,0.0022280116946759,0.00185061157202039,0.00168670016478412,0.00167817766684587,0.00160610047911058,0.00153657756239344,0.00121656052435695,0.00107078656971629,0.00097571930686077,0.000956546015178937,0.000848397337191738,0.000844025513647516,0.000809338072119569,0.000791408889355055,0.000754299520084795,0.000750239921780106,0.000722473679098064],"convergence":0,"press_dep":false,"press_rng":[1013.25,1013.25]}}
