{"fa_WV_LG04_C_band_9":{"type":"annular","coefficients":{"c1":1,"c2":0.541625627692784,"c3":-0.0884233720589402,"c4":0.0944945856067442,"c5":-1.64477032836963,"c6":-0.306317077088228},"mare":0.00071628091447146,"rmse":0.000342748846129471,"mare_seq":[0.00673548991979904,0.00673282744286718,0.00670966786784138,0.00670307091404984,0.00660973264755386,0.00652992825945395,0.00632206474298278,0.00606328146718003,0.00605764208918854,0.00591808206385749,0.0057109918111833,0.00494985217257954,0.00430237083398511,0.00330567494522769,0.00290340212273742,0.00251418769173322,0.00249568188545409,0.0023050276953513,0.00225192588391678,0.00223271740820505,0.00204390805962578,0.00184635420496783,0.00149675552499689,0.00147596852915064,0.00108599595903676,0.0010102709137487,0.000912636983632927,0.000794769811443285,0.000717394866365037,0.000716981557066434,0.00071628091447146],"convergence":0,"press_dep":false,"press_rng":[1013.25,1013.25]}}
