{"fa_WV_LG02_U_band_4":{"type":"annular","coefficients":{"c1":1,"c2":0.471386349891356,"c3":-0.349188266190602,"c4":0.109344008092169,"c5":-1.70517528743335,"c6":-0.10518574573536},"mare":0.000776756002490352,"rmse":0.00041470839815967,"mare_seq":[0.00815594677938712,0.00673875841593744,0.00673875805103606,0.00673875703493255,0.00671144930958315,0.00669471458351844,0.00539569693338551,0.00452598671067222,0.00321120756934936,0.00264650042554644,0.00250384940132117,0.00239001251826571,0.00235107050715702,0.00216724351795573,0.00211515916450387,0.0020519269814783,0.00191537426005783,0.00189398808783405,0.00179872035838015,0.00179564232555386,0.00155345599035829,0.00148110672191234,0.00120977868947249,0.0011827878541806,0.000873317362717735,0.000855558338032489,0.000777441969805705,0.000776762294471807,0.00077675829142408,0.000776757815480092,0.000776756002490352],"convergence":0,"press_dep":false,"press_rng":[1013.25,1013.25]}}
