{"fa_WV_LG03_M_band_4":{"type":"annular","coefficients":{"c1":1,"c2":0.0566845035007975,"c3":-1.6343187230649,"c4":0.635202152612264,"c5":-0.0758373834324247,"c6":-0.303871399805457},"mare":0.000908357767214659,"rmse":0.00036395103304636,"mare_seq":[0.00864127225568527,0.00861395413706692,0.00861395330396535,0.0086139523814907,0.00861395145420497,0.00861394820656004,0.00846010585853013,0.00828603031060668,0.00729896790340225,0.00687612788107505,0.00608859575005541,0.00607347471927004,0.00509843998562082,0.00461709508533201,0.00435472219771768,0.00272002608724885,0.002611473214111,0.00258056061345317,0.00257205117168222,0.00208567254816706,0.00189866423623553,0.0017957200390815,0.00114066829301517,0.00109794095330402,0.0010568060237275,0.00103407718248971,0.000963121333120863,0.000940298388100485,0.000917908056377787,0.000908359237937585,0.000908357767214659],"convergence":0,"press_dep":false,"press_rng":[1013.25,1013.25]}}
