{"fa_WV_LG06_U_band_5":{"type":"annular","coefficients":{"c1":1,"c2":0.460241414577775,"c3":-0.104736736785616,"c4":0.889719492301965,"c5":-0.345946706559638,"c6":-1.67967648849745},"mare":0.000732400914502175,"rmse":0.0003719565122505,"mare_seq":[0.00827697046059571,0.00675254583848383,0.00675243208217936,0.00675243177968092,0.00675242975122742,0.00675242971353403,0.00587119446970827,0.00510853693784407,0.00381869559120454,0.00325942913967798,0.00292676761272423,0.00214573058378303,0.00210395317171619,0.00200954657154472,0.00172579642364515,0.00167920292310194,0.00164288791744159,0.00146736749402471,0.00137914012279322,0.0012376915653901,0.000874763304416229,0.00083018258719044,0.000785601429316624,0.000773947397085415,0.000765015033761888,0.000754614921210162,0.000746081287853335,0.000734976587375518,0.000732439974308708,0.000732413975364989,0.000732400914502175],"convergence":0,"press_dep":false,"press_rng":[1013.25,1013.25]}}
