{"fa_WV2_M_band_1":{"type":"annular","coefficients":{"c1":1,"c2":0.594974415341503,"c3":-0.075734860107215,"c4":0.857272044694297,"c5":-0.301422052670333,"c6":-1.66379984514228},"mare":0.00099314983644803,"rmse":0.000373640163352184,"mare_seq":[0.00881894404475265,0.0088170388850396,0.00881703439387727,0.00881703414972149,0.00879303629120442,0.00878629855058116,0.00871537241125417,0.00700080095730195,0.00679265984304248,0.00647146002537663,0.00562462229851448,0.00326020698942755,0.00311391130689109,0.00281308186579036,0.00260565911514152,0.00254912159220333,0.00238062170812734,0.00226328292440448,0.00205102923087832,0.00203962999729474,0.00196290574663544,0.00194748924452864,0.00171607957332929,0.00147023257265466,0.00105564930746883,0.00102268470218701,0.00102113952828391,0.00100513293157052,0.000993585866482005,0.000993236825762542,0.00099314983644803],"convergence":0,"press_dep":false,"press_rng":[1013.25,1013.25]}}
