{"fa_WV_LG04_U_band_7":{"type":"annular","coefficients":{"c1":1,"c2":0.0610461093269436,"c3":-1.65886236282144,"c4":0.51618779679475,"c5":-0.347796585973402,"c6":-0.10584970488454},"mare":0.000749941958650052,"rmse":0.000374293270830851,"mare_seq":[0.00902351926951437,0.0066628099320186,0.00666280882882202,0.00666280851018027,0.00666280717402305,0.0066624689689372,0.00654603289485206,0.00635112142850096,0.00627007726355916,0.00624850764885199,0.00538933603078723,0.00517439863225516,0.00477874227068673,0.00434167243707459,0.00410721746551253,0.00296940006095922,0.00273329520559781,0.00137711842445603,0.00133133069733913,0.00129659625294612,0.00119833812595773,0.00118344734531999,0.00108812886322621,0.00102315559147487,0.000804356817471258,0.000754134292817942,0.000750287854337676,0.000750171329274179,0.00075009311305678,0.000749942446754772,0.000749941958650052],"convergence":0,"press_dep":false,"press_rng":[1013.25,1013.25]}}
