{"fa_WV2_M_band_2":{"type":"annular","coefficients":{"c1":1,"c2":0.61061406000239,"c3":-0.0772972451240051,"c4":0.861614723910303,"c5":-0.315219909391278,"c6":-1.73347433720576},"mare":0.000951339710258478,"rmse":0.000431331591331865,"mare_seq":[0.00872328806538504,0.00801435604315183,0.00791109490645769,0.00745852267537479,0.00714944589801664,0.0058143241641633,0.00479007341895324,0.00454462821612151,0.00429134212631526,0.00370981181142402,0.00345605896636639,0.00343045309313988,0.00317019637177787,0.00259405136184826,0.00258088295490526,0.00255823630492514,0.00222371122998744,0.00218421190320944,0.00168811078850908,0.00167037667385956,0.00166654227212337,0.00160779221727732,0.001254934273171,0.00118365151342207,0.00117758027656464,0.00117180411500426,0.00106019321107635,0.000960353546492148,0.000952596873898481,0.000951379596792547,0.000951339710258478],"convergence":0,"press_dep":false,"press_rng":[1013.25,1013.25]}}
