{"fa_WV_LG06_U_band_3":{"type":"annular","coefficients":{"c1":1,"c2":0.467215962446233,"c3":-0.103723650546142,"c4":0.109487030953936,"c5":-1.7010035929766,"c6":-0.344991212304281},"mare":0.000759388904629544,"rmse":0.000391777410610824,"mare_seq":[0.00688150177489963,0.00687937008425427,0.00687931483940415,0.00687930752898408,0.00687930732584077,0.00687211545220182,0.00670821520455585,0.00593130876128384,0.00559300346415288,0.00517504459679698,0.00486442311430194,0.00448873735612803,0.00221178803482908,0.00194720312298328,0.00189408582672912,0.00169284052915697,0.00157637767065898,0.00148740951277239,0.00146344659445934,0.00143207471050537,0.00135400006400686,0.00131455455427367,0.00119169523796208,0.00111925188343548,0.000962870120157185,0.00085266126104177,0.000797108346017271,0.000769919999154303,0.000760336546992969,0.000759416613651431,0.000759388904629544],"convergence":0,"press_dep":false,"press_rng":[1013.25,1013.25]}}
