{"fa_WV_LG01_M_band_6":{"type":"annular","coefficients":{"c1":1,"c2":0.597672346460464,"c3":-0.0754691124441369,"c4":0.85705675861243,"c5":-0.301962766615577,"c6":-1.59518677496256},"mare":0.000858689695124515,"rmse":0.000328768498410787,"mare_seq":[0.0956100464600211,0.00854934736063317,0.00810265281433416,0.00775744253220948,0.00737392553898658,0.00652402084886519,0.00574069437186932,0.0054476628169699,0.00534458736313946,0.00406737239308026,0.00405045842465766,0.00383029310690274,0.00309989336202766,0.00292281297991952,0.00286325996010033,0.00234680841442905,0.00226132245625848,0.00223498702184836,0.00194367234877528,0.00192793423039896,0.00174454920203172,0.00170516583128452,0.00159743574051961,0.00148731650386833,0.0014699028685768,0.0014111834601109,0.0012395746275144,0.0011841148141612,0.00087688757195945,0.000874394879032596,0.000858689695124515],"convergence":0,"press_dep":false,"press_rng":[1013.25,1013.25]}}
