{"fa_WV2_U_band_5":{"type":"annular","coefficients":{"c1":1,"c2":0.476927508860052,"c3":-0.348341894237175,"c4":0.112183510215191,"c5":-1.68988649869425,"c6":-0.105465193546006},"mare":0.000824019266058719,"rmse":0.000408967903744296,"mare_seq":[0.00820439213322457,0.00677617900741485,0.00677398394782159,0.00677396170701126,0.00677396132210535,0.00677396045655418,0.00676789254643433,0.0035382319252139,0.00333569026615265,0.00324052757691467,0.00279917725516044,0.00274880668224427,0.00242023205070327,0.00217511221189447,0.00187382246055136,0.0015423594004941,0.00139402221768858,0.00130504342114743,0.00116669179815899,0.00105883218589799,0.000946980502148255,0.000932801379663472,0.000851249459114992,0.000849608875298997,0.000842656858316826,0.000834560881782293,0.000829989579678206,0.000826906002574568,0.000824559436674809,0.000824094502437577,0.000824019266058719],"convergence":0,"press_dep":false,"press_rng":[1013.25,1013.25]}}
