{"fa_WV_LG01_U_band_4":{"type":"annular","coefficients":{"c1":1,"c2":0.462178851195576,"c3":-0.104043749114852,"c4":0.88831912519902,"c5":-0.343791507661876,"c6":-1.65946051154571},"mare":0.000754271466921746,"rmse":0.000365225240830831,"mare_seq":[0.00813923133378054,0.0074294497836256,0.0067784215813911,0.00677842099125,0.00673648929479249,0.00560588926313942,0.00477557721398882,0.00466976092499912,0.00449878022632004,0.00449469565770025,0.00339068699401288,0.00262113018520115,0.00239636076167435,0.00221285065680848,0.0021339723548669,0.0016788468486849,0.00150653640739688,0.00129105056719663,0.00127118805567461,0.00121719321056443,0.00117537988188857,0.000969392013610308,0.000963057181337193,0.000920887880099763,0.000860995497835702,0.000793744021388466,0.000774514967144,0.000761599621204603,0.000754297138904686,0.000754282455949977,0.000754271466921746],"convergence":0,"press_dep":false,"press_rng":[1013.25,1013.25]}}
