{"fa_WV_LG04_M_band_4":{"type":"annular","coefficients":{"c1":1,"c2":0.61006512722765,"c3":-0.0769423361837836,"c4":0.137475128312204,"c5":-1.70250983165871,"c6":-0.313330845436241},"mare":0.000963357486766216,"rmse":0.000447532991230871,"mare_seq":[0.0097743371248497,0.00883842513438241,0.0087115061204582,0.00853668697567895,0.00853668355771008,0.00853668157007321,0.00852666187054501,0.00844370537516055,0.00822978085374807,0.00803131095157691,0.0079018010177603,0.00649136518870814,0.00466391299673323,0.00463147122147922,0.00402514295160848,0.00367553939269312,0.00285621308028754,0.00229827495374916,0.00201161657831152,0.00173681239829601,0.00167417973875198,0.0015506192720347,0.00120802305318624,0.00108804043794416,0.00100733919334908,0.000988427307016611,0.000983190228651372,0.000975310775604569,0.000967758052430346,0.000963385518081014,0.000963357486766216],"convergence":0,"press_dep":false,"press_rng":[1013.25,1013.25]}}
