{"fa_WV_LG06_U_band_2":{"type":"annular","coefficients":{"c1":1,"c2":0.476019632477876,"c3":-0.104118597366335,"c4":0.106983704488229,"c5":-1.76560530168326,"c6":-0.349495954553608},"mare":0.000788162225758632,"rmse":0.000406824189350721,"mare_seq":[0.0070318321927669,0.00703183129516491,0.00675034538420916,0.00635050172874599,0.00597548349163299,0.00522513628038376,0.00513301031514548,0.00485145968135651,0.00462352549789547,0.00456551172041956,0.00395468567336556,0.00280914283966568,0.00272478279078446,0.00267207416541111,0.00245448733870944,0.00234755329651231,0.00221410794490611,0.0021655287013349,0.0021021123189215,0.00207718790626641,0.00199730710238038,0.00159998180408989,0.00154158980040655,0.00141136849407932,0.00125047877522311,0.00112219670739752,0.000999984103670798,0.000932288669116778,0.000908246435556696,0.000812895697048706,0.000788162225758632],"convergence":0,"press_dep":false,"press_rng":[1013.25,1013.25]}}
