{"fa_WV3_M_band_15":{"type":"annular","coefficients":{"c1":1,"c2":0.0420600380407646,"c3":-1.42283908503384,"c4":0.381069206584615,"c5":-0.264641185084323,"c6":-0.0740970476369642},"mare":0.000580141811707163,"rmse":0.000232617081565228,"mare_seq":[0.00652386169003998,0.00650182201253654,0.00650179839462339,0.00650179134782992,0.00650179001902875,0.0065017885423071,0.00650178774361584,0.0062951139823633,0.00629468484375522,0.00616648714331515,0.00614403601036855,0.00603456130231466,0.00575728837078113,0.00512722935129116,0.0035152086142405,0.00314269637287382,0.00219614204911306,0.00182774036846934,0.00181448369460922,0.00170151038504678,0.00160528235382557,0.0013876440514667,0.00111207034596773,0.000914530687913902,0.00089716067244355,0.000767344559589924,0.000680565477015227,0.000619766442131277,0.000609185162737174,0.000583940859869056,0.000580141811707163],"convergence":0,"press_dep":false,"press_rng":[1013.25,1013.25]}}
