{"fa_WV2_C_band_1":{"type":"annular","coefficients":{"c1":1,"c2":0.552860611865784,"c3":-0.0868818256117003,"c4":0.906966662153624,"c5":-0.305427936723155,"c6":-1.70250487247591},"mare":0.000698209249835796,"rmse":0.000343879476353304,"mare_seq":[0.00741848486649373,0.00691556425843759,0.00691555041663252,0.00691554949312217,0.00691554902157532,0.00691554894053377,0.0069155462627516,0.00691554615703691,0.00691546735800287,0.00551813981073507,0.00484059913829867,0.00459392759785016,0.00431736160545952,0.00425764214472133,0.00385479448854798,0.00225190855630419,0.00219999388261858,0.00214505865886706,0.00212756930218945,0.00184981383446815,0.00147614865756364,0.001461193360082,0.00145547392466022,0.00139601887705438,0.00129557567579222,0.00122966362796138,0.00112460695524939,0.00106397255244529,0.000704259050328195,0.000698252385286893,0.000698209249835796],"convergence":0,"press_dep":false,"press_rng":[1013.25,1013.25]}}
