{"fa_WV_LG05_C_band_7":{"type":"annular","coefficients":{"c1":1,"c2":0.534232117673093,"c3":-0.0897320575721202,"c4":0.904693380025027,"c5":-0.30980322173424,"c6":-1.67293531614441},"mare":0.000748393363155042,"rmse":0.00034933823817485,"mare_seq":[0.00685875658389697,0.00685825637995711,0.00685668008004833,0.00685665697617919,0.00685665570087504,0.00685665440375584,0.00685650547245139,0.00684208989476488,0.00678936830927537,0.00650983783435616,0.00641390663874227,0.0057783688066481,0.00556361554318407,0.00236668947767042,0.00215971229028936,0.00204849459999163,0.00194408319858772,0.00192843257944276,0.00148555111905375,0.00147887481360984,0.00111235683291608,0.00108789727071692,0.00107962616981422,0.000968194319227517,0.000886332024733559,0.000773136138739302,0.000759250908203334,0.000750543411855497,0.000749294420727195,0.000748890020074438,0.000748393363155042],"convergence":0,"press_dep":false,"press_rng":[1013.25,1013.25]}}
