{"fa_WV_LG03_C_band_7":{"type":"annular","coefficients":{"c1":1,"c2":0.524078338499522,"c3":-0.0886170843662617,"c4":0.0987098164354927,"c5":-1.61306553217694,"c6":-0.303183091759008},"mare":0.000702599990497596,"rmse":0.000312472607016725,"mare_seq":[0.00694399885252405,0.00687945251759219,0.00685799067514108,0.00685798794556458,0.0068548329207859,0.0067811503077183,0.00659165041404569,0.00539865999450035,0.00433495539196582,0.00416993550188103,0.0032984191969507,0.00278261309402414,0.00273230652149373,0.0025317009600274,0.00200795656713884,0.00177055482026716,0.00170583159616514,0.00144835894327597,0.00138859334565498,0.0013528891402329,0.00124482292767374,0.000918712665868159,0.000853193207829538,0.000853113406354035,0.000723063924646278,0.000708950255109531,0.000704865452663914,0.000702764303219409,0.00070263935083314,0.000702621331765213,0.000702599990497596],"convergence":0,"press_dep":false,"press_rng":[1013.25,1013.25]}}
