{"fa_WV3_C_band_8":{"type":"annular","coefficients":{"c1":1,"c2":0.524167807851883,"c3":-0.0912747792911597,"c4":0.897980699326854,"c5":-0.314944251237894,"c6":-1.66073953336967},"mare":0.000722150433767368,"rmse":0.000356701284994808,"mare_seq":[0.00798097729281019,0.00698657068563937,0.00698646146856361,0.00698644371052781,0.00698644132675264,0.0069844837351537,0.0069418826787112,0.00643179880680942,0.00438599314703558,0.0036294416938686,0.00256108613641008,0.00252906222321527,0.00252446254792615,0.00237702142411174,0.00226185140008791,0.00199493623528694,0.00187242163232579,0.00185526011161568,0.00167661895601461,0.00154567802808769,0.00110571356569623,0.00109308291455199,0.00106623633848944,0.00100871056244082,0.000969426786582186,0.00096633621789503,0.00089812799582292,0.000806868263774858,0.000725461437146734,0.000724957166299734,0.000722150433767368],"convergence":0,"press_dep":false,"press_rng":[1013.25,1013.25]}}
