{"fa_WV_LG01_M_band_7":{"type":"annular","coefficients":{"c1":1,"c2":0.608271274262721,"c3":-0.0763916220858702,"c4":0.137849310489793,"c5":-1.65302479233357,"c6":-0.310279600777967},"mare":0.000854698138569973,"rmse":0.000382182929179897,"mare_seq":[0.0184425767736748,0.00974794291019545,0.00845156107060607,0.00845086286015649,0.00845086112986891,0.00845085721756389,0.00839916398098979,0.00839442779212043,0.00821647366214454,0.00607048617830726,0.0057720980222388,0.0050594229993644,0.00464385083044885,0.00403549046281465,0.00306019678763379,0.00294504424189905,0.00282398046709007,0.00264278985475145,0.00260719098011758,0.00236900429905025,0.00216880623603201,0.0019577902029203,0.00176552290517907,0.00169882926781053,0.00150056018918342,0.00118581419779586,0.00103047620208685,0.000973025642347814,0.000856775088783693,0.000855085440072526,0.000854698138569973],"convergence":0,"press_dep":false,"press_rng":[1013.25,1013.25]}}
