{"fa_WV_LG06_C_band_7":{"type":"annular","coefficients":{"c1":1,"c2":0.424984869204186,"c3":-0.306466043524959,"c4":0.920224675433544,"c5":-0.0891802933896834,"c6":-1.62929341965692},"mare":0.000720972769331337,"rmse":0.0003367960637649,"mare_seq":[0.00702171748673677,0.00677376093053718,0.00677375721720584,0.00677375713271818,0.00677375659362487,0.0067285996830021,0.00610259765779566,0.00582352762132393,0.00566104976368279,0.00556141230176526,0.00241191133435984,0.00233605754083751,0.00221559069703726,0.00204843870633452,0.00187761107324915,0.00173387972388755,0.00163667518697492,0.00160115825675989,0.00125735623550761,0.00123497466543615,0.00123115874655131,0.00122245878174811,0.00114072849611437,0.00109532000390245,0.00108522040809894,0.000993600625973226,0.000857117592474709,0.000850047480263842,0.000726225069188584,0.000721620464139663,0.000720972769331337],"convergence":0,"press_dep":false,"press_rng":[1013.25,1013.25]}}
