{"fa_WV_LG04_C_band_6":{"type":"annular","coefficients":{"c1":1,"c2":0.428916165237667,"c3":-0.301581573212739,"c4":0.92019420548314,"c5":-0.0880282158264113,"c6":-1.61578360747618},"mare":0.00071811569732054,"rmse":0.0002956437708073,"mare_seq":[0.00702302047179757,0.00683964963718675,0.00683140749659714,0.00683139694657061,0.0068313963841739,0.00683122619262649,0.00620925045441391,0.00593534809999811,0.00546955955859524,0.00406127503643871,0.00396685964246106,0.0038124469496568,0.0034016008964422,0.0033755088365297,0.00276004574759523,0.00271602294000745,0.00269806586424314,0.00265028832582299,0.00252294602041069,0.00201508369963418,0.00190183623354876,0.00184794634623207,0.00179004529102857,0.00137475892889483,0.00129209077856242,0.00113477454611122,0.00113407658889278,0.00110992634601416,0.000723752162687401,0.000718119439521776,0.00071811569732054],"convergence":0,"press_dep":false,"press_rng":[1013.25,1013.25]}}
