{"fa_WV3_U_band_5":{"type":"annular","coefficients":{"c1":1,"c2":0.467422620044372,"c3":-0.105793170460082,"c4":0.107863080009087,"c5":-1.71321014473833,"c6":-0.350378388390355},"mare":0.000764060151794422,"rmse":0.000401303739031905,"mare_seq":[0.00816880553401961,0.00681045992505227,0.0067843396183192,0.00678102330136972,0.00678102062772805,0.00678101972058852,0.00678101775227048,0.00678101715408195,0.0067637800067443,0.00651725661573578,0.00617678686333631,0.00403919823967317,0.00350788736960201,0.0026863699355038,0.0026464289162656,0.00236794450609683,0.00234357274324101,0.00216747202585194,0.002146226975818,0.00180915280692003,0.00179939922803552,0.00162116294056894,0.00128192237096021,0.00115069826610591,0.00105359611386021,0.000869402682587976,0.000827307252318771,0.000824064959480345,0.000776419976744396,0.000764114749177595,0.000764060151794422],"convergence":0,"press_dep":false,"press_rng":[1013.25,1013.25]}}
