{"fa_WV_LG02_M_band_8":{"type":"annular","coefficients":{"c1":1,"c2":0.594999542882798,"c3":-0.0748458782981811,"c4":0.85887271755091,"c5":-0.297956265707493,"c6":-1.5936653394887},"mare":0.000849300811433386,"rmse":0.000344098281607563,"mare_seq":[0.0112724316809839,0.00919078665615826,0.00846421628287942,0.00846098460737071,0.00846098295137053,0.00846098230857146,0.00846098021245088,0.00845523663819189,0.00841238342821264,0.00722647336247747,0.00699278999068334,0.0053425626391696,0.00440886939329313,0.00428750835765955,0.00391774959692537,0.00331812658525421,0.00193289545509215,0.00184074882137028,0.00181876618523416,0.00179838226893327,0.00167792914272152,0.00105172498791096,0.00100466349306606,0.000954444217849986,0.000886813350041562,0.000871246999522334,0.000865882888217783,0.000850148755321377,0.000849321218884473,0.000849310267875597,0.000849300811433386],"convergence":0,"press_dep":false,"press_rng":[1013.25,1013.25]}}
