{"fa_WV_LG02_U_band_5":{"type":"annular","coefficients":{"c1":1,"c2":0.458623852448391,"c3":-0.104642898379011,"c4":0.112053752443541,"c5":-1.6619508074293,"c6":-0.3444911339289},"mare":0.000816138287732326,"rmse":0.000370763546709805,"mare_seq":[0.00833755304816947,0.00677710490215501,0.00677710289881598,0.00677710231725677,0.00677709925993098,0.00657246627571341,0.00567605292859179,0.005511699918496,0.00444300133901324,0.00316888772675413,0.00312080079561337,0.00302870088000768,0.00289323383982685,0.00275452797710316,0.00261624854086908,0.00259721621277544,0.00253660923157011,0.00217059109405733,0.00190095649851741,0.00187766154932153,0.00186559693031518,0.0016219232485427,0.00155702612688963,0.00135662894349499,0.00102572177866819,0.00102309797750799,0.000949074337878123,0.000910891728846975,0.000816310311535634,0.000816161536300448,0.000816138287732326],"convergence":0,"press_dep":false,"press_rng":[1013.25,1013.25]}}
