{"fa_WV_LG03_U_band_4":{"type":"annular","coefficients":{"c1":1,"c2":0.475173642006947,"c3":-0.105755904263943,"c4":0.107108841631012,"c5":-1.7247753295431,"c6":-0.352105990797703},"mare":0.000770257645307575,"rmse":0.000416344958199719,"mare_seq":[0.00805122697323939,0.00672649999379834,0.0067264991102701,0.00668881130735172,0.00668505887408259,0.00493228783485319,0.00483280158942925,0.00367278142156159,0.00353191969425605,0.00338915960812358,0.00297149576975015,0.00265970220722839,0.00254144315255168,0.00249998491017475,0.00247947363563263,0.0023360805932923,0.00196683010143622,0.00158341172014756,0.00141489344389807,0.00140144510255849,0.00107243076312011,0.00105856435944187,0.000939238103789355,0.000924389312152855,0.00085782127192808,0.000771427090123159,0.000770440206943744,0.000770371475466842,0.000770260428089547,0.000770257842016716,0.000770257645307575],"convergence":0,"press_dep":false,"press_rng":[1013.25,1013.25]}}
