{"fa_WV_LG04_U_band_6":{"type":"annular","coefficients":{"c1":1,"c2":0.474902724205283,"c3":-0.352852074618024,"c4":0.111441267424646,"c5":-1.69126505533181,"c6":-0.106567115804739},"mare":0.000704822623870116,"rmse":0.00039099546855274,"mare_seq":[0.006925513527196,0.0066732134425852,0.00665672112160758,0.00665653755992691,0.00665653753742072,0.00664823067046444,0.00660346184817188,0.00600804990002807,0.00531796805246696,0.00496654595246074,0.00455405586638708,0.00418583014529902,0.00360451482694522,0.00306206412716483,0.00240722316705078,0.00239161106717944,0.00202737697440833,0.00179578520012553,0.00164102512335531,0.00163684831416053,0.00158098774962118,0.00150686852457759,0.00139766703829677,0.00117885195098653,0.00105908886285222,0.000910716232656295,0.000723937212394262,0.00071253222106233,0.000705324652780356,0.000704844897217975,0.000704822623870116],"convergence":0,"press_dep":false,"press_rng":[1013.25,1013.25]}}
