{"fa_WV2_M_band_5":{"type":"annular","coefficients":{"c1":1,"c2":0.599653680567787,"c3":-0.0757177649688145,"c4":0.140689578760286,"c5":-1.61575126903712,"c6":-0.303842299913139},"mare":0.000880833856511407,"rmse":0.000363715014634524,"mare_seq":[0.00862869258807008,0.0084027202238042,0.00840260860560006,0.0084025536582177,0.00840254989070929,0.00840254495055295,0.00840254072065079,0.00840253946019264,0.00840093311625139,0.00838192281990146,0.00822199981264161,0.00699044644340403,0.00645628492099574,0.00626994337528081,0.00588558260251381,0.00476787534263673,0.00476077631761439,0.00321723693935148,0.00292772945052626,0.00280550466066989,0.00203700927056524,0.00200294974129599,0.0014992697966598,0.00138282288028349,0.00101577633695568,0.000993975611264088,0.000897912671405775,0.000883394619177026,0.000880839607327442,0.000880838518897334,0.000880833856511407],"convergence":0,"press_dep":false,"press_rng":[1013.25,1013.25]}}
