{"fa_WV_LG03_C_band_5":{"type":"annular","coefficients":{"c1":1,"c2":0.416387235021503,"c3":-0.310395023969454,"c4":0.930357433378634,"c5":-0.0891646807815558,"c6":-1.72786203891645},"mare":0.000728296401513114,"rmse":0.00037205101398794,"mare_seq":[0.00842296568625846,0.00737326271390608,0.00679398295745235,0.00677994953194475,0.00677800719093966,0.00677792734253852,0.00659499918855774,0.00639324510139014,0.0063585168803574,0.00433920076782995,0.00402167574728664,0.00252150485121949,0.00248576794197068,0.00196044058050696,0.00186883722142269,0.00185657914358528,0.00180655053129133,0.00173227730659137,0.00124325162136326,0.0011409001229106,0.00112611123707182,0.000971637478304122,0.000949167598742637,0.000938496460189166,0.000910932926051992,0.000851685053007163,0.000822788544655304,0.000758108722731193,0.000741475326517014,0.000734529586556799,0.000728296401513114],"convergence":0,"press_dep":false,"press_rng":[1013.25,1013.25]}}
