{"fa_WV_LG05_C_band_8":{"type":"annular","coefficients":{"c1":1,"c2":0.420096718368609,"c3":-0.319149884548732,"c4":0.07512599592203,"c5":-1.73800591862545,"c6":-0.0914851124634855},"mare":0.00074784157372083,"rmse":0.000385214056491645,"mare_seq":[0.00761034206445928,0.0068575374788961,0.0068570532136576,0.00682607002255439,0.00602454715326763,0.0059481458983036,0.00594753187299678,0.00531654264342501,0.00386113938523114,0.00375362346447126,0.00357054573560748,0.00323737944974585,0.00291879320918393,0.00243212132989481,0.00230331584805052,0.00215334799218023,0.00203771362485611,0.00191663819256657,0.00191335161047858,0.00169461745583997,0.00147402332185943,0.00118661312454988,0.00108170869509357,0.000939176338376325,0.000877377186407539,0.000821951472405229,0.000821058236906994,0.000799140963282715,0.000763399104355992,0.000747846598650238,0.00074784157372083],"convergence":0,"press_dep":false,"press_rng":[1013.25,1013.25]}}
