{"fa_WV_LG01_C_band_1":{"type":"annular","coefficients":{"c1":1,"c2":0.543437114716392,"c3":-0.0859540955419455,"c4":0.0968789159680141,"c5":-1.64542683172834,"c6":-0.298613686127539},"mare":0.000743305380448249,"rmse":0.000321036451827251,"mare_seq":[0.00701635313265667,0.00701577083094686,0.00701577022119012,0.00701576965712988,0.00676874850870689,0.0052694705954804,0.0051185182178449,0.00493103149055731,0.00466702957925375,0.00378103137078589,0.00355098720721412,0.00341573321907565,0.00258019088371883,0.00252780703038173,0.00246720125076831,0.00221504128636116,0.00208895462656099,0.0016224901594777,0.00148639036113683,0.00121532479573173,0.00111475180453452,0.00104034675519358,0.000982641487466576,0.000971500844710439,0.000913147591088886,0.000775079524474966,0.000760851576936022,0.000748702049437256,0.000747261218435268,0.000743443601426571,0.000743305380448249],"convergence":0,"press_dep":false,"press_rng":[1013.25,1013.25]}}
