{"fa_WV_LG04_C_band_5":{"type":"annular","coefficients":{"c1":1,"c2":0.0436240112387909,"c3":-1.65876540407708,"c4":0.557274763153078,"c5":-0.0881148942917966,"c6":-0.303623453957846},"mare":0.000785962391491634,"rmse":0.000347443930918707,"mare_seq":[0.006827719988267,0.00682748623880114,0.00682748381740616,0.00681762973469395,0.0068162838789502,0.00681491211205616,0.00638254005165454,0.00500078185194365,0.00376193726384292,0.00366312048858784,0.00352479536151243,0.00280046190828005,0.0026634114236496,0.00209954995457681,0.00207317887079949,0.00206266110833437,0.00174585326935463,0.00174218016893341,0.00135313791851495,0.00130304580513792,0.00123510712723687,0.00121765740774348,0.00117393993371319,0.0011478180411381,0.000930345955303092,0.000848615860008951,0.000800190591368194,0.000798881745502414,0.000796367397333126,0.00078598846395841,0.000785962391491634],"convergence":0,"press_dep":false,"press_rng":[1013.25,1013.25]}}
