{"fa_WV_LG05_M_band_3":{"type":"annular","coefficients":{"c1":1,"c2":0.340170289618022,"c3":-0.309989195951076,"c4":0.917351389530238,"c5":-0.0764360401429823,"c6":-1.66460994018798},"mare":0.000948060308477219,"rmse":0.00038625657555868,"mare_seq":[0.00882940992555945,0.00859165759171496,0.00852452034619212,0.00852450769589365,0.00852450095458311,0.0085034537644887,0.00806908209056272,0.00806369060167179,0.00778273581366652,0.00777012007183455,0.00724568324102253,0.00642629585161323,0.00534080404857333,0.00438737418995795,0.00388906205819855,0.00249285435477777,0.00249250655698405,0.00179474207252585,0.00168806928508301,0.00138905243437667,0.00101873405592932,0.00101872384499584,0.0010006726835986,0.000959379117834528,0.000951380834057602,0.000948380205753267,0.00094833277619977,0.000948136057897931,0.000948071501917987,0.000948061767898969,0.000948060308477219],"convergence":0,"press_dep":false,"press_rng":[1013.25,1013.25]}}
