{"fa_WV2_M_band_9":{"type":"annular","coefficients":{"c1":1,"c2":0.338623178103947,"c3":-0.308860433700852,"c4":0.916588793335428,"c5":-0.0763631924582202,"c6":-1.65242689384324},"mare":0.000975842995127287,"rmse":0.000388808156711812,"mare_seq":[0.0103736692474582,0.00886591956105728,0.00851594601828261,0.0085159451363534,0.00841935414240208,0.00751269496029032,0.00729148414556038,0.00700877608745975,0.00685479680309164,0.00420037602327729,0.0033473842028768,0.00305399213640248,0.00290045537876884,0.00209948174123174,0.00197580938102944,0.00182066377638186,0.00150003726215044,0.00129996234810971,0.00126630315900076,0.00125661709867572,0.00111106990687369,0.00109839620713032,0.00100742182535832,0.000996483121727499,0.000985084174128996,0.000984600327171624,0.000978346835977094,0.000976102756140466,0.000976071954944062,0.000975866977687606,0.000975842995127287],"convergence":0,"press_dep":false,"press_rng":[1013.25,1013.25]}}
