{"fa_WV_LG01_M_band_5":{"type":"annular","coefficients":{"c1":1,"c2":0.0554512801428254,"c3":-1.64287723114208,"c4":0.362942135320738,"c5":-0.30590302283295,"c6":-0.0758807028143603},"mare":0.000962943554873899,"rmse":0.000406480261786549,"mare_seq":[0.00849101749087373,0.00840450208412855,0.00840347149923544,0.0084034575055217,0.00840344379521282,0.00840344218246351,0.0084034264747069,0.00796958047572357,0.00769002680231855,0.00761754195854145,0.00620012327041141,0.00606555781542855,0.00543184649891907,0.00400219134378075,0.00349544361746808,0.00318438572795778,0.00284976320625791,0.00244222705976826,0.00231081208120529,0.00223750355335543,0.00219614953351385,0.0019641216155931,0.00177372803137863,0.00176738049094314,0.00162139010117827,0.00125388019508814,0.00105307984296782,0.00101937703578386,0.000983449157840605,0.000966165786389286,0.000962943554873899],"convergence":0,"press_dep":false,"press_rng":[1013.25,1013.25]}}
