{"fa_WV3_M_band_11":{"type":"annular","coefficients":{"c1":1,"c2":0.322674170800551,"c3":-0.29932590650696,"c4":0.934271721290544,"c5":-0.0745724114563014,"c6":-1.59814748739236},"mare":0.00084592686290829,"rmse":0.000418680863342599,"mare_seq":[0.0904153869784173,0.0171827153766463,0.0108904450863806,0.00802996562901865,0.00751473202942314,0.00751470137307637,0.00751469640280164,0.00751469629945228,0.00751469345844955,0.00751469215065426,0.00715842702908256,0.00711262471173774,0.00660288758545106,0.00652725270168146,0.00648331867144553,0.00625513702816245,0.00566359729565497,0.00434997038588055,0.00266117422565168,0.00214714764405535,0.00141505954368223,0.00122388204457898,0.00112982276986304,0.001111761780452,0.00101844802627957,0.00101069708881107,0.000977731262615361,0.000948397094431877,0.000867977552234402,0.00085021837015007,0.00084592686290829],"convergence":0,"press_dep":false,"press_rng":[1013.25,1013.25]}}
