{"fa_WV3_U_band_3":{"type":"annular","coefficients":{"c1":1,"c2":0.473567622229003,"c3":-0.345776947955417,"c4":0.110287941148441,"c5":-1.69197667254398,"c6":-0.103943714531747},"mare":0.00077461077362149,"rmse":0.000386766388331446,"mare_seq":[0.0123565765911572,0.00681054149524991,0.00680377926192574,0.00680376437104317,0.00680376177235088,0.00680376071687718,0.00680376026449863,0.00675835199729756,0.00637697052833609,0.00615022731073821,0.00570639862346552,0.00486426090283488,0.00463028818113265,0.00322772364900736,0.00283609962169106,0.00261413662106469,0.00249897071575576,0.00224294304231467,0.00190956347299237,0.00185799655410196,0.00140469945210959,0.00137595926432199,0.00132782428201158,0.00102949986792807,0.000980518863413183,0.00083771050934543,0.000814890146337079,0.000793598553219467,0.000787858042777194,0.00077461408664422,0.00077461077362149],"convergence":0,"press_dep":false,"press_rng":[1013.25,1013.25]}}
