{"fa_WV_LG04_U_band_8":{"type":"annular","coefficients":{"c1":1,"c2":0.0607374671614481,"c3":-1.71230449115585,"c4":0.481204170361146,"c5":-0.108217546690724,"c6":-0.356037151741785},"mare":0.000687635886187111,"rmse":0.000372828084038324,"mare_seq":[0.00683087601676443,0.00674772288130712,0.00674771969692378,0.00670431064788348,0.00491287379831575,0.0040273672086906,0.00344541683077158,0.00270754997042702,0.00259950845678024,0.00255652624402334,0.00233398422313047,0.00220406055316171,0.002187163926749,0.00207966014925882,0.00195362909747038,0.00189604092642502,0.00179931288173415,0.00163060203018098,0.00134424134774115,0.00132643496828966,0.00128767298803843,0.00115303050497773,0.00104587132173436,0.000952058122001538,0.000758457501652775,0.00071870677175573,0.000707207936111492,0.000688112958372444,0.000687654658568447,0.000687637096104022,0.000687635886187111],"convergence":0,"press_dep":false,"press_rng":[1013.25,1013.25]}}
