{"fa_WV3_M_band_16":{"type":"annular","coefficients":{"c1":1,"c2":0.3572543943447,"c3":-0.271294799522971,"c4":0.0618930085116212,"c5":-1.48079228714411,"c6":-0.0751678202430745},"mare":0.000626435611760498,"rmse":0.000282160122941728,"mare_seq":[0.0290647512248016,0.0121458398960281,0.00690376830842389,0.00683688241371321,0.00665764670359187,0.00664754508867947,0.00664754148951792,0.00664754099946836,0.00664714162302856,0.0065481250209672,0.00532714995235153,0.00498233585234377,0.00456195820116753,0.00433838380422833,0.00361562787009039,0.00266423666533653,0.00233420710977396,0.00221033481151593,0.00190224746525581,0.00189979077643619,0.00153138426128317,0.00145752942626816,0.00122002964167763,0.00120311117890988,0.00116240866011412,0.001077578645223,0.000759388788483787,0.000667209009995649,0.00063609190428137,0.000628109729346474,0.000626435611760498],"convergence":0,"press_dep":false,"press_rng":[1013.25,1013.25]}}
