{"fa_WV_LG01_C_band_6":{"type":"annular","coefficients":{"c1":1,"c2":0.426359185086903,"c3":-0.303464343262484,"c4":0.921271685900612,"c5":-0.0882487312791934,"c6":-1.62885252933913},"mare":0.000724036861084163,"rmse":0.000316279992069522,"mare_seq":[0.00744807442711125,0.00683650107435543,0.0068334181193139,0.00683340676854983,0.00683340363593044,0.0068334014710616,0.00683340074191395,0.00682980189185212,0.0048801846174111,0.00463005423142665,0.00351978637889527,0.00314110236708054,0.00276931726537835,0.00246912758757396,0.00242875053355918,0.00232112379217948,0.00219284881910821,0.00192273846351797,0.00185208091182272,0.00171872713567302,0.00095434793701604,0.000901455438029712,0.00086854028918147,0.000828280637395128,0.000795837285329048,0.000784229833201834,0.000762250621311575,0.00074334389147509,0.000729244154921038,0.00072410430027193,0.000724036861084163],"convergence":0,"press_dep":false,"press_rng":[1013.25,1013.25]}}
