{"fa_WV_LG01_M_band_8":{"type":"annular","coefficients":{"c1":1,"c2":0.335092553347017,"c3":-0.311722650162734,"c4":0.0808822756520039,"c5":-1.6433361921481,"c6":-0.0763540186737603},"mare":0.000918728859445179,"rmse":0.000416337239628017,"mare_seq":[0.0082926156920396,0.00822898766561704,0.00822898149163701,0.00822897984746583,0.00822804994682437,0.00820550133184785,0.0081681014435671,0.00801243654121586,0.00783949339888718,0.00762634188118111,0.00397021687508555,0.00318986055139777,0.00302661377102459,0.00297360439831256,0.00294007497356571,0.00293706134020996,0.00291025024946547,0.00275044802778374,0.00256414272646857,0.00239177684824989,0.00230357557190031,0.00226891369952095,0.00174585067702386,0.001679315635143,0.00155453711577987,0.00143395133399595,0.00122216064472253,0.00105367089532481,0.00105358606682733,0.000947144654754134,0.000918728859445179],"convergence":0,"press_dep":false,"press_rng":[1013.25,1013.25]}}
