{"fa_WV_LG05_C_band_4":{"type":"annular","coefficients":{"c1":1,"c2":0.543031331805904,"c3":-0.088294487900087,"c4":0.0931350814035241,"c5":-1.66221831266467,"c6":-0.305692217663453},"mare":0.000637561588831443,"rmse":0.000328430749422201,"mare_seq":[0.00677181021058282,0.00676719755791096,0.00676711780510527,0.00676700443202544,0.00675077423045124,0.00674460913738196,0.00665519640261253,0.00650932959758607,0.00567084109404343,0.00557266143540572,0.00548092280256092,0.00529500067020566,0.00440669689156182,0.00309095188606075,0.00294174906839729,0.00273951893603376,0.00235407846469799,0.00231402244476438,0.00228422927377326,0.00213870163217351,0.00203376861562204,0.00200290305826641,0.00171320239306992,0.0012433245115135,0.000956374904592242,0.000850327346195948,0.000826121323234307,0.000823157823540648,0.000799175693536629,0.000640751981378401,0.000637561588831443],"convergence":0,"press_dep":false,"press_rng":[1013.25,1013.25]}}
