{"fa_WV_LG05_U_band_5":{"type":"annular","coefficients":{"c1":1,"c2":0.46521505679472,"c3":-0.105603809179965,"c4":0.107802232904911,"c5":-1.71816825745637,"c6":-0.349548965597376},"mare":0.000769036468328756,"rmse":0.000392805600368745,"mare_seq":[0.00820589131821068,0.00682014025411593,0.00677782286387817,0.00670154063177254,0.00643804792125708,0.00521097857693702,0.00474173050987034,0.00463833451578129,0.00428415063158839,0.00403063253195181,0.00360680801774567,0.00257812487223787,0.00227936392072832,0.00214094597079749,0.00190239990628574,0.00186114895745749,0.00185037418266463,0.00170589265572288,0.00152250541580902,0.00150033177454057,0.00145212765303408,0.00143582092529977,0.001344493174199,0.0012978394405535,0.00110701203060926,0.000929866880993669,0.000844027692696746,0.000831146933373439,0.000788977296908213,0.000769480300606375,0.000769036468328756],"convergence":0,"press_dep":false,"press_rng":[1013.25,1013.25]}}
