{"fa_WV2_C_band_6":{"type":"annular","coefficients":{"c1":1,"c2":0.552541291941102,"c3":-0.0913182913391842,"c4":0.0871659542549418,"c5":-1.80414458581279,"c6":-0.32078680541024},"mare":0.000809736093351283,"rmse":0.000452749059861501,"mare_seq":[0.00712523692983191,0.00705086391186998,0.00690575182641493,0.00685994984701022,0.00681414321277451,0.00681411592990736,0.00681411157968788,0.00661512321964383,0.00660451161862755,0.00606116391338301,0.00581471399154921,0.00563995612333438,0.00546865336267464,0.00512053322663235,0.00511565934211393,0.00392243218664887,0.00291507662388897,0.00267676705713549,0.00266556328045796,0.0021781472623768,0.00207587241591961,0.00184666303275895,0.00159711436344722,0.00130759490837997,0.00128156508288473,0.00124442764518938,0.00122382876889794,0.00122177510471258,0.00116447673129932,0.00111896464120066,0.000809736093351283],"convergence":0,"press_dep":false,"press_rng":[1013.25,1013.25]}}
