{"fa_WV_LG04_C_band_4":{"type":"annular","coefficients":{"c1":1,"c2":0.0409398849096896,"c3":-1.71323637505584,"c4":0.564952594478162,"c5":-0.0881524373103048,"c6":-0.306947192852917},"mare":0.000725626543747288,"rmse":0.000342606844763676,"mare_seq":[0.00716533874265037,0.00699902039635078,0.00687035402508151,0.00684334382599253,0.00684333682550737,0.0068433320773531,0.00684333190225988,0.00684329349918315,0.00683261272614653,0.00660546887834959,0.00653530402092307,0.00640250312542586,0.006070325400666,0.00355243652818515,0.00289573851465298,0.00273585717403702,0.00254240077687206,0.00235620391990386,0.00221700724657854,0.00206657476168594,0.00200572515219139,0.00200001909588127,0.00198433127422996,0.00137200364878153,0.00131703783385972,0.00126890862829518,0.00121322116531978,0.000961864213062591,0.000809153126776639,0.000772705793310948,0.000725626543747288],"convergence":0,"press_dep":false,"press_rng":[1013.25,1013.25]}}
