{"fa_WV_LG01_U_band_9":{"type":"annular","coefficients":{"c1":1,"c2":0.473492237524937,"c3":-0.10598503102062,"c4":0.106777828162295,"c5":-1.73516406684502,"c6":-0.353671961878075},"mare":0.000772838712274159,"rmse":0.000410272978941248,"mare_seq":[0.00673140633151361,0.00673139904515477,0.00673139564115353,0.00673139514753695,0.00673139379607629,0.00673139324549544,0.00673139246121736,0.00673139185790207,0.0067245416428522,0.00477250331427374,0.00419890678451379,0.00334715713278501,0.00320054761688553,0.00310816678845448,0.00308287689981483,0.00278924390093076,0.00265825485689816,0.00252171699474108,0.00213055523055196,0.00209750433455207,0.0016966153551095,0.0015800391566186,0.0012564604485542,0.000779689227653602,0.000773558587630062,0.000773510656514409,0.000773415549599125,0.000772955907154328,0.000772851676951764,0.000772841009067394,0.000772838712274159],"convergence":0,"press_dep":false,"press_rng":[1013.25,1013.25]}}
