{"fa_WV_LG06_M_band_9":{"type":"annular","coefficients":{"c1":1,"c2":0.0524453246832122,"c3":-1.72401509234212,"c4":0.646625371284798,"c5":-0.0770359195349212,"c6":-0.316089727429294},"mare":0.000856294424233034,"rmse":0.00040304963787564,"mare_seq":[0.00929975852427322,0.00855055272971008,0.00820555153760605,0.00783125240703246,0.00652864270229995,0.00584726317609752,0.00578246831687145,0.00490657028448129,0.00388077651078051,0.0028137410993632,0.00265915082615739,0.00243203961636759,0.00236985896321478,0.00236574589179423,0.00228760814926951,0.00223325677115608,0.00222636678812322,0.00212302758658237,0.00206799860694876,0.00185041575952466,0.00179376411441375,0.00149676135145515,0.00129948527640857,0.00126430395621897,0.00113347020092103,0.00103123264836105,0.00102595283904852,0.000876614162784959,0.000870663368040284,0.000867213300946907,0.000856294424233034],"convergence":0,"press_dep":false,"press_rng":[1013.25,1013.25]}}
