{"fa_WV_LG06_M_band_3":{"type":"annular","coefficients":{"c1":1,"c2":0.605047211047072,"c3":-0.0764956944440262,"c4":0.859234839351288,"c5":-0.308664608872565,"c6":-1.6653824879171},"mare":0.000925151248195743,"rmse":0.000386260793947161,"mare_seq":[0.0086103141702611,0.00861031416988841,0.00861030896221016,0.00861030418032665,0.00861029775280974,0.00802123656828342,0.00581491454479867,0.00527794572376168,0.00514529720946338,0.00499959154962906,0.00491628047747217,0.00475724471074239,0.00445867043173485,0.00445738850897221,0.00320942879756999,0.00290306476366136,0.00286800436577701,0.00269088818367707,0.00253150291791762,0.00180294306975285,0.00177806546317385,0.00175186734615447,0.00164698338141226,0.00162758590038549,0.00139275769419293,0.00113814876769609,0.00108826197937857,0.000959744319259954,0.000934063153259385,0.000928561601181215,0.000925151248195743],"convergence":0,"press_dep":false,"press_rng":[1013.25,1013.25]}}
