{"fa_WV2_C_band_5":{"type":"annular","coefficients":{"c1":1,"c2":0.043121528112788,"c3":-1.66442472834876,"c4":0.441199898008754,"c5":-0.304891186325694,"c6":-0.0881880982340341},"mare":0.000726573134713604,"rmse":0.000317535354234834,"mare_seq":[0.00704890326259844,0.00685255677860842,0.00684759288863721,0.0068458296232348,0.00684581953127244,0.00684581791678861,0.0068458167093098,0.00684581641735906,0.00684581612843121,0.00684578455362489,0.00680366362444782,0.00659227404215701,0.00614531175503132,0.00614391384141935,0.00542332689205465,0.00536734743563469,0.00482152298921157,0.00306403492427306,0.00286348598735053,0.00245321971785122,0.00213801941481403,0.00206192797761701,0.00189955787730286,0.00174436042539784,0.00149162432891549,0.00144134987960096,0.00104323392420829,0.000957217466600384,0.000952366860514005,0.000727667550021755,0.000726573134713604],"convergence":0,"press_dep":false,"press_rng":[1013.25,1013.25]}}
