{"fa_WV_LG01_C_band_4":{"type":"annular","coefficients":{"c1":1,"c2":0.528727300775364,"c3":-0.0867319838072373,"c4":0.902579584079922,"c5":-0.296569543915267,"c6":-1.57650006398123},"mare":0.000770450539579447,"rmse":0.000290707492119179,"mare_seq":[0.00746841595090851,0.0067830603090142,0.00675356411221066,0.006738283280164,0.00673828055839746,0.00673828039748363,0.0067382792312453,0.00673671680509433,0.00630993931199373,0.00605898738766199,0.00598500455414017,0.00588641126177616,0.00583906963675452,0.00565831828528488,0.00387746650161648,0.00328937056910526,0.00287006322185664,0.00258012765656684,0.00257931049008947,0.00252765331429683,0.00220700399234505,0.0018862210426672,0.00161442181996885,0.00143134842100191,0.00128118589084629,0.00104507481920602,0.00101325413748028,0.00093786267761011,0.000848003521625469,0.000773350323009424,0.000770450539579447],"convergence":0,"press_dep":false,"press_rng":[1013.25,1013.25]}}
