{"fa_WV_LG03_M_band_2":{"type":"annular","coefficients":{"c1":1,"c2":0.342597805251413,"c3":-0.305860827082797,"c4":0.913479708753534,"c5":-0.0762944548229685,"c6":-1.6721255722168},"mare":0.000977227240154693,"rmse":0.000402302258643731,"mare_seq":[0.0129506388991972,0.00868221357931695,0.00868215898533965,0.00868215891080596,0.00867388522248825,0.0078983114558372,0.00746607956813475,0.00714962694703727,0.00584759989772747,0.00524080610646554,0.00507927553227947,0.00392465242417751,0.00323577141433475,0.00322212733777387,0.00291792533830343,0.00266597134083431,0.00248976020746634,0.0019614705645143,0.00190558910912987,0.00170212772443535,0.00146954653232553,0.00146524201085968,0.00128322259859134,0.00127502682066504,0.0011654856975667,0.00111351857855259,0.00101398773024494,0.000979899516958089,0.000978405331666114,0.000978143607114028,0.000977227240154693],"convergence":0,"press_dep":false,"press_rng":[1013.25,1013.25]}}
