{"fa_WV_LG03_C_band_1":{"type":"annular","coefficients":{"c1":1,"c2":0.413070923542519,"c3":-0.301058291509744,"c4":0.0716911286726752,"c5":-1.69656604616181,"c6":-0.0860338156481422},"mare":0.000698685521201881,"rmse":0.000323306647827995,"mare_seq":[0.00702994342670948,0.00698262724238993,0.00698262492015409,0.00698262249962727,0.00698262211463215,0.00698262207243862,0.00698074041893309,0.00675871213042062,0.00625349497322638,0.00566118995958041,0.00558376528279411,0.00475055419467358,0.00469553196962458,0.00243741892752241,0.00208538523648222,0.0020345789060438,0.0018542914827399,0.00184960858087969,0.00179179522924715,0.001741033289871,0.00167216926725809,0.00153461661958281,0.00151420341218049,0.00144329836150239,0.00107751688239795,0.00106876715579023,0.000876946500278841,0.000772380287097954,0.000720235426781623,0.000698706249013997,0.000698685521201881],"convergence":0,"press_dep":false,"press_rng":[1013.25,1013.25]}}
