{"fa_WV_LG05_M_band_2":{"type":"annular","coefficients":{"c1":1,"c2":0.350187287336453,"c3":-0.298309090412632,"c4":0.0906048043355624,"c5":-1.63087096101579,"c6":-0.075260677370166},"mare":0.00105564621193577,"rmse":0.000397174560446558,"mare_seq":[0.0088467214457421,0.00874886411178473,0.00865090392612791,0.0086508870651852,0.00865088241901073,0.00865088172349185,0.00865088163017399,0.00865088109508211,0.00858832123288432,0.00852904750750406,0.00670148951466678,0.00651833809989574,0.00630539963124725,0.00562052095229486,0.00364249823375346,0.00309281794688625,0.00295013311805475,0.00288962781840093,0.00286674810484704,0.00285814939219028,0.00278358637083291,0.00245688167419864,0.00227138910611263,0.00163734236119163,0.00153307304845701,0.00132551551560053,0.00122024012531484,0.00117457282551777,0.00114209200405954,0.00108783257448576,0.00105564621193577],"convergence":0,"press_dep":false,"press_rng":[1013.25,1013.25]}}
