{"fa_WV_LG01_M_band_9":{"type":"annular","coefficients":{"c1":1,"c2":0.0659439988322508,"c3":-1.46214651715648,"c4":0.613100118481519,"c5":-0.0731844782070286,"c6":-0.280606989062167},"mare":0.00103301866748393,"rmse":0.000309958739113977,"mare_seq":[0.0093377325539243,0.00842474483777772,0.0084247444468972,0.00842474190382516,0.00842474133144683,0.00740354019940129,0.00508242184090775,0.00433811395204606,0.00402505583478601,0.00331010000005867,0.00309068780855835,0.00257098868457441,0.00232230805247518,0.00212207806841112,0.00207799351612272,0.00205650001169622,0.00193468874573348,0.0019333966677502,0.00189550920239957,0.00185117889412126,0.00183617604808825,0.00169831440425178,0.00137140304276522,0.00130690465045828,0.00121791138591895,0.001135777439207,0.00109149190967275,0.00107982907353293,0.00107533030463137,0.00105639212707488,0.00103301866748393],"convergence":0,"press_dep":false,"press_rng":[1013.25,1013.25]}}
