{"fa_WV_LG05_M_band_1":{"type":"annular","coefficients":{"c1":1,"c2":0.610536702670117,"c3":-0.0772767200950784,"c4":0.138077751459659,"c5":-1.73594284880204,"c6":-0.315572452378187},"mare":0.00108926935099087,"rmse":0.000446249727732239,"mare_seq":[0.00878961270138348,0.0087201419064144,0.0087190703788181,0.00871800787360286,0.00871800772535205,0.00871800665114338,0.00871467986036561,0.00749677079709686,0.0072870942641429,0.006500145332659,0.00634478058762524,0.00628338695217777,0.00491904166073298,0.00358691246907932,0.00316032708447139,0.00288912293770568,0.00266479218411846,0.002311168604943,0.00211758330563035,0.00165818443724865,0.00160020523469676,0.00126586826715298,0.00124897218892142,0.0012221852917819,0.00118497543545102,0.00116766427252785,0.0011427035906545,0.00108974956827976,0.00108934222647928,0.0010892864338975,0.00108926935099087],"convergence":0,"press_dep":false,"press_rng":[1013.25,1013.25]}}
