{"fa_WV2_C_band_2":{"type":"annular","coefficients":{"c1":1,"c2":0.412990899528529,"c3":-0.300252981808709,"c4":0.926405557438953,"c5":-0.0865005840030386,"c6":-1.64372860368177},"mare":0.000748011212603027,"rmse":0.00031820328500579,"mare_seq":[0.00711224346775769,0.00695785001354858,0.00695784940725457,0.00695784876564055,0.00695784519143823,0.00695784240946961,0.0068390658633077,0.00668229005735325,0.00658936193194197,0.00651432754657803,0.0048758501964903,0.00382759281734834,0.00368547557131998,0.00269946562190757,0.00265311937292101,0.00233809074188867,0.00217141973019139,0.0021451462552196,0.00181211691362966,0.00169725012489217,0.00150303207102585,0.00125859253223483,0.00116499661760195,0.0010830509535723,0.000998911766336636,0.000940418805139206,0.000824057030529684,0.000781252130188974,0.000765757949050366,0.00074804163394359,0.000748011212603027],"convergence":0,"press_dep":false,"press_rng":[1013.25,1013.25]}}
