{"fa_WV_LG05_C_band_9":{"type":"annular","coefficients":{"c1":1,"c2":0.532115175087389,"c3":-0.0874881256799504,"c4":0.904813565266433,"c5":-0.300913777478785,"c6":-1.61221289236199},"mare":0.000765581239864279,"rmse":0.000321476960585578,"mare_seq":[0.0068059047857533,0.00677432979597451,0.00677374744589505,0.00677374128025333,0.00677372489129883,0.00677349024833638,0.00672720763139188,0.0065547422240757,0.00628572987162033,0.00578237565177987,0.0046853747172707,0.00436049658076627,0.00429222333574256,0.00396374814843416,0.00314888915823087,0.00248330991409833,0.00235943415465653,0.00221655216142149,0.00215732164116663,0.00188613108902353,0.00184226663923815,0.00167782952415545,0.00152702467510114,0.00117509590247228,0.0010434728168704,0.00104002842931336,0.00101525056015947,0.000863539666691943,0.000795528173489811,0.000777033197071132,0.000765581239864279],"convergence":0,"press_dep":false,"press_rng":[1013.25,1013.25]}}
