{"fa_WV_LG04_U_band_4":{"type":"annular","coefficients":{"c1":1,"c2":0.460766642328943,"c3":-0.103849009184682,"c4":0.887764687001421,"c5":-0.342395114432604,"c6":-1.66422494002918},"mare":0.000775465214119329,"rmse":0.000363673617138117,"mare_seq":[0.0082055408918858,0.00682893312885095,0.00682893194503996,0.0062171348995527,0.00576245629105029,0.00517035206708283,0.00408920646323503,0.00338401693103825,0.00323458805146223,0.00320064172569679,0.00310089912145676,0.00279590466946098,0.00268828453839787,0.00182897238074628,0.00165254820600544,0.00136132683042631,0.0013405676118268,0.00115114096370246,0.00113875990497854,0.000903796419004646,0.000849587093827938,0.000844643225302276,0.000796347469776975,0.000789540978541173,0.00078857150707709,0.000779315737628442,0.000779192388668317,0.000775723688469633,0.000775467171962721,0.00077546596449683,0.000775465214119329],"convergence":0,"press_dep":false,"press_rng":[1013.25,1013.25]}}
