{"fa_WV_LG06_M_band_5":{"type":"annular","coefficients":{"c1":1,"c2":0.0536174023888984,"c3":-1.68175037705347,"c4":0.356390455723388,"c5":-0.311548355630063,"c6":-0.0766906367018392},"mare":0.000876296080465715,"rmse":0.000400012639634714,"mare_seq":[0.0142945683867112,0.00852263923859617,0.00852263857721182,0.00852263171777466,0.00852263137315105,0.0084446219284256,0.00754603914508768,0.00698443782694617,0.005806434307272,0.0057255845249223,0.00453379017494823,0.00396896815658964,0.0034008241427001,0.00288168861556379,0.00285574905922459,0.00260498970835998,0.00258669973351579,0.00227166191891042,0.00210836524725405,0.00205593993152249,0.00195123570574595,0.00189003352069758,0.00186438865010624,0.00185076130929767,0.00165645287923583,0.00132819376702919,0.00130113442400696,0.000936021759997445,0.000876906830255567,0.000876668026977723,0.000876296080465715],"convergence":0,"press_dep":false,"press_rng":[1013.25,1013.25]}}
