{"fa_WV_LG03_M_band_7":{"type":"annular","coefficients":{"c1":1,"c2":0.344027951570577,"c3":-0.30244091518855,"c4":0.0858376097710967,"c5":-1.5978768961636,"c6":-0.075494657251199},"mare":0.00093457623754716,"rmse":0.0003716088589892,"mare_seq":[0.00835278463661494,0.00835271945021808,0.00835251234737322,0.00643580022594452,0.00633973451602328,0.00627490009023053,0.00612479011541847,0.00442070563343651,0.00331563254280344,0.00277572068603028,0.00262386227030269,0.00244095051444931,0.00235915985591434,0.00227667075753745,0.00217218925680689,0.00207005729318649,0.00198164517765269,0.00184592927108951,0.00165697116751905,0.00154283901378563,0.00147093320273216,0.0013924986239853,0.00108816359412136,0.00103730237750283,0.00103350202122379,0.000963337604219982,0.000955285505846061,0.000948846477760926,0.00093734702842726,0.000934646578042466,0.00093457623754716],"convergence":0,"press_dep":false,"press_rng":[1013.25,1013.25]}}
