{"fa_WV_LG06_M_band_4":{"type":"annular","coefficients":{"c1":1,"c2":0.598460595901415,"c3":-0.0758017403249909,"c4":0.140849850971825,"c5":-1.63638157358833,"c6":-0.30406644320819},"mare":0.000948649694189862,"rmse":0.000377888964137833,"mare_seq":[0.0108841109512898,0.00859782902733839,0.00859750544701225,0.00859750045862272,0.00859516027927591,0.00706037981253546,0.00695757323526523,0.00541818106483587,0.00495825733889669,0.0034922534258594,0.00316025523206258,0.00305213490713399,0.00288017322127409,0.00279438791924002,0.0025120950058327,0.0024741913925165,0.0023037612563145,0.00222342054478475,0.00198708515583828,0.00133937305026742,0.00125784222574765,0.00122004643300123,0.00119178428847995,0.00109030164255901,0.000965819821434709,0.000959614931421141,0.000954409671385178,0.000948876237975014,0.000948785430233542,0.000948729297465707,0.000948649694189862],"convergence":0,"press_dep":false,"press_rng":[1013.25,1013.25]}}
