{"fa_WV_LG04_M_band_2":{"type":"annular","coefficients":{"c1":1,"c2":0.600017406998605,"c3":-0.0762169136949172,"c4":0.859269051574999,"c5":-0.305730235793581,"c6":-1.68909689071252},"mare":0.000972669744612575,"rmse":0.000391245445709667,"mare_seq":[0.0120108881851421,0.00893088351753806,0.008857594766122,0.00885756867230248,0.00885756773202043,0.00885752038120156,0.00872413322995953,0.00773981147276796,0.00764157675057029,0.0040945715144058,0.00407378954416236,0.00390148952124077,0.00303706229252418,0.00301423925372952,0.00289622040239012,0.00278981614412328,0.00263387220005911,0.00251650033693796,0.002503920176186,0.00217285608189896,0.00197933168921263,0.00195017447601632,0.00192510500944383,0.00178626416500924,0.00172130246961971,0.00168898668847702,0.00108485720606228,0.00104689138840812,0.000972861879740645,0.00097267692055844,0.000972669744612575],"convergence":0,"press_dep":false,"press_rng":[1013.25,1013.25]}}
