{"fa_WV3_C_band_16":{"type":"annular","coefficients":{"c1":1,"c2":0.533699072642727,"c3":-0.0884551078290927,"c4":0.88745262390214,"c5":-0.309790774568113,"c6":-1.5198843771805},"mare":0.00069487637056751,"rmse":0.000334386463920819,"mare_seq":[0.00667033288053527,0.00667012811322213,0.00666780241798442,0.0066555795913151,0.00661507104509356,0.00652579550398972,0.00529610193464698,0.00280517423285097,0.00275843691201154,0.00251805681760842,0.00240485716260941,0.00235355884557293,0.00231453981721553,0.00207942369297132,0.00187770472680754,0.00161621206685439,0.00160618081248912,0.00158726318602458,0.00142690561856043,0.00139586040514127,0.00111989041080444,0.00102873554106367,0.000971380600496439,0.000863292179738885,0.000781050421182496,0.000779799891648425,0.000734038194701796,0.000708225981052373,0.000706059278486316,0.000695600601100569,0.00069487637056751],"convergence":0,"press_dep":false,"press_rng":[1013.25,1013.25]}}
