{"fa_WV_LG01_M_band_1":{"type":"annular","coefficients":{"c1":1,"c2":0.0570327778386823,"c3":-1.72247794862108,"c4":0.622149739857841,"c5":-0.0748229039399193,"c6":-0.297112075046335},"mare":0.00102704229853254,"rmse":0.000405491962627945,"mare_seq":[0.00909297561640063,0.00893932947024994,0.00891411447741117,0.00886814850113898,0.00885949466257416,0.00885948857677987,0.00885946535823792,0.00885946401776832,0.00885946038628161,0.00883833075639258,0.00837420346279982,0.00801220418658813,0.00749803901610146,0.00677568885261037,0.00631718440487085,0.00457994734766034,0.00432452875009965,0.00343797506820444,0.00295174783397758,0.00276294316573102,0.00254854365886959,0.00239195011603297,0.002207966282208,0.00207909052295065,0.00182221873824218,0.00143612586787012,0.00142992161745062,0.00112892795287939,0.00111146751217657,0.00107744425752802,0.00102704229853254],"convergence":0,"press_dep":false,"press_rng":[1013.25,1013.25]}}
