{"fa_WV_LG04_C_band_8":{"type":"annular","coefficients":{"c1":1,"c2":0.518320034560337,"c3":-0.0894610236906127,"c4":0.897473785931291,"c5":-0.305773420248073,"c6":-1.62466780218262},"mare":0.000804582731101077,"rmse":0.00034619682434672,"mare_seq":[0.00698641575741548,0.00698641519799152,0.00698641492545177,0.00698641445104303,0.00698641373177246,0.00685108091358078,0.00634704579646481,0.00554567988307026,0.0042190077675584,0.00408457315217882,0.00314740365020743,0.00273041475896522,0.00270270157588225,0.00258784621147041,0.00225465869784991,0.00201471984017014,0.00168383685507371,0.00156974748335771,0.00149346583978268,0.00145427166467312,0.00140865253191549,0.00136949618496139,0.000968082183046167,0.000934844296236308,0.000928044520385743,0.000923042402478367,0.000831978212583315,0.000811157219626663,0.000805086647633554,0.000804626753808887,0.000804582731101077],"convergence":0,"press_dep":false,"press_rng":[1013.25,1013.25]}}
