{"fa_WV_LG01_U_band_7":{"type":"annular","coefficients":{"c1":1,"c2":0.0589994019493715,"c3":-1.697340667962,"c4":0.485916502810293,"c5":-0.106197962497617,"c6":-0.350255993062412},"mare":0.000734937799064613,"rmse":0.000390099963186653,"mare_seq":[0.00749552342259175,0.00673748802565099,0.00673674788364088,0.00673674727627376,0.00673674636687805,0.00665208710759846,0.00664548875457096,0.00556525524582383,0.00543598093716362,0.0046062787549883,0.00434836066145225,0.00320525839575118,0.00237124636303832,0.0022556089909892,0.00189241416979637,0.00168021026858225,0.00163994801503088,0.00142768800500332,0.00139563252983467,0.00115783923776865,0.00112013869398202,0.000930682590103396,0.000850427108084368,0.000828944661418103,0.000738665354384889,0.000735072477539139,0.000735002212307628,0.000734950057449534,0.000734949267956722,0.000734938154472771,0.000734937799064613],"convergence":0,"press_dep":false,"press_rng":[1013.25,1013.25]}}
