{"fa_WV_LG05_C_band_3":{"type":"annular","coefficients":{"c1":1,"c2":0.525489227517805,"c3":-0.0854763968093404,"c4":0.0945193421248781,"c5":-1.60770450779399,"c6":-0.292743681821592},"mare":0.00076705443614801,"rmse":0.000284121032636352,"mare_seq":[0.00704767317773463,0.00690713503095792,0.00685281030986359,0.00685223779872525,0.00685223363742821,0.00685222719096397,0.00685222316175604,0.00685222202817063,0.0068522218854408,0.0068522214066713,0.00685222124681596,0.00684558253532978,0.0068328046547949,0.00677261127134002,0.0035772071439229,0.00311425465058283,0.00263884155636793,0.00245386534876939,0.00242481175957214,0.00233356565880954,0.00227593056950127,0.00161198369914859,0.00160858443534107,0.00160694267882212,0.00132637538834345,0.00121682833939173,0.00108030065921814,0.000918566129015694,0.000872221672827214,0.000854892541887751,0.00076705443614801],"convergence":0,"press_dep":false,"press_rng":[1013.25,1013.25]}}
