{"fasim":{"mar":{"type":"annular","coefficients":{"c1":1,"c2":0.536842116101641,"c3":-0.88040049116208,"c4":0.313850344264045,"c5":-0.166223857213846,"c6":-6.84179273131809},"mare":0.0034039195972016,"rmse":0.00270136628668863,"mare_seq":[0.0169936894970718,0.0163178028621984,0.0154165855978415,0.0154165551028235,0.0154165389442901,0.015416485391586,0.0154164791164617,0.0154164789148344,0.0154164774401694,0.0154164769651856,0.0126792964031659,0.0103994297940765,0.00863923523584693,0.00828720132770027,0.00667938489800057,0.00500315638773578,0.00464183539033172,0.00349117635743551,0.0034865784362317,0.00345745385456975,0.00342023959280958,0.00340419916538205,0.00340401658180077,0.00340396687472258,0.00340396303296096,0.00340395067665548,0.00340394452810291,0.00340394430759272,0.00340393516671875,0.00340393199246955,0.0034039195972016],"convergence":0,"press_dep":false,"press_rng":[1013.25,1013.25]},"con":{"type":"annular","coefficients":{"c1":1,"c2":0.207051380185216,"c3":-4.87609244822274,"c4":0.23589045646182,"c5":-0.164471612601124,"c6":-0.779973974210999},"mare":0.00320099454044685,"rmse":0.00206341809137177,"mare_seq":[0.013559218183821,0.0135592025521215,0.0135592021860784,0.0135592015691573,0.0135592010814519,0.0135592008617222,0.0135591844940698,0.0135560061730711,0.0114106171289804,0.0103787181194697,0.0100916318395328,0.00965779091836569,0.00863145333856427,0.00820661775788236,0.00708345179961648,0.00578463722077144,0.00565349533302918,0.0051738895176941,0.00438681337893147,0.00336930173673861,0.00329329400173524,0.00320817962744786,0.00320586147779161,0.00320289856647283,0.00320204893581578,0.00320120642869934,0.00320107139379425,0.00320101753854638,0.00320101398910824,0.00320099652239326,0.00320099454044685],"convergence":0,"press_dep":false,"press_rng":[1013.25,1013.25]},"urb":{"type":"annular","coefficients":{"c1":1,"c2":0.226512286190037,"c3":-3.02155673243792,"c4":0.224320482463205,"c5":-0.174912359411414,"c6":-0.718599065568278},"mare":0.00188976171986949,"rmse":0.00119128860351389,"mare_seq":[0.0510959797879502,0.0094893709703138,0.00948936712308773,0.00948936667379506,0.00948935885435647,0.0094893576322897,0.00948935515260534,0.00649416007558183,0.00539754275242207,0.0050462235991148,0.00431349308030502,0.00394304132363319,0.00368927729224295,0.00360172088010627,0.00273131355160168,0.00201074046287304,0.00194873051810716,0.00189102569832881,0.00188980684346521,0.00188978299937466,0.00188978157754517,0.00188978152390834,0.00188977975480271,0.00188977939562663,0.00188977751057773,0.00188976812187769,0.00188976759278528,0.00188976560224942,0.00188976466252386,0.00188976308793427,0.00188976171986949],"convergence":0,"press_dep":false,"press_rng":[1013.25,1013.25]},"ray":{"type":"annular","coefficients":{"c1":1,"c2":0.0592905043613063,"c3":-0.171596216250438,"c4":0.766823844758914,"c5":-0.0578181859076135,"c6":-0.335208055707573},"mare":0.00700654141342656,"rmse":0.00282669903405836,"mare_seq":[0.0581964699855265,0.0507992940160561,0.0421189427814228,0.0353491978845298,0.0334868232624001,0.0316112076818212,0.0305391275463434,0.0297138477422798,0.025033724979563,0.0221638922028989,0.0146768445672062,0.0141581522003123,0.0123829106828945,0.0123787865148941,0.0102937139376805,0.00856359708077704,0.00856047399094565,0.0076603537887307,0.00733572936504097,0.00715105356913287,0.00700660780293053,0.00700657817249531,0.00700657499010297,0.00700656793101974,0.00700655974553317,0.00700655622584464,0.00700654839153103,0.00700654750923277,0.00700654736392471,0.00700654550997279,0.00700654141342656],"convergence":0,"press_dep":true,"press_rng":[500,1100]}}}
